date,transaction_id,product_id,product_name,category,units_sold,unit_price,sales_revenue,discount_applied_pct,marketing_spend,supplier_lead_time_days,competitor_discount_pct,customer_type,store_location,weather_condition
2023-01-02,TRX-10000,PROD-8390,Smart Watch,Electronics,3,109.24,278.56,0.15,96.12,13,0.27,New,Online,Sunny
2023-01-02,TRX-10001,PROD-8390,Smart Watch,Electronics,1,44.56,40.1,0.1,139.48,12,0.21,Returning,Los Angeles,Snowy
2023-01-02,TRX-10002,PROD-9497,Ceramic Mug,Home Goods,7,109.45,766.15,0.0,175.04,5,0.29,Returning,New York,Sunny
2023-01-02,TRX-10003,PROD-4282,Leather Wallet,Accessories,5,61.48,245.92,0.2,69.55,9,0.16,Returning,New York,Cloudy
2023-01-02,TRX-10004,PROD-5960,Throw Pillow,Home Goods,4,37.43,119.78,0.2,180.22,3,0.26,New,Online,Cloudy
2023-01-02,TRX-10005,PROD-4260,Canvas Tote,Accessories,6,119.0,714.0,0.0,351.58,13,0.28,VIP,New York,Rainy
2023-01-03,TRX-10006,PROD-3898,Cotton T-Shirt,Apparel,9,73.84,664.56,0.0,358.08,14,0.23,New,New York,Cloudy
2023-01-03,TRX-10007,PROD-6494,Sunglasses,Accessories,23,25.91,506.54,0.15,191.61,12,0.15,VIP,Online,Rainy
2023-01-03,TRX-10008,PROD-9497,Ceramic Mug,Home Goods,5,48.89,207.78,0.15,313.06,11,0.12,New,Los Angeles,Snowy
2023-01-03,TRX-10009,PROD-8390,Smart Watch,Electronics,3,122.14,293.14,0.2,356.22,11,0.02,Returning,Online,Cloudy
2023-01-03,TRX-10010,PROD-4539,Portable Charger,Electronics,9,116.38,837.94,0.2,170.07,12,0.1,Returning,Online,Rainy
2023-01-03,TRX-10011,PROD-4282,Leather Wallet,Accessories,5,154.57,695.56,0.1,392.88,10,0.27,VIP,Chicago,Rainy
2023-01-04,TRX-10012,PROD-5616,Denim Jeans,Apparel,9,118.87,1069.83,0.0,319.53,9,0.01,Returning,Chicago,Rainy
2023-01-04,TRX-10013,PROD-8390,Smart Watch,Electronics,2,145.47,247.3,0.15,268.7,3,0.29,VIP,Los Angeles,Rainy
2023-01-04,TRX-10014,PROD-4260,Canvas Tote,Accessories,10,37.5,356.25,0.05,483.96,10,0.23,VIP,Los Angeles,Cloudy
2023-01-04,TRX-10015,PROD-4260,Canvas Tote,Accessories,9,101.46,867.48,0.05,104.45,5,0.02,New,Los Angeles,Rainy
2023-01-04,TRX-10016,PROD-8390,Smart Watch,Electronics,2,100.8,201.6,0.0,436.84,3,0.15,Returning,Online,Rainy
2023-01-04,TRX-10017,PROD-0847,Winter Jacket,Apparel,8,143.3,1146.4,0.0,403.08,14,0.12,New,New York,Snowy
2023-01-05,TRX-10018,PROD-9710,Scented Candle,Home Goods,1,75.63,64.29,0.15,344.05,12,0.03,Returning,Chicago,Sunny
2023-01-05,TRX-10019,PROD-3898,Cotton T-Shirt,Apparel,7,40.26,281.82,0.0,175.35,5,0.26,New,Online,Sunny
2023-01-05,TRX-10020,PROD-4539,Portable Charger,Electronics,2,159.98,255.97,0.2,431.91,4,0.12,Returning,Los Angeles,Snowy
2023-01-05,TRX-10021,PROD-8390,Smart Watch,Electronics,5,72.58,290.32,0.2,403.31,6,0.13,VIP,Online,Rainy
2023-01-05,TRX-10022,PROD-5616,Denim Jeans,Apparel,9,40.47,364.23,0.0,386.59,2,0.02,Returning,Los Angeles,Sunny
2023-01-05,TRX-10023,PROD-8390,Smart Watch,Electronics,12,22.15,252.51,0.05,103.95,11,0.07,VIP,New York,Sunny
2023-01-06,TRX-10024,PROD-4260,Canvas Tote,Accessories,5,94.22,471.1,0.0,351.38,7,0.07,Returning,Los Angeles,Cloudy
2023-01-06,TRX-10025,PROD-6494,Sunglasses,Accessories,1,152.65,145.02,0.05,329.52,11,0.3,New,Los Angeles,Cloudy
2023-01-06,TRX-10026,PROD-5616,Denim Jeans,Apparel,6,144.07,864.42,0.0,120.99,10,0.21,VIP,New York,Cloudy
2023-01-06,TRX-10027,PROD-8390,Smart Watch,Electronics,9,54.65,491.85,0.0,172.56,11,0.06,Returning,Los Angeles,Cloudy
2023-01-06,TRX-10028,PROD-6494,Sunglasses,Accessories,2,146.72,249.42,0.15,240.61,6,0.01,Returning,Los Angeles,Cloudy
2023-01-06,TRX-10029,PROD-0847,Winter Jacket,Apparel,9,77.72,699.48,0.0,100.34,13,0.27,VIP,New York,Cloudy
2023-01-07,TRX-10030,PROD-5616,Denim Jeans,Apparel,1,30.97,30.97,0.0,144.53,5,0.2,Returning,Online,Rainy
2023-01-07,TRX-10031,PROD-3898,Cotton T-Shirt,Apparel,7,155.91,1091.37,0.0,130.71,7,0.23,Returning,Los Angeles,Cloudy
2023-01-07,TRX-10032,PROD-0847,Winter Jacket,Apparel,8,31.8,254.4,0.0,139.81,9,0.1,New,Los Angeles,Sunny
2023-01-07,TRX-10033,PROD-5616,Denim Jeans,Apparel,5,63.64,318.2,0.0,338.67,8,0.2,VIP,Chicago,Sunny
2023-01-07,TRX-10034,PROD-9357,Wireless Earbuds,Electronics,5,42.72,213.6,0.0,98.78,8,0.1,Returning,Online,Sunny
2023-01-07,TRX-10035,PROD-4260,Canvas Tote,Accessories,7,36.96,258.72,0.0,283.96,14,0.16,VIP,Los Angeles,Cloudy
2023-01-08,TRX-10036,PROD-4282,Leather Wallet,Accessories,10,155.14,1551.4,0.0,348.52,3,0.22,Returning,Chicago,Snowy
2023-01-08,TRX-10037,PROD-9710,Scented Candle,Home Goods,4,110.31,419.18,0.05,349.22,8,0.2,New,Chicago,Snowy
2023-01-08,TRX-10038,PROD-9357,Wireless Earbuds,Electronics,10,52.98,476.82,0.1,344.62,9,0.13,VIP,Los Angeles,Snowy
2023-01-08,TRX-10039,PROD-0847,Winter Jacket,Apparel,25,26.53,596.93,0.1,200.83,14,0.07,Returning,Los Angeles,Rainy
2023-01-08,TRX-10040,PROD-3898,Cotton T-Shirt,Apparel,24,23.29,447.17,0.2,395.82,9,0.12,VIP,Los Angeles,Snowy
2023-01-08,TRX-10041,PROD-6494,Sunglasses,Accessories,1,49.43,39.54,0.2,437.2,3,0.23,New,Los Angeles,Snowy
2023-01-09,TRX-10042,PROD-4539,Portable Charger,Electronics,8,52.03,416.24,0.0,410.64,12,0.16,VIP,Chicago,Snowy
2023-01-09,TRX-10043,PROD-4260,Canvas Tote,Accessories,8,70.07,532.53,0.05,166.64,5,0.25,Returning,Online,Rainy
2023-01-09,TRX-10044,PROD-9710,Scented Candle,Home Goods,13,24.37,316.81,0.0,193.87,10,0.02,New,Los Angeles,Snowy
2023-01-09,TRX-10045,PROD-0847,Winter Jacket,Apparel,6,43.14,232.96,0.1,259.67,2,0.06,Returning,Online,Sunny
2023-01-09,TRX-10046,PROD-6494,Sunglasses,Accessories,17,15.33,208.49,0.2,451.24,8,0.16,VIP,Los Angeles,Snowy
2023-01-09,TRX-10047,PROD-5616,Denim Jeans,Apparel,6,66.88,341.09,0.15,355.61,8,0.22,Returning,Los Angeles,Sunny
2023-01-10,TRX-10048,PROD-4260,Canvas Tote,Accessories,7,82.57,577.99,0.0,440.08,4,0.02,Returning,Chicago,Rainy
2023-01-10,TRX-10049,PROD-6494,Sunglasses,Accessories,5,65.16,260.64,0.2,478.04,8,0.08,New,Online,Sunny
2023-01-10,TRX-10050,PROD-9357,Wireless Earbuds,Electronics,1,41.36,33.09,0.2,63.96,5,0.06,New,Los Angeles,Rainy
2023-01-10,TRX-10051,PROD-5616,Denim Jeans,Apparel,4,106.73,405.57,0.05,364.76,14,0.11,VIP,New York,Rainy
2023-01-10,TRX-10052,PROD-9497,Ceramic Mug,Home Goods,10,101.11,859.43,0.15,458.61,8,0.12,VIP,Los Angeles,Sunny
2023-01-10,TRX-10053,PROD-3898,Cotton T-Shirt,Apparel,10,104.79,838.32,0.2,104.47,11,0.23,Returning,Online,Cloudy
2023-01-11,TRX-10054,PROD-4539,Portable Charger,Electronics,7,92.44,517.66,0.2,270.59,8,0.29,VIP,Online,Rainy
2023-01-11,TRX-10055,PROD-4282,Leather Wallet,Accessories,5,124.68,561.06,0.1,413.69,10,0.23,Returning,Online,Cloudy
2023-01-11,TRX-10056,PROD-9497,Ceramic Mug,Home Goods,8,116.64,933.12,0.0,387.71,11,0.18,Returning,Chicago,Sunny
2023-01-11,TRX-10057,PROD-6494,Sunglasses,Accessories,5,37.27,186.35,0.0,175.85,11,0.21,Returning,New York,Rainy
2023-01-11,TRX-10058,PROD-8390,Smart Watch,Electronics,4,111.95,380.63,0.15,264.24,13,0.15,New,New York,Cloudy
2023-01-11,TRX-10059,PROD-5616,Denim Jeans,Apparel,10,104.19,1041.9,0.0,262.97,10,0.1,VIP,Chicago,Cloudy
2023-01-12,TRX-10060,PROD-6494,Sunglasses,Accessories,4,53.35,213.4,0.0,103.8,10,0.29,VIP,Los Angeles,Rainy
2023-01-12,TRX-10061,PROD-0847,Winter Jacket,Apparel,9,83.98,680.24,0.1,177.35,3,0.25,Returning,Los Angeles,Cloudy
2023-01-12,TRX-10062,PROD-5616,Denim Jeans,Apparel,13,17.03,221.39,0.0,488.43,10,0.09,New,Online,Sunny
2023-01-12,TRX-10063,PROD-4539,Portable Charger,Electronics,6,53.16,318.96,0.0,484.47,6,0.28,Returning,New York,Sunny
2023-01-12,TRX-10064,PROD-6494,Sunglasses,Accessories,6,25.65,153.9,0.0,117.14,11,0.28,New,Los Angeles,Sunny
2023-01-12,TRX-10065,PROD-4260,Canvas Tote,Accessories,9,97.74,835.68,0.05,252.73,9,0.09,VIP,Online,Cloudy
2023-01-13,TRX-10066,PROD-4539,Portable Charger,Electronics,4,133.02,452.27,0.15,144.96,12,0.02,New,Los Angeles,Sunny
2023-01-13,TRX-10067,PROD-3898,Cotton T-Shirt,Apparel,8,72.81,582.48,0.0,64.69,6,0.21,VIP,Online,Sunny
2023-01-13,TRX-10068,PROD-5616,Denim Jeans,Apparel,4,124.39,472.68,0.05,101.65,5,0.19,Returning,Los Angeles,Sunny
2023-01-13,TRX-10069,PROD-8390,Smart Watch,Electronics,10,124.32,1243.2,0.0,247.62,9,0.21,VIP,Online,Cloudy
2023-01-13,TRX-10070,PROD-6494,Sunglasses,Accessories,18,23.48,359.24,0.15,195.04,6,0.01,New,New York,Cloudy
2023-01-13,TRX-10071,PROD-8390,Smart Watch,Electronics,5,80.9,404.5,0.0,498.63,8,0.19,Returning,New York,Snowy
2023-01-14,TRX-10072,PROD-9710,Scented Candle,Home Goods,3,62.04,186.12,0.0,235.24,9,0.09,Returning,New York,Snowy
2023-01-14,TRX-10073,PROD-9357,Wireless Earbuds,Electronics,7,45.3,253.68,0.2,281.57,2,0.2,VIP,Online,Snowy
2023-01-14,TRX-10074,PROD-8390,Smart Watch,Electronics,8,87.07,592.08,0.15,248.92,2,0.06,VIP,Los Angeles,Cloudy
2023-01-14,TRX-10075,PROD-4260,Canvas Tote,Accessories,10,72.86,582.88,0.2,157.68,4,0.09,New,Online,Sunny
2023-01-14,TRX-10076,PROD-3898,Cotton T-Shirt,Apparel,3,71.38,203.43,0.05,469.69,6,0.15,Returning,Online,Snowy
2023-01-14,TRX-10077,PROD-4282,Leather Wallet,Accessories,4,71.22,256.39,0.1,278.71,4,0.26,Returning,Online,Cloudy
2023-01-15,TRX-10078,PROD-9497,Ceramic Mug,Home Goods,10,51.04,459.36,0.1,499.51,9,0.26,Returning,Online,Cloudy
2023-01-15,TRX-10079,PROD-5960,Throw Pillow,Home Goods,6,115.09,552.43,0.2,134.89,13,0.07,Returning,Los Angeles,Snowy
2023-01-15,TRX-10080,PROD-9357,Wireless Earbuds,Electronics,7,120.28,799.86,0.05,494.79,14,0.25,New,Online,Sunny
2023-01-15,TRX-10081,PROD-0847,Winter Jacket,Apparel,2,140.44,224.7,0.2,430.27,3,0.16,Returning,New York,Rainy
2023-01-15,TRX-10082,PROD-4260,Canvas Tote,Accessories,5,133.53,667.65,0.0,330.47,8,0.19,Returning,Online,Cloudy
2023-01-15,TRX-10083,PROD-4260,Canvas Tote,Accessories,25,18.13,385.26,0.15,464.42,5,0.22,Returning,New York,Sunny
2023-01-16,TRX-10084,PROD-4282,Leather Wallet,Accessories,1,117.46,117.46,0.0,408.26,6,0.11,Returning,Los Angeles,Rainy
2023-01-16,TRX-10085,PROD-4260,Canvas Tote,Accessories,3,100.19,300.57,0.0,324.27,8,0.19,New,Online,Rainy
2023-01-16,TRX-10086,PROD-5616,Denim Jeans,Apparel,1,100.3,80.24,0.2,259.36,6,0.2,New,New York,Snowy
2023-01-16,TRX-10087,PROD-5960,Throw Pillow,Home Goods,5,60.5,287.38,0.05,430.39,5,0.3,Returning,New York,Rainy
2023-01-16,TRX-10088,PROD-4260,Canvas Tote,Accessories,5,60.87,304.35,0.0,490.08,12,0.12,New,New York,Snowy
2023-01-16,TRX-10089,PROD-9497,Ceramic Mug,Home Goods,4,94.09,338.72,0.1,162.78,14,0.22,VIP,Los Angeles,Sunny
2023-01-17,TRX-10090,PROD-9357,Wireless Earbuds,Electronics,6,110.13,561.66,0.15,109.14,6,0.1,Returning,Los Angeles,Rainy
2023-01-17,TRX-10091,PROD-0847,Winter Jacket,Apparel,9,129.75,1167.75,0.0,423.71,6,0.27,Returning,Chicago,Cloudy
2023-01-17,TRX-10092,PROD-9357,Wireless Earbuds,Electronics,4,134.57,430.62,0.2,354.35,12,0.29,VIP,Chicago,Sunny
2023-01-17,TRX-10093,PROD-4282,Leather Wallet,Accessories,6,46.88,239.09,0.15,387.06,6,0.18,VIP,Chicago,Sunny
2023-01-17,TRX-10094,PROD-5616,Denim Jeans,Apparel,22,19.79,435.38,0.0,461.87,5,0.19,VIP,Online,Cloudy
2023-01-17,TRX-10095,PROD-4282,Leather Wallet,Accessories,5,36.89,175.23,0.05,102.25,5,0.27,New,Online,Snowy
2023-01-18,TRX-10096,PROD-5960,Throw Pillow,Home Goods,9,148.79,1272.15,0.05,314.3,13,0.05,Returning,New York,Snowy
2023-01-18,TRX-10097,PROD-6494,Sunglasses,Accessories,19,18.91,341.33,0.05,477.75,7,0.03,VIP,Chicago,Cloudy
2023-01-18,TRX-10098,PROD-9357,Wireless Earbuds,Electronics,8,57.14,457.12,0.0,348.25,12,0.19,New,New York,Cloudy
2023-01-18,TRX-10099,PROD-3898,Cotton T-Shirt,Apparel,9,114.09,1026.81,0.0,313.87,5,0.1,New,New York,Cloudy
2023-01-18,TRX-10100,PROD-3898,Cotton T-Shirt,Apparel,2,93.18,158.41,0.15,439.9,4,0.0,New,Chicago,Sunny
2023-01-18,TRX-10101,PROD-5616,Denim Jeans,Apparel,21,23.14,485.94,0.0,385.55,9,0.13,Returning,New York,Snowy
2023-01-19,TRX-10102,PROD-0847,Winter Jacket,Apparel,21,22.04,462.84,0.0,256.12,2,0.02,Returning,Online,Snowy
2023-01-19,TRX-10103,PROD-9357,Wireless Earbuds,Electronics,2,109.92,219.84,0.0,323.73,3,0.04,VIP,Chicago,Snowy
2023-01-19,TRX-10104,PROD-9710,Scented Candle,Home Goods,2,82.09,131.34,0.2,344.62,14,0.17,New,Online,Snowy
2023-01-19,TRX-10105,PROD-5616,Denim Jeans,Apparel,7,60.19,358.13,0.15,92.79,8,0.09,Returning,Chicago,Rainy
2023-01-19,TRX-10106,PROD-4282,Leather Wallet,Accessories,18,25.05,450.9,0.0,385.07,7,0.24,VIP,New York,Cloudy
2023-01-19,TRX-10107,PROD-9357,Wireless Earbuds,Electronics,7,64.81,362.94,0.2,462.13,2,0.29,VIP,Chicago,Cloudy
2023-01-20,TRX-10108,PROD-4539,Portable Charger,Electronics,8,77.73,621.84,0.0,431.27,7,0.25,Returning,New York,Cloudy
2023-01-20,TRX-10109,PROD-5616,Denim Jeans,Apparel,10,141.35,1272.15,0.1,353.74,10,0.01,VIP,Chicago,Sunny
2023-01-20,TRX-10110,PROD-5616,Denim Jeans,Apparel,6,105.67,634.02,0.0,52.75,4,0.17,Returning,New York,Rainy
2023-01-20,TRX-10111,PROD-8390,Smart Watch,Electronics,7,109.13,725.71,0.05,203.4,7,0.09,Returning,New York,Sunny
2023-01-20,TRX-10112,PROD-3898,Cotton T-Shirt,Apparel,2,106.33,212.66,0.0,249.4,8,0.15,Returning,Online,Cloudy
2023-01-20,TRX-10113,PROD-0847,Winter Jacket,Apparel,14,29.94,356.29,0.15,355.32,9,0.16,Returning,New York,Rainy
2023-01-21,TRX-10114,PROD-4260,Canvas Tote,Accessories,11,21.07,185.42,0.2,111.76,6,0.09,New,New York,Snowy
2023-01-21,TRX-10115,PROD-4282,Leather Wallet,Accessories,4,32.65,117.54,0.1,301.43,12,0.24,New,Online,Sunny
2023-01-21,TRX-10116,PROD-4282,Leather Wallet,Accessories,6,70.56,381.02,0.1,243.18,8,0.21,Returning,Chicago,Sunny
2023-01-21,TRX-10117,PROD-4282,Leather Wallet,Accessories,10,135.89,1290.95,0.05,424.41,7,0.03,New,Los Angeles,Snowy
2023-01-21,TRX-10118,PROD-4260,Canvas Tote,Accessories,15,27.52,412.8,0.0,199.88,4,0.02,VIP,New York,Rainy
2023-01-21,TRX-10119,PROD-9710,Scented Candle,Home Goods,3,120.42,361.26,0.0,96.26,6,0.06,VIP,Los Angeles,Sunny
2023-01-22,TRX-10120,PROD-0847,Winter Jacket,Apparel,10,85.86,815.67,0.05,356.51,11,0.19,VIP,Chicago,Cloudy
2023-01-22,TRX-10121,PROD-5616,Denim Jeans,Apparel,14,23.94,268.13,0.2,173.6,2,0.11,New,Chicago,Snowy
2023-01-22,TRX-10122,PROD-4282,Leather Wallet,Accessories,7,24.18,143.87,0.15,438.91,3,0.18,VIP,Online,Snowy
2023-01-22,TRX-10123,PROD-9357,Wireless Earbuds,Electronics,4,139.7,558.8,0.0,322.25,10,0.05,New,Online,Sunny
2023-01-22,TRX-10124,PROD-5960,Throw Pillow,Home Goods,6,27.16,162.96,0.0,368.43,9,0.16,VIP,Los Angeles,Cloudy
2023-01-22,TRX-10125,PROD-9710,Scented Candle,Home Goods,10,71.0,710.0,0.0,405.15,12,0.1,Returning,New York,Snowy
2023-01-23,TRX-10126,PROD-9710,Scented Candle,Home Goods,10,116.23,929.84,0.2,117.67,3,0.17,New,Chicago,Cloudy
2023-01-23,TRX-10127,PROD-4282,Leather Wallet,Accessories,5,103.68,466.56,0.1,219.51,14,0.1,New,New York,Snowy
2023-01-23,TRX-10128,PROD-9497,Ceramic Mug,Home Goods,4,59.86,239.44,0.0,476.45,9,0.06,New,Los Angeles,Sunny
2023-01-23,TRX-10129,PROD-9497,Ceramic Mug,Home Goods,9,84.2,757.8,0.0,347.87,14,0.19,VIP,Online,Rainy
2023-01-23,TRX-10130,PROD-3898,Cotton T-Shirt,Apparel,3,134.13,342.03,0.15,246.95,8,0.11,VIP,Los Angeles,Snowy
2023-01-23,TRX-10131,PROD-5960,Throw Pillow,Home Goods,4,114.39,457.56,0.0,484.52,14,0.14,New,Chicago,Snowy
2023-01-24,TRX-10132,PROD-6494,Sunglasses,Accessories,7,120.12,840.84,0.0,417.6,14,0.18,Returning,New York,Snowy
2023-01-24,TRX-10133,PROD-5960,Throw Pillow,Home Goods,9,147.1,1059.12,0.2,106.1,3,0.23,Returning,Online,Rainy
2023-01-24,TRX-10134,PROD-4282,Leather Wallet,Accessories,8,134.83,1078.64,0.0,468.71,8,0.02,VIP,Chicago,Rainy
2023-01-24,TRX-10135,PROD-4282,Leather Wallet,Accessories,2,59.42,95.07,0.2,371.62,7,0.24,New,New York,Cloudy
2023-01-24,TRX-10136,PROD-4260,Canvas Tote,Accessories,8,133.78,1016.73,0.05,326.91,3,0.01,New,Los Angeles,Snowy
2023-01-24,TRX-10137,PROD-9357,Wireless Earbuds,Electronics,4,43.52,165.38,0.05,337.53,11,0.14,New,Online,Sunny
2023-01-25,TRX-10138,PROD-0847,Winter Jacket,Apparel,10,33.9,339.0,0.0,158.25,8,0.06,VIP,New York,Cloudy
2023-01-25,TRX-10139,PROD-4539,Portable Charger,Electronics,9,93.52,757.51,0.1,59.15,9,0.01,Returning,Chicago,Cloudy
2023-01-25,TRX-10140,PROD-9357,Wireless Earbuds,Electronics,2,117.68,188.29,0.2,311.86,14,0.1,New,Chicago,Cloudy
2023-01-25,TRX-10141,PROD-0847,Winter Jacket,Apparel,3,80.76,193.82,0.2,110.68,13,0.23,Returning,New York,Cloudy
2023-01-25,TRX-10142,PROD-3898,Cotton T-Shirt,Apparel,6,131.2,787.2,0.0,281.92,10,0.14,New,Los Angeles,Cloudy
2023-01-25,TRX-10143,PROD-9497,Ceramic Mug,Home Goods,2,127.45,203.92,0.2,215.61,8,0.22,Returning,Chicago,Rainy
2023-01-26,TRX-10144,PROD-4260,Canvas Tote,Accessories,9,89.14,802.26,0.0,410.52,13,0.13,Returning,Los Angeles,Cloudy
2023-01-26,TRX-10145,PROD-9497,Ceramic Mug,Home Goods,14,26.64,354.31,0.05,321.18,8,0.05,Returning,Chicago,Snowy
2023-01-26,TRX-10146,PROD-4539,Portable Charger,Electronics,7,128.55,899.85,0.0,337.76,14,0.28,New,Online,Cloudy
2023-01-26,TRX-10147,PROD-3898,Cotton T-Shirt,Apparel,8,35.01,280.08,0.0,106.8,5,0.23,Returning,Chicago,Snowy
2023-01-26,TRX-10148,PROD-4539,Portable Charger,Electronics,6,35.36,212.16,0.0,249.77,3,0.17,VIP,Chicago,Snowy
2023-01-26,TRX-10149,PROD-5960,Throw Pillow,Home Goods,1,57.47,48.85,0.15,133.72,10,0.12,VIP,New York,Cloudy
2023-01-27,TRX-10150,PROD-5960,Throw Pillow,Home Goods,5,82.72,351.56,0.15,462.42,9,0.06,New,New York,Snowy
2023-01-27,TRX-10151,PROD-0847,Winter Jacket,Apparel,6,68.9,351.39,0.15,206.34,3,0.16,Returning,Chicago,Rainy
2023-01-27,TRX-10152,PROD-5616,Denim Jeans,Apparel,4,77.34,247.49,0.2,112.49,14,0.15,Returning,Chicago,Snowy
2023-01-27,TRX-10153,PROD-0847,Winter Jacket,Apparel,7,122.7,730.06,0.15,373.49,10,0.12,Returning,New York,Rainy
2023-01-27,TRX-10154,PROD-5960,Throw Pillow,Home Goods,21,24.84,521.64,0.0,107.75,14,0.17,VIP,Los Angeles,Rainy
2023-01-27,TRX-10155,PROD-4260,Canvas Tote,Accessories,2,125.68,226.22,0.1,118.86,4,0.05,VIP,Los Angeles,Cloudy
2023-01-28,TRX-10156,PROD-9497,Ceramic Mug,Home Goods,9,50.15,451.35,0.0,106.33,6,0.18,New,Los Angeles,Rainy
2023-01-28,TRX-10157,PROD-0847,Winter Jacket,Apparel,6,107.29,514.99,0.2,465.77,2,0.25,New,New York,Sunny
2023-01-28,TRX-10158,PROD-5960,Throw Pillow,Home Goods,10,44.09,374.77,0.15,63.63,12,0.16,VIP,Chicago,Snowy
2023-01-28,TRX-10159,PROD-0847,Winter Jacket,Apparel,1,69.17,69.17,0.0,247.82,9,0.14,Returning,Los Angeles,Cloudy
2023-01-28,TRX-10160,PROD-5960,Throw Pillow,Home Goods,7,143.79,1006.53,0.0,392.3,10,0.17,Returning,Los Angeles,Snowy
2023-01-28,TRX-10161,PROD-9357,Wireless Earbuds,Electronics,1,70.26,70.26,0.0,475.42,11,0.13,New,Chicago,Cloudy
2023-01-29,TRX-10162,PROD-3898,Cotton T-Shirt,Apparel,8,82.51,660.08,0.0,273.82,3,0.28,VIP,Online,Rainy
2023-01-29,TRX-10163,PROD-0847,Winter Jacket,Apparel,8,57.01,410.47,0.1,447.05,12,0.2,Returning,New York,Sunny
2023-01-29,TRX-10164,PROD-4282,Leather Wallet,Accessories,7,140.23,981.61,0.0,70.36,2,0.17,New,Chicago,Cloudy
2023-01-29,TRX-10165,PROD-9357,Wireless Earbuds,Electronics,5,87.47,349.88,0.2,495.09,12,0.18,New,New York,Snowy
2023-01-29,TRX-10166,PROD-9710,Scented Candle,Home Goods,3,87.88,263.64,0.0,321.11,8,0.15,New,New York,Rainy
2023-01-29,TRX-10167,PROD-9710,Scented Candle,Home Goods,9,79.13,712.17,0.0,197.58,11,0.1,Returning,Chicago,Cloudy
2023-01-30,TRX-10168,PROD-4260,Canvas Tote,Accessories,1,90.54,90.54,0.0,199.06,3,0.29,VIP,Chicago,Sunny
2023-01-30,TRX-10169,PROD-6494,Sunglasses,Accessories,10,153.79,1384.11,0.1,152.39,2,0.18,New,Online,Rainy
2023-01-30,TRX-10170,PROD-3898,Cotton T-Shirt,Apparel,4,96.0,384.0,0.0,248.47,8,0.05,VIP,Los Angeles,Snowy
2023-01-30,TRX-10171,PROD-4260,Canvas Tote,Accessories,9,117.86,1060.74,0.0,302.4,12,0.14,Returning,Chicago,Rainy
2023-01-30,TRX-10172,PROD-4260,Canvas Tote,Accessories,5,59.43,267.44,0.1,267.88,5,0.08,Returning,Los Angeles,Cloudy
2023-01-30,TRX-10173,PROD-5960,Throw Pillow,Home Goods,6,44.74,255.02,0.05,206.96,14,0.22,Returning,New York,Snowy
2023-01-31,TRX-10174,PROD-6494,Sunglasses,Accessories,5,152.64,763.2,0.0,179.43,13,0.02,Returning,Chicago,Snowy
2023-01-31,TRX-10175,PROD-3898,Cotton T-Shirt,Apparel,9,120.97,925.42,0.15,172.23,3,0.18,VIP,Los Angeles,Rainy
2023-01-31,TRX-10176,PROD-4539,Portable Charger,Electronics,4,129.67,518.68,0.0,95.09,7,0.22,New,Los Angeles,Sunny
2023-01-31,TRX-10177,PROD-5616,Denim Jeans,Apparel,8,110.99,843.52,0.05,342.74,14,0.29,Returning,Chicago,Sunny
2023-01-31,TRX-10178,PROD-4539,Portable Charger,Electronics,1,93.16,93.16,0.0,238.05,4,0.28,New,Online,Snowy
2023-01-31,TRX-10179,PROD-0847,Winter Jacket,Apparel,1,157.23,157.23,0.0,184.28,11,0.03,Returning,Chicago,Snowy
2023-02-01,TRX-10180,PROD-4282,Leather Wallet,Accessories,4,129.06,412.99,0.2,100.69,4,0.22,VIP,Chicago,Rainy
2023-02-01,TRX-10181,PROD-4539,Portable Charger,Electronics,4,58.03,232.12,0.0,324.93,12,0.27,Returning,Chicago,Sunny
2023-02-01,TRX-10182,PROD-4260,Canvas Tote,Accessories,8,30.56,244.48,0.0,471.12,2,0.08,New,Online,Cloudy
2023-02-01,TRX-10183,PROD-9710,Scented Candle,Home Goods,5,95.0,403.75,0.15,211.8,5,0.02,New,Online,Cloudy
2023-02-01,TRX-10184,PROD-5616,Denim Jeans,Apparel,5,116.73,496.1,0.15,102.84,6,0.11,New,Los Angeles,Rainy
2023-02-01,TRX-10185,PROD-4282,Leather Wallet,Accessories,6,83.89,478.17,0.05,365.87,9,0.23,VIP,Los Angeles,Rainy
2023-02-02,TRX-10186,PROD-4539,Portable Charger,Electronics,2,78.38,141.08,0.1,100.49,10,0.27,New,Los Angeles,Rainy
2023-02-02,TRX-10187,PROD-5960,Throw Pillow,Home Goods,10,77.34,734.73,0.05,90.92,10,0.13,New,Online,Rainy
2023-02-02,TRX-10188,PROD-6494,Sunglasses,Accessories,5,92.2,391.85,0.15,59.8,6,0.24,VIP,Los Angeles,Sunny
2023-02-02,TRX-10189,PROD-9357,Wireless Earbuds,Electronics,1,56.14,56.14,0.0,493.76,9,0.01,Returning,Los Angeles,Rainy
2023-02-02,TRX-10190,PROD-6494,Sunglasses,Accessories,7,145.53,967.77,0.05,86.11,12,0.26,New,Chicago,Sunny
2023-02-02,TRX-10191,PROD-0847,Winter Jacket,Apparel,4,62.99,201.57,0.2,51.56,2,0.29,Returning,Online,Snowy
2023-02-03,TRX-10192,PROD-3898,Cotton T-Shirt,Apparel,4,71.86,244.32,0.15,394.47,2,0.24,Returning,New York,Rainy
2023-02-03,TRX-10193,PROD-3898,Cotton T-Shirt,Apparel,24,25.95,529.38,0.15,366.48,2,0.07,New,Online,Snowy
2023-02-03,TRX-10194,PROD-0847,Winter Jacket,Apparel,1,47.56,47.56,0.0,276.75,6,0.07,VIP,Chicago,Cloudy
2023-02-03,TRX-10195,PROD-5616,Denim Jeans,Apparel,9,146.24,1316.16,0.0,236.1,6,0.02,VIP,Los Angeles,Snowy
2023-02-03,TRX-10196,PROD-4282,Leather Wallet,Accessories,7,159.18,891.41,0.2,286.01,13,0.12,New,Chicago,Snowy
2023-02-03,TRX-10197,PROD-0847,Winter Jacket,Apparel,5,84.44,337.76,0.2,368.41,14,0.14,New,Online,Snowy
2023-02-04,TRX-10198,PROD-5616,Denim Jeans,Apparel,2,44.95,85.41,0.05,431.21,3,0.16,New,New York,Cloudy
2023-02-04,TRX-10199,PROD-4260,Canvas Tote,Accessories,2,87.77,175.54,0.0,412.09,11,0.22,VIP,Los Angeles,Snowy
2023-02-04,TRX-10200,PROD-5616,Denim Jeans,Apparel,4,60.51,242.04,0.0,482.93,3,0.22,Returning,Los Angeles,Rainy
2023-02-04,TRX-10201,PROD-4282,Leather Wallet,Accessories,7,94.46,628.16,0.05,290.14,7,0.09,Returning,Online,Snowy
2023-02-04,TRX-10202,PROD-4539,Portable Charger,Electronics,4,83.71,334.84,0.0,190.81,2,0.17,New,Los Angeles,Sunny
2023-02-04,TRX-10203,PROD-5960,Throw Pillow,Home Goods,7,143.43,1004.01,0.0,118.59,7,0.07,VIP,Los Angeles,Snowy
2023-02-05,TRX-10204,PROD-9710,Scented Candle,Home Goods,8,117.79,895.2,0.05,125.71,14,0.11,New,Online,Rainy
2023-02-05,TRX-10205,PROD-4539,Portable Charger,Electronics,6,20.92,100.42,0.2,52.87,4,0.25,New,New York,Rainy
2023-02-05,TRX-10206,PROD-8390,Smart Watch,Electronics,10,81.16,689.86,0.15,350.04,11,0.27,VIP,Online,Sunny
2023-02-05,TRX-10207,PROD-4539,Portable Charger,Electronics,9,80.74,617.66,0.15,173.63,6,0.01,VIP,Online,Rainy
2023-02-05,TRX-10208,PROD-8390,Smart Watch,Electronics,10,81.35,732.15,0.1,163.59,7,0.08,Returning,New York,Cloudy
2023-02-05,TRX-10209,PROD-6494,Sunglasses,Accessories,4,100.22,400.88,0.0,357.82,3,0.2,VIP,New York,Sunny
2023-02-06,TRX-10210,PROD-6494,Sunglasses,Accessories,1,65.6,55.76,0.15,127.12,9,0.25,VIP,Chicago,Sunny
2023-02-06,TRX-10211,PROD-8390,Smart Watch,Electronics,10,46.75,444.12,0.05,171.99,3,0.21,Returning,New York,Rainy
2023-02-06,TRX-10212,PROD-9497,Ceramic Mug,Home Goods,7,147.32,1031.24,0.0,184.67,11,0.07,Returning,Chicago,Snowy
2023-02-06,TRX-10213,PROD-0847,Winter Jacket,Apparel,6,112.78,676.68,0.0,93.96,5,0.25,Returning,Online,Cloudy
2023-02-06,TRX-10214,PROD-4539,Portable Charger,Electronics,8,57.01,456.08,0.0,210.12,8,0.13,VIP,Online,Sunny
2023-02-06,TRX-10215,PROD-9497,Ceramic Mug,Home Goods,3,101.97,290.61,0.05,370.25,12,0.05,Returning,Chicago,Cloudy
2023-02-07,TRX-10216,PROD-8390,Smart Watch,Electronics,16,15.1,193.28,0.2,171.39,4,0.03,Returning,Online,Snowy
2023-02-07,TRX-10217,PROD-8390,Smart Watch,Electronics,24,27.39,591.62,0.1,403.0,8,0.0,Returning,Online,Sunny
2023-02-07,TRX-10218,PROD-0847,Winter Jacket,Apparel,3,88.51,265.53,0.0,171.01,6,0.15,New,Los Angeles,Snowy
2023-02-07,TRX-10219,PROD-9710,Scented Candle,Home Goods,6,58.6,351.6,0.0,474.9,13,0.19,VIP,Los Angeles,Snowy
2023-02-07,TRX-10220,PROD-8390,Smart Watch,Electronics,6,61.17,293.62,0.2,329.09,14,0.26,Returning,Chicago,Snowy
2023-02-07,TRX-10221,PROD-5616,Denim Jeans,Apparel,4,63.5,241.3,0.05,191.38,8,0.29,Returning,Online,Rainy
2023-02-08,TRX-10222,PROD-9710,Scented Candle,Home Goods,6,55.86,335.16,0.0,469.43,5,0.18,VIP,Los Angeles,Sunny
2023-02-08,TRX-10223,PROD-4260,Canvas Tote,Accessories,2,45.88,73.41,0.2,431.5,14,0.12,Returning,Los Angeles,Cloudy
2023-02-08,TRX-10224,PROD-5616,Denim Jeans,Apparel,7,108.39,758.73,0.0,252.08,11,0.14,Returning,Online,Sunny
2023-02-08,TRX-10225,PROD-5960,Throw Pillow,Home Goods,2,136.9,273.8,0.0,396.03,12,0.2,New,New York,Snowy
2023-02-08,TRX-10226,PROD-9710,Scented Candle,Home Goods,12,26.95,291.06,0.1,386.08,10,0.17,VIP,Los Angeles,Snowy
2023-02-08,TRX-10227,PROD-9710,Scented Candle,Home Goods,9,80.3,722.7,0.0,205.24,2,0.14,Returning,Online,Sunny
2023-02-09,TRX-10228,PROD-4539,Portable Charger,Electronics,8,32.84,210.18,0.2,143.09,9,0.1,New,Online,Snowy
2023-02-09,TRX-10229,PROD-9497,Ceramic Mug,Home Goods,2,58.98,117.96,0.0,432.13,12,0.03,New,Los Angeles,Rainy
2023-02-09,TRX-10230,PROD-5616,Denim Jeans,Apparel,4,98.89,316.45,0.2,232.27,4,0.06,VIP,Online,Snowy
2023-02-09,TRX-10231,PROD-4539,Portable Charger,Electronics,10,91.98,873.81,0.05,224.98,13,0.06,Returning,New York,Sunny
2023-02-09,TRX-10232,PROD-5616,Denim Jeans,Apparel,5,58.51,248.67,0.15,438.19,10,0.29,Returning,Online,Snowy
2023-02-09,TRX-10233,PROD-9357,Wireless Earbuds,Electronics,3,61.99,148.78,0.2,353.11,14,0.09,VIP,New York,Rainy
2023-02-10,TRX-10234,PROD-9497,Ceramic Mug,Home Goods,6,43.59,222.31,0.15,113.61,8,0.13,New,Online,Snowy
2023-02-10,TRX-10235,PROD-5616,Denim Jeans,Apparel,3,104.69,282.66,0.1,125.09,6,0.04,Returning,Online,Sunny
2023-02-10,TRX-10236,PROD-9497,Ceramic Mug,Home Goods,7,75.52,475.78,0.1,277.45,9,0.12,Returning,Online,Snowy
2023-02-10,TRX-10237,PROD-4282,Leather Wallet,Accessories,12,23.71,284.52,0.0,64.71,5,0.16,New,Online,Snowy
2023-02-10,TRX-10238,PROD-4539,Portable Charger,Electronics,6,32.09,173.29,0.1,420.17,2,0.23,Returning,Los Angeles,Snowy
2023-02-10,TRX-10239,PROD-4539,Portable Charger,Electronics,5,133.45,533.8,0.2,499.69,9,0.08,New,Online,Sunny
2023-02-11,TRX-10240,PROD-3898,Cotton T-Shirt,Apparel,6,126.63,607.82,0.2,369.84,12,0.13,VIP,Los Angeles,Rainy
2023-02-11,TRX-10241,PROD-3898,Cotton T-Shirt,Apparel,10,92.55,832.95,0.1,125.77,13,0.09,VIP,Chicago,Sunny
2023-02-11,TRX-10242,PROD-5616,Denim Jeans,Apparel,3,152.73,389.46,0.15,439.74,5,0.04,Returning,Los Angeles,Snowy
2023-02-11,TRX-10243,PROD-4282,Leather Wallet,Accessories,7,88.65,589.52,0.05,253.4,12,0.24,New,Online,Cloudy
2023-02-11,TRX-10244,PROD-9710,Scented Candle,Home Goods,1,138.33,110.66,0.2,398.36,13,0.03,Returning,Chicago,Sunny
2023-02-11,TRX-10245,PROD-4282,Leather Wallet,Accessories,8,155.16,1241.28,0.0,195.29,6,0.1,VIP,Los Angeles,Snowy
2023-02-12,TRX-10246,PROD-5960,Throw Pillow,Home Goods,8,107.2,857.6,0.0,105.91,4,0.13,New,Online,Rainy
2023-02-12,TRX-10247,PROD-0847,Winter Jacket,Apparel,5,59.93,299.65,0.0,344.56,6,0.02,VIP,Los Angeles,Sunny
2023-02-12,TRX-10248,PROD-4260,Canvas Tote,Accessories,4,58.49,222.26,0.05,344.97,13,0.03,New,Online,Sunny
2023-02-12,TRX-10249,PROD-0847,Winter Jacket,Apparel,1,47.17,47.17,0.0,363.02,3,0.3,Returning,Los Angeles,Snowy
2023-02-12,TRX-10250,PROD-8390,Smart Watch,Electronics,2,69.79,139.58,0.0,191.01,6,0.04,New,Los Angeles,Sunny
2023-02-12,TRX-10251,PROD-4539,Portable Charger,Electronics,4,101.52,345.17,0.15,386.72,8,0.18,Returning,Los Angeles,Sunny
2023-02-13,TRX-10252,PROD-8390,Smart Watch,Electronics,7,118.67,830.69,0.0,483.46,7,0.24,New,Chicago,Sunny
2023-02-13,TRX-10253,PROD-0847,Winter Jacket,Apparel,5,100.39,401.56,0.2,473.58,2,0.25,VIP,Chicago,Rainy
2023-02-13,TRX-10254,PROD-0847,Winter Jacket,Apparel,4,69.87,265.51,0.05,223.65,5,0.15,VIP,New York,Sunny
2023-02-13,TRX-10255,PROD-9710,Scented Candle,Home Goods,10,35.19,334.3,0.05,214.44,12,0.05,Returning,New York,Sunny
2023-02-13,TRX-10256,PROD-8390,Smart Watch,Electronics,1,45.76,36.61,0.2,229.09,6,0.19,VIP,Online,Snowy
2023-02-13,TRX-10257,PROD-4282,Leather Wallet,Accessories,3,102.24,306.72,0.0,87.62,3,0.15,New,Los Angeles,Cloudy
2023-02-14,TRX-10258,PROD-4260,Canvas Tote,Accessories,2,107.36,214.72,0.0,364.4,13,0.29,New,New York,Rainy
2023-02-14,TRX-10259,PROD-9357,Wireless Earbuds,Electronics,1,31.35,31.35,0.0,349.74,12,0.22,New,New York,Rainy
2023-02-14,TRX-10260,PROD-8390,Smart Watch,Electronics,9,79.5,572.4,0.2,420.13,6,0.05,New,Chicago,Sunny
2023-02-14,TRX-10261,PROD-9357,Wireless Earbuds,Electronics,2,118.31,236.62,0.0,370.55,11,0.19,Returning,Online,Cloudy
2023-02-14,TRX-10262,PROD-9357,Wireless Earbuds,Electronics,3,122.28,366.84,0.0,398.0,11,0.2,New,Los Angeles,Sunny
2023-02-14,TRX-10263,PROD-8390,Smart Watch,Electronics,7,47.74,334.18,0.0,130.53,2,0.17,VIP,Online,Rainy
2023-02-15,TRX-10264,PROD-9497,Ceramic Mug,Home Goods,5,74.33,297.32,0.2,85.05,7,0.04,VIP,New York,Rainy
2023-02-15,TRX-10265,PROD-0847,Winter Jacket,Apparel,2,160.89,305.69,0.05,439.71,14,0.25,Returning,New York,Snowy
2023-02-15,TRX-10266,PROD-9357,Wireless Earbuds,Electronics,5,42.63,181.18,0.15,330.22,9,0.11,Returning,Los Angeles,Rainy
2023-02-15,TRX-10267,PROD-3898,Cotton T-Shirt,Apparel,9,127.46,1147.14,0.0,336.17,13,0.26,Returning,New York,Snowy
2023-02-15,TRX-10268,PROD-9497,Ceramic Mug,Home Goods,7,46.83,311.42,0.05,482.53,4,0.21,New,New York,Rainy
2023-02-15,TRX-10269,PROD-4260,Canvas Tote,Accessories,2,134.77,242.59,0.1,93.01,4,0.19,Returning,New York,Sunny
2023-02-16,TRX-10270,PROD-4260,Canvas Tote,Accessories,5,137.53,550.12,0.2,191.75,14,0.12,VIP,Chicago,Cloudy
2023-02-16,TRX-10271,PROD-6494,Sunglasses,Accessories,3,50.67,121.61,0.2,396.57,3,0.05,New,Online,Snowy
2023-02-16,TRX-10272,PROD-9710,Scented Candle,Home Goods,4,30.41,115.56,0.05,188.74,6,0.26,New,Los Angeles,Cloudy
2023-02-16,TRX-10273,PROD-8390,Smart Watch,Electronics,2,123.45,209.87,0.15,161.7,7,0.12,New,Chicago,Cloudy
2023-02-16,TRX-10274,PROD-3898,Cotton T-Shirt,Apparel,9,153.71,1175.88,0.15,297.55,3,0.14,New,New York,Sunny
2023-02-16,TRX-10275,PROD-8390,Smart Watch,Electronics,6,34.76,177.28,0.15,333.63,12,0.03,VIP,Chicago,Sunny
2023-02-17,TRX-10276,PROD-8390,Smart Watch,Electronics,3,42.91,128.73,0.0,457.29,14,0.1,New,Online,Sunny
2023-02-17,TRX-10277,PROD-0847,Winter Jacket,Apparel,8,76.77,614.16,0.0,222.23,8,0.05,New,Los Angeles,Cloudy
2023-02-17,TRX-10278,PROD-9710,Scented Candle,Home Goods,10,121.77,1095.93,0.1,160.6,6,0.15,VIP,Online,Sunny
2023-02-17,TRX-10279,PROD-9357,Wireless Earbuds,Electronics,9,65.63,590.67,0.0,333.84,14,0.16,New,Online,Cloudy
2023-02-17,TRX-10280,PROD-4260,Canvas Tote,Accessories,10,116.74,1050.66,0.1,194.72,6,0.05,Returning,Los Angeles,Sunny
2023-02-17,TRX-10281,PROD-9497,Ceramic Mug,Home Goods,6,123.47,592.66,0.2,312.8,5,0.29,New,Los Angeles,Rainy
2023-02-18,TRX-10282,PROD-5960,Throw Pillow,Home Goods,1,135.65,108.52,0.2,498.38,5,0.17,Returning,Chicago,Rainy
2023-02-18,TRX-10283,PROD-3898,Cotton T-Shirt,Apparel,6,100.81,544.37,0.1,62.69,13,0.11,VIP,Los Angeles,Rainy
2023-02-18,TRX-10284,PROD-4260,Canvas Tote,Accessories,2,56.61,113.22,0.0,154.68,5,0.01,Returning,New York,Cloudy
2023-02-18,TRX-10285,PROD-3898,Cotton T-Shirt,Apparel,6,57.07,342.42,0.0,59.86,11,0.21,New,New York,Cloudy
2023-02-18,TRX-10286,PROD-9357,Wireless Earbuds,Electronics,10,113.68,1136.8,0.0,201.45,7,0.04,New,Online,Snowy
2023-02-18,TRX-10287,PROD-9497,Ceramic Mug,Home Goods,10,111.84,894.72,0.2,210.57,12,0.18,New,Online,Cloudy
2023-02-19,TRX-10288,PROD-9497,Ceramic Mug,Home Goods,10,35.11,333.55,0.05,432.84,14,0.29,New,Los Angeles,Cloudy
2023-02-19,TRX-10289,PROD-0847,Winter Jacket,Apparel,3,99.33,297.99,0.0,385.4,5,0.1,Returning,Los Angeles,Sunny
2023-02-19,TRX-10290,PROD-9710,Scented Candle,Home Goods,7,15.58,109.06,0.0,165.5,3,0.22,New,Online,Snowy
2023-02-19,TRX-10291,PROD-4282,Leather Wallet,Accessories,7,134.23,939.61,0.0,295.71,3,0.25,VIP,Los Angeles,Rainy
2023-02-19,TRX-10292,PROD-4282,Leather Wallet,Accessories,1,111.42,111.42,0.0,167.51,3,0.02,New,Online,Rainy
2023-02-19,TRX-10293,PROD-4539,Portable Charger,Electronics,6,155.74,841.0,0.1,493.37,9,0.21,Returning,Los Angeles,Snowy
2023-02-20,TRX-10294,PROD-3898,Cotton T-Shirt,Apparel,11,26.98,281.94,0.05,363.74,13,0.28,VIP,Chicago,Cloudy
2023-02-20,TRX-10295,PROD-9497,Ceramic Mug,Home Goods,22,27.35,481.36,0.2,270.93,2,0.11,Returning,New York,Cloudy
2023-02-20,TRX-10296,PROD-4282,Leather Wallet,Accessories,25,26.45,661.25,0.0,489.68,9,0.25,Returning,Online,Snowy
2023-02-20,TRX-10297,PROD-4260,Canvas Tote,Accessories,7,52.22,365.54,0.0,216.96,8,0.11,Returning,New York,Cloudy
2023-02-20,TRX-10298,PROD-6494,Sunglasses,Accessories,10,53.97,539.7,0.0,118.01,13,0.2,New,Chicago,Snowy
2023-02-20,TRX-10299,PROD-0847,Winter Jacket,Apparel,21,22.71,453.06,0.05,484.53,12,0.26,Returning,Los Angeles,Snowy
2023-02-21,TRX-10300,PROD-9497,Ceramic Mug,Home Goods,1,73.13,65.82,0.1,307.05,10,0.24,VIP,Los Angeles,Sunny
2023-02-21,TRX-10301,PROD-4282,Leather Wallet,Accessories,4,133.6,427.52,0.2,136.73,2,0.13,VIP,Online,Rainy
2023-02-21,TRX-10302,PROD-0847,Winter Jacket,Apparel,2,53.91,107.82,0.0,224.64,8,0.17,Returning,Online,Sunny
2023-02-21,TRX-10303,PROD-4282,Leather Wallet,Accessories,10,65.96,593.64,0.1,391.27,3,0.28,VIP,New York,Cloudy
2023-02-21,TRX-10304,PROD-9710,Scented Candle,Home Goods,10,52.23,470.07,0.1,262.87,4,0.08,New,Online,Sunny
2023-02-21,TRX-10305,PROD-6494,Sunglasses,Accessories,8,98.46,787.68,0.0,453.66,2,0.1,Returning,Chicago,Cloudy
2023-02-22,TRX-10306,PROD-4260,Canvas Tote,Accessories,4,117.61,470.44,0.0,185.22,13,0.13,Returning,Chicago,Snowy
2023-02-22,TRX-10307,PROD-8390,Smart Watch,Electronics,7,80.8,480.76,0.15,268.01,10,0.26,New,Los Angeles,Sunny
2023-02-22,TRX-10308,PROD-5960,Throw Pillow,Home Goods,9,77.34,626.45,0.1,63.03,5,0.26,New,New York,Rainy
2023-02-22,TRX-10309,PROD-9357,Wireless Earbuds,Electronics,11,21.22,233.42,0.0,215.76,9,0.15,VIP,New York,Sunny
2023-02-22,TRX-10310,PROD-5616,Denim Jeans,Apparel,8,80.11,576.79,0.1,298.1,7,0.05,Returning,New York,Cloudy
2023-02-22,TRX-10311,PROD-9357,Wireless Earbuds,Electronics,11,23.24,204.51,0.2,149.61,5,0.2,Returning,Online,Sunny
2023-02-23,TRX-10312,PROD-9357,Wireless Earbuds,Electronics,10,142.12,1136.96,0.2,53.81,6,0.18,Returning,Chicago,Snowy
2023-02-23,TRX-10313,PROD-6494,Sunglasses,Accessories,5,72.63,308.68,0.15,284.29,11,0.12,New,New York,Cloudy
2023-02-23,TRX-10314,PROD-9710,Scented Candle,Home Goods,6,107.0,642.0,0.0,338.27,6,0.08,VIP,Chicago,Rainy
2023-02-23,TRX-10315,PROD-0847,Winter Jacket,Apparel,10,127.8,1214.1,0.05,347.24,12,0.04,New,Online,Cloudy
2023-02-23,TRX-10316,PROD-9710,Scented Candle,Home Goods,10,72.92,619.82,0.15,497.64,5,0.1,VIP,Los Angeles,Snowy
2023-02-23,TRX-10317,PROD-5960,Throw Pillow,Home Goods,9,51.86,466.74,0.0,182.2,9,0.04,Returning,Los Angeles,Cloudy
2023-02-24,TRX-10318,PROD-8390,Smart Watch,Electronics,5,66.04,313.69,0.05,404.64,7,0.11,VIP,Chicago,Snowy
2023-02-24,TRX-10319,PROD-9357,Wireless Earbuds,Electronics,23,22.84,472.79,0.1,82.05,5,0.15,VIP,Online,Cloudy
2023-02-24,TRX-10320,PROD-4282,Leather Wallet,Accessories,4,123.31,493.24,0.0,234.14,11,0.27,Returning,Los Angeles,Cloudy
2023-02-24,TRX-10321,PROD-3898,Cotton T-Shirt,Apparel,3,82.94,248.82,0.0,335.52,2,0.14,New,Los Angeles,Rainy
2023-02-24,TRX-10322,PROD-4282,Leather Wallet,Accessories,7,32.04,213.07,0.05,243.06,9,0.11,New,Los Angeles,Cloudy
2023-02-24,TRX-10323,PROD-9357,Wireless Earbuds,Electronics,1,117.9,100.22,0.15,51.86,13,0.07,VIP,Chicago,Cloudy
2023-02-25,TRX-10324,PROD-3898,Cotton T-Shirt,Apparel,3,67.96,203.88,0.0,420.73,6,0.28,Returning,Chicago,Snowy
2023-02-25,TRX-10325,PROD-5616,Denim Jeans,Apparel,4,149.19,596.76,0.0,476.64,14,0.12,New,Los Angeles,Rainy
2023-02-25,TRX-10326,PROD-0847,Winter Jacket,Apparel,8,17.97,143.76,0.0,370.0,14,0.01,VIP,Chicago,Sunny
2023-02-25,TRX-10327,PROD-4539,Portable Charger,Electronics,1,31.58,26.84,0.15,102.11,9,0.11,VIP,Chicago,Snowy
2023-02-25,TRX-10328,PROD-3898,Cotton T-Shirt,Apparel,5,111.69,530.53,0.05,347.75,12,0.16,VIP,Los Angeles,Snowy
2023-02-25,TRX-10329,PROD-4539,Portable Charger,Electronics,2,103.47,165.55,0.2,97.82,5,0.18,Returning,Los Angeles,Cloudy
2023-02-26,TRX-10330,PROD-6494,Sunglasses,Accessories,4,37.0,125.8,0.15,469.91,7,0.07,New,New York,Sunny
2023-02-26,TRX-10331,PROD-4282,Leather Wallet,Accessories,2,151.18,257.01,0.15,375.61,6,0.19,Returning,Chicago,Cloudy
2023-02-26,TRX-10332,PROD-4282,Leather Wallet,Accessories,6,26.62,127.78,0.2,180.76,14,0.2,Returning,New York,Sunny
2023-02-26,TRX-10333,PROD-8390,Smart Watch,Electronics,3,134.27,402.81,0.0,210.89,9,0.29,Returning,New York,Cloudy
2023-02-26,TRX-10334,PROD-9497,Ceramic Mug,Home Goods,19,29.76,565.44,0.0,426.07,13,0.26,Returning,Los Angeles,Sunny
2023-02-26,TRX-10335,PROD-0847,Winter Jacket,Apparel,3,123.96,371.88,0.0,237.21,11,0.14,VIP,Online,Rainy
2023-02-27,TRX-10336,PROD-6494,Sunglasses,Accessories,3,104.61,298.14,0.05,464.18,3,0.27,Returning,New York,Sunny
2023-02-27,TRX-10337,PROD-5960,Throw Pillow,Home Goods,9,59.77,430.34,0.2,384.63,13,0.17,VIP,Chicago,Sunny
2023-02-27,TRX-10338,PROD-4260,Canvas Tote,Accessories,7,112.69,788.83,0.0,427.56,10,0.27,VIP,New York,Sunny
2023-02-27,TRX-10339,PROD-0847,Winter Jacket,Apparel,3,138.71,416.13,0.0,388.14,7,0.07,Returning,New York,Rainy
2023-02-27,TRX-10340,PROD-6494,Sunglasses,Accessories,8,114.75,734.4,0.2,307.87,3,0.26,Returning,Chicago,Sunny
2023-02-27,TRX-10341,PROD-4260,Canvas Tote,Accessories,7,95.0,665.0,0.0,300.71,2,0.25,VIP,Chicago,Rainy
2023-02-28,TRX-10342,PROD-6494,Sunglasses,Accessories,4,58.34,186.69,0.2,254.51,10,0.23,VIP,Online,Cloudy
2023-02-28,TRX-10343,PROD-4282,Leather Wallet,Accessories,5,29.05,145.25,0.0,209.81,12,0.29,Returning,Chicago,Sunny
2023-02-28,TRX-10344,PROD-8390,Smart Watch,Electronics,7,86.72,607.04,0.0,164.43,5,0.06,Returning,Los Angeles,Snowy
2023-02-28,TRX-10345,PROD-0847,Winter Jacket,Apparel,1,63.74,54.18,0.15,426.86,11,0.04,Returning,Online,Rainy
2023-02-28,TRX-10346,PROD-4282,Leather Wallet,Accessories,7,78.78,441.17,0.2,313.3,10,0.23,New,Los Angeles,Rainy
2023-02-28,TRX-10347,PROD-9357,Wireless Earbuds,Electronics,6,105.97,572.24,0.1,446.63,8,0.29,VIP,Los Angeles,Cloudy
2023-03-01,TRX-10348,PROD-6494,Sunglasses,Accessories,3,144.64,433.92,0.0,235.74,13,0.27,VIP,Chicago,Cloudy
2023-03-01,TRX-10349,PROD-3898,Cotton T-Shirt,Apparel,6,45.17,230.37,0.15,109.7,13,0.2,New,Chicago,Sunny
2023-03-01,TRX-10350,PROD-5960,Throw Pillow,Home Goods,7,80.98,481.83,0.15,386.54,10,0.09,Returning,New York,Sunny
2023-03-01,TRX-10351,PROD-9357,Wireless Earbuds,Electronics,4,35.8,143.2,0.0,387.58,4,0.3,VIP,Chicago,Rainy
2023-03-01,TRX-10352,PROD-4539,Portable Charger,Electronics,9,113.73,1023.57,0.0,211.41,9,0.03,VIP,Los Angeles,Snowy
2023-03-01,TRX-10353,PROD-0847,Winter Jacket,Apparel,5,128.11,544.47,0.15,349.02,8,0.12,VIP,Chicago,Sunny
2023-03-02,TRX-10354,PROD-4539,Portable Charger,Electronics,8,50.11,320.7,0.2,151.5,12,0.21,VIP,Chicago,Rainy
2023-03-02,TRX-10355,PROD-5616,Denim Jeans,Apparel,2,82.9,165.8,0.0,483.11,13,0.15,Returning,New York,Snowy
2023-03-02,TRX-10356,PROD-5960,Throw Pillow,Home Goods,5,47.24,236.2,0.0,198.75,13,0.28,New,Los Angeles,Cloudy
2023-03-02,TRX-10357,PROD-4539,Portable Charger,Electronics,8,101.28,648.19,0.2,307.7,7,0.02,VIP,Chicago,Rainy
2023-03-02,TRX-10358,PROD-0847,Winter Jacket,Apparel,18,24.23,392.53,0.1,291.67,3,0.1,New,Chicago,Cloudy
2023-03-02,TRX-10359,PROD-9710,Scented Candle,Home Goods,9,46.74,399.63,0.05,498.48,14,0.29,New,New York,Cloudy
2023-03-03,TRX-10360,PROD-4282,Leather Wallet,Accessories,10,140.22,1402.2,0.0,481.5,12,0.27,Returning,New York,Snowy
2023-03-03,TRX-10361,PROD-5960,Throw Pillow,Home Goods,9,102.02,734.54,0.2,396.72,10,0.24,Returning,Online,Sunny
2023-03-03,TRX-10362,PROD-5960,Throw Pillow,Home Goods,2,41.1,82.2,0.0,487.23,14,0.16,New,New York,Rainy
2023-03-03,TRX-10363,PROD-0847,Winter Jacket,Apparel,9,66.54,479.09,0.2,366.23,13,0.23,VIP,New York,Rainy
2023-03-03,TRX-10364,PROD-9357,Wireless Earbuds,Electronics,2,101.45,202.9,0.0,130.1,6,0.17,VIP,Los Angeles,Cloudy
2023-03-03,TRX-10365,PROD-6494,Sunglasses,Accessories,6,74.45,446.7,0.0,225.28,3,0.16,VIP,New York,Sunny
2023-03-04,TRX-10366,PROD-9357,Wireless Earbuds,Electronics,5,129.24,581.58,0.1,88.93,14,0.28,Returning,Online,Sunny
2023-03-04,TRX-10367,PROD-4282,Leather Wallet,Accessories,7,80.69,451.86,0.2,408.87,10,0.09,VIP,Los Angeles,Cloudy
2023-03-04,TRX-10368,PROD-9497,Ceramic Mug,Home Goods,2,90.71,181.42,0.0,52.26,11,0.12,VIP,New York,Cloudy
2023-03-04,TRX-10369,PROD-0847,Winter Jacket,Apparel,4,120.29,457.1,0.05,457.53,10,0.04,New,Los Angeles,Cloudy
2023-03-04,TRX-10370,PROD-3898,Cotton T-Shirt,Apparel,1,41.85,33.48,0.2,387.97,10,0.14,VIP,New York,Cloudy
2023-03-04,TRX-10371,PROD-9357,Wireless Earbuds,Electronics,20,29.53,590.6,0.0,210.71,12,0.2,New,Chicago,Sunny
2023-03-05,TRX-10372,PROD-5616,Denim Jeans,Apparel,5,77.82,330.73,0.15,312.88,11,0.17,Returning,Online,Rainy
2023-03-05,TRX-10373,PROD-9357,Wireless Earbuds,Electronics,7,45.55,318.85,0.0,428.05,4,0.2,Returning,Online,Snowy
2023-03-05,TRX-10374,PROD-6494,Sunglasses,Accessories,2,119.28,238.56,0.0,340.5,3,0.25,New,Los Angeles,Cloudy
2023-03-05,TRX-10375,PROD-4539,Portable Charger,Electronics,21,22.75,406.09,0.15,64.04,11,0.17,VIP,Los Angeles,Sunny
2023-03-05,TRX-10376,PROD-5960,Throw Pillow,Home Goods,3,136.76,410.28,0.0,226.62,14,0.18,Returning,Los Angeles,Snowy
2023-03-05,TRX-10377,PROD-9357,Wireless Earbuds,Electronics,4,57.85,185.12,0.2,483.8,11,0.21,VIP,Los Angeles,Snowy
2023-03-06,TRX-10378,PROD-3898,Cotton T-Shirt,Apparel,3,92.66,236.28,0.15,379.4,7,0.01,Returning,Los Angeles,Sunny
2023-03-06,TRX-10379,PROD-9710,Scented Candle,Home Goods,9,48.16,346.75,0.2,212.56,9,0.28,New,New York,Cloudy
2023-03-06,TRX-10380,PROD-4539,Portable Charger,Electronics,5,149.63,598.52,0.2,383.86,11,0.16,New,Online,Snowy
2023-03-06,TRX-10381,PROD-5960,Throw Pillow,Home Goods,9,110.12,991.08,0.0,219.35,5,0.15,Returning,Chicago,Snowy
2023-03-06,TRX-10382,PROD-4260,Canvas Tote,Accessories,19,17.1,324.9,0.0,153.5,10,0.19,New,Los Angeles,Rainy
2023-03-06,TRX-10383,PROD-5616,Denim Jeans,Apparel,4,102.38,389.04,0.05,415.03,13,0.03,VIP,Online,Snowy
2023-03-07,TRX-10384,PROD-0847,Winter Jacket,Apparel,1,39.22,39.22,0.0,69.41,11,0.18,New,New York,Rainy
2023-03-07,TRX-10385,PROD-8390,Smart Watch,Electronics,7,46.67,294.02,0.1,486.16,12,0.01,VIP,Chicago,Sunny
2023-03-07,TRX-10386,PROD-5616,Denim Jeans,Apparel,8,96.33,770.64,0.0,148.71,8,0.18,VIP,Los Angeles,Cloudy
2023-03-07,TRX-10387,PROD-0847,Winter Jacket,Apparel,10,116.64,1049.76,0.1,80.98,8,0.12,New,New York,Rainy
2023-03-07,TRX-10388,PROD-4282,Leather Wallet,Accessories,10,90.5,814.5,0.1,67.57,14,0.16,New,New York,Snowy
2023-03-07,TRX-10389,PROD-0847,Winter Jacket,Apparel,7,79.04,497.95,0.1,239.31,2,0.21,Returning,Los Angeles,Snowy
2023-03-08,TRX-10390,PROD-6494,Sunglasses,Accessories,10,99.08,990.8,0.0,241.47,6,0.14,New,New York,Cloudy
2023-03-08,TRX-10391,PROD-6494,Sunglasses,Accessories,1,42.21,37.99,0.1,285.14,10,0.0,VIP,Los Angeles,Cloudy
2023-03-08,TRX-10392,PROD-6494,Sunglasses,Accessories,23,28.95,665.85,0.0,167.59,10,0.13,Returning,Chicago,Snowy
2023-03-08,TRX-10393,PROD-5616,Denim Jeans,Apparel,3,90.56,271.68,0.0,301.59,9,0.08,Returning,Chicago,Snowy
2023-03-08,TRX-10394,PROD-0847,Winter Jacket,Apparel,10,29.4,294.0,0.0,146.51,8,0.24,VIP,New York,Rainy
2023-03-08,TRX-10395,PROD-4260,Canvas Tote,Accessories,9,14.43,123.38,0.05,466.64,8,0.03,Returning,Los Angeles,Cloudy
2023-03-09,TRX-10396,PROD-4539,Portable Charger,Electronics,17,19.63,300.34,0.1,345.28,6,0.21,VIP,New York,Rainy
2023-03-09,TRX-10397,PROD-6494,Sunglasses,Accessories,21,17.6,369.6,0.0,137.64,14,0.18,VIP,Los Angeles,Rainy
2023-03-09,TRX-10398,PROD-9357,Wireless Earbuds,Electronics,3,42.57,127.71,0.0,498.57,14,0.12,VIP,Online,Snowy
2023-03-09,TRX-10399,PROD-0847,Winter Jacket,Apparel,7,17.77,111.95,0.1,178.02,10,0.27,Returning,Chicago,Cloudy
2023-03-09,TRX-10400,PROD-0847,Winter Jacket,Apparel,7,143.7,905.31,0.1,52.09,4,0.12,New,New York,Cloudy
2023-03-09,TRX-10401,PROD-9497,Ceramic Mug,Home Goods,9,134.67,969.62,0.2,407.03,6,0.21,Returning,Online,Rainy
2023-03-10,TRX-10402,PROD-9710,Scented Candle,Home Goods,1,115.5,109.72,0.05,102.32,3,0.11,New,Los Angeles,Cloudy
2023-03-10,TRX-10403,PROD-6494,Sunglasses,Accessories,5,76.42,382.1,0.0,179.28,8,0.2,Returning,New York,Rainy
2023-03-10,TRX-10404,PROD-6494,Sunglasses,Accessories,5,67.67,338.35,0.0,476.2,12,0.28,New,Online,Rainy
2023-03-10,TRX-10405,PROD-0847,Winter Jacket,Apparel,4,45.44,181.76,0.0,425.72,11,0.11,New,New York,Sunny
2023-03-10,TRX-10406,PROD-4260,Canvas Tote,Accessories,6,17.03,81.74,0.2,267.03,11,0.09,VIP,Chicago,Snowy
2023-03-10,TRX-10407,PROD-0847,Winter Jacket,Apparel,10,49.9,499.0,0.0,74.37,14,0.13,VIP,New York,Cloudy
2023-03-11,TRX-10408,PROD-4260,Canvas Tote,Accessories,2,118.72,201.82,0.15,283.19,7,0.21,New,Los Angeles,Snowy
2023-03-11,TRX-10409,PROD-9357,Wireless Earbuds,Electronics,3,68.43,184.76,0.1,168.28,6,0.14,VIP,Chicago,Cloudy
2023-03-11,TRX-10410,PROD-5616,Denim Jeans,Apparel,6,71.06,426.36,0.0,434.45,6,0.14,VIP,Los Angeles,Rainy
2023-03-11,TRX-10411,PROD-4539,Portable Charger,Electronics,7,48.72,272.83,0.2,221.4,4,0.24,VIP,Los Angeles,Snowy
2023-03-11,TRX-10412,PROD-8390,Smart Watch,Electronics,9,66.65,539.87,0.1,374.25,14,0.15,Returning,New York,Snowy
2023-03-11,TRX-10413,PROD-4539,Portable Charger,Electronics,5,34.94,165.96,0.05,427.54,3,0.13,Returning,Chicago,Cloudy
2023-03-12,TRX-10414,PROD-5960,Throw Pillow,Home Goods,6,95.86,575.16,0.0,235.29,7,0.26,VIP,Los Angeles,Rainy
2023-03-12,TRX-10415,PROD-9710,Scented Candle,Home Goods,8,59.01,472.08,0.0,221.48,6,0.14,New,Los Angeles,Cloudy
2023-03-12,TRX-10416,PROD-4260,Canvas Tote,Accessories,2,95.8,191.6,0.0,122.9,5,0.09,VIP,Chicago,Cloudy
2023-03-12,TRX-10417,PROD-6494,Sunglasses,Accessories,6,142.42,726.34,0.15,314.11,9,0.12,New,New York,Rainy
2023-03-12,TRX-10418,PROD-0847,Winter Jacket,Apparel,2,51.36,102.72,0.0,125.11,3,0.03,Returning,New York,Sunny
2023-03-12,TRX-10419,PROD-4260,Canvas Tote,Accessories,5,108.42,487.89,0.1,119.87,12,0.28,Returning,Chicago,Rainy
2023-03-13,TRX-10420,PROD-0847,Winter Jacket,Apparel,3,54.71,147.72,0.1,427.33,2,0.01,Returning,Chicago,Snowy
2023-03-13,TRX-10421,PROD-4260,Canvas Tote,Accessories,3,142.58,363.58,0.15,292.68,11,0.18,VIP,Online,Cloudy
2023-03-13,TRX-10422,PROD-9710,Scented Candle,Home Goods,8,93.21,745.68,0.0,214.6,6,0.05,New,New York,Rainy
2023-03-13,TRX-10423,PROD-9710,Scented Candle,Home Goods,8,70.64,452.1,0.2,264.68,2,0.23,Returning,Los Angeles,Sunny
2023-03-13,TRX-10424,PROD-9497,Ceramic Mug,Home Goods,7,71.44,500.08,0.0,123.47,13,0.19,Returning,Los Angeles,Cloudy
2023-03-13,TRX-10425,PROD-9357,Wireless Earbuds,Electronics,10,99.75,798.0,0.2,362.27,6,0.09,VIP,Chicago,Snowy
2023-03-14,TRX-10426,PROD-3898,Cotton T-Shirt,Apparel,8,37.96,273.31,0.1,253.75,13,0.19,New,Chicago,Sunny
2023-03-14,TRX-10427,PROD-3898,Cotton T-Shirt,Apparel,2,131.97,263.94,0.0,171.14,13,0.13,New,Los Angeles,Sunny
2023-03-14,TRX-10428,PROD-3898,Cotton T-Shirt,Apparel,5,79.05,316.2,0.2,409.76,7,0.14,New,Chicago,Sunny
2023-03-14,TRX-10429,PROD-3898,Cotton T-Shirt,Apparel,9,49.88,426.47,0.05,131.72,6,0.25,New,New York,Rainy
2023-03-14,TRX-10430,PROD-6494,Sunglasses,Accessories,4,53.15,201.97,0.05,380.9,3,0.16,New,Online,Snowy
2023-03-14,TRX-10431,PROD-9710,Scented Candle,Home Goods,9,38.07,308.37,0.1,104.96,9,0.19,New,Chicago,Sunny
2023-03-15,TRX-10432,PROD-3898,Cotton T-Shirt,Apparel,1,46.24,46.24,0.0,407.48,11,0.04,New,New York,Sunny
2023-03-15,TRX-10433,PROD-4260,Canvas Tote,Accessories,2,93.03,186.06,0.0,120.96,3,0.21,Returning,New York,Sunny
2023-03-15,TRX-10434,PROD-5960,Throw Pillow,Home Goods,2,36.04,72.08,0.0,269.53,7,0.29,VIP,Chicago,Snowy
2023-03-15,TRX-10435,PROD-3898,Cotton T-Shirt,Apparel,3,104.98,314.94,0.0,454.4,9,0.21,VIP,Chicago,Snowy
2023-03-15,TRX-10436,PROD-0847,Winter Jacket,Apparel,8,38.97,311.76,0.0,440.45,11,0.27,VIP,Los Angeles,Sunny
2023-03-15,TRX-10437,PROD-5616,Denim Jeans,Apparel,6,52.32,298.22,0.05,50.32,12,0.15,VIP,Los Angeles,Sunny
2023-03-16,TRX-10438,PROD-5960,Throw Pillow,Home Goods,9,49.32,355.1,0.2,224.37,10,0.2,VIP,Los Angeles,Cloudy
2023-03-16,TRX-10439,PROD-9710,Scented Candle,Home Goods,9,93.61,716.12,0.15,80.01,4,0.05,New,Los Angeles,Sunny
2023-03-16,TRX-10440,PROD-4282,Leather Wallet,Accessories,17,28.73,415.15,0.15,270.46,11,0.21,Returning,New York,Cloudy
2023-03-16,TRX-10441,PROD-0847,Winter Jacket,Apparel,4,101.01,343.43,0.15,271.13,3,0.14,VIP,New York,Cloudy
2023-03-16,TRX-10442,PROD-6494,Sunglasses,Accessories,10,111.43,1114.3,0.0,288.06,13,0.02,Returning,New York,Rainy
2023-03-16,TRX-10443,PROD-8390,Smart Watch,Electronics,4,113.61,454.44,0.0,286.79,5,0.17,New,Online,Sunny
2023-03-17,TRX-10444,PROD-5960,Throw Pillow,Home Goods,2,79.47,158.94,0.0,406.61,10,0.12,Returning,Los Angeles,Snowy
2023-03-17,TRX-10445,PROD-9710,Scented Candle,Home Goods,6,98.13,559.34,0.05,393.88,8,0.25,Returning,Los Angeles,Rainy
2023-03-17,TRX-10446,PROD-4260,Canvas Tote,Accessories,8,133.14,1011.86,0.05,481.92,2,0.22,Returning,New York,Rainy
2023-03-17,TRX-10447,PROD-9497,Ceramic Mug,Home Goods,6,52.46,314.76,0.0,397.19,13,0.25,VIP,Los Angeles,Sunny
2023-03-17,TRX-10448,PROD-9357,Wireless Earbuds,Electronics,6,58.46,315.68,0.1,162.44,6,0.24,New,Online,Rainy
2023-03-17,TRX-10449,PROD-4539,Portable Charger,Electronics,8,58.63,375.23,0.2,454.56,13,0.17,New,Chicago,Sunny
2023-03-18,TRX-10450,PROD-4282,Leather Wallet,Accessories,6,130.47,782.82,0.0,445.91,8,0.12,New,Los Angeles,Sunny
2023-03-18,TRX-10451,PROD-4282,Leather Wallet,Accessories,9,50.99,413.02,0.1,117.31,10,0.21,New,New York,Snowy
2023-03-18,TRX-10452,PROD-4260,Canvas Tote,Accessories,7,85.06,595.42,0.0,403.87,4,0.04,New,Online,Sunny
2023-03-18,TRX-10453,PROD-6494,Sunglasses,Accessories,9,26.5,190.8,0.2,110.69,10,0.06,Returning,Los Angeles,Rainy
2023-03-18,TRX-10454,PROD-3898,Cotton T-Shirt,Apparel,10,50.23,502.3,0.0,100.64,8,0.13,Returning,Los Angeles,Cloudy
2023-03-18,TRX-10455,PROD-5960,Throw Pillow,Home Goods,3,109.06,327.18,0.0,327.3,14,0.13,New,Online,Sunny
2023-03-19,TRX-10456,PROD-3898,Cotton T-Shirt,Apparel,2,100.13,200.26,0.0,382.81,5,0.28,New,Chicago,Sunny
2023-03-19,TRX-10457,PROD-5960,Throw Pillow,Home Goods,8,118.76,950.08,0.0,199.34,13,0.16,New,Chicago,Snowy
2023-03-19,TRX-10458,PROD-0847,Winter Jacket,Apparel,10,98.8,839.8,0.15,287.06,6,0.05,Returning,Los Angeles,Cloudy
2023-03-19,TRX-10459,PROD-9357,Wireless Earbuds,Electronics,7,93.23,554.72,0.15,172.09,12,0.11,New,New York,Cloudy
2023-03-19,TRX-10460,PROD-4282,Leather Wallet,Accessories,2,147.52,295.04,0.0,268.1,11,0.16,New,Los Angeles,Snowy
2023-03-19,TRX-10461,PROD-8390,Smart Watch,Electronics,6,48.68,277.48,0.05,227.03,4,0.01,VIP,Chicago,Cloudy
2023-03-20,TRX-10462,PROD-9497,Ceramic Mug,Home Goods,5,163.77,655.08,0.2,77.9,6,0.26,New,Chicago,Rainy
2023-03-20,TRX-10463,PROD-5616,Denim Jeans,Apparel,2,140.39,238.66,0.15,221.99,12,0.18,VIP,Los Angeles,Snowy
2023-03-20,TRX-10464,PROD-0847,Winter Jacket,Apparel,10,38.97,389.7,0.0,252.13,4,0.06,New,Los Angeles,Rainy
2023-03-20,TRX-10465,PROD-5960,Throw Pillow,Home Goods,3,110.72,315.55,0.05,498.06,14,0.04,VIP,Los Angeles,Cloudy
2023-03-20,TRX-10466,PROD-4539,Portable Charger,Electronics,3,90.77,272.31,0.0,427.79,4,0.22,Returning,Online,Snowy
2023-03-20,TRX-10467,PROD-9710,Scented Candle,Home Goods,5,123.1,615.5,0.0,400.6,3,0.04,New,Chicago,Rainy
2023-03-21,TRX-10468,PROD-3898,Cotton T-Shirt,Apparel,8,104.76,838.08,0.0,276.05,11,0.14,VIP,Chicago,Rainy
2023-03-21,TRX-10469,PROD-6494,Sunglasses,Accessories,4,73.66,294.64,0.0,233.87,2,0.28,Returning,Los Angeles,Rainy
2023-03-21,TRX-10470,PROD-3898,Cotton T-Shirt,Apparel,8,42.44,271.62,0.2,327.68,13,0.1,Returning,Los Angeles,Snowy
2023-03-21,TRX-10471,PROD-4282,Leather Wallet,Accessories,6,103.37,589.21,0.05,325.18,13,0.17,VIP,New York,Sunny
2023-03-21,TRX-10472,PROD-6494,Sunglasses,Accessories,4,115.06,414.22,0.1,292.04,13,0.01,Returning,New York,Rainy
2023-03-21,TRX-10473,PROD-9710,Scented Candle,Home Goods,5,66.05,313.74,0.05,124.92,6,0.18,New,Los Angeles,Snowy
2023-03-22,TRX-10474,PROD-4282,Leather Wallet,Accessories,10,103.85,882.73,0.15,295.88,8,0.12,Returning,New York,Rainy
2023-03-22,TRX-10475,PROD-4260,Canvas Tote,Accessories,8,146.81,1174.48,0.0,162.54,13,0.19,VIP,Los Angeles,Sunny
2023-03-22,TRX-10476,PROD-8390,Smart Watch,Electronics,2,113.3,203.94,0.1,368.28,13,0.24,VIP,Los Angeles,Snowy
2023-03-22,TRX-10477,PROD-4282,Leather Wallet,Accessories,10,128.5,1028.0,0.2,346.79,4,0.05,New,Los Angeles,Sunny
2023-03-22,TRX-10478,PROD-6494,Sunglasses,Accessories,8,59.84,478.72,0.0,331.9,3,0.27,New,New York,Cloudy
2023-03-22,TRX-10479,PROD-9357,Wireless Earbuds,Electronics,1,82.16,73.94,0.1,447.22,5,0.07,VIP,Online,Snowy
2023-03-23,TRX-10480,PROD-6494,Sunglasses,Accessories,12,26.23,283.28,0.1,175.15,12,0.17,New,New York,Rainy
2023-03-23,TRX-10481,PROD-3898,Cotton T-Shirt,Apparel,1,93.63,79.59,0.15,310.14,11,0.09,New,New York,Sunny
2023-03-23,TRX-10482,PROD-4282,Leather Wallet,Accessories,10,35.19,316.71,0.1,404.29,4,0.29,VIP,Chicago,Sunny
2023-03-23,TRX-10483,PROD-9357,Wireless Earbuds,Electronics,2,63.24,101.18,0.2,242.3,10,0.02,Returning,Los Angeles,Sunny
2023-03-23,TRX-10484,PROD-9710,Scented Candle,Home Goods,4,86.58,311.69,0.1,76.18,11,0.22,VIP,New York,Snowy
2023-03-23,TRX-10485,PROD-9710,Scented Candle,Home Goods,9,93.63,758.4,0.1,497.76,7,0.28,VIP,Online,Snowy
2023-03-24,TRX-10486,PROD-4282,Leather Wallet,Accessories,5,127.12,635.6,0.0,50.71,2,0.14,New,Los Angeles,Snowy
2023-03-24,TRX-10487,PROD-4282,Leather Wallet,Accessories,4,60.79,243.16,0.0,338.28,13,0.08,New,Chicago,Cloudy
2023-03-24,TRX-10488,PROD-9497,Ceramic Mug,Home Goods,17,29.36,424.25,0.15,306.01,2,0.25,New,Chicago,Cloudy
2023-03-24,TRX-10489,PROD-6494,Sunglasses,Accessories,8,126.2,1009.6,0.0,332.24,10,0.27,Returning,Online,Sunny
2023-03-24,TRX-10490,PROD-5960,Throw Pillow,Home Goods,9,108.71,978.39,0.0,143.72,12,0.1,Returning,New York,Rainy
2023-03-24,TRX-10491,PROD-9497,Ceramic Mug,Home Goods,9,59.27,426.74,0.2,124.69,11,0.12,VIP,New York,Cloudy
2023-03-25,TRX-10492,PROD-5960,Throw Pillow,Home Goods,20,18.94,378.8,0.0,217.21,6,0.06,Returning,Los Angeles,Sunny
2023-03-25,TRX-10493,PROD-9497,Ceramic Mug,Home Goods,8,129.92,935.42,0.1,61.22,9,0.27,New,Los Angeles,Cloudy
2023-03-25,TRX-10494,PROD-4260,Canvas Tote,Accessories,6,127.93,767.58,0.0,396.27,3,0.25,VIP,Los Angeles,Rainy
2023-03-25,TRX-10495,PROD-9357,Wireless Earbuds,Electronics,2,72.24,144.48,0.0,189.94,2,0.21,VIP,New York,Cloudy
2023-03-25,TRX-10496,PROD-4282,Leather Wallet,Accessories,5,30.46,152.3,0.0,309.9,6,0.19,New,Chicago,Rainy
2023-03-25,TRX-10497,PROD-5616,Denim Jeans,Apparel,8,50.45,343.06,0.15,102.94,4,0.05,New,New York,Sunny
2023-03-26,TRX-10498,PROD-0847,Winter Jacket,Apparel,3,60.03,153.08,0.15,411.8,11,0.07,New,Chicago,Cloudy
2023-03-26,TRX-10499,PROD-4282,Leather Wallet,Accessories,1,32.37,32.37,0.0,222.62,3,0.13,New,Online,Cloudy
2023-03-26,TRX-10500,PROD-9710,Scented Candle,Home Goods,9,130.69,1176.21,0.0,488.16,14,0.23,VIP,Los Angeles,Sunny
2023-03-26,TRX-10501,PROD-4282,Leather Wallet,Accessories,8,79.33,602.91,0.05,154.26,5,0.04,VIP,Chicago,Cloudy
2023-03-26,TRX-10502,PROD-4282,Leather Wallet,Accessories,6,113.06,644.44,0.05,269.38,3,0.14,Returning,Online,Snowy
2023-03-26,TRX-10503,PROD-5616,Denim Jeans,Apparel,3,121.15,327.11,0.1,96.32,13,0.24,Returning,New York,Cloudy
2023-03-27,TRX-10504,PROD-6494,Sunglasses,Accessories,4,89.77,323.17,0.1,121.56,9,0.12,Returning,Los Angeles,Snowy
2023-03-27,TRX-10505,PROD-4260,Canvas Tote,Accessories,4,122.37,489.48,0.0,348.18,3,0.22,VIP,Online,Sunny
2023-03-27,TRX-10506,PROD-6494,Sunglasses,Accessories,3,95.73,287.19,0.0,480.15,3,0.18,VIP,Online,Cloudy
2023-03-27,TRX-10507,PROD-4260,Canvas Tote,Accessories,3,95.6,258.12,0.1,456.47,12,0.24,New,Los Angeles,Snowy
2023-03-27,TRX-10508,PROD-9710,Scented Candle,Home Goods,4,97.07,330.04,0.15,444.84,6,0.17,VIP,Chicago,Snowy
2023-03-27,TRX-10509,PROD-9497,Ceramic Mug,Home Goods,9,95.76,818.75,0.05,431.44,6,0.02,VIP,New York,Sunny
2023-03-28,TRX-10510,PROD-9497,Ceramic Mug,Home Goods,4,140.87,535.31,0.05,366.0,8,0.19,VIP,Online,Snowy
2023-03-28,TRX-10511,PROD-6494,Sunglasses,Accessories,8,91.47,731.76,0.0,134.7,8,0.25,Returning,Online,Rainy
2023-03-28,TRX-10512,PROD-5960,Throw Pillow,Home Goods,25,28.83,720.75,0.0,114.8,9,0.2,New,New York,Rainy
2023-03-28,TRX-10513,PROD-6494,Sunglasses,Accessories,7,140.93,887.86,0.1,130.91,10,0.13,Returning,Online,Cloudy
2023-03-28,TRX-10514,PROD-3898,Cotton T-Shirt,Apparel,8,65.22,417.41,0.2,378.91,13,0.15,Returning,Chicago,Sunny
2023-03-28,TRX-10515,PROD-4539,Portable Charger,Electronics,10,78.13,742.23,0.05,482.78,3,0.04,VIP,Chicago,Snowy
2023-03-29,TRX-10516,PROD-4539,Portable Charger,Electronics,8,124.02,843.34,0.15,383.76,12,0.02,VIP,Chicago,Sunny
2023-03-29,TRX-10517,PROD-5960,Throw Pillow,Home Goods,9,119.35,1020.44,0.05,308.28,7,0.13,Returning,Chicago,Rainy
2023-03-29,TRX-10518,PROD-4539,Portable Charger,Electronics,10,146.55,1465.5,0.0,77.64,9,0.17,VIP,New York,Cloudy
2023-03-29,TRX-10519,PROD-9357,Wireless Earbuds,Electronics,2,74.44,119.1,0.2,402.69,6,0.04,Returning,Chicago,Cloudy
2023-03-29,TRX-10520,PROD-4539,Portable Charger,Electronics,23,28.1,549.36,0.15,118.01,9,0.11,New,Chicago,Rainy
2023-03-29,TRX-10521,PROD-4282,Leather Wallet,Accessories,6,131.81,790.86,0.0,485.31,11,0.28,New,Online,Snowy
2023-03-30,TRX-10522,PROD-4282,Leather Wallet,Accessories,3,108.9,326.7,0.0,309.99,7,0.02,Returning,New York,Sunny
2023-03-30,TRX-10523,PROD-5616,Denim Jeans,Apparel,9,66.1,594.9,0.0,220.91,13,0.12,Returning,Los Angeles,Snowy
2023-03-30,TRX-10524,PROD-9357,Wireless Earbuds,Electronics,6,138.74,749.2,0.1,357.29,2,0.03,VIP,Chicago,Snowy
2023-03-30,TRX-10525,PROD-9710,Scented Candle,Home Goods,5,54.61,232.09,0.15,312.88,9,0.23,VIP,Los Angeles,Rainy
2023-03-30,TRX-10526,PROD-5960,Throw Pillow,Home Goods,9,101.26,911.34,0.0,352.76,3,0.0,New,New York,Snowy
2023-03-30,TRX-10527,PROD-9497,Ceramic Mug,Home Goods,1,107.31,107.31,0.0,328.73,2,0.28,VIP,Los Angeles,Sunny
2023-03-31,TRX-10528,PROD-8390,Smart Watch,Electronics,10,120.95,967.6,0.2,485.22,3,0.21,Returning,Chicago,Snowy
2023-03-31,TRX-10529,PROD-4539,Portable Charger,Electronics,7,83.76,498.37,0.15,456.53,14,0.23,Returning,Los Angeles,Sunny
2023-03-31,TRX-10530,PROD-9497,Ceramic Mug,Home Goods,1,64.45,64.45,0.0,480.02,6,0.05,New,Online,Rainy
2023-03-31,TRX-10531,PROD-4282,Leather Wallet,Accessories,9,94.14,677.81,0.2,244.06,11,0.19,Returning,Chicago,Sunny
2023-03-31,TRX-10532,PROD-8390,Smart Watch,Electronics,19,25.62,486.78,0.0,453.43,4,0.2,New,New York,Snowy
2023-03-31,TRX-10533,PROD-9497,Ceramic Mug,Home Goods,10,118.37,1183.7,0.0,281.92,14,0.15,Returning,Online,Sunny
2023-04-01,TRX-10534,PROD-3898,Cotton T-Shirt,Apparel,8,69.43,555.44,0.0,305.26,7,0.1,Returning,Online,Sunny
2023-04-01,TRX-10535,PROD-9357,Wireless Earbuds,Electronics,2,95.21,152.34,0.2,256.84,14,0.09,New,Los Angeles,Sunny
2023-04-01,TRX-10536,PROD-4260,Canvas Tote,Accessories,2,42.38,72.05,0.15,359.98,9,0.03,VIP,Online,Rainy
2023-04-01,TRX-10537,PROD-3898,Cotton T-Shirt,Apparel,10,42.87,428.7,0.0,270.15,3,0.24,VIP,Chicago,Snowy
2023-04-01,TRX-10538,PROD-4282,Leather Wallet,Accessories,6,18.22,103.85,0.05,103.18,14,0.2,VIP,Online,Rainy
2023-04-01,TRX-10539,PROD-3898,Cotton T-Shirt,Apparel,25,18.55,463.75,0.0,262.05,11,0.01,VIP,Los Angeles,Sunny
2023-04-02,TRX-10540,PROD-0847,Winter Jacket,Apparel,8,20.91,158.92,0.05,325.05,11,0.02,New,New York,Snowy
2023-04-02,TRX-10541,PROD-3898,Cotton T-Shirt,Apparel,7,121.78,852.46,0.0,104.36,12,0.17,New,Chicago,Rainy
2023-04-02,TRX-10542,PROD-4539,Portable Charger,Electronics,5,35.06,175.3,0.0,390.9,4,0.21,VIP,Los Angeles,Snowy
2023-04-02,TRX-10543,PROD-0847,Winter Jacket,Apparel,25,18.85,424.13,0.1,219.26,4,0.0,Returning,New York,Sunny
2023-04-02,TRX-10544,PROD-8390,Smart Watch,Electronics,10,145.82,1458.2,0.0,237.3,14,0.24,Returning,Los Angeles,Rainy
2023-04-02,TRX-10545,PROD-0847,Winter Jacket,Apparel,4,51.07,204.28,0.0,324.74,2,0.18,VIP,Online,Sunny
2023-04-03,TRX-10546,PROD-9710,Scented Candle,Home Goods,4,72.36,289.44,0.0,493.97,3,0.19,VIP,Los Angeles,Snowy
2023-04-03,TRX-10547,PROD-5616,Denim Jeans,Apparel,9,20.45,156.44,0.15,429.7,9,0.15,New,New York,Sunny
2023-04-03,TRX-10548,PROD-9710,Scented Candle,Home Goods,10,41.14,329.12,0.2,450.54,9,0.01,VIP,New York,Rainy
2023-04-03,TRX-10549,PROD-3898,Cotton T-Shirt,Apparel,4,74.3,252.62,0.15,250.17,11,0.1,New,Chicago,Rainy
2023-04-03,TRX-10550,PROD-9357,Wireless Earbuds,Electronics,7,43.35,242.76,0.2,139.98,5,0.02,VIP,Online,Sunny
2023-04-03,TRX-10551,PROD-4282,Leather Wallet,Accessories,3,45.15,128.68,0.05,218.07,9,0.22,VIP,Chicago,Cloudy
2023-04-04,TRX-10552,PROD-5616,Denim Jeans,Apparel,1,33.41,33.41,0.0,111.43,9,0.14,New,Chicago,Rainy
2023-04-04,TRX-10553,PROD-5960,Throw Pillow,Home Goods,10,38.3,383.0,0.0,310.15,10,0.26,New,Online,Snowy
2023-04-04,TRX-10554,PROD-0847,Winter Jacket,Apparel,1,78.33,66.58,0.15,242.65,5,0.07,Returning,Los Angeles,Rainy
2023-04-04,TRX-10555,PROD-9357,Wireless Earbuds,Electronics,8,133.77,909.64,0.15,395.87,2,0.13,Returning,Online,Sunny
2023-04-04,TRX-10556,PROD-6494,Sunglasses,Accessories,1,48.02,40.82,0.15,379.3,5,0.04,Returning,Los Angeles,Sunny
2023-04-04,TRX-10557,PROD-9357,Wireless Earbuds,Electronics,8,98.2,628.48,0.2,306.67,11,0.01,Returning,Online,Rainy
2023-04-05,TRX-10558,PROD-4282,Leather Wallet,Accessories,8,118.48,805.66,0.15,335.03,12,0.02,VIP,Chicago,Sunny
2023-04-05,TRX-10559,PROD-9710,Scented Candle,Home Goods,10,121.26,1091.34,0.1,308.85,5,0.24,New,Chicago,Sunny
2023-04-05,TRX-10560,PROD-9497,Ceramic Mug,Home Goods,24,29.17,700.08,0.0,214.51,4,0.19,VIP,New York,Rainy
2023-04-05,TRX-10561,PROD-5616,Denim Jeans,Apparel,8,43.57,296.28,0.15,472.62,11,0.26,VIP,Los Angeles,Rainy
2023-04-05,TRX-10562,PROD-9710,Scented Candle,Home Goods,7,136.32,954.24,0.0,74.51,7,0.1,Returning,New York,Snowy
2023-04-05,TRX-10563,PROD-9710,Scented Candle,Home Goods,2,104.76,209.52,0.0,451.36,9,0.03,Returning,Los Angeles,Cloudy
2023-04-06,TRX-10564,PROD-8390,Smart Watch,Electronics,3,34.35,97.9,0.05,117.72,5,0.16,VIP,New York,Cloudy
2023-04-06,TRX-10565,PROD-4260,Canvas Tote,Accessories,6,81.61,465.18,0.05,249.74,12,0.01,New,New York,Sunny
2023-04-06,TRX-10566,PROD-0847,Winter Jacket,Apparel,6,100.23,511.17,0.15,340.72,7,0.15,VIP,Online,Snowy
2023-04-06,TRX-10567,PROD-5960,Throw Pillow,Home Goods,3,34.71,83.3,0.2,167.0,9,0.11,Returning,New York,Rainy
2023-04-06,TRX-10568,PROD-9710,Scented Candle,Home Goods,3,71.44,182.17,0.15,290.89,4,0.29,VIP,Los Angeles,Rainy
2023-04-06,TRX-10569,PROD-3898,Cotton T-Shirt,Apparel,9,19.8,169.29,0.05,167.18,4,0.06,VIP,New York,Cloudy
2023-04-07,TRX-10570,PROD-9497,Ceramic Mug,Home Goods,3,65.86,177.82,0.1,185.7,2,0.12,Returning,Los Angeles,Snowy
2023-04-07,TRX-10571,PROD-9497,Ceramic Mug,Home Goods,21,16.32,342.72,0.0,341.26,6,0.14,Returning,Los Angeles,Snowy
2023-04-07,TRX-10572,PROD-5960,Throw Pillow,Home Goods,1,30.04,30.04,0.0,355.1,3,0.09,Returning,Los Angeles,Snowy
2023-04-07,TRX-10573,PROD-9497,Ceramic Mug,Home Goods,4,60.34,217.22,0.1,286.9,14,0.28,Returning,Los Angeles,Sunny
2023-04-07,TRX-10574,PROD-4539,Portable Charger,Electronics,2,134.27,241.69,0.1,227.49,9,0.1,VIP,New York,Cloudy
2023-04-07,TRX-10575,PROD-4282,Leather Wallet,Accessories,7,110.04,770.28,0.0,55.49,7,0.11,Returning,New York,Rainy
2023-04-08,TRX-10576,PROD-4260,Canvas Tote,Accessories,5,158.05,790.25,0.0,412.55,8,0.22,Returning,Los Angeles,Sunny
2023-04-08,TRX-10577,PROD-3898,Cotton T-Shirt,Apparel,9,61.4,552.6,0.0,79.75,11,0.23,New,New York,Snowy
2023-04-08,TRX-10578,PROD-9710,Scented Candle,Home Goods,10,38.32,306.56,0.2,461.69,5,0.06,Returning,Chicago,Snowy
2023-04-08,TRX-10579,PROD-9357,Wireless Earbuds,Electronics,9,122.66,938.35,0.15,258.55,2,0.24,New,Chicago,Cloudy
2023-04-08,TRX-10580,PROD-4282,Leather Wallet,Accessories,7,111.37,779.59,0.0,271.35,13,0.19,New,New York,Cloudy
2023-04-08,TRX-10581,PROD-4282,Leather Wallet,Accessories,8,93.2,671.04,0.1,246.23,6,0.19,Returning,New York,Cloudy
2023-04-09,TRX-10582,PROD-9357,Wireless Earbuds,Electronics,6,33.72,192.2,0.05,445.24,4,0.11,New,Chicago,Cloudy
2023-04-09,TRX-10583,PROD-4260,Canvas Tote,Accessories,5,134.16,670.8,0.0,288.33,3,0.15,VIP,Los Angeles,Sunny
2023-04-09,TRX-10584,PROD-0847,Winter Jacket,Apparel,5,56.4,282.0,0.0,358.45,13,0.11,VIP,Chicago,Rainy
2023-04-09,TRX-10585,PROD-8390,Smart Watch,Electronics,8,82.8,629.28,0.05,203.14,4,0.03,New,Los Angeles,Rainy
2023-04-09,TRX-10586,PROD-9357,Wireless Earbuds,Electronics,3,70.63,211.89,0.0,265.78,6,0.21,New,Online,Cloudy
2023-04-09,TRX-10587,PROD-0847,Winter Jacket,Apparel,2,58.88,117.76,0.0,107.92,13,0.04,New,Chicago,Rainy
2023-04-10,TRX-10588,PROD-3898,Cotton T-Shirt,Apparel,2,145.23,290.46,0.0,58.46,9,0.23,New,Los Angeles,Sunny
2023-04-10,TRX-10589,PROD-4539,Portable Charger,Electronics,2,76.89,153.78,0.0,69.48,6,0.2,New,New York,Rainy
2023-04-10,TRX-10590,PROD-3898,Cotton T-Shirt,Apparel,3,95.6,229.44,0.2,385.79,6,0.28,Returning,Chicago,Rainy
2023-04-10,TRX-10591,PROD-0847,Winter Jacket,Apparel,10,84.61,676.88,0.2,56.29,5,0.21,Returning,Los Angeles,Sunny
2023-04-10,TRX-10592,PROD-8390,Smart Watch,Electronics,8,149.05,1192.4,0.0,364.16,4,0.13,New,Los Angeles,Cloudy
2023-04-10,TRX-10593,PROD-6494,Sunglasses,Accessories,2,41.53,66.45,0.2,493.08,3,0.14,VIP,Los Angeles,Snowy
2023-04-11,TRX-10594,PROD-5960,Throw Pillow,Home Goods,2,56.31,112.62,0.0,272.17,8,0.09,VIP,Chicago,Snowy
2023-04-11,TRX-10595,PROD-0847,Winter Jacket,Apparel,7,76.77,537.39,0.0,435.55,14,0.14,VIP,Chicago,Rainy
2023-04-11,TRX-10596,PROD-4539,Portable Charger,Electronics,8,74.95,539.64,0.1,346.35,3,0.04,Returning,Online,Sunny
2023-04-11,TRX-10597,PROD-3898,Cotton T-Shirt,Apparel,4,60.24,216.86,0.1,429.81,8,0.04,Returning,Online,Cloudy
2023-04-11,TRX-10598,PROD-5960,Throw Pillow,Home Goods,10,138.24,1313.28,0.05,494.39,10,0.08,Returning,New York,Sunny
2023-04-11,TRX-10599,PROD-9710,Scented Candle,Home Goods,3,84.24,252.72,0.0,94.82,2,0.25,Returning,New York,Rainy
2023-04-12,TRX-10600,PROD-4260,Canvas Tote,Accessories,10,99.28,893.52,0.1,93.35,3,0.2,VIP,Online,Snowy
2023-04-12,TRX-10601,PROD-5616,Denim Jeans,Apparel,5,104.18,468.81,0.1,204.63,10,0.16,New,Online,Sunny
2023-04-12,TRX-10602,PROD-6494,Sunglasses,Accessories,8,56.04,448.32,0.0,64.79,10,0.2,Returning,Los Angeles,Snowy
2023-04-12,TRX-10603,PROD-4282,Leather Wallet,Accessories,2,55.91,100.64,0.1,353.76,12,0.17,VIP,Online,Snowy
2023-04-12,TRX-10604,PROD-0847,Winter Jacket,Apparel,23,21.46,468.9,0.05,327.62,7,0.23,Returning,Chicago,Sunny
2023-04-12,TRX-10605,PROD-4539,Portable Charger,Electronics,16,22.51,288.13,0.2,383.93,2,0.23,VIP,Chicago,Snowy
2023-04-13,TRX-10606,PROD-9357,Wireless Earbuds,Electronics,6,59.84,359.04,0.0,347.56,5,0.07,Returning,New York,Sunny
2023-04-13,TRX-10607,PROD-9497,Ceramic Mug,Home Goods,6,54.76,328.56,0.0,257.41,8,0.17,Returning,Chicago,Sunny
2023-04-13,TRX-10608,PROD-4260,Canvas Tote,Accessories,23,17.34,378.88,0.05,195.09,3,0.24,New,Los Angeles,Cloudy
2023-04-13,TRX-10609,PROD-4260,Canvas Tote,Accessories,3,128.72,347.54,0.1,184.78,8,0.06,VIP,New York,Rainy
2023-04-13,TRX-10610,PROD-9710,Scented Candle,Home Goods,17,23.54,320.14,0.2,151.65,13,0.29,VIP,New York,Cloudy
2023-04-13,TRX-10611,PROD-9497,Ceramic Mug,Home Goods,7,92.04,644.28,0.0,206.29,3,0.2,Returning,Chicago,Snowy
2023-04-14,TRX-10612,PROD-9497,Ceramic Mug,Home Goods,9,67.4,576.27,0.05,352.2,10,0.05,New,Los Angeles,Snowy
2023-04-14,TRX-10613,PROD-0847,Winter Jacket,Apparel,8,151.9,1215.2,0.0,471.72,10,0.24,Returning,New York,Rainy
2023-04-14,TRX-10614,PROD-9710,Scented Candle,Home Goods,5,32.5,130.0,0.2,245.92,7,0.26,New,Los Angeles,Snowy
2023-04-14,TRX-10615,PROD-9710,Scented Candle,Home Goods,10,97.24,972.4,0.0,232.64,3,0.04,New,Los Angeles,Cloudy
2023-04-14,TRX-10616,PROD-6494,Sunglasses,Accessories,1,89.42,89.42,0.0,121.71,4,0.01,Returning,Los Angeles,Sunny
2023-04-14,TRX-10617,PROD-4282,Leather Wallet,Accessories,15,24.25,327.38,0.1,184.09,3,0.27,Returning,Chicago,Sunny
2023-04-15,TRX-10618,PROD-4260,Canvas Tote,Accessories,10,121.97,1036.75,0.15,275.11,3,0.16,VIP,Chicago,Snowy
2023-04-15,TRX-10619,PROD-8390,Smart Watch,Electronics,6,101.22,607.32,0.0,424.55,13,0.12,VIP,Los Angeles,Snowy
2023-04-15,TRX-10620,PROD-3898,Cotton T-Shirt,Apparel,13,27.74,342.59,0.05,233.77,11,0.02,VIP,Chicago,Sunny
2023-04-15,TRX-10621,PROD-5960,Throw Pillow,Home Goods,5,74.85,299.4,0.2,471.64,7,0.14,Returning,Chicago,Sunny
2023-04-15,TRX-10622,PROD-4539,Portable Charger,Electronics,4,113.61,454.44,0.0,298.73,6,0.19,VIP,Chicago,Sunny
2023-04-15,TRX-10623,PROD-5616,Denim Jeans,Apparel,7,72.97,510.79,0.0,185.4,14,0.07,New,Los Angeles,Snowy
2023-04-16,TRX-10624,PROD-5960,Throw Pillow,Home Goods,2,63.34,101.34,0.2,400.76,9,0.14,Returning,Chicago,Snowy
2023-04-16,TRX-10625,PROD-8390,Smart Watch,Electronics,6,109.43,623.75,0.05,320.95,10,0.22,Returning,New York,Sunny
2023-04-16,TRX-10626,PROD-0847,Winter Jacket,Apparel,1,76.97,73.12,0.05,140.03,6,0.09,New,New York,Rainy
2023-04-16,TRX-10627,PROD-0847,Winter Jacket,Apparel,3,117.29,281.5,0.2,317.31,8,0.24,Returning,Online,Snowy
2023-04-16,TRX-10628,PROD-5616,Denim Jeans,Apparel,6,39.13,187.82,0.2,176.81,3,0.12,New,Online,Snowy
2023-04-16,TRX-10629,PROD-3898,Cotton T-Shirt,Apparel,10,155.1,1318.35,0.15,152.92,3,0.29,New,Chicago,Rainy
2023-04-17,TRX-10630,PROD-9357,Wireless Earbuds,Electronics,3,100.41,301.23,0.0,481.11,4,0.28,New,New York,Snowy
2023-04-17,TRX-10631,PROD-4260,Canvas Tote,Accessories,4,77.21,308.84,0.0,475.72,14,0.08,VIP,Online,Snowy
2023-04-17,TRX-10632,PROD-5616,Denim Jeans,Apparel,5,133.22,566.19,0.15,354.73,8,0.05,New,New York,Cloudy
2023-04-17,TRX-10633,PROD-9497,Ceramic Mug,Home Goods,6,106.4,574.56,0.1,357.92,9,0.03,Returning,Los Angeles,Cloudy
2023-04-17,TRX-10634,PROD-4260,Canvas Tote,Accessories,7,42.63,253.65,0.15,318.74,3,0.03,New,New York,Cloudy
2023-04-17,TRX-10635,PROD-5616,Denim Jeans,Apparel,10,151.28,1285.88,0.15,386.71,2,0.0,VIP,Online,Cloudy
2023-04-18,TRX-10636,PROD-4260,Canvas Tote,Accessories,9,71.16,640.44,0.0,311.22,6,0.05,Returning,Chicago,Snowy
2023-04-18,TRX-10637,PROD-3898,Cotton T-Shirt,Apparel,3,58.19,174.57,0.0,102.58,2,0.29,Returning,Chicago,Cloudy
2023-04-18,TRX-10638,PROD-6494,Sunglasses,Accessories,5,130.39,586.75,0.1,190.85,4,0.09,Returning,Los Angeles,Snowy
2023-04-18,TRX-10639,PROD-8390,Smart Watch,Electronics,1,33.17,31.51,0.05,167.1,13,0.14,New,Online,Sunny
2023-04-18,TRX-10640,PROD-6494,Sunglasses,Accessories,8,150.3,1142.28,0.05,100.62,13,0.26,New,Chicago,Sunny
2023-04-18,TRX-10641,PROD-5616,Denim Jeans,Apparel,9,36.78,264.82,0.2,172.76,12,0.18,VIP,New York,Rainy
2023-04-19,TRX-10642,PROD-4282,Leather Wallet,Accessories,2,48.21,96.42,0.0,61.68,12,0.29,New,Online,Cloudy
2023-04-19,TRX-10643,PROD-9357,Wireless Earbuds,Electronics,8,32.76,248.98,0.05,332.76,6,0.18,New,Chicago,Sunny
2023-04-19,TRX-10644,PROD-6494,Sunglasses,Accessories,10,157.19,1571.9,0.0,145.12,2,0.24,Returning,Chicago,Sunny
2023-04-19,TRX-10645,PROD-4539,Portable Charger,Electronics,7,140.1,980.7,0.0,130.1,14,0.26,New,New York,Rainy
2023-04-19,TRX-10646,PROD-5616,Denim Jeans,Apparel,3,115.06,345.18,0.0,184.35,14,0.13,Returning,Los Angeles,Cloudy
2023-04-19,TRX-10647,PROD-9357,Wireless Earbuds,Electronics,7,84.03,558.8,0.05,170.82,11,0.13,Returning,Chicago,Rainy
2023-04-20,TRX-10648,PROD-4260,Canvas Tote,Accessories,6,65.85,375.34,0.05,354.4,12,0.21,New,Online,Sunny
2023-04-20,TRX-10649,PROD-9710,Scented Candle,Home Goods,8,80.07,640.56,0.0,116.87,4,0.21,Returning,Los Angeles,Snowy
2023-04-20,TRX-10650,PROD-5960,Throw Pillow,Home Goods,6,19.63,106.0,0.1,98.43,8,0.12,Returning,Chicago,Cloudy
2023-04-20,TRX-10651,PROD-5960,Throw Pillow,Home Goods,8,26.06,177.21,0.15,347.71,4,0.24,Returning,New York,Sunny
2023-04-20,TRX-10652,PROD-4260,Canvas Tote,Accessories,8,56.14,359.3,0.2,351.62,11,0.24,Returning,Los Angeles,Rainy
2023-04-20,TRX-10653,PROD-3898,Cotton T-Shirt,Apparel,2,118.26,224.69,0.05,290.47,2,0.12,New,Los Angeles,Snowy
2023-04-21,TRX-10654,PROD-4260,Canvas Tote,Accessories,10,71.89,611.06,0.15,269.03,11,0.24,VIP,Chicago,Snowy
2023-04-21,TRX-10655,PROD-9497,Ceramic Mug,Home Goods,8,28.79,184.26,0.2,57.15,5,0.26,New,Online,Rainy
2023-04-21,TRX-10656,PROD-5616,Denim Jeans,Apparel,9,137.9,1241.1,0.0,88.74,14,0.14,Returning,Online,Sunny
2023-04-21,TRX-10657,PROD-8390,Smart Watch,Electronics,8,143.36,1089.54,0.05,262.17,9,0.18,New,Chicago,Snowy
2023-04-21,TRX-10658,PROD-9357,Wireless Earbuds,Electronics,18,16.48,281.81,0.05,431.88,13,0.17,VIP,Chicago,Sunny
2023-04-21,TRX-10659,PROD-6494,Sunglasses,Accessories,10,82.09,697.77,0.15,457.28,9,0.07,New,New York,Snowy
2023-04-22,TRX-10660,PROD-5960,Throw Pillow,Home Goods,18,25.43,434.85,0.05,102.62,11,0.28,Returning,Online,Snowy
2023-04-22,TRX-10661,PROD-8390,Smart Watch,Electronics,6,50.56,288.19,0.05,154.45,5,0.18,VIP,Chicago,Snowy
2023-04-22,TRX-10662,PROD-5616,Denim Jeans,Apparel,7,110.14,616.78,0.2,473.54,12,0.22,Returning,Los Angeles,Rainy
2023-04-22,TRX-10663,PROD-5960,Throw Pillow,Home Goods,3,120.03,360.09,0.0,139.77,11,0.15,Returning,Online,Cloudy
2023-04-22,TRX-10664,PROD-3898,Cotton T-Shirt,Apparel,6,99.18,595.08,0.0,210.67,4,0.05,VIP,New York,Sunny
2023-04-22,TRX-10665,PROD-9710,Scented Candle,Home Goods,22,28.72,631.84,0.0,268.86,7,0.24,New,Chicago,Rainy
2023-04-23,TRX-10666,PROD-4539,Portable Charger,Electronics,19,23.75,361.0,0.2,390.09,3,0.23,VIP,New York,Sunny
2023-04-23,TRX-10667,PROD-8390,Smart Watch,Electronics,6,107.46,644.76,0.0,377.76,13,0.13,VIP,Online,Sunny
2023-04-23,TRX-10668,PROD-0847,Winter Jacket,Apparel,2,68.2,109.12,0.2,140.85,8,0.23,New,Los Angeles,Snowy
2023-04-23,TRX-10669,PROD-9710,Scented Candle,Home Goods,6,76.28,389.03,0.15,389.68,7,0.19,New,Los Angeles,Snowy
2023-04-23,TRX-10670,PROD-3898,Cotton T-Shirt,Apparel,7,121.1,805.31,0.05,478.33,10,0.24,Returning,New York,Snowy
2023-04-23,TRX-10671,PROD-3898,Cotton T-Shirt,Apparel,2,112.27,224.54,0.0,202.24,8,0.29,New,Online,Sunny
2023-04-24,TRX-10672,PROD-4282,Leather Wallet,Accessories,10,107.07,1070.7,0.0,489.98,13,0.24,VIP,Chicago,Snowy
2023-04-24,TRX-10673,PROD-4260,Canvas Tote,Accessories,6,117.8,706.8,0.0,53.56,6,0.27,VIP,Los Angeles,Snowy
2023-04-24,TRX-10674,PROD-4260,Canvas Tote,Accessories,10,43.07,366.09,0.15,248.96,7,0.27,VIP,Online,Rainy
2023-04-24,TRX-10675,PROD-9497,Ceramic Mug,Home Goods,9,19.33,156.57,0.1,496.37,6,0.06,VIP,Chicago,Cloudy
2023-04-24,TRX-10676,PROD-3898,Cotton T-Shirt,Apparel,23,19.88,457.24,0.0,158.6,14,0.09,Returning,New York,Sunny
2023-04-24,TRX-10677,PROD-9710,Scented Candle,Home Goods,1,96.74,77.39,0.2,342.93,3,0.13,VIP,New York,Snowy
2023-04-25,TRX-10678,PROD-9497,Ceramic Mug,Home Goods,10,135.83,1154.56,0.15,452.45,12,0.2,VIP,Los Angeles,Cloudy
2023-04-25,TRX-10679,PROD-9710,Scented Candle,Home Goods,10,111.65,949.02,0.15,112.99,8,0.16,New,New York,Cloudy
2023-04-25,TRX-10680,PROD-5616,Denim Jeans,Apparel,7,70.94,397.26,0.2,235.42,3,0.02,New,Online,Rainy
2023-04-25,TRX-10681,PROD-4282,Leather Wallet,Accessories,10,65.2,586.8,0.1,283.53,8,0.26,VIP,Online,Snowy
2023-04-25,TRX-10682,PROD-4260,Canvas Tote,Accessories,7,140.4,786.24,0.2,123.28,10,0.04,VIP,Online,Rainy
2023-04-25,TRX-10683,PROD-4539,Portable Charger,Electronics,3,43.47,117.37,0.1,216.2,3,0.18,Returning,New York,Sunny
2023-04-26,TRX-10684,PROD-5960,Throw Pillow,Home Goods,2,54.34,108.68,0.0,187.22,7,0.09,Returning,New York,Rainy
2023-04-26,TRX-10685,PROD-0847,Winter Jacket,Apparel,5,78.22,391.1,0.0,147.01,13,0.15,New,Chicago,Sunny
2023-04-26,TRX-10686,PROD-9357,Wireless Earbuds,Electronics,8,76.92,615.36,0.0,401.61,9,0.25,VIP,Los Angeles,Rainy
2023-04-26,TRX-10687,PROD-6494,Sunglasses,Accessories,6,97.7,586.2,0.0,409.92,12,0.19,Returning,Los Angeles,Snowy
2023-04-26,TRX-10688,PROD-5960,Throw Pillow,Home Goods,19,21.91,353.85,0.15,174.82,3,0.26,VIP,New York,Cloudy
2023-04-26,TRX-10689,PROD-4539,Portable Charger,Electronics,10,84.94,764.46,0.1,309.59,2,0.29,VIP,Los Angeles,Snowy
2023-04-27,TRX-10690,PROD-8390,Smart Watch,Electronics,1,104.53,104.53,0.0,404.04,5,0.25,VIP,Online,Sunny
2023-04-27,TRX-10691,PROD-9710,Scented Candle,Home Goods,1,94.34,94.34,0.0,246.66,8,0.01,VIP,Chicago,Snowy
2023-04-27,TRX-10692,PROD-9497,Ceramic Mug,Home Goods,10,28.03,280.3,0.0,114.82,6,0.23,New,Chicago,Snowy
2023-04-27,TRX-10693,PROD-3898,Cotton T-Shirt,Apparel,1,94.53,80.35,0.15,76.33,8,0.03,New,Online,Cloudy
2023-04-27,TRX-10694,PROD-9710,Scented Candle,Home Goods,1,153.47,153.47,0.0,157.83,11,0.18,Returning,Online,Sunny
2023-04-27,TRX-10695,PROD-9497,Ceramic Mug,Home Goods,2,58.59,111.32,0.05,63.01,12,0.07,New,Chicago,Sunny
2023-04-28,TRX-10696,PROD-0847,Winter Jacket,Apparel,10,95.25,904.88,0.05,250.69,12,0.15,New,Chicago,Rainy
2023-04-28,TRX-10697,PROD-0847,Winter Jacket,Apparel,9,156.85,1341.07,0.05,68.81,9,0.29,VIP,Chicago,Rainy
2023-04-28,TRX-10698,PROD-8390,Smart Watch,Electronics,10,140.52,1405.2,0.0,427.77,8,0.3,VIP,Los Angeles,Cloudy
2023-04-28,TRX-10699,PROD-8390,Smart Watch,Electronics,5,116.24,581.2,0.0,227.89,3,0.25,VIP,Chicago,Snowy
2023-04-28,TRX-10700,PROD-0847,Winter Jacket,Apparel,6,88.17,449.67,0.15,167.61,14,0.21,Returning,Los Angeles,Cloudy
2023-04-28,TRX-10701,PROD-9497,Ceramic Mug,Home Goods,1,78.61,66.82,0.15,110.18,2,0.18,New,New York,Rainy
2023-04-29,TRX-10702,PROD-4260,Canvas Tote,Accessories,7,141.39,890.76,0.1,86.52,12,0.2,VIP,New York,Snowy
2023-04-29,TRX-10703,PROD-9357,Wireless Earbuds,Electronics,10,142.61,1426.1,0.0,224.04,14,0.24,New,New York,Snowy
2023-04-29,TRX-10704,PROD-9497,Ceramic Mug,Home Goods,1,70.84,56.67,0.2,176.51,13,0.11,New,Chicago,Rainy
2023-04-29,TRX-10705,PROD-5616,Denim Jeans,Apparel,8,132.1,898.28,0.15,368.14,5,0.0,VIP,Online,Sunny
2023-04-29,TRX-10706,PROD-5960,Throw Pillow,Home Goods,4,77.1,262.14,0.15,382.47,12,0.2,VIP,Los Angeles,Sunny
2023-04-29,TRX-10707,PROD-0847,Winter Jacket,Apparel,23,22.64,416.58,0.2,152.58,10,0.22,Returning,Los Angeles,Sunny
2023-04-30,TRX-10708,PROD-5960,Throw Pillow,Home Goods,7,89.78,534.19,0.15,352.89,12,0.02,Returning,Online,Snowy
2023-04-30,TRX-10709,PROD-9497,Ceramic Mug,Home Goods,6,106.11,572.99,0.1,391.56,13,0.07,Returning,Online,Snowy
2023-04-30,TRX-10710,PROD-9497,Ceramic Mug,Home Goods,10,65.66,525.28,0.2,61.42,13,0.07,VIP,Online,Sunny
2023-04-30,TRX-10711,PROD-3898,Cotton T-Shirt,Apparel,2,35.8,71.6,0.0,265.98,14,0.01,VIP,Chicago,Cloudy
2023-04-30,TRX-10712,PROD-3898,Cotton T-Shirt,Apparel,1,86.18,68.94,0.2,200.11,14,0.07,New,Online,Sunny
2023-04-30,TRX-10713,PROD-4260,Canvas Tote,Accessories,1,34.87,33.13,0.05,190.98,13,0.02,New,New York,Snowy
2023-05-01,TRX-10714,PROD-9357,Wireless Earbuds,Electronics,2,96.12,163.4,0.15,75.11,2,0.09,Returning,Online,Sunny
2023-05-01,TRX-10715,PROD-4282,Leather Wallet,Accessories,10,139.29,1392.9,0.0,254.04,9,0.24,VIP,New York,Cloudy
2023-05-01,TRX-10716,PROD-9357,Wireless Earbuds,Electronics,2,86.31,172.62,0.0,55.53,13,0.02,New,Los Angeles,Cloudy
2023-05-01,TRX-10717,PROD-9710,Scented Candle,Home Goods,3,81.92,245.76,0.0,111.95,2,0.02,Returning,Online,Cloudy
2023-05-01,TRX-10718,PROD-5960,Throw Pillow,Home Goods,3,141.92,404.47,0.05,188.9,7,0.09,New,Los Angeles,Sunny
2023-05-01,TRX-10719,PROD-0847,Winter Jacket,Apparel,1,127.08,120.73,0.05,204.72,5,0.19,New,New York,Cloudy
2023-05-02,TRX-10720,PROD-0847,Winter Jacket,Apparel,8,82.26,592.27,0.1,361.59,11,0.17,Returning,Chicago,Snowy
2023-05-02,TRX-10721,PROD-9497,Ceramic Mug,Home Goods,1,31.35,29.78,0.05,148.73,2,0.19,VIP,Los Angeles,Snowy
2023-05-02,TRX-10722,PROD-3898,Cotton T-Shirt,Apparel,6,84.19,404.11,0.2,383.04,5,0.12,New,Chicago,Sunny
2023-05-02,TRX-10723,PROD-9357,Wireless Earbuds,Electronics,14,17.59,233.95,0.05,137.48,11,0.27,Returning,New York,Sunny
2023-05-02,TRX-10724,PROD-3898,Cotton T-Shirt,Apparel,5,50.35,213.99,0.15,128.43,10,0.07,New,New York,Rainy
2023-05-02,TRX-10725,PROD-9497,Ceramic Mug,Home Goods,17,18.47,266.89,0.15,404.34,3,0.1,New,Chicago,Snowy
2023-05-03,TRX-10726,PROD-5616,Denim Jeans,Apparel,9,128.28,923.62,0.2,498.96,8,0.26,New,New York,Rainy
2023-05-03,TRX-10727,PROD-3898,Cotton T-Shirt,Apparel,6,39.88,239.28,0.0,319.8,12,0.07,New,Los Angeles,Cloudy
2023-05-03,TRX-10728,PROD-5616,Denim Jeans,Apparel,5,49.62,198.48,0.2,106.91,10,0.29,Returning,Los Angeles,Sunny
2023-05-03,TRX-10729,PROD-4260,Canvas Tote,Accessories,7,91.49,512.34,0.2,447.09,14,0.15,Returning,Online,Rainy
2023-05-03,TRX-10730,PROD-5960,Throw Pillow,Home Goods,8,68.02,516.95,0.05,170.75,8,0.19,VIP,New York,Rainy
2023-05-03,TRX-10731,PROD-3898,Cotton T-Shirt,Apparel,4,71.99,287.96,0.0,241.26,8,0.17,Returning,Chicago,Sunny
2023-05-04,TRX-10732,PROD-3898,Cotton T-Shirt,Apparel,4,55.04,198.14,0.1,68.51,10,0.19,Returning,Online,Snowy
2023-05-04,TRX-10733,PROD-6494,Sunglasses,Accessories,5,64.58,306.75,0.05,61.12,9,0.07,VIP,New York,Cloudy
2023-05-04,TRX-10734,PROD-9357,Wireless Earbuds,Electronics,2,129.08,206.53,0.2,174.39,5,0.03,New,Chicago,Sunny
2023-05-04,TRX-10735,PROD-5616,Denim Jeans,Apparel,5,40.13,170.55,0.15,417.0,12,0.25,New,Los Angeles,Cloudy
2023-05-04,TRX-10736,PROD-9357,Wireless Earbuds,Electronics,7,51.42,341.94,0.05,419.84,14,0.2,Returning,Los Angeles,Snowy
2023-05-04,TRX-10737,PROD-3898,Cotton T-Shirt,Apparel,4,106.11,382.0,0.1,314.15,10,0.23,VIP,Online,Cloudy
2023-05-05,TRX-10738,PROD-9357,Wireless Earbuds,Electronics,7,127.34,891.38,0.0,247.41,10,0.01,New,Los Angeles,Cloudy
2023-05-05,TRX-10739,PROD-9357,Wireless Earbuds,Electronics,6,132.72,796.32,0.0,238.62,12,0.23,VIP,Chicago,Cloudy
2023-05-05,TRX-10740,PROD-4539,Portable Charger,Electronics,3,131.24,393.72,0.0,305.69,14,0.18,VIP,Online,Snowy
2023-05-05,TRX-10741,PROD-5616,Denim Jeans,Apparel,20,23.06,461.2,0.0,197.98,9,0.19,Returning,New York,Rainy
2023-05-05,TRX-10742,PROD-4539,Portable Charger,Electronics,10,81.25,771.88,0.05,62.08,5,0.02,Returning,Chicago,Rainy
2023-05-05,TRX-10743,PROD-5616,Denim Jeans,Apparel,1,95.09,95.09,0.0,283.34,4,0.1,Returning,Online,Rainy
2023-05-06,TRX-10744,PROD-8390,Smart Watch,Electronics,2,87.04,165.38,0.05,479.79,5,0.04,New,Chicago,Snowy
2023-05-06,TRX-10745,PROD-4282,Leather Wallet,Accessories,10,104.98,1049.8,0.0,276.11,12,0.14,New,New York,Rainy
2023-05-06,TRX-10746,PROD-4282,Leather Wallet,Accessories,4,128.97,464.29,0.1,198.0,11,0.26,Returning,Online,Sunny
2023-05-06,TRX-10747,PROD-9357,Wireless Earbuds,Electronics,6,110.82,565.18,0.15,429.19,14,0.09,VIP,Los Angeles,Snowy
2023-05-06,TRX-10748,PROD-3898,Cotton T-Shirt,Apparel,8,142.86,1085.74,0.05,459.87,4,0.21,New,Online,Sunny
2023-05-06,TRX-10749,PROD-3898,Cotton T-Shirt,Apparel,5,53.29,226.48,0.15,462.33,13,0.22,New,Online,Snowy
2023-05-07,TRX-10750,PROD-9357,Wireless Earbuds,Electronics,15,23.33,332.45,0.05,252.92,6,0.06,New,Online,Sunny
2023-05-07,TRX-10751,PROD-4539,Portable Charger,Electronics,7,114.19,799.33,0.0,385.68,5,0.12,New,Chicago,Sunny
2023-05-07,TRX-10752,PROD-5616,Denim Jeans,Apparel,8,104.74,837.92,0.0,87.15,12,0.07,Returning,Los Angeles,Snowy
2023-05-07,TRX-10753,PROD-9497,Ceramic Mug,Home Goods,2,34.36,68.72,0.0,182.37,10,0.22,New,New York,Sunny
2023-05-07,TRX-10754,PROD-9497,Ceramic Mug,Home Goods,1,69.69,59.24,0.15,289.53,9,0.21,VIP,New York,Snowy
2023-05-07,TRX-10755,PROD-9710,Scented Candle,Home Goods,17,19.89,270.5,0.2,140.78,5,0.11,New,Los Angeles,Sunny
2023-05-08,TRX-10756,PROD-9357,Wireless Earbuds,Electronics,11,16.95,158.48,0.15,351.03,5,0.29,New,Los Angeles,Rainy
2023-05-08,TRX-10757,PROD-9357,Wireless Earbuds,Electronics,6,89.5,483.3,0.1,332.05,11,0.06,VIP,Online,Snowy
2023-05-08,TRX-10758,PROD-8390,Smart Watch,Electronics,3,42.6,127.8,0.0,230.96,7,0.0,New,Online,Rainy
2023-05-08,TRX-10759,PROD-4539,Portable Charger,Electronics,6,128.79,772.74,0.0,80.3,5,0.12,VIP,Online,Sunny
2023-05-08,TRX-10760,PROD-5616,Denim Jeans,Apparel,7,147.36,876.79,0.15,466.05,14,0.21,Returning,Los Angeles,Cloudy
2023-05-08,TRX-10761,PROD-4282,Leather Wallet,Accessories,10,61.55,584.73,0.05,222.07,12,0.22,VIP,New York,Rainy
2023-05-09,TRX-10762,PROD-4539,Portable Charger,Electronics,4,108.63,369.34,0.15,242.82,5,0.19,New,Los Angeles,Cloudy
2023-05-09,TRX-10763,PROD-6494,Sunglasses,Accessories,1,41.22,41.22,0.0,465.53,11,0.3,Returning,Chicago,Rainy
2023-05-09,TRX-10764,PROD-9710,Scented Candle,Home Goods,9,107.19,771.77,0.2,489.91,12,0.24,New,Los Angeles,Cloudy
2023-05-09,TRX-10765,PROD-9497,Ceramic Mug,Home Goods,4,38.97,124.7,0.2,359.31,13,0.07,Returning,Chicago,Rainy
2023-05-09,TRX-10766,PROD-4260,Canvas Tote,Accessories,7,16.99,118.93,0.0,73.45,4,0.28,New,New York,Rainy
2023-05-09,TRX-10767,PROD-3898,Cotton T-Shirt,Apparel,8,82.27,658.16,0.0,123.87,5,0.07,New,Los Angeles,Cloudy
2023-05-10,TRX-10768,PROD-5960,Throw Pillow,Home Goods,5,77.56,310.24,0.2,401.58,3,0.29,Returning,Online,Snowy
2023-05-10,TRX-10769,PROD-5616,Denim Jeans,Apparel,7,74.66,418.1,0.2,120.15,14,0.14,Returning,Online,Sunny
2023-05-10,TRX-10770,PROD-5960,Throw Pillow,Home Goods,3,88.45,265.35,0.0,221.2,6,0.14,Returning,Online,Sunny
2023-05-10,TRX-10771,PROD-9497,Ceramic Mug,Home Goods,4,104.72,418.88,0.0,55.78,10,0.22,Returning,Online,Snowy
2023-05-10,TRX-10772,PROD-6494,Sunglasses,Accessories,8,142.31,1138.48,0.0,338.47,11,0.02,New,New York,Snowy
2023-05-10,TRX-10773,PROD-3898,Cotton T-Shirt,Apparel,6,128.79,695.47,0.1,369.11,12,0.21,VIP,New York,Snowy
2023-05-11,TRX-10774,PROD-4260,Canvas Tote,Accessories,6,48.1,245.31,0.15,367.95,2,0.21,VIP,Los Angeles,Cloudy
2023-05-11,TRX-10775,PROD-4260,Canvas Tote,Accessories,10,33.13,281.61,0.15,428.68,2,0.04,New,Online,Snowy
2023-05-11,TRX-10776,PROD-4539,Portable Charger,Electronics,3,148.21,355.7,0.2,242.09,13,0.09,VIP,Online,Cloudy
2023-05-11,TRX-10777,PROD-4260,Canvas Tote,Accessories,10,122.03,976.24,0.2,408.89,4,0.08,New,Online,Cloudy
2023-05-11,TRX-10778,PROD-8390,Smart Watch,Electronics,2,112.73,180.37,0.2,363.34,10,0.13,Returning,Online,Rainy
2023-05-11,TRX-10779,PROD-5616,Denim Jeans,Apparel,8,37.23,297.84,0.0,276.18,3,0.14,New,Los Angeles,Rainy
2023-05-12,TRX-10780,PROD-4539,Portable Charger,Electronics,5,41.72,166.88,0.2,233.96,12,0.27,New,Los Angeles,Sunny
2023-05-12,TRX-10781,PROD-9497,Ceramic Mug,Home Goods,6,63.05,378.3,0.0,313.54,9,0.15,New,New York,Sunny
2023-05-12,TRX-10782,PROD-9497,Ceramic Mug,Home Goods,1,110.88,110.88,0.0,144.98,14,0.0,VIP,Chicago,Snowy
2023-05-12,TRX-10783,PROD-6494,Sunglasses,Accessories,6,93.43,560.58,0.0,417.58,7,0.2,Returning,New York,Cloudy
2023-05-12,TRX-10784,PROD-9497,Ceramic Mug,Home Goods,17,16.56,239.29,0.15,425.94,4,0.01,New,Chicago,Rainy
2023-05-12,TRX-10785,PROD-9710,Scented Candle,Home Goods,8,101.61,731.59,0.1,235.91,5,0.0,VIP,Chicago,Sunny
2023-05-13,TRX-10786,PROD-9497,Ceramic Mug,Home Goods,8,152.78,1222.24,0.0,323.04,8,0.22,New,Chicago,Snowy
2023-05-13,TRX-10787,PROD-4260,Canvas Tote,Accessories,7,141.3,989.1,0.0,323.23,13,0.04,VIP,New York,Rainy
2023-05-13,TRX-10788,PROD-4282,Leather Wallet,Accessories,9,57.61,414.79,0.2,260.06,9,0.29,Returning,Los Angeles,Rainy
2023-05-13,TRX-10789,PROD-3898,Cotton T-Shirt,Apparel,2,120.42,240.84,0.0,245.7,13,0.01,Returning,Online,Cloudy
2023-05-13,TRX-10790,PROD-0847,Winter Jacket,Apparel,2,49.54,84.22,0.15,111.09,10,0.19,Returning,New York,Cloudy
2023-05-13,TRX-10791,PROD-0847,Winter Jacket,Apparel,6,120.84,688.79,0.05,459.58,13,0.22,Returning,Online,Rainy
2023-05-14,TRX-10792,PROD-5616,Denim Jeans,Apparel,7,28.09,196.63,0.0,383.26,5,0.22,New,Chicago,Rainy
2023-05-14,TRX-10793,PROD-9710,Scented Candle,Home Goods,1,83.63,75.27,0.1,291.02,8,0.29,Returning,Chicago,Rainy
2023-05-14,TRX-10794,PROD-3898,Cotton T-Shirt,Apparel,8,68.89,551.12,0.0,115.12,6,0.25,Returning,Online,Rainy
2023-05-14,TRX-10795,PROD-9497,Ceramic Mug,Home Goods,1,123.94,111.55,0.1,194.06,10,0.3,New,Chicago,Snowy
2023-05-14,TRX-10796,PROD-5616,Denim Jeans,Apparel,1,59.42,47.54,0.2,199.92,13,0.06,VIP,Los Angeles,Sunny
2023-05-14,TRX-10797,PROD-5616,Denim Jeans,Apparel,3,108.65,325.95,0.0,296.57,7,0.13,Returning,Chicago,Snowy
2023-05-15,TRX-10798,PROD-4282,Leather Wallet,Accessories,4,82.52,280.57,0.15,435.31,8,0.03,Returning,New York,Cloudy
2023-05-15,TRX-10799,PROD-4260,Canvas Tote,Accessories,8,34.41,275.28,0.0,453.75,5,0.07,VIP,Los Angeles,Sunny
2023-05-15,TRX-10800,PROD-5960,Throw Pillow,Home Goods,3,120.18,342.51,0.05,477.68,8,0.2,New,New York,Sunny
2023-05-15,TRX-10801,PROD-9710,Scented Candle,Home Goods,9,35.74,273.41,0.15,202.32,8,0.29,VIP,Online,Rainy
2023-05-15,TRX-10802,PROD-8390,Smart Watch,Electronics,10,47.41,474.1,0.0,343.76,8,0.23,VIP,New York,Snowy
2023-05-15,TRX-10803,PROD-6494,Sunglasses,Accessories,1,99.26,99.26,0.0,102.48,3,0.15,VIP,Los Angeles,Sunny
2023-05-16,TRX-10804,PROD-6494,Sunglasses,Accessories,10,99.84,998.4,0.0,222.78,12,0.21,Returning,Los Angeles,Sunny
2023-05-16,TRX-10805,PROD-9497,Ceramic Mug,Home Goods,9,119.43,1074.87,0.0,232.4,13,0.01,VIP,Online,Sunny
2023-05-16,TRX-10806,PROD-8390,Smart Watch,Electronics,3,156.93,376.63,0.2,319.6,4,0.0,Returning,Chicago,Sunny
2023-05-16,TRX-10807,PROD-8390,Smart Watch,Electronics,2,95.46,171.83,0.1,165.54,14,0.01,New,Chicago,Cloudy
2023-05-16,TRX-10808,PROD-5616,Denim Jeans,Apparel,4,151.56,606.24,0.0,70.77,10,0.27,Returning,Online,Rainy
2023-05-16,TRX-10809,PROD-4260,Canvas Tote,Accessories,6,61.95,334.53,0.1,292.19,5,0.21,VIP,New York,Rainy
2023-05-17,TRX-10810,PROD-8390,Smart Watch,Electronics,4,36.56,146.24,0.0,320.96,5,0.18,Returning,Los Angeles,Snowy
2023-05-17,TRX-10811,PROD-4539,Portable Charger,Electronics,3,48.25,137.51,0.05,255.23,6,0.2,VIP,Los Angeles,Rainy
2023-05-17,TRX-10812,PROD-4539,Portable Charger,Electronics,4,125.2,425.68,0.15,217.46,12,0.19,VIP,Los Angeles,Snowy
2023-05-17,TRX-10813,PROD-5616,Denim Jeans,Apparel,1,147.0,132.3,0.1,161.37,6,0.04,New,Online,Sunny
2023-05-17,TRX-10814,PROD-5960,Throw Pillow,Home Goods,13,29.22,379.86,0.0,440.98,5,0.08,New,Online,Rainy
2023-05-17,TRX-10815,PROD-4282,Leather Wallet,Accessories,9,111.58,853.59,0.15,443.98,11,0.25,Returning,New York,Cloudy
2023-05-18,TRX-10816,PROD-5960,Throw Pillow,Home Goods,1,47.46,47.46,0.0,193.1,14,0.12,Returning,Online,Snowy
2023-05-18,TRX-10817,PROD-5616,Denim Jeans,Apparel,9,16.33,124.92,0.15,106.87,8,0.17,Returning,New York,Cloudy
2023-05-18,TRX-10818,PROD-0847,Winter Jacket,Apparel,3,101.19,288.39,0.05,493.81,14,0.14,Returning,Chicago,Snowy
2023-05-18,TRX-10819,PROD-5616,Denim Jeans,Apparel,5,92.48,439.28,0.05,396.76,3,0.19,New,Los Angeles,Sunny
2023-05-18,TRX-10820,PROD-0847,Winter Jacket,Apparel,22,23.86,498.67,0.05,413.76,2,0.29,Returning,Los Angeles,Snowy
2023-05-18,TRX-10821,PROD-4260,Canvas Tote,Accessories,9,111.29,851.37,0.15,106.11,2,0.18,VIP,New York,Snowy
2023-05-19,TRX-10822,PROD-9497,Ceramic Mug,Home Goods,9,154.03,1178.33,0.15,324.14,11,0.13,New,Los Angeles,Rainy
2023-05-19,TRX-10823,PROD-9357,Wireless Earbuds,Electronics,1,128.67,122.24,0.05,272.98,4,0.11,New,Chicago,Rainy
2023-05-19,TRX-10824,PROD-9357,Wireless Earbuds,Electronics,4,53.1,212.4,0.0,382.11,11,0.12,Returning,New York,Snowy
2023-05-19,TRX-10825,PROD-4282,Leather Wallet,Accessories,6,64.48,386.88,0.0,209.25,2,0.1,VIP,Los Angeles,Snowy
2023-05-19,TRX-10826,PROD-9497,Ceramic Mug,Home Goods,7,28.63,180.37,0.1,281.44,4,0.12,Returning,New York,Rainy
2023-05-19,TRX-10827,PROD-9497,Ceramic Mug,Home Goods,6,76.57,436.45,0.05,451.49,10,0.24,New,Online,Snowy
2023-05-20,TRX-10828,PROD-3898,Cotton T-Shirt,Apparel,6,61.93,297.26,0.2,369.15,3,0.06,New,Los Angeles,Snowy
2023-05-20,TRX-10829,PROD-4260,Canvas Tote,Accessories,4,54.12,205.66,0.05,481.86,6,0.04,Returning,Online,Rainy
2023-05-20,TRX-10830,PROD-9710,Scented Candle,Home Goods,7,89.76,628.32,0.0,99.38,3,0.24,New,Los Angeles,Cloudy
2023-05-20,TRX-10831,PROD-4539,Portable Charger,Electronics,6,48.6,277.02,0.05,489.4,13,0.0,Returning,Chicago,Cloudy
2023-05-20,TRX-10832,PROD-4282,Leather Wallet,Accessories,3,111.78,285.04,0.15,280.06,5,0.08,New,Chicago,Rainy
2023-05-20,TRX-10833,PROD-4282,Leather Wallet,Accessories,2,83.44,141.85,0.15,378.71,11,0.05,VIP,Los Angeles,Rainy
2023-05-21,TRX-10834,PROD-8390,Smart Watch,Electronics,4,66.04,264.16,0.0,241.84,11,0.06,New,Online,Snowy
2023-05-21,TRX-10835,PROD-5960,Throw Pillow,Home Goods,6,95.1,542.07,0.05,265.64,10,0.13,New,Chicago,Sunny
2023-05-21,TRX-10836,PROD-9710,Scented Candle,Home Goods,7,51.3,359.1,0.0,193.93,2,0.05,New,New York,Cloudy
2023-05-21,TRX-10837,PROD-5616,Denim Jeans,Apparel,2,85.16,161.8,0.05,133.18,9,0.11,Returning,New York,Sunny
2023-05-21,TRX-10838,PROD-4539,Portable Charger,Electronics,6,95.97,575.82,0.0,383.58,7,0.22,VIP,Chicago,Rainy
2023-05-21,TRX-10839,PROD-9497,Ceramic Mug,Home Goods,2,86.13,172.26,0.0,333.3,11,0.04,VIP,Los Angeles,Rainy
2023-05-22,TRX-10840,PROD-4282,Leather Wallet,Accessories,15,25.34,380.1,0.0,376.41,14,0.06,VIP,Los Angeles,Sunny
2023-05-22,TRX-10841,PROD-3898,Cotton T-Shirt,Apparel,9,74.48,670.32,0.0,452.71,9,0.19,New,Online,Sunny
2023-05-22,TRX-10842,PROD-6494,Sunglasses,Accessories,1,93.46,93.46,0.0,319.62,13,0.29,Returning,New York,Sunny
2023-05-22,TRX-10843,PROD-0847,Winter Jacket,Apparel,9,124.84,898.85,0.2,281.07,3,0.05,VIP,Online,Snowy
2023-05-22,TRX-10844,PROD-4260,Canvas Tote,Accessories,3,48.39,130.65,0.1,148.01,13,0.0,VIP,Online,Cloudy
2023-05-22,TRX-10845,PROD-9497,Ceramic Mug,Home Goods,2,52.46,104.92,0.0,150.77,10,0.07,New,Los Angeles,Cloudy
2023-05-23,TRX-10846,PROD-5616,Denim Jeans,Apparel,4,120.99,387.17,0.2,144.49,3,0.0,Returning,Chicago,Cloudy
2023-05-23,TRX-10847,PROD-4539,Portable Charger,Electronics,3,128.0,364.8,0.05,454.25,6,0.1,New,New York,Cloudy
2023-05-23,TRX-10848,PROD-0847,Winter Jacket,Apparel,1,135.91,122.32,0.1,345.79,14,0.28,VIP,New York,Snowy
2023-05-23,TRX-10849,PROD-5960,Throw Pillow,Home Goods,8,101.66,813.28,0.0,195.92,5,0.17,Returning,Los Angeles,Snowy
2023-05-23,TRX-10850,PROD-0847,Winter Jacket,Apparel,8,110.08,880.64,0.0,273.18,9,0.06,New,Los Angeles,Snowy
2023-05-23,TRX-10851,PROD-0847,Winter Jacket,Apparel,3,51.06,122.54,0.2,227.39,11,0.06,New,New York,Snowy
2023-05-24,TRX-10852,PROD-5616,Denim Jeans,Apparel,2,150.69,256.17,0.15,287.05,13,0.23,New,New York,Snowy
2023-05-24,TRX-10853,PROD-4282,Leather Wallet,Accessories,25,26.95,673.75,0.0,109.48,14,0.03,New,New York,Sunny
2023-05-24,TRX-10854,PROD-4539,Portable Charger,Electronics,2,110.68,221.36,0.0,112.65,14,0.17,Returning,Los Angeles,Cloudy
2023-05-24,TRX-10855,PROD-9710,Scented Candle,Home Goods,5,32.67,138.85,0.15,294.63,2,0.25,New,Chicago,Sunny
2023-05-24,TRX-10856,PROD-4282,Leather Wallet,Accessories,12,14.33,163.36,0.05,223.42,7,0.2,New,Online,Sunny
2023-05-24,TRX-10857,PROD-4282,Leather Wallet,Accessories,5,140.56,702.8,0.0,84.33,7,0.04,New,New York,Rainy
2023-05-25,TRX-10858,PROD-5616,Denim Jeans,Apparel,7,88.34,618.38,0.0,451.9,12,0.09,Returning,Chicago,Sunny
2023-05-25,TRX-10859,PROD-9710,Scented Candle,Home Goods,2,113.37,181.39,0.2,50.98,4,0.23,New,Chicago,Rainy
2023-05-25,TRX-10860,PROD-6494,Sunglasses,Accessories,8,118.8,760.32,0.2,80.29,11,0.13,VIP,Chicago,Rainy
2023-05-25,TRX-10861,PROD-9357,Wireless Earbuds,Electronics,7,139.8,978.6,0.0,193.69,8,0.14,Returning,Chicago,Rainy
2023-05-25,TRX-10862,PROD-5616,Denim Jeans,Apparel,9,71.48,611.15,0.05,289.61,5,0.12,VIP,Online,Rainy
2023-05-25,TRX-10863,PROD-8390,Smart Watch,Electronics,1,60.04,60.04,0.0,301.27,4,0.28,New,Chicago,Cloudy
2023-05-26,TRX-10864,PROD-5616,Denim Jeans,Apparel,9,82.33,703.92,0.05,159.12,5,0.02,New,New York,Rainy
2023-05-26,TRX-10865,PROD-4260,Canvas Tote,Accessories,16,20.28,324.48,0.0,365.63,12,0.17,Returning,Los Angeles,Sunny
2023-05-26,TRX-10866,PROD-5616,Denim Jeans,Apparel,1,32.34,29.11,0.1,423.98,8,0.04,New,Online,Rainy
2023-05-26,TRX-10867,PROD-9710,Scented Candle,Home Goods,1,68.26,68.26,0.0,100.07,2,0.26,New,Los Angeles,Rainy
2023-05-26,TRX-10868,PROD-9357,Wireless Earbuds,Electronics,8,132.0,950.4,0.1,370.13,6,0.28,VIP,Chicago,Rainy
2023-05-26,TRX-10869,PROD-4282,Leather Wallet,Accessories,7,47.48,332.36,0.0,384.41,8,0.19,New,Online,Rainy
2023-05-27,TRX-10870,PROD-4539,Portable Charger,Electronics,7,75.32,421.79,0.2,221.21,2,0.24,VIP,Online,Rainy
2023-05-27,TRX-10871,PROD-9497,Ceramic Mug,Home Goods,15,28.3,424.5,0.0,157.79,4,0.16,New,Los Angeles,Sunny
2023-05-27,TRX-10872,PROD-9497,Ceramic Mug,Home Goods,1,91.95,91.95,0.0,171.13,11,0.17,VIP,Online,Sunny
2023-05-27,TRX-10873,PROD-9357,Wireless Earbuds,Electronics,16,26.53,339.58,0.2,177.08,8,0.15,Returning,Online,Cloudy
2023-05-27,TRX-10874,PROD-0847,Winter Jacket,Apparel,9,102.5,922.5,0.0,275.98,14,0.05,VIP,Online,Snowy
2023-05-27,TRX-10875,PROD-9357,Wireless Earbuds,Electronics,2,38.11,64.79,0.15,91.98,13,0.07,New,Los Angeles,Rainy
2023-05-28,TRX-10876,PROD-9710,Scented Candle,Home Goods,6,117.13,632.5,0.1,435.18,8,0.01,VIP,Online,Rainy
2023-05-28,TRX-10877,PROD-0847,Winter Jacket,Apparel,10,105.81,899.38,0.15,497.48,3,0.24,New,Chicago,Sunny
2023-05-28,TRX-10878,PROD-4282,Leather Wallet,Accessories,5,71.35,356.75,0.0,80.67,11,0.11,New,New York,Rainy
2023-05-28,TRX-10879,PROD-6494,Sunglasses,Accessories,8,162.3,1103.64,0.15,465.87,3,0.29,Returning,New York,Cloudy
2023-05-28,TRX-10880,PROD-9710,Scented Candle,Home Goods,3,71.9,204.92,0.05,215.03,11,0.29,Returning,New York,Snowy
2023-05-28,TRX-10881,PROD-6494,Sunglasses,Accessories,1,146.56,131.9,0.1,489.84,2,0.22,New,New York,Rainy
2023-05-29,TRX-10882,PROD-9357,Wireless Earbuds,Electronics,2,66.66,133.32,0.0,224.7,9,0.2,Returning,Online,Snowy
2023-05-29,TRX-10883,PROD-4282,Leather Wallet,Accessories,17,27.82,378.35,0.2,244.9,8,0.1,Returning,Chicago,Snowy
2023-05-29,TRX-10884,PROD-0847,Winter Jacket,Apparel,8,106.2,849.6,0.0,295.29,9,0.04,New,Chicago,Sunny
2023-05-29,TRX-10885,PROD-4282,Leather Wallet,Accessories,7,137.5,914.38,0.05,146.04,5,0.26,VIP,Online,Cloudy
2023-05-29,TRX-10886,PROD-5960,Throw Pillow,Home Goods,5,36.0,171.0,0.05,86.77,13,0.14,Returning,Los Angeles,Cloudy
2023-05-29,TRX-10887,PROD-3898,Cotton T-Shirt,Apparel,15,29.69,356.28,0.2,183.61,5,0.1,Returning,Online,Snowy
2023-05-30,TRX-10888,PROD-0847,Winter Jacket,Apparel,10,80.07,760.66,0.05,420.36,10,0.23,VIP,Los Angeles,Sunny
2023-05-30,TRX-10889,PROD-5616,Denim Jeans,Apparel,6,111.42,668.52,0.0,117.73,9,0.28,Returning,Chicago,Sunny
2023-05-30,TRX-10890,PROD-6494,Sunglasses,Accessories,8,76.83,491.71,0.2,435.77,12,0.13,VIP,New York,Sunny
2023-05-30,TRX-10891,PROD-0847,Winter Jacket,Apparel,9,144.82,1042.7,0.2,124.75,8,0.06,New,Los Angeles,Sunny
2023-05-30,TRX-10892,PROD-9710,Scented Candle,Home Goods,21,18.55,311.64,0.2,440.49,13,0.15,Returning,Online,Snowy
2023-05-30,TRX-10893,PROD-9710,Scented Candle,Home Goods,6,124.92,749.52,0.0,466.86,9,0.13,New,Los Angeles,Snowy
2023-05-31,TRX-10894,PROD-6494,Sunglasses,Accessories,7,133.96,797.06,0.15,177.46,11,0.28,New,New York,Sunny
2023-05-31,TRX-10895,PROD-4539,Portable Charger,Electronics,8,18.71,142.2,0.05,387.47,11,0.28,New,Online,Sunny
2023-05-31,TRX-10896,PROD-9710,Scented Candle,Home Goods,9,46.02,393.47,0.05,101.53,9,0.29,Returning,Online,Snowy
2023-05-31,TRX-10897,PROD-4282,Leather Wallet,Accessories,9,149.85,1348.65,0.0,170.42,12,0.08,Returning,Los Angeles,Sunny
2023-05-31,TRX-10898,PROD-4282,Leather Wallet,Accessories,16,15.91,203.65,0.2,417.52,13,0.18,Returning,Los Angeles,Snowy
2023-05-31,TRX-10899,PROD-0847,Winter Jacket,Apparel,7,137.42,769.55,0.2,73.21,11,0.13,VIP,Online,Rainy
2023-06-01,TRX-10900,PROD-6494,Sunglasses,Accessories,2,83.77,142.41,0.15,410.53,10,0.04,VIP,Online,Cloudy
2023-06-01,TRX-10901,PROD-5616,Denim Jeans,Apparel,7,39.05,273.35,0.0,333.0,11,0.05,VIP,New York,Snowy
2023-06-01,TRX-10902,PROD-4539,Portable Charger,Electronics,6,125.15,750.9,0.0,157.87,5,0.09,VIP,Los Angeles,Snowy
2023-06-01,TRX-10903,PROD-5960,Throw Pillow,Home Goods,9,20.15,154.15,0.15,60.41,11,0.26,New,Online,Sunny
2023-06-01,TRX-10904,PROD-8390,Smart Watch,Electronics,2,57.33,114.66,0.0,272.41,7,0.27,New,Online,Sunny
2023-06-01,TRX-10905,PROD-4282,Leather Wallet,Accessories,2,70.66,141.32,0.0,359.3,8,0.27,VIP,Online,Rainy
2023-06-02,TRX-10906,PROD-5616,Denim Jeans,Apparel,23,15.32,299.51,0.15,322.99,2,0.04,Returning,Chicago,Snowy
2023-06-02,TRX-10907,PROD-8390,Smart Watch,Electronics,2,81.24,162.48,0.0,322.75,10,0.01,VIP,Los Angeles,Rainy
2023-06-02,TRX-10908,PROD-9497,Ceramic Mug,Home Goods,3,123.48,370.44,0.0,87.55,13,0.28,Returning,Chicago,Snowy
2023-06-02,TRX-10909,PROD-3898,Cotton T-Shirt,Apparel,5,62.69,297.78,0.05,385.34,9,0.13,Returning,Los Angeles,Cloudy
2023-06-02,TRX-10910,PROD-3898,Cotton T-Shirt,Apparel,5,116.1,551.48,0.05,96.3,14,0.23,Returning,Los Angeles,Rainy
2023-06-02,TRX-10911,PROD-6494,Sunglasses,Accessories,5,132.14,528.56,0.2,193.44,3,0.18,Returning,Los Angeles,Cloudy
2023-06-03,TRX-10912,PROD-5960,Throw Pillow,Home Goods,1,124.34,111.91,0.1,163.88,8,0.09,VIP,Chicago,Snowy
2023-06-03,TRX-10913,PROD-8390,Smart Watch,Electronics,3,37.89,113.67,0.0,160.39,5,0.2,Returning,Los Angeles,Cloudy
2023-06-03,TRX-10914,PROD-8390,Smart Watch,Electronics,6,52.34,314.04,0.0,259.42,14,0.1,New,New York,Snowy
2023-06-03,TRX-10915,PROD-5960,Throw Pillow,Home Goods,9,41.18,370.62,0.0,372.32,14,0.26,New,Online,Snowy
2023-06-03,TRX-10916,PROD-9710,Scented Candle,Home Goods,8,37.99,288.72,0.05,71.06,6,0.13,New,Online,Rainy
2023-06-03,TRX-10917,PROD-5960,Throw Pillow,Home Goods,5,67.7,338.5,0.0,339.65,11,0.3,Returning,Chicago,Rainy
2023-06-04,TRX-10918,PROD-4282,Leather Wallet,Accessories,1,147.3,147.3,0.0,340.15,3,0.14,Returning,Chicago,Cloudy
2023-06-04,TRX-10919,PROD-9710,Scented Candle,Home Goods,6,69.83,398.03,0.05,325.54,8,0.09,Returning,Online,Sunny
2023-06-04,TRX-10920,PROD-5960,Throw Pillow,Home Goods,5,27.28,136.4,0.0,97.31,7,0.26,VIP,Online,Rainy
2023-06-04,TRX-10921,PROD-3898,Cotton T-Shirt,Apparel,6,44.09,211.63,0.2,456.3,2,0.28,New,Chicago,Sunny
2023-06-04,TRX-10922,PROD-8390,Smart Watch,Electronics,6,130.72,666.67,0.15,325.74,14,0.11,VIP,Los Angeles,Rainy
2023-06-04,TRX-10923,PROD-4282,Leather Wallet,Accessories,10,34.37,274.96,0.2,484.63,8,0.19,VIP,New York,Rainy
2023-06-05,TRX-10924,PROD-4260,Canvas Tote,Accessories,8,77.6,620.8,0.0,91.31,14,0.09,New,Chicago,Rainy
2023-06-05,TRX-10925,PROD-0847,Winter Jacket,Apparel,6,27.94,167.64,0.0,55.91,5,0.14,Returning,Los Angeles,Snowy
2023-06-05,TRX-10926,PROD-9357,Wireless Earbuds,Electronics,9,43.95,356.0,0.1,436.31,14,0.28,VIP,Online,Rainy
2023-06-05,TRX-10927,PROD-8390,Smart Watch,Electronics,8,43.32,277.25,0.2,329.22,5,0.23,New,New York,Cloudy
2023-06-05,TRX-10928,PROD-4282,Leather Wallet,Accessories,10,117.37,997.64,0.15,95.93,9,0.26,VIP,New York,Rainy
2023-06-05,TRX-10929,PROD-9357,Wireless Earbuds,Electronics,9,36.45,311.65,0.05,208.38,3,0.28,New,Chicago,Snowy
2023-06-06,TRX-10930,PROD-3898,Cotton T-Shirt,Apparel,6,67.64,405.84,0.0,248.6,7,0.03,VIP,Online,Snowy
2023-06-06,TRX-10931,PROD-5616,Denim Jeans,Apparel,5,37.95,170.78,0.1,323.35,10,0.13,VIP,New York,Rainy
2023-06-06,TRX-10932,PROD-8390,Smart Watch,Electronics,10,32.96,329.6,0.0,157.45,10,0.03,New,Online,Snowy
2023-06-06,TRX-10933,PROD-4282,Leather Wallet,Accessories,5,47.58,226.0,0.05,142.57,14,0.06,VIP,Chicago,Cloudy
2023-06-06,TRX-10934,PROD-8390,Smart Watch,Electronics,10,43.25,410.88,0.05,382.59,13,0.07,Returning,New York,Rainy
2023-06-06,TRX-10935,PROD-5616,Denim Jeans,Apparel,1,126.71,107.7,0.15,263.57,7,0.01,Returning,New York,Rainy
2023-06-07,TRX-10936,PROD-4539,Portable Charger,Electronics,1,62.21,59.1,0.05,442.95,9,0.03,New,Chicago,Rainy
2023-06-07,TRX-10937,PROD-3898,Cotton T-Shirt,Apparel,6,110.09,627.51,0.05,270.8,7,0.3,Returning,Online,Cloudy
2023-06-07,TRX-10938,PROD-9710,Scented Candle,Home Goods,15,16.33,220.45,0.1,398.54,11,0.15,Returning,New York,Rainy
2023-06-07,TRX-10939,PROD-4282,Leather Wallet,Accessories,8,96.56,772.48,0.0,159.97,13,0.21,Returning,Chicago,Rainy
2023-06-07,TRX-10940,PROD-8390,Smart Watch,Electronics,2,135.88,271.76,0.0,444.71,12,0.16,Returning,Los Angeles,Cloudy
2023-06-07,TRX-10941,PROD-9710,Scented Candle,Home Goods,5,66.67,333.35,0.0,135.76,11,0.16,Returning,New York,Snowy
2023-06-08,TRX-10942,PROD-4260,Canvas Tote,Accessories,5,154.22,771.1,0.0,486.26,9,0.28,New,Online,Rainy
2023-06-08,TRX-10943,PROD-5960,Throw Pillow,Home Goods,8,84.25,674.0,0.0,79.08,6,0.0,New,Los Angeles,Cloudy
2023-06-08,TRX-10944,PROD-8390,Smart Watch,Electronics,6,72.92,371.89,0.15,425.35,2,0.08,Returning,Chicago,Rainy
2023-06-08,TRX-10945,PROD-4539,Portable Charger,Electronics,4,56.65,215.27,0.05,313.35,3,0.09,New,Online,Cloudy
2023-06-08,TRX-10946,PROD-0847,Winter Jacket,Apparel,2,99.44,198.88,0.0,464.09,11,0.09,VIP,Online,Cloudy
2023-06-08,TRX-10947,PROD-0847,Winter Jacket,Apparel,7,112.7,710.01,0.1,139.79,6,0.03,VIP,Online,Rainy
2023-06-09,TRX-10948,PROD-6494,Sunglasses,Accessories,15,28.11,379.49,0.1,470.7,13,0.11,Returning,Online,Snowy
2023-06-09,TRX-10949,PROD-6494,Sunglasses,Accessories,1,83.65,66.92,0.2,239.41,14,0.04,Returning,Los Angeles,Cloudy
2023-06-09,TRX-10950,PROD-0847,Winter Jacket,Apparel,5,89.5,447.5,0.0,389.9,8,0.04,VIP,New York,Snowy
2023-06-09,TRX-10951,PROD-4282,Leather Wallet,Accessories,25,25.21,630.25,0.0,200.07,3,0.25,VIP,Online,Cloudy
2023-06-09,TRX-10952,PROD-8390,Smart Watch,Electronics,1,118.97,101.12,0.15,142.28,4,0.17,Returning,Los Angeles,Rainy
2023-06-09,TRX-10953,PROD-5616,Denim Jeans,Apparel,1,104.19,83.35,0.2,268.23,13,0.06,New,New York,Rainy
2023-06-10,TRX-10954,PROD-4539,Portable Charger,Electronics,20,26.42,528.4,0.0,424.73,9,0.12,New,Chicago,Snowy
2023-06-10,TRX-10955,PROD-4282,Leather Wallet,Accessories,9,134.33,1208.97,0.0,419.76,12,0.13,VIP,New York,Snowy
2023-06-10,TRX-10956,PROD-0847,Winter Jacket,Apparel,12,16.64,199.68,0.0,280.18,13,0.16,Returning,Online,Cloudy
2023-06-10,TRX-10957,PROD-5960,Throw Pillow,Home Goods,16,29.01,394.54,0.15,173.83,8,0.21,New,Online,Snowy
2023-06-10,TRX-10958,PROD-4282,Leather Wallet,Accessories,23,18.61,406.63,0.05,54.96,6,0.01,VIP,Online,Sunny
2023-06-10,TRX-10959,PROD-9497,Ceramic Mug,Home Goods,5,81.65,408.25,0.0,491.79,7,0.15,VIP,Los Angeles,Cloudy
2023-06-11,TRX-10960,PROD-4260,Canvas Tote,Accessories,16,24.21,329.26,0.15,373.64,7,0.14,New,Chicago,Cloudy
2023-06-11,TRX-10961,PROD-4282,Leather Wallet,Accessories,7,142.71,949.02,0.05,322.63,4,0.17,VIP,Chicago,Rainy
2023-06-11,TRX-10962,PROD-5960,Throw Pillow,Home Goods,10,139.58,1116.64,0.2,231.7,2,0.01,VIP,Los Angeles,Rainy
2023-06-11,TRX-10963,PROD-4539,Portable Charger,Electronics,8,31.89,255.12,0.0,391.96,14,0.24,VIP,Los Angeles,Sunny
2023-06-11,TRX-10964,PROD-0847,Winter Jacket,Apparel,7,142.42,996.94,0.0,77.87,6,0.03,VIP,New York,Snowy
2023-06-11,TRX-10965,PROD-5960,Throw Pillow,Home Goods,3,90.79,272.37,0.0,98.45,9,0.11,VIP,Los Angeles,Rainy
2023-06-12,TRX-10966,PROD-9710,Scented Candle,Home Goods,4,70.9,241.06,0.15,122.94,10,0.24,New,New York,Sunny
2023-06-12,TRX-10967,PROD-8390,Smart Watch,Electronics,5,18.09,90.45,0.0,398.47,11,0.16,New,Chicago,Rainy
2023-06-12,TRX-10968,PROD-4282,Leather Wallet,Accessories,8,129.17,930.02,0.1,208.45,11,0.27,New,New York,Snowy
2023-06-12,TRX-10969,PROD-4260,Canvas Tote,Accessories,2,60.13,120.26,0.0,402.07,6,0.03,Returning,Los Angeles,Sunny
2023-06-12,TRX-10970,PROD-9497,Ceramic Mug,Home Goods,5,49.23,233.84,0.05,366.47,3,0.26,New,Chicago,Sunny
2023-06-12,TRX-10971,PROD-0847,Winter Jacket,Apparel,7,140.8,887.04,0.1,75.49,13,0.27,VIP,Online,Cloudy
2023-06-13,TRX-10972,PROD-8390,Smart Watch,Electronics,6,57.74,277.15,0.2,76.73,5,0.16,VIP,Chicago,Sunny
2023-06-13,TRX-10973,PROD-5616,Denim Jeans,Apparel,24,27.07,552.23,0.15,425.75,14,0.01,New,Online,Sunny
2023-06-13,TRX-10974,PROD-4282,Leather Wallet,Accessories,1,46.8,44.46,0.05,278.42,12,0.11,Returning,Chicago,Rainy
2023-06-13,TRX-10975,PROD-8390,Smart Watch,Electronics,11,19.6,194.04,0.1,323.66,8,0.2,VIP,New York,Snowy
2023-06-13,TRX-10976,PROD-9357,Wireless Earbuds,Electronics,7,122.99,731.79,0.15,242.08,4,0.03,New,Chicago,Cloudy
2023-06-13,TRX-10977,PROD-5616,Denim Jeans,Apparel,4,67.39,269.56,0.0,314.88,5,0.12,VIP,New York,Sunny
2023-06-14,TRX-10978,PROD-3898,Cotton T-Shirt,Apparel,10,23.45,234.5,0.0,69.67,7,0.18,New,Chicago,Rainy
2023-06-14,TRX-10979,PROD-6494,Sunglasses,Accessories,2,107.02,214.04,0.0,472.27,5,0.15,VIP,Chicago,Rainy
2023-06-14,TRX-10980,PROD-4260,Canvas Tote,Accessories,9,54.38,489.42,0.0,441.04,5,0.16,Returning,Chicago,Sunny
2023-06-14,TRX-10981,PROD-9357,Wireless Earbuds,Electronics,10,142.17,1350.61,0.05,175.9,5,0.27,VIP,Los Angeles,Cloudy
2023-06-14,TRX-10982,PROD-3898,Cotton T-Shirt,Apparel,3,69.4,208.2,0.0,490.06,13,0.13,Returning,New York,Sunny
2023-06-14,TRX-10983,PROD-4282,Leather Wallet,Accessories,5,52.4,209.6,0.2,484.29,2,0.08,VIP,Online,Snowy
2023-06-15,TRX-10984,PROD-9357,Wireless Earbuds,Electronics,4,60.83,231.15,0.05,132.99,8,0.16,VIP,Chicago,Sunny
2023-06-15,TRX-10985,PROD-9497,Ceramic Mug,Home Goods,6,144.87,695.38,0.2,458.35,14,0.23,New,New York,Cloudy
2023-06-15,TRX-10986,PROD-6494,Sunglasses,Accessories,1,130.99,104.79,0.2,99.14,8,0.29,VIP,Chicago,Snowy
2023-06-15,TRX-10987,PROD-4260,Canvas Tote,Accessories,5,118.13,590.65,0.0,482.14,9,0.22,New,Los Angeles,Sunny
2023-06-15,TRX-10988,PROD-5960,Throw Pillow,Home Goods,4,131.5,420.8,0.2,294.26,7,0.17,New,Chicago,Cloudy
2023-06-15,TRX-10989,PROD-5960,Throw Pillow,Home Goods,10,50.31,503.1,0.0,105.94,11,0.2,Returning,Los Angeles,Snowy
2023-06-16,TRX-10990,PROD-4282,Leather Wallet,Accessories,6,73.89,421.17,0.05,336.98,10,0.07,New,New York,Cloudy
2023-06-16,TRX-10991,PROD-9497,Ceramic Mug,Home Goods,5,70.86,354.3,0.0,441.07,4,0.07,New,Los Angeles,Sunny
2023-06-16,TRX-10992,PROD-3898,Cotton T-Shirt,Apparel,9,96.84,697.25,0.2,248.14,7,0.01,VIP,Los Angeles,Sunny
2023-06-16,TRX-10993,PROD-9710,Scented Candle,Home Goods,16,18.36,264.38,0.1,373.24,11,0.07,New,New York,Snowy
2023-06-16,TRX-10994,PROD-4539,Portable Charger,Electronics,23,23.95,550.85,0.0,423.11,12,0.12,VIP,Online,Cloudy
2023-06-16,TRX-10995,PROD-3898,Cotton T-Shirt,Apparel,6,62.49,356.19,0.05,453.83,7,0.14,Returning,New York,Rainy
2023-06-17,TRX-10996,PROD-9497,Ceramic Mug,Home Goods,10,50.47,504.7,0.0,97.8,5,0.24,VIP,Chicago,Rainy
2023-06-17,TRX-10997,PROD-4260,Canvas Tote,Accessories,17,20.28,275.81,0.2,499.02,3,0.29,New,Online,Sunny
2023-06-17,TRX-10998,PROD-4539,Portable Charger,Electronics,8,79.15,633.2,0.0,171.13,11,0.09,New,Chicago,Rainy
2023-06-17,TRX-10999,PROD-9497,Ceramic Mug,Home Goods,2,80.33,136.56,0.15,158.47,13,0.29,Returning,Chicago,Sunny
2023-06-17,TRX-11000,PROD-5960,Throw Pillow,Home Goods,8,90.17,649.22,0.1,153.66,14,0.13,VIP,Los Angeles,Rainy
2023-06-17,TRX-11001,PROD-4260,Canvas Tote,Accessories,5,87.14,348.56,0.2,179.1,7,0.04,Returning,Online,Rainy
2023-06-18,TRX-11002,PROD-4260,Canvas Tote,Accessories,3,125.9,358.82,0.05,56.98,3,0.13,VIP,Online,Sunny
2023-06-18,TRX-11003,PROD-3898,Cotton T-Shirt,Apparel,3,115.42,346.26,0.0,109.57,10,0.28,Returning,Chicago,Rainy
2023-06-18,TRX-11004,PROD-4260,Canvas Tote,Accessories,2,94.01,188.02,0.0,453.84,7,0.18,VIP,New York,Sunny
2023-06-18,TRX-11005,PROD-4539,Portable Charger,Electronics,7,151.83,903.39,0.15,252.39,8,0.09,Returning,Los Angeles,Rainy
2023-06-18,TRX-11006,PROD-8390,Smart Watch,Electronics,6,138.45,706.09,0.15,342.23,8,0.1,New,Chicago,Sunny
2023-06-18,TRX-11007,PROD-5616,Denim Jeans,Apparel,9,74.22,601.18,0.1,310.92,8,0.09,Returning,Chicago,Rainy
2023-06-19,TRX-11008,PROD-3898,Cotton T-Shirt,Apparel,4,130.75,496.85,0.05,283.61,11,0.26,Returning,New York,Cloudy
2023-06-19,TRX-11009,PROD-9497,Ceramic Mug,Home Goods,19,29.6,562.4,0.0,448.41,6,0.28,Returning,New York,Rainy
2023-06-19,TRX-11010,PROD-9497,Ceramic Mug,Home Goods,21,28.25,474.6,0.2,125.98,11,0.27,VIP,Los Angeles,Sunny
2023-06-19,TRX-11011,PROD-4282,Leather Wallet,Accessories,10,62.06,589.57,0.05,379.44,10,0.04,Returning,Chicago,Sunny
2023-06-19,TRX-11012,PROD-9357,Wireless Earbuds,Electronics,2,134.82,215.71,0.2,111.57,6,0.22,New,Chicago,Sunny
2023-06-19,TRX-11013,PROD-0847,Winter Jacket,Apparel,15,23.32,349.8,0.0,254.06,13,0.15,New,Chicago,Sunny
2023-06-20,TRX-11014,PROD-4282,Leather Wallet,Accessories,6,149.16,894.96,0.0,428.64,12,0.25,VIP,New York,Sunny
2023-06-20,TRX-11015,PROD-3898,Cotton T-Shirt,Apparel,4,101.16,343.94,0.15,138.06,9,0.05,New,Online,Cloudy
2023-06-20,TRX-11016,PROD-3898,Cotton T-Shirt,Apparel,9,92.41,665.35,0.2,375.48,5,0.0,New,Online,Rainy
2023-06-20,TRX-11017,PROD-3898,Cotton T-Shirt,Apparel,7,68.07,405.02,0.15,312.75,12,0.1,VIP,Los Angeles,Cloudy
2023-06-20,TRX-11018,PROD-5616,Denim Jeans,Apparel,7,104.97,661.31,0.1,210.71,9,0.09,New,New York,Cloudy
2023-06-20,TRX-11019,PROD-6494,Sunglasses,Accessories,2,60.84,121.68,0.0,259.13,7,0.2,Returning,Online,Rainy
2023-06-21,TRX-11020,PROD-6494,Sunglasses,Accessories,1,99.74,99.74,0.0,170.57,5,0.27,Returning,New York,Cloudy
2023-06-21,TRX-11021,PROD-5960,Throw Pillow,Home Goods,8,56.62,430.31,0.05,229.41,2,0.08,VIP,Los Angeles,Cloudy
2023-06-21,TRX-11022,PROD-9357,Wireless Earbuds,Electronics,3,71.23,192.32,0.1,142.79,12,0.03,VIP,Chicago,Rainy
2023-06-21,TRX-11023,PROD-4539,Portable Charger,Electronics,15,17.42,261.3,0.0,395.08,10,0.02,New,Los Angeles,Cloudy
2023-06-21,TRX-11024,PROD-3898,Cotton T-Shirt,Apparel,4,125.47,501.88,0.0,410.58,7,0.1,New,Los Angeles,Sunny
2023-06-21,TRX-11025,PROD-8390,Smart Watch,Electronics,9,117.56,1005.14,0.05,406.1,2,0.05,Returning,New York,Rainy
2023-06-22,TRX-11026,PROD-3898,Cotton T-Shirt,Apparel,7,47.88,284.89,0.15,230.34,13,0.26,New,New York,Sunny
2023-06-22,TRX-11027,PROD-4282,Leather Wallet,Accessories,24,18.11,434.64,0.0,93.0,11,0.24,New,Chicago,Cloudy
2023-06-22,TRX-11028,PROD-4260,Canvas Tote,Accessories,8,110.81,886.48,0.0,94.86,12,0.17,Returning,Chicago,Snowy
2023-06-22,TRX-11029,PROD-8390,Smart Watch,Electronics,8,147.31,1178.48,0.0,458.45,10,0.15,Returning,New York,Snowy
2023-06-22,TRX-11030,PROD-6494,Sunglasses,Accessories,8,123.03,984.24,0.0,310.05,2,0.12,New,Online,Cloudy
2023-06-22,TRX-11031,PROD-4260,Canvas Tote,Accessories,9,28.58,205.78,0.2,333.46,3,0.03,New,Los Angeles,Snowy
2023-06-23,TRX-11032,PROD-3898,Cotton T-Shirt,Apparel,8,34.87,251.06,0.1,375.36,11,0.23,New,Online,Cloudy
2023-06-23,TRX-11033,PROD-6494,Sunglasses,Accessories,1,122.66,122.66,0.0,360.05,11,0.12,New,Chicago,Rainy
2023-06-23,TRX-11034,PROD-4260,Canvas Tote,Accessories,4,90.05,360.2,0.0,257.62,9,0.15,VIP,New York,Sunny
2023-06-23,TRX-11035,PROD-4260,Canvas Tote,Accessories,5,23.56,117.8,0.0,283.97,3,0.05,Returning,New York,Sunny
2023-06-23,TRX-11036,PROD-6494,Sunglasses,Accessories,8,40.35,322.8,0.0,387.05,10,0.13,New,Chicago,Sunny
2023-06-23,TRX-11037,PROD-6494,Sunglasses,Accessories,5,120.72,543.24,0.1,195.07,7,0.17,New,Los Angeles,Cloudy
2023-06-24,TRX-11038,PROD-0847,Winter Jacket,Apparel,10,139.82,1398.2,0.0,262.45,5,0.28,VIP,Los Angeles,Rainy
2023-06-24,TRX-11039,PROD-4282,Leather Wallet,Accessories,8,54.17,433.36,0.0,496.99,2,0.09,New,Los Angeles,Sunny
2023-06-24,TRX-11040,PROD-6494,Sunglasses,Accessories,24,28.48,683.52,0.0,80.05,12,0.17,New,Chicago,Sunny
2023-06-24,TRX-11041,PROD-5616,Denim Jeans,Apparel,7,57.76,363.89,0.1,378.2,7,0.19,Returning,Chicago,Rainy
2023-06-24,TRX-11042,PROD-4539,Portable Charger,Electronics,5,37.22,186.1,0.0,168.32,3,0.04,VIP,Online,Cloudy
2023-06-24,TRX-11043,PROD-5960,Throw Pillow,Home Goods,8,137.1,1096.8,0.0,125.64,14,0.07,New,New York,Rainy
2023-06-25,TRX-11044,PROD-3898,Cotton T-Shirt,Apparel,2,71.27,142.54,0.0,111.64,14,0.13,VIP,Online,Cloudy
2023-06-25,TRX-11045,PROD-5960,Throw Pillow,Home Goods,7,111.5,741.47,0.05,398.26,13,0.14,Returning,Chicago,Sunny
2023-06-25,TRX-11046,PROD-3898,Cotton T-Shirt,Apparel,3,152.16,365.18,0.2,246.76,9,0.15,Returning,New York,Snowy
2023-06-25,TRX-11047,PROD-9497,Ceramic Mug,Home Goods,19,17.92,272.38,0.2,351.52,13,0.13,VIP,Los Angeles,Snowy
2023-06-25,TRX-11048,PROD-9497,Ceramic Mug,Home Goods,4,154.95,588.81,0.05,212.45,5,0.0,Returning,Chicago,Sunny
2023-06-25,TRX-11049,PROD-9710,Scented Candle,Home Goods,5,74.8,374.0,0.0,341.25,12,0.14,New,Chicago,Cloudy
2023-06-26,TRX-11050,PROD-4539,Portable Charger,Electronics,8,135.31,974.23,0.1,334.51,9,0.05,VIP,New York,Sunny
2023-06-26,TRX-11051,PROD-9497,Ceramic Mug,Home Goods,3,101.91,244.58,0.2,432.92,3,0.13,New,New York,Snowy
2023-06-26,TRX-11052,PROD-9357,Wireless Earbuds,Electronics,11,28.41,265.63,0.15,326.3,2,0.1,VIP,Chicago,Rainy
2023-06-26,TRX-11053,PROD-5960,Throw Pillow,Home Goods,18,17.47,251.57,0.2,350.48,2,0.02,VIP,Los Angeles,Cloudy
2023-06-26,TRX-11054,PROD-8390,Smart Watch,Electronics,4,71.5,243.1,0.15,277.46,4,0.19,New,Chicago,Cloudy
2023-06-26,TRX-11055,PROD-9497,Ceramic Mug,Home Goods,2,61.93,111.47,0.1,468.62,3,0.03,New,Los Angeles,Sunny
2023-06-27,TRX-11056,PROD-5616,Denim Jeans,Apparel,3,103.64,248.74,0.2,54.7,12,0.11,New,Los Angeles,Cloudy
2023-06-27,TRX-11057,PROD-0847,Winter Jacket,Apparel,1,108.44,103.02,0.05,367.66,4,0.08,VIP,Chicago,Snowy
2023-06-27,TRX-11058,PROD-3898,Cotton T-Shirt,Apparel,5,48.71,243.55,0.0,363.9,6,0.03,Returning,Chicago,Cloudy
2023-06-27,TRX-11059,PROD-4260,Canvas Tote,Accessories,10,100.65,956.17,0.05,120.07,11,0.06,VIP,Online,Cloudy
2023-06-27,TRX-11060,PROD-9497,Ceramic Mug,Home Goods,9,66.93,481.9,0.2,384.41,6,0.03,New,Chicago,Rainy
2023-06-27,TRX-11061,PROD-6494,Sunglasses,Accessories,25,17.76,444.0,0.0,263.84,9,0.18,Returning,Online,Sunny
2023-06-28,TRX-11062,PROD-5960,Throw Pillow,Home Goods,5,28.3,141.5,0.0,239.63,7,0.1,New,Los Angeles,Cloudy
2023-06-28,TRX-11063,PROD-9497,Ceramic Mug,Home Goods,1,73.13,69.47,0.05,414.15,9,0.18,VIP,Online,Snowy
2023-06-28,TRX-11064,PROD-4282,Leather Wallet,Accessories,6,47.85,272.75,0.05,355.35,6,0.01,New,New York,Snowy
2023-06-28,TRX-11065,PROD-6494,Sunglasses,Accessories,1,140.93,140.93,0.0,280.49,6,0.27,VIP,Los Angeles,Rainy
2023-06-28,TRX-11066,PROD-0847,Winter Jacket,Apparel,2,65.49,130.98,0.0,406.79,4,0.24,Returning,Online,Rainy
2023-06-28,TRX-11067,PROD-4282,Leather Wallet,Accessories,3,97.69,293.07,0.0,188.39,4,0.07,New,Online,Sunny
2023-06-29,TRX-11068,PROD-3898,Cotton T-Shirt,Apparel,6,114.86,689.16,0.0,264.8,7,0.03,VIP,Online,Rainy
2023-06-29,TRX-11069,PROD-4260,Canvas Tote,Accessories,4,65.32,209.02,0.2,462.63,8,0.04,New,Online,Cloudy
2023-06-29,TRX-11070,PROD-5960,Throw Pillow,Home Goods,7,111.89,704.91,0.1,82.25,9,0.2,VIP,New York,Rainy
2023-06-29,TRX-11071,PROD-3898,Cotton T-Shirt,Apparel,1,62.76,56.48,0.1,319.63,8,0.27,VIP,Los Angeles,Rainy
2023-06-29,TRX-11072,PROD-4282,Leather Wallet,Accessories,7,20.14,140.98,0.0,222.83,4,0.13,Returning,Chicago,Snowy
2023-06-29,TRX-11073,PROD-4282,Leather Wallet,Accessories,3,54.81,164.43,0.0,229.2,10,0.25,Returning,New York,Cloudy
2023-06-30,TRX-11074,PROD-4539,Portable Charger,Electronics,1,139.41,139.41,0.0,193.56,11,0.15,VIP,Online,Sunny
2023-06-30,TRX-11075,PROD-4260,Canvas Tote,Accessories,1,141.75,141.75,0.0,241.24,13,0.19,VIP,Online,Cloudy
2023-06-30,TRX-11076,PROD-4260,Canvas Tote,Accessories,6,60.66,363.96,0.0,403.47,8,0.16,Returning,New York,Rainy
2023-06-30,TRX-11077,PROD-9357,Wireless Earbuds,Electronics,5,148.94,744.7,0.0,281.7,11,0.22,Returning,Online,Sunny
2023-06-30,TRX-11078,PROD-6494,Sunglasses,Accessories,19,21.88,415.72,0.0,72.53,11,0.21,Returning,Online,Cloudy
2023-06-30,TRX-11079,PROD-9497,Ceramic Mug,Home Goods,6,82.6,470.82,0.05,57.88,7,0.09,New,New York,Cloudy
2023-07-01,TRX-11080,PROD-4539,Portable Charger,Electronics,2,108.95,196.11,0.1,92.56,13,0.04,Returning,Online,Cloudy
2023-07-01,TRX-11081,PROD-9710,Scented Candle,Home Goods,9,102.49,830.17,0.1,256.29,3,0.1,New,Los Angeles,Sunny
2023-07-01,TRX-11082,PROD-4260,Canvas Tote,Accessories,5,134.92,640.87,0.05,230.33,4,0.29,Returning,New York,Snowy
2023-07-01,TRX-11083,PROD-8390,Smart Watch,Electronics,10,101.18,910.62,0.1,292.62,14,0.07,New,Chicago,Snowy
2023-07-01,TRX-11084,PROD-5616,Denim Jeans,Apparel,3,54.06,162.18,0.0,275.7,2,0.18,New,Chicago,Cloudy
2023-07-01,TRX-11085,PROD-9357,Wireless Earbuds,Electronics,3,45.39,136.17,0.0,170.17,11,0.24,VIP,Chicago,Sunny
2023-07-02,TRX-11086,PROD-3898,Cotton T-Shirt,Apparel,7,16.83,106.03,0.1,179.52,13,0.18,Returning,Online,Cloudy
2023-07-02,TRX-11087,PROD-6494,Sunglasses,Accessories,6,126.83,760.98,0.0,205.86,9,0.05,VIP,Online,Rainy
2023-07-02,TRX-11088,PROD-0847,Winter Jacket,Apparel,10,66.34,663.4,0.0,334.12,10,0.3,New,Los Angeles,Cloudy
2023-07-02,TRX-11089,PROD-9710,Scented Candle,Home Goods,8,115.24,921.92,0.0,120.16,11,0.05,Returning,Online,Snowy
2023-07-02,TRX-11090,PROD-9357,Wireless Earbuds,Electronics,4,89.95,341.81,0.05,464.53,4,0.11,New,New York,Snowy
2023-07-02,TRX-11091,PROD-3898,Cotton T-Shirt,Apparel,3,151.04,362.5,0.2,121.6,14,0.3,Returning,Online,Cloudy
2023-07-03,TRX-11092,PROD-5616,Denim Jeans,Apparel,6,130.52,665.65,0.15,97.54,12,0.29,VIP,Chicago,Snowy
2023-07-03,TRX-11093,PROD-5616,Denim Jeans,Apparel,8,81.21,649.68,0.0,465.76,4,0.12,New,Chicago,Snowy
2023-07-03,TRX-11094,PROD-0847,Winter Jacket,Apparel,7,134.28,892.96,0.05,234.63,12,0.01,New,Los Angeles,Sunny
2023-07-03,TRX-11095,PROD-4282,Leather Wallet,Accessories,10,55.93,475.4,0.15,262.36,3,0.29,New,Online,Rainy
2023-07-03,TRX-11096,PROD-5616,Denim Jeans,Apparel,3,69.68,198.59,0.05,471.71,5,0.1,Returning,New York,Sunny
2023-07-03,TRX-11097,PROD-0847,Winter Jacket,Apparel,10,73.32,696.54,0.05,495.37,14,0.05,Returning,New York,Cloudy
2023-07-04,TRX-11098,PROD-3898,Cotton T-Shirt,Apparel,1,84.56,71.88,0.15,64.55,12,0.12,VIP,Online,Snowy
2023-07-04,TRX-11099,PROD-9357,Wireless Earbuds,Electronics,9,155.33,1397.97,0.0,372.11,11,0.19,VIP,New York,Snowy
2023-07-04,TRX-11100,PROD-4260,Canvas Tote,Accessories,6,24.51,147.06,0.0,229.74,10,0.19,Returning,Online,Sunny
2023-07-04,TRX-11101,PROD-8390,Smart Watch,Electronics,10,136.03,1088.24,0.2,406.23,13,0.05,Returning,Chicago,Rainy
2023-07-04,TRX-11102,PROD-5616,Denim Jeans,Apparel,2,39.87,75.75,0.05,454.64,9,0.23,Returning,Chicago,Cloudy
2023-07-04,TRX-11103,PROD-6494,Sunglasses,Accessories,10,126.14,1261.4,0.0,317.49,14,0.04,VIP,Chicago,Sunny
2023-07-05,TRX-11104,PROD-5616,Denim Jeans,Apparel,5,94.97,403.62,0.15,121.24,12,0.09,VIP,Online,Cloudy
2023-07-05,TRX-11105,PROD-0847,Winter Jacket,Apparel,10,114.51,1145.1,0.0,436.62,6,0.19,New,Los Angeles,Cloudy
2023-07-05,TRX-11106,PROD-0847,Winter Jacket,Apparel,21,16.18,288.81,0.15,441.6,10,0.12,VIP,Los Angeles,Cloudy
2023-07-05,TRX-11107,PROD-0847,Winter Jacket,Apparel,6,125.27,714.04,0.05,439.43,9,0.19,VIP,Online,Rainy
2023-07-05,TRX-11108,PROD-6494,Sunglasses,Accessories,15,18.43,276.45,0.0,189.19,5,0.05,VIP,New York,Rainy
2023-07-05,TRX-11109,PROD-9710,Scented Candle,Home Goods,1,83.36,66.69,0.2,385.82,14,0.24,New,Los Angeles,Cloudy
2023-07-06,TRX-11110,PROD-9357,Wireless Earbuds,Electronics,9,108.57,977.13,0.0,172.16,10,0.25,VIP,New York,Sunny
2023-07-06,TRX-11111,PROD-4260,Canvas Tote,Accessories,3,81.23,207.14,0.15,471.35,5,0.07,VIP,Online,Rainy
2023-07-06,TRX-11112,PROD-4539,Portable Charger,Electronics,4,48.61,165.27,0.15,423.81,3,0.27,New,Chicago,Sunny
2023-07-06,TRX-11113,PROD-3898,Cotton T-Shirt,Apparel,8,50.44,383.34,0.05,94.22,14,0.02,VIP,New York,Rainy
2023-07-06,TRX-11114,PROD-4282,Leather Wallet,Accessories,2,74.3,133.74,0.1,315.22,11,0.15,VIP,New York,Snowy
2023-07-06,TRX-11115,PROD-4539,Portable Charger,Electronics,4,142.15,511.74,0.1,412.59,11,0.23,New,Chicago,Snowy
2023-07-07,TRX-11116,PROD-9710,Scented Candle,Home Goods,8,96.77,696.74,0.1,177.69,12,0.09,VIP,Los Angeles,Cloudy
2023-07-07,TRX-11117,PROD-5960,Throw Pillow,Home Goods,8,87.3,698.4,0.0,489.75,4,0.15,Returning,Online,Snowy
2023-07-07,TRX-11118,PROD-3898,Cotton T-Shirt,Apparel,14,23.53,329.42,0.0,466.38,9,0.1,VIP,Los Angeles,Rainy
2023-07-07,TRX-11119,PROD-8390,Smart Watch,Electronics,6,43.8,210.24,0.2,288.68,3,0.21,VIP,Los Angeles,Rainy
2023-07-07,TRX-11120,PROD-9497,Ceramic Mug,Home Goods,3,40.06,96.14,0.2,121.07,12,0.05,VIP,Online,Snowy
2023-07-07,TRX-11121,PROD-9497,Ceramic Mug,Home Goods,5,140.14,700.7,0.0,115.24,7,0.22,VIP,Chicago,Snowy
2023-07-08,TRX-11122,PROD-9710,Scented Candle,Home Goods,1,95.83,76.66,0.2,472.99,2,0.29,Returning,Los Angeles,Snowy
2023-07-08,TRX-11123,PROD-9497,Ceramic Mug,Home Goods,5,118.03,590.15,0.0,424.65,2,0.1,Returning,Chicago,Rainy
2023-07-08,TRX-11124,PROD-0847,Winter Jacket,Apparel,2,88.81,177.62,0.0,159.41,7,0.22,VIP,Online,Sunny
2023-07-08,TRX-11125,PROD-4260,Canvas Tote,Accessories,4,150.53,602.12,0.0,494.12,11,0.11,New,New York,Cloudy
2023-07-08,TRX-11126,PROD-5960,Throw Pillow,Home Goods,2,70.37,133.7,0.05,110.43,13,0.02,VIP,Online,Rainy
2023-07-08,TRX-11127,PROD-0847,Winter Jacket,Apparel,2,52.02,98.84,0.05,160.35,11,0.16,VIP,Chicago,Cloudy
2023-07-09,TRX-11128,PROD-8390,Smart Watch,Electronics,6,108.93,522.86,0.2,212.55,14,0.13,New,Los Angeles,Cloudy
2023-07-09,TRX-11129,PROD-4282,Leather Wallet,Accessories,5,74.63,373.15,0.0,321.63,2,0.04,VIP,Online,Snowy
2023-07-09,TRX-11130,PROD-6494,Sunglasses,Accessories,1,130.89,117.8,0.1,218.06,11,0.13,New,Chicago,Snowy
2023-07-09,TRX-11131,PROD-5960,Throw Pillow,Home Goods,2,54.86,98.75,0.1,91.46,10,0.23,VIP,Los Angeles,Sunny
2023-07-09,TRX-11132,PROD-4260,Canvas Tote,Accessories,2,96.42,154.27,0.2,357.78,6,0.14,VIP,Los Angeles,Cloudy
2023-07-09,TRX-11133,PROD-8390,Smart Watch,Electronics,9,99.18,714.1,0.2,361.66,8,0.27,Returning,Chicago,Sunny
2023-07-10,TRX-11134,PROD-4282,Leather Wallet,Accessories,9,15.58,140.22,0.0,435.01,11,0.2,Returning,Online,Rainy
2023-07-10,TRX-11135,PROD-5960,Throw Pillow,Home Goods,3,122.9,368.7,0.0,188.82,3,0.01,VIP,New York,Rainy
2023-07-10,TRX-11136,PROD-9497,Ceramic Mug,Home Goods,4,57.02,193.87,0.15,143.96,6,0.05,Returning,Los Angeles,Rainy
2023-07-10,TRX-11137,PROD-9497,Ceramic Mug,Home Goods,8,36.21,289.68,0.0,425.37,8,0.01,VIP,Los Angeles,Snowy
2023-07-10,TRX-11138,PROD-9357,Wireless Earbuds,Electronics,7,69.73,439.3,0.1,416.52,3,0.29,VIP,New York,Rainy
2023-07-10,TRX-11139,PROD-3898,Cotton T-Shirt,Apparel,6,148.83,759.03,0.15,497.91,8,0.06,New,Chicago,Snowy
2023-07-11,TRX-11140,PROD-5960,Throw Pillow,Home Goods,5,29.86,141.84,0.05,411.54,8,0.29,New,Chicago,Cloudy
2023-07-11,TRX-11141,PROD-9497,Ceramic Mug,Home Goods,5,78.73,393.65,0.0,499.87,3,0.2,Returning,Online,Sunny
2023-07-11,TRX-11142,PROD-5960,Throw Pillow,Home Goods,3,98.77,237.05,0.2,162.05,11,0.0,VIP,Los Angeles,Rainy
2023-07-11,TRX-11143,PROD-4282,Leather Wallet,Accessories,14,24.67,345.38,0.0,327.9,4,0.13,New,Los Angeles,Rainy
2023-07-11,TRX-11144,PROD-9497,Ceramic Mug,Home Goods,4,109.79,439.16,0.0,231.64,7,0.27,Returning,Chicago,Sunny
2023-07-11,TRX-11145,PROD-9357,Wireless Earbuds,Electronics,9,18.74,160.23,0.05,70.92,8,0.23,VIP,Los Angeles,Rainy
2023-07-12,TRX-11146,PROD-8390,Smart Watch,Electronics,7,58.63,410.41,0.0,100.58,9,0.14,Returning,Online,Rainy
2023-07-12,TRX-11147,PROD-9357,Wireless Earbuds,Electronics,5,85.63,428.15,0.0,195.29,10,0.11,VIP,New York,Snowy
2023-07-12,TRX-11148,PROD-4260,Canvas Tote,Accessories,3,129.01,387.03,0.0,281.63,14,0.28,New,New York,Sunny
2023-07-12,TRX-11149,PROD-6494,Sunglasses,Accessories,4,124.1,496.4,0.0,133.08,12,0.09,VIP,Online,Cloudy
2023-07-12,TRX-11150,PROD-5616,Denim Jeans,Apparel,10,74.29,631.47,0.15,470.58,2,0.22,Returning,New York,Rainy
2023-07-12,TRX-11151,PROD-3898,Cotton T-Shirt,Apparel,4,31.1,124.4,0.0,228.54,2,0.17,Returning,Chicago,Rainy
2023-07-13,TRX-11152,PROD-6494,Sunglasses,Accessories,5,147.62,664.29,0.1,247.94,13,0.08,VIP,Chicago,Cloudy
2023-07-13,TRX-11153,PROD-5616,Denim Jeans,Apparel,9,65.57,560.62,0.05,348.46,12,0.26,VIP,Chicago,Sunny
2023-07-13,TRX-11154,PROD-9710,Scented Candle,Home Goods,3,111.16,333.48,0.0,152.21,9,0.25,New,Chicago,Rainy
2023-07-13,TRX-11155,PROD-9710,Scented Candle,Home Goods,2,76.91,123.06,0.2,487.26,4,0.12,VIP,Los Angeles,Rainy
2023-07-13,TRX-11156,PROD-3898,Cotton T-Shirt,Apparel,9,43.87,355.35,0.1,400.97,11,0.26,VIP,New York,Cloudy
2023-07-13,TRX-11157,PROD-0847,Winter Jacket,Apparel,6,143.75,862.5,0.0,95.06,4,0.19,VIP,Los Angeles,Rainy
2023-07-14,TRX-11158,PROD-4282,Leather Wallet,Accessories,7,57.41,401.87,0.0,225.4,10,0.29,Returning,Online,Cloudy
2023-07-14,TRX-11159,PROD-0847,Winter Jacket,Apparel,5,127.49,541.83,0.15,300.09,6,0.06,VIP,New York,Sunny
2023-07-14,TRX-11160,PROD-4282,Leather Wallet,Accessories,4,36.63,139.19,0.05,403.84,12,0.13,VIP,Los Angeles,Rainy
2023-07-14,TRX-11161,PROD-9497,Ceramic Mug,Home Goods,3,49.64,141.47,0.05,105.56,13,0.18,VIP,Los Angeles,Rainy
2023-07-14,TRX-11162,PROD-4282,Leather Wallet,Accessories,1,111.26,94.57,0.15,102.78,6,0.16,VIP,Online,Rainy
2023-07-14,TRX-11163,PROD-6494,Sunglasses,Accessories,10,127.04,1206.88,0.05,119.15,14,0.27,Returning,Chicago,Sunny
2023-07-15,TRX-11164,PROD-6494,Sunglasses,Accessories,10,30.03,300.3,0.0,444.31,13,0.26,Returning,Chicago,Rainy
2023-07-15,TRX-11165,PROD-8390,Smart Watch,Electronics,10,152.77,1222.16,0.2,213.15,12,0.15,VIP,Online,Snowy
2023-07-15,TRX-11166,PROD-4539,Portable Charger,Electronics,5,30.78,153.9,0.0,338.12,7,0.13,Returning,Chicago,Sunny
2023-07-15,TRX-11167,PROD-8390,Smart Watch,Electronics,10,110.95,1054.02,0.05,149.62,8,0.2,New,Online,Snowy
2023-07-15,TRX-11168,PROD-4282,Leather Wallet,Accessories,2,97.96,176.33,0.1,92.71,14,0.07,VIP,Online,Snowy
2023-07-15,TRX-11169,PROD-9357,Wireless Earbuds,Electronics,8,101.13,728.14,0.1,438.54,2,0.28,VIP,Online,Sunny
2023-07-16,TRX-11170,PROD-0847,Winter Jacket,Apparel,6,40.43,242.58,0.0,181.52,8,0.24,VIP,Online,Cloudy
2023-07-16,TRX-11171,PROD-5960,Throw Pillow,Home Goods,4,67.27,269.08,0.0,250.7,2,0.1,VIP,Chicago,Rainy
2023-07-16,TRX-11172,PROD-0847,Winter Jacket,Apparel,6,120.18,612.92,0.15,230.59,7,0.23,New,Online,Sunny
2023-07-16,TRX-11173,PROD-9710,Scented Candle,Home Goods,4,102.93,411.72,0.0,422.91,3,0.27,New,Online,Cloudy
2023-07-16,TRX-11174,PROD-4260,Canvas Tote,Accessories,5,39.19,156.76,0.2,368.33,7,0.1,Returning,Chicago,Rainy
2023-07-16,TRX-11175,PROD-5616,Denim Jeans,Apparel,14,16.09,202.73,0.1,365.1,10,0.09,VIP,Los Angeles,Snowy
2023-07-17,TRX-11176,PROD-8390,Smart Watch,Electronics,17,28.77,391.27,0.2,168.52,13,0.1,Returning,Online,Rainy
2023-07-17,TRX-11177,PROD-4282,Leather Wallet,Accessories,5,135.18,608.31,0.1,306.55,3,0.1,New,Online,Sunny
2023-07-17,TRX-11178,PROD-0847,Winter Jacket,Apparel,1,39.47,37.5,0.05,151.01,13,0.29,New,Los Angeles,Snowy
2023-07-17,TRX-11179,PROD-3898,Cotton T-Shirt,Apparel,5,15.82,63.28,0.2,325.5,9,0.12,VIP,Los Angeles,Snowy
2023-07-17,TRX-11180,PROD-0847,Winter Jacket,Apparel,7,95.8,570.01,0.15,167.67,14,0.29,Returning,Online,Cloudy
2023-07-17,TRX-11181,PROD-9497,Ceramic Mug,Home Goods,3,56.56,169.68,0.0,436.98,13,0.07,VIP,Los Angeles,Sunny
2023-07-18,TRX-11182,PROD-4260,Canvas Tote,Accessories,10,60.84,608.4,0.0,374.05,13,0.21,VIP,Los Angeles,Snowy
2023-07-18,TRX-11183,PROD-5960,Throw Pillow,Home Goods,8,126.93,964.67,0.05,315.98,3,0.29,New,New York,Snowy
2023-07-18,TRX-11184,PROD-9357,Wireless Earbuds,Electronics,2,82.62,140.45,0.15,209.49,13,0.08,Returning,New York,Snowy
2023-07-18,TRX-11185,PROD-4260,Canvas Tote,Accessories,7,109.52,766.64,0.0,347.81,6,0.16,VIP,Chicago,Cloudy
2023-07-18,TRX-11186,PROD-0847,Winter Jacket,Apparel,7,122.98,860.86,0.0,394.84,12,0.18,New,New York,Cloudy
2023-07-18,TRX-11187,PROD-8390,Smart Watch,Electronics,3,98.45,251.05,0.15,137.58,11,0.23,New,Los Angeles,Sunny
2023-07-19,TRX-11188,PROD-4260,Canvas Tote,Accessories,17,28.57,437.12,0.1,365.42,12,0.12,Returning,Online,Snowy
2023-07-19,TRX-11189,PROD-5616,Denim Jeans,Apparel,3,38.2,97.41,0.15,243.66,6,0.15,New,Chicago,Snowy
2023-07-19,TRX-11190,PROD-3898,Cotton T-Shirt,Apparel,2,64.25,128.5,0.0,253.28,3,0.16,New,New York,Sunny
2023-07-19,TRX-11191,PROD-9497,Ceramic Mug,Home Goods,9,41.25,371.25,0.0,52.1,8,0.09,VIP,Chicago,Sunny
2023-07-19,TRX-11192,PROD-3898,Cotton T-Shirt,Apparel,9,100.89,908.01,0.0,489.1,3,0.26,New,Chicago,Rainy
2023-07-19,TRX-11193,PROD-4260,Canvas Tote,Accessories,9,136.23,1226.07,0.0,416.46,9,0.01,New,New York,Cloudy
2023-07-20,TRX-11194,PROD-9497,Ceramic Mug,Home Goods,9,58.15,523.35,0.0,455.1,9,0.06,New,Chicago,Snowy
2023-07-20,TRX-11195,PROD-6494,Sunglasses,Accessories,2,147.25,294.5,0.0,160.8,4,0.07,Returning,Los Angeles,Snowy
2023-07-20,TRX-11196,PROD-9357,Wireless Earbuds,Electronics,20,25.12,401.92,0.2,429.62,12,0.21,VIP,New York,Sunny
2023-07-20,TRX-11197,PROD-5960,Throw Pillow,Home Goods,9,94.68,809.51,0.05,390.62,12,0.06,Returning,Los Angeles,Snowy
2023-07-20,TRX-11198,PROD-5616,Denim Jeans,Apparel,7,140.37,933.46,0.05,87.08,2,0.15,Returning,Online,Snowy
2023-07-20,TRX-11199,PROD-9710,Scented Candle,Home Goods,1,157.02,141.32,0.1,424.07,5,0.28,Returning,Los Angeles,Cloudy
2023-07-21,TRX-11200,PROD-4539,Portable Charger,Electronics,17,20.53,349.01,0.0,208.29,10,0.02,VIP,Online,Rainy
2023-07-21,TRX-11201,PROD-5960,Throw Pillow,Home Goods,2,118.37,224.9,0.05,477.48,5,0.21,New,Los Angeles,Snowy
2023-07-21,TRX-11202,PROD-0847,Winter Jacket,Apparel,7,91.63,641.41,0.0,455.14,3,0.28,New,Los Angeles,Cloudy
2023-07-21,TRX-11203,PROD-5616,Denim Jeans,Apparel,7,123.34,863.38,0.0,120.17,11,0.07,VIP,Chicago,Snowy
2023-07-21,TRX-11204,PROD-9497,Ceramic Mug,Home Goods,5,146.29,694.88,0.05,360.63,8,0.25,Returning,Chicago,Rainy
2023-07-21,TRX-11205,PROD-6494,Sunglasses,Accessories,7,98.45,689.15,0.0,363.2,9,0.04,VIP,Los Angeles,Sunny
2023-07-22,TRX-11206,PROD-8390,Smart Watch,Electronics,2,38.58,77.16,0.0,291.62,4,0.28,Returning,Online,Cloudy
2023-07-22,TRX-11207,PROD-9710,Scented Candle,Home Goods,2,124.27,236.11,0.05,420.29,5,0.29,VIP,Online,Rainy
2023-07-22,TRX-11208,PROD-0847,Winter Jacket,Apparel,2,148.47,296.94,0.0,152.89,8,0.06,VIP,New York,Rainy
2023-07-22,TRX-11209,PROD-4260,Canvas Tote,Accessories,8,68.17,490.82,0.1,396.11,12,0.28,New,Los Angeles,Cloudy
2023-07-22,TRX-11210,PROD-4539,Portable Charger,Electronics,13,15.74,204.62,0.0,207.55,5,0.27,New,Online,Snowy
2023-07-22,TRX-11211,PROD-5616,Denim Jeans,Apparel,4,78.68,314.72,0.0,346.11,9,0.01,Returning,New York,Rainy
2023-07-23,TRX-11212,PROD-5960,Throw Pillow,Home Goods,6,37.09,222.54,0.0,100.11,3,0.12,VIP,New York,Rainy
2023-07-23,TRX-11213,PROD-9710,Scented Candle,Home Goods,12,21.81,261.72,0.0,221.55,11,0.02,Returning,New York,Rainy
2023-07-23,TRX-11214,PROD-4539,Portable Charger,Electronics,8,80.14,577.01,0.1,340.16,6,0.21,Returning,Online,Rainy
2023-07-23,TRX-11215,PROD-4260,Canvas Tote,Accessories,8,53.44,406.14,0.05,463.74,4,0.14,Returning,Los Angeles,Rainy
2023-07-23,TRX-11216,PROD-5960,Throw Pillow,Home Goods,7,124.21,869.47,0.0,446.87,7,0.22,Returning,Chicago,Rainy
2023-07-23,TRX-11217,PROD-9357,Wireless Earbuds,Electronics,4,75.75,287.85,0.05,106.26,12,0.11,Returning,Online,Snowy
2023-07-24,TRX-11218,PROD-4260,Canvas Tote,Accessories,8,82.94,663.52,0.0,202.01,12,0.12,VIP,Los Angeles,Rainy
2023-07-24,TRX-11219,PROD-0847,Winter Jacket,Apparel,10,38.29,382.9,0.0,455.16,10,0.26,Returning,Chicago,Cloudy
2023-07-24,TRX-11220,PROD-5616,Denim Jeans,Apparel,8,31.41,251.28,0.0,457.1,14,0.26,Returning,New York,Rainy
2023-07-24,TRX-11221,PROD-5616,Denim Jeans,Apparel,7,83.34,525.04,0.1,244.3,9,0.01,New,Online,Rainy
2023-07-24,TRX-11222,PROD-5960,Throw Pillow,Home Goods,7,112.64,709.63,0.1,401.84,5,0.05,Returning,Online,Rainy
2023-07-24,TRX-11223,PROD-5616,Denim Jeans,Apparel,10,62.69,564.21,0.1,380.89,2,0.2,New,New York,Sunny
2023-07-25,TRX-11224,PROD-8390,Smart Watch,Electronics,6,54.85,329.1,0.0,384.61,5,0.09,New,Chicago,Cloudy
2023-07-25,TRX-11225,PROD-6494,Sunglasses,Accessories,5,56.77,283.85,0.0,411.05,4,0.27,New,Los Angeles,Snowy
2023-07-25,TRX-11226,PROD-4539,Portable Charger,Electronics,9,135.39,1096.66,0.1,332.91,13,0.29,VIP,Los Angeles,Sunny
2023-07-25,TRX-11227,PROD-5616,Denim Jeans,Apparel,17,25.52,412.15,0.05,220.72,4,0.23,VIP,Chicago,Snowy
2023-07-25,TRX-11228,PROD-5616,Denim Jeans,Apparel,10,148.45,1484.5,0.0,448.52,3,0.27,New,Los Angeles,Rainy
2023-07-25,TRX-11229,PROD-5960,Throw Pillow,Home Goods,4,63.36,215.42,0.15,194.31,13,0.24,New,Chicago,Snowy
2023-07-26,TRX-11230,PROD-4539,Portable Charger,Electronics,3,133.07,399.21,0.0,433.06,5,0.15,VIP,New York,Snowy
2023-07-26,TRX-11231,PROD-9497,Ceramic Mug,Home Goods,14,20.87,292.18,0.0,252.02,8,0.1,Returning,Online,Sunny
2023-07-26,TRX-11232,PROD-5960,Throw Pillow,Home Goods,24,20.67,496.08,0.0,380.59,2,0.09,New,Online,Snowy
2023-07-26,TRX-11233,PROD-4282,Leather Wallet,Accessories,7,103.86,727.02,0.0,215.06,10,0.26,Returning,Online,Cloudy
2023-07-26,TRX-11234,PROD-5616,Denim Jeans,Apparel,8,113.26,906.08,0.0,170.0,9,0.28,New,Chicago,Sunny
2023-07-26,TRX-11235,PROD-8390,Smart Watch,Electronics,2,114.11,228.22,0.0,218.02,4,0.17,New,New York,Sunny
2023-07-27,TRX-11236,PROD-4539,Portable Charger,Electronics,24,17.85,428.4,0.0,120.31,12,0.29,Returning,Chicago,Sunny
2023-07-27,TRX-11237,PROD-8390,Smart Watch,Electronics,2,103.45,206.9,0.0,91.27,3,0.0,VIP,Los Angeles,Rainy
2023-07-27,TRX-11238,PROD-4539,Portable Charger,Electronics,21,24.8,520.8,0.0,264.22,5,0.21,Returning,Los Angeles,Snowy
2023-07-27,TRX-11239,PROD-5960,Throw Pillow,Home Goods,1,114.04,108.34,0.05,133.22,2,0.02,New,Chicago,Rainy
2023-07-27,TRX-11240,PROD-0847,Winter Jacket,Apparel,4,33.4,133.6,0.0,431.88,14,0.3,New,Online,Cloudy
2023-07-27,TRX-11241,PROD-4260,Canvas Tote,Accessories,5,95.76,383.04,0.2,205.14,5,0.16,VIP,Chicago,Cloudy
2023-07-28,TRX-11242,PROD-3898,Cotton T-Shirt,Apparel,6,23.29,125.77,0.1,390.04,8,0.02,VIP,Online,Sunny
2023-07-28,TRX-11243,PROD-9357,Wireless Earbuds,Electronics,6,102.26,521.53,0.15,356.49,12,0.29,VIP,Chicago,Cloudy
2023-07-28,TRX-11244,PROD-6494,Sunglasses,Accessories,8,114.75,918.0,0.0,393.54,7,0.16,VIP,Los Angeles,Rainy
2023-07-28,TRX-11245,PROD-3898,Cotton T-Shirt,Apparel,8,106.31,850.48,0.0,465.55,8,0.14,Returning,Online,Rainy
2023-07-28,TRX-11246,PROD-0847,Winter Jacket,Apparel,1,114.45,91.56,0.2,112.74,7,0.11,VIP,Los Angeles,Snowy
2023-07-28,TRX-11247,PROD-9497,Ceramic Mug,Home Goods,3,78.32,234.96,0.0,316.82,4,0.07,New,Online,Snowy
2023-07-29,TRX-11248,PROD-5616,Denim Jeans,Apparel,7,54.75,383.25,0.0,186.58,10,0.08,New,Online,Snowy
2023-07-29,TRX-11249,PROD-6494,Sunglasses,Accessories,1,133.17,133.17,0.0,482.65,3,0.29,VIP,Online,Cloudy
2023-07-29,TRX-11250,PROD-3898,Cotton T-Shirt,Apparel,4,84.93,322.73,0.05,270.73,6,0.19,Returning,Chicago,Snowy
2023-07-29,TRX-11251,PROD-4539,Portable Charger,Electronics,6,31.06,149.09,0.2,359.83,4,0.11,Returning,New York,Sunny
2023-07-29,TRX-11252,PROD-6494,Sunglasses,Accessories,6,67.15,342.47,0.15,155.05,7,0.19,Returning,Chicago,Cloudy
2023-07-29,TRX-11253,PROD-5960,Throw Pillow,Home Goods,6,38.17,183.22,0.2,334.71,5,0.21,VIP,Los Angeles,Rainy
2023-07-30,TRX-11254,PROD-4260,Canvas Tote,Accessories,9,70.88,637.92,0.0,222.86,4,0.19,New,Online,Snowy
2023-07-30,TRX-11255,PROD-9497,Ceramic Mug,Home Goods,5,79.88,339.49,0.15,114.39,14,0.02,New,Los Angeles,Sunny
2023-07-30,TRX-11256,PROD-9710,Scented Candle,Home Goods,3,125.91,302.18,0.2,172.74,7,0.15,Returning,Los Angeles,Rainy
2023-07-30,TRX-11257,PROD-9357,Wireless Earbuds,Electronics,4,119.38,429.77,0.1,409.48,6,0.07,Returning,Online,Sunny
2023-07-30,TRX-11258,PROD-9710,Scented Candle,Home Goods,1,40.84,34.71,0.15,339.79,8,0.02,Returning,Los Angeles,Snowy
2023-07-30,TRX-11259,PROD-4260,Canvas Tote,Accessories,6,35.79,214.74,0.0,471.61,9,0.08,VIP,Online,Cloudy
2023-07-31,TRX-11260,PROD-0847,Winter Jacket,Apparel,2,35.3,70.6,0.0,440.48,10,0.14,New,Chicago,Snowy
2023-07-31,TRX-11261,PROD-4539,Portable Charger,Electronics,3,71.03,213.09,0.0,325.89,14,0.01,Returning,Chicago,Sunny
2023-07-31,TRX-11262,PROD-4539,Portable Charger,Electronics,2,103.6,207.2,0.0,112.96,3,0.16,VIP,Los Angeles,Sunny
2023-07-31,TRX-11263,PROD-9710,Scented Candle,Home Goods,2,59.59,113.22,0.05,230.25,2,0.16,VIP,Online,Rainy
2023-07-31,TRX-11264,PROD-8390,Smart Watch,Electronics,5,69.73,348.65,0.0,157.67,12,0.21,New,New York,Rainy
2023-07-31,TRX-11265,PROD-4282,Leather Wallet,Accessories,9,21.76,156.67,0.2,111.95,7,0.1,VIP,Online,Sunny
2023-08-01,TRX-11266,PROD-9710,Scented Candle,Home Goods,18,18.95,306.99,0.1,80.58,5,0.18,New,Los Angeles,Snowy
2023-08-01,TRX-11267,PROD-9357,Wireless Earbuds,Electronics,6,111.54,602.32,0.1,454.36,4,0.12,New,New York,Cloudy
2023-08-01,TRX-11268,PROD-5960,Throw Pillow,Home Goods,4,64.07,205.02,0.2,323.43,7,0.06,Returning,Online,Sunny
2023-08-01,TRX-11269,PROD-9710,Scented Candle,Home Goods,25,19.28,409.7,0.15,280.31,8,0.06,New,New York,Snowy
2023-08-01,TRX-11270,PROD-4539,Portable Charger,Electronics,10,132.67,1127.69,0.15,386.27,13,0.2,VIP,Chicago,Cloudy
2023-08-01,TRX-11271,PROD-4282,Leather Wallet,Accessories,5,96.92,484.6,0.0,279.99,6,0.0,New,Chicago,Rainy
2023-08-02,TRX-11272,PROD-4260,Canvas Tote,Accessories,7,65.13,410.32,0.1,389.24,9,0.14,VIP,Chicago,Rainy
2023-08-02,TRX-11273,PROD-4539,Portable Charger,Electronics,5,26.53,119.39,0.1,72.51,2,0.28,New,Chicago,Snowy
2023-08-02,TRX-11274,PROD-4260,Canvas Tote,Accessories,1,85.45,85.45,0.0,146.89,5,0.29,VIP,Chicago,Sunny
2023-08-02,TRX-11275,PROD-9710,Scented Candle,Home Goods,1,99.06,99.06,0.0,185.92,6,0.14,New,New York,Sunny
2023-08-02,TRX-11276,PROD-4282,Leather Wallet,Accessories,12,15.53,177.04,0.05,441.41,11,0.21,Returning,Chicago,Sunny
2023-08-02,TRX-11277,PROD-4282,Leather Wallet,Accessories,2,105.86,201.13,0.05,355.11,2,0.01,Returning,Online,Snowy
2023-08-03,TRX-11278,PROD-3898,Cotton T-Shirt,Apparel,2,84.39,135.02,0.2,444.37,13,0.08,Returning,Los Angeles,Cloudy
2023-08-03,TRX-11279,PROD-4539,Portable Charger,Electronics,4,55.56,188.9,0.15,251.6,2,0.3,New,Online,Snowy
2023-08-03,TRX-11280,PROD-0847,Winter Jacket,Apparel,6,117.81,706.86,0.0,319.12,9,0.25,VIP,Los Angeles,Cloudy
2023-08-03,TRX-11281,PROD-5960,Throw Pillow,Home Goods,6,83.05,473.38,0.05,128.28,8,0.11,Returning,Chicago,Rainy
2023-08-03,TRX-11282,PROD-4260,Canvas Tote,Accessories,7,85.74,600.18,0.0,320.97,4,0.1,Returning,Online,Snowy
2023-08-03,TRX-11283,PROD-3898,Cotton T-Shirt,Apparel,3,66.5,179.55,0.1,203.74,12,0.25,New,Los Angeles,Rainy
2023-08-04,TRX-11284,PROD-4282,Leather Wallet,Accessories,9,135.77,1099.74,0.1,68.89,3,0.17,Returning,Los Angeles,Rainy
2023-08-04,TRX-11285,PROD-9710,Scented Candle,Home Goods,6,32.21,173.93,0.1,471.62,10,0.2,Returning,Los Angeles,Cloudy
2023-08-04,TRX-11286,PROD-4260,Canvas Tote,Accessories,8,107.29,858.32,0.0,425.46,14,0.06,New,New York,Snowy
2023-08-04,TRX-11287,PROD-3898,Cotton T-Shirt,Apparel,7,104.61,732.27,0.0,421.35,10,0.19,New,New York,Sunny
2023-08-04,TRX-11288,PROD-9357,Wireless Earbuds,Electronics,7,29.37,205.59,0.0,164.05,3,0.13,Returning,Online,Sunny
2023-08-04,TRX-11289,PROD-9710,Scented Candle,Home Goods,7,63.42,399.55,0.1,315.36,9,0.19,VIP,New York,Snowy
2023-08-05,TRX-11290,PROD-9357,Wireless Earbuds,Electronics,8,52.7,337.28,0.2,409.02,14,0.16,New,Online,Cloudy
2023-08-05,TRX-11291,PROD-4282,Leather Wallet,Accessories,2,72.43,137.62,0.05,163.47,3,0.02,VIP,New York,Snowy
2023-08-05,TRX-11292,PROD-4260,Canvas Tote,Accessories,8,61.8,494.4,0.0,195.29,10,0.23,Returning,Los Angeles,Snowy
2023-08-05,TRX-11293,PROD-8390,Smart Watch,Electronics,1,109.32,98.39,0.1,249.99,10,0.05,Returning,Online,Sunny
2023-08-05,TRX-11294,PROD-5960,Throw Pillow,Home Goods,3,30.99,88.32,0.05,182.03,4,0.01,VIP,Chicago,Snowy
2023-08-05,TRX-11295,PROD-4539,Portable Charger,Electronics,4,38.32,145.62,0.05,268.81,2,0.12,VIP,Los Angeles,Snowy
2023-08-06,TRX-11296,PROD-9357,Wireless Earbuds,Electronics,10,38.39,307.12,0.2,272.01,13,0.13,VIP,New York,Sunny
2023-08-06,TRX-11297,PROD-3898,Cotton T-Shirt,Apparel,10,35.96,323.64,0.1,60.66,9,0.11,VIP,Online,Sunny
2023-08-06,TRX-11298,PROD-5960,Throw Pillow,Home Goods,1,86.93,86.93,0.0,246.33,13,0.13,New,New York,Cloudy
2023-08-06,TRX-11299,PROD-9710,Scented Candle,Home Goods,3,74.98,224.94,0.0,60.85,3,0.17,VIP,Los Angeles,Snowy
2023-08-06,TRX-11300,PROD-5960,Throw Pillow,Home Goods,3,46.13,124.55,0.1,235.97,10,0.01,New,Los Angeles,Cloudy
2023-08-06,TRX-11301,PROD-0847,Winter Jacket,Apparel,1,98.97,89.07,0.1,404.64,3,0.16,Returning,New York,Cloudy
2023-08-07,TRX-11302,PROD-5616,Denim Jeans,Apparel,4,149.34,597.36,0.0,348.82,9,0.14,New,Los Angeles,Snowy
2023-08-07,TRX-11303,PROD-8390,Smart Watch,Electronics,3,112.57,270.17,0.2,392.23,9,0.15,New,Los Angeles,Rainy
2023-08-07,TRX-11304,PROD-4260,Canvas Tote,Accessories,5,60.33,286.57,0.05,76.85,8,0.01,Returning,Online,Sunny
2023-08-07,TRX-11305,PROD-0847,Winter Jacket,Apparel,8,110.22,793.58,0.1,426.37,5,0.22,New,Online,Snowy
2023-08-07,TRX-11306,PROD-3898,Cotton T-Shirt,Apparel,2,91.79,174.4,0.05,319.92,8,0.02,New,Los Angeles,Sunny
2023-08-07,TRX-11307,PROD-9710,Scented Candle,Home Goods,6,67.61,405.66,0.0,426.35,11,0.1,Returning,Online,Snowy
2023-08-08,TRX-11308,PROD-4260,Canvas Tote,Accessories,10,95.73,861.57,0.1,347.45,11,0.04,Returning,New York,Snowy
2023-08-08,TRX-11309,PROD-5960,Throw Pillow,Home Goods,5,87.02,369.83,0.15,170.7,6,0.26,VIP,Los Angeles,Cloudy
2023-08-08,TRX-11310,PROD-9497,Ceramic Mug,Home Goods,5,88.64,443.2,0.0,421.58,10,0.2,Returning,Chicago,Snowy
2023-08-08,TRX-11311,PROD-0847,Winter Jacket,Apparel,5,125.47,627.35,0.0,359.2,7,0.21,VIP,Chicago,Rainy
2023-08-08,TRX-11312,PROD-4260,Canvas Tote,Accessories,5,78.69,334.43,0.15,161.16,11,0.24,Returning,Los Angeles,Snowy
2023-08-08,TRX-11313,PROD-9497,Ceramic Mug,Home Goods,10,70.82,672.79,0.05,291.83,4,0.08,New,Chicago,Sunny
2023-08-09,TRX-11314,PROD-4260,Canvas Tote,Accessories,4,133.14,426.05,0.2,470.35,9,0.14,VIP,Chicago,Snowy
2023-08-09,TRX-11315,PROD-5616,Denim Jeans,Apparel,20,21.57,388.26,0.1,98.64,8,0.12,New,Los Angeles,Rainy
2023-08-09,TRX-11316,PROD-9357,Wireless Earbuds,Electronics,1,129.24,103.39,0.2,81.63,3,0.16,Returning,Los Angeles,Sunny
2023-08-09,TRX-11317,PROD-4282,Leather Wallet,Accessories,6,21.05,126.3,0.0,100.14,11,0.22,Returning,Online,Rainy
2023-08-09,TRX-11318,PROD-3898,Cotton T-Shirt,Apparel,5,99.86,449.37,0.1,209.1,5,0.05,VIP,Chicago,Rainy
2023-08-09,TRX-11319,PROD-5616,Denim Jeans,Apparel,3,43.41,130.23,0.0,307.06,11,0.29,Returning,Online,Sunny
2023-08-10,TRX-11320,PROD-8390,Smart Watch,Electronics,8,121.92,877.82,0.1,124.54,4,0.28,Returning,New York,Sunny
2023-08-10,TRX-11321,PROD-0847,Winter Jacket,Apparel,10,57.55,460.4,0.2,224.02,5,0.07,New,Online,Snowy
2023-08-10,TRX-11322,PROD-4282,Leather Wallet,Accessories,10,112.14,897.12,0.2,221.07,10,0.23,New,Online,Snowy
2023-08-10,TRX-11323,PROD-9710,Scented Candle,Home Goods,17,17.82,242.35,0.2,248.99,5,0.11,VIP,New York,Snowy
2023-08-10,TRX-11324,PROD-5616,Denim Jeans,Apparel,7,41.37,289.59,0.0,161.94,6,0.27,Returning,Online,Sunny
2023-08-10,TRX-11325,PROD-0847,Winter Jacket,Apparel,1,108.13,102.72,0.05,307.25,7,0.11,Returning,Online,Snowy
2023-08-11,TRX-11326,PROD-4282,Leather Wallet,Accessories,5,71.8,359.0,0.0,460.22,6,0.14,New,Los Angeles,Rainy
2023-08-11,TRX-11327,PROD-9357,Wireless Earbuds,Electronics,2,67.57,114.87,0.15,462.13,3,0.18,VIP,New York,Cloudy
2023-08-11,TRX-11328,PROD-4539,Portable Charger,Electronics,5,139.5,697.5,0.0,436.33,6,0.26,New,Los Angeles,Snowy
2023-08-11,TRX-11329,PROD-9497,Ceramic Mug,Home Goods,2,80.7,145.26,0.1,73.47,12,0.23,VIP,Los Angeles,Cloudy
2023-08-11,TRX-11330,PROD-6494,Sunglasses,Accessories,4,128.65,463.14,0.1,370.64,3,0.23,Returning,Los Angeles,Sunny
2023-08-11,TRX-11331,PROD-4260,Canvas Tote,Accessories,3,122.97,332.02,0.1,469.47,5,0.24,Returning,Los Angeles,Cloudy
2023-08-12,TRX-11332,PROD-4539,Portable Charger,Electronics,3,75.74,227.22,0.0,71.76,4,0.25,New,Chicago,Cloudy
2023-08-12,TRX-11333,PROD-4282,Leather Wallet,Accessories,4,79.63,318.52,0.0,338.06,14,0.01,Returning,Los Angeles,Sunny
2023-08-12,TRX-11334,PROD-9710,Scented Candle,Home Goods,7,86.23,543.25,0.1,293.66,8,0.27,Returning,Chicago,Snowy
2023-08-12,TRX-11335,PROD-5960,Throw Pillow,Home Goods,8,132.05,1056.4,0.0,412.18,5,0.02,Returning,Chicago,Sunny
2023-08-12,TRX-11336,PROD-6494,Sunglasses,Accessories,6,64.09,365.31,0.05,139.42,2,0.06,VIP,Los Angeles,Snowy
2023-08-12,TRX-11337,PROD-0847,Winter Jacket,Apparel,3,119.63,358.89,0.0,455.23,9,0.08,Returning,Online,Snowy
2023-08-13,TRX-11338,PROD-9497,Ceramic Mug,Home Goods,1,76.24,76.24,0.0,476.48,12,0.28,Returning,Chicago,Sunny
2023-08-13,TRX-11339,PROD-9710,Scented Candle,Home Goods,7,148.43,1039.01,0.0,319.21,7,0.25,VIP,Online,Sunny
2023-08-13,TRX-11340,PROD-4282,Leather Wallet,Accessories,9,58.75,528.75,0.0,54.98,3,0.04,VIP,Chicago,Sunny
2023-08-13,TRX-11341,PROD-4539,Portable Charger,Electronics,1,44.71,42.47,0.05,231.54,14,0.18,Returning,Chicago,Cloudy
2023-08-13,TRX-11342,PROD-9497,Ceramic Mug,Home Goods,8,125.27,801.73,0.2,269.38,14,0.15,VIP,New York,Rainy
2023-08-13,TRX-11343,PROD-6494,Sunglasses,Accessories,5,102.93,514.65,0.0,114.0,5,0.03,Returning,Chicago,Snowy
2023-08-14,TRX-11344,PROD-3898,Cotton T-Shirt,Apparel,9,18.9,170.1,0.0,238.27,5,0.13,New,Online,Cloudy
2023-08-14,TRX-11345,PROD-3898,Cotton T-Shirt,Apparel,1,138.77,138.77,0.0,377.26,14,0.02,Returning,Los Angeles,Snowy
2023-08-14,TRX-11346,PROD-8390,Smart Watch,Electronics,6,111.94,604.48,0.1,377.56,7,0.26,Returning,Chicago,Cloudy
2023-08-14,TRX-11347,PROD-0847,Winter Jacket,Apparel,9,111.7,854.5,0.15,175.53,11,0.23,New,Los Angeles,Sunny
2023-08-14,TRX-11348,PROD-6494,Sunglasses,Accessories,5,56.3,267.43,0.05,487.74,8,0.02,VIP,Chicago,Cloudy
2023-08-14,TRX-11349,PROD-8390,Smart Watch,Electronics,4,96.12,384.48,0.0,258.96,4,0.28,VIP,Chicago,Snowy
2023-08-15,TRX-11350,PROD-6494,Sunglasses,Accessories,4,87.81,351.24,0.0,330.38,12,0.02,Returning,New York,Snowy
2023-08-15,TRX-11351,PROD-6494,Sunglasses,Accessories,1,35.6,35.6,0.0,471.92,3,0.09,Returning,Online,Snowy
2023-08-15,TRX-11352,PROD-5616,Denim Jeans,Apparel,4,69.19,249.08,0.1,412.04,7,0.05,Returning,Online,Sunny
2023-08-15,TRX-11353,PROD-8390,Smart Watch,Electronics,9,27.35,221.53,0.1,242.84,3,0.28,VIP,Los Angeles,Sunny
2023-08-15,TRX-11354,PROD-9357,Wireless Earbuds,Electronics,6,36.12,184.21,0.15,358.55,13,0.11,VIP,New York,Sunny
2023-08-15,TRX-11355,PROD-5616,Denim Jeans,Apparel,10,54.08,540.8,0.0,494.68,11,0.0,New,Los Angeles,Snowy
2023-08-16,TRX-11356,PROD-4282,Leather Wallet,Accessories,9,48.96,440.64,0.0,424.31,6,0.04,Returning,Chicago,Rainy
2023-08-16,TRX-11357,PROD-9357,Wireless Earbuds,Electronics,1,100.54,95.51,0.05,433.47,12,0.05,Returning,Online,Cloudy
2023-08-16,TRX-11358,PROD-9710,Scented Candle,Home Goods,7,109.72,614.43,0.2,468.72,14,0.3,Returning,Chicago,Rainy
2023-08-16,TRX-11359,PROD-5616,Denim Jeans,Apparel,2,32.66,65.32,0.0,314.46,3,0.04,Returning,Los Angeles,Rainy
2023-08-16,TRX-11360,PROD-9357,Wireless Earbuds,Electronics,10,123.47,1234.7,0.0,373.39,8,0.12,VIP,Chicago,Rainy
2023-08-16,TRX-11361,PROD-4260,Canvas Tote,Accessories,11,18.22,200.42,0.0,79.72,2,0.25,Returning,Online,Rainy
2023-08-17,TRX-11362,PROD-6494,Sunglasses,Accessories,6,101.74,579.92,0.05,109.81,7,0.22,VIP,Online,Cloudy
2023-08-17,TRX-11363,PROD-3898,Cotton T-Shirt,Apparel,5,123.45,586.39,0.05,91.95,7,0.04,New,Los Angeles,Snowy
2023-08-17,TRX-11364,PROD-9497,Ceramic Mug,Home Goods,1,110.46,93.89,0.15,212.33,7,0.24,Returning,Chicago,Sunny
2023-08-17,TRX-11365,PROD-9357,Wireless Earbuds,Electronics,4,130.35,521.4,0.0,116.51,12,0.2,VIP,Chicago,Snowy
2023-08-17,TRX-11366,PROD-5616,Denim Jeans,Apparel,1,124.41,118.19,0.05,483.86,11,0.16,VIP,Online,Sunny
2023-08-17,TRX-11367,PROD-9710,Scented Candle,Home Goods,7,17.73,117.9,0.05,423.3,8,0.28,VIP,Los Angeles,Cloudy
2023-08-18,TRX-11368,PROD-5616,Denim Jeans,Apparel,1,54.71,43.77,0.2,153.26,11,0.08,Returning,New York,Rainy
2023-08-18,TRX-11369,PROD-8390,Smart Watch,Electronics,7,142.06,994.42,0.0,243.5,3,0.24,Returning,Online,Sunny
2023-08-18,TRX-11370,PROD-5960,Throw Pillow,Home Goods,10,104.48,1044.8,0.0,290.34,10,0.09,New,Los Angeles,Snowy
2023-08-18,TRX-11371,PROD-9497,Ceramic Mug,Home Goods,7,83.27,582.89,0.0,197.95,5,0.28,New,New York,Rainy
2023-08-18,TRX-11372,PROD-9497,Ceramic Mug,Home Goods,7,107.32,751.24,0.0,457.68,5,0.22,Returning,New York,Cloudy
2023-08-18,TRX-11373,PROD-5960,Throw Pillow,Home Goods,2,111.37,222.74,0.0,442.95,2,0.29,New,Chicago,Rainy
2023-08-19,TRX-11374,PROD-9357,Wireless Earbuds,Electronics,9,60.57,517.87,0.05,279.85,9,0.2,Returning,New York,Cloudy
2023-08-19,TRX-11375,PROD-9357,Wireless Earbuds,Electronics,9,41.19,370.71,0.0,376.39,11,0.24,New,New York,Rainy
2023-08-19,TRX-11376,PROD-5616,Denim Jeans,Apparel,9,38.96,350.64,0.0,265.41,14,0.19,New,Chicago,Snowy
2023-08-19,TRX-11377,PROD-4282,Leather Wallet,Accessories,7,130.82,915.74,0.0,125.39,11,0.19,VIP,New York,Rainy
2023-08-19,TRX-11378,PROD-4260,Canvas Tote,Accessories,6,116.38,698.28,0.0,454.99,2,0.14,New,Chicago,Sunny
2023-08-19,TRX-11379,PROD-5960,Throw Pillow,Home Goods,1,63.76,63.76,0.0,437.9,3,0.04,New,New York,Rainy
2023-08-20,TRX-11380,PROD-6494,Sunglasses,Accessories,6,90.66,543.96,0.0,331.23,2,0.24,VIP,Chicago,Rainy
2023-08-20,TRX-11381,PROD-5960,Throw Pillow,Home Goods,2,120.79,241.58,0.0,472.57,12,0.29,New,Chicago,Snowy
2023-08-20,TRX-11382,PROD-5616,Denim Jeans,Apparel,2,59.82,107.68,0.1,213.7,9,0.09,Returning,Online,Sunny
2023-08-20,TRX-11383,PROD-9357,Wireless Earbuds,Electronics,3,61.76,166.75,0.1,321.31,3,0.11,New,Chicago,Cloudy
2023-08-20,TRX-11384,PROD-9497,Ceramic Mug,Home Goods,2,37.37,74.74,0.0,72.09,6,0.25,VIP,New York,Cloudy
2023-08-20,TRX-11385,PROD-9497,Ceramic Mug,Home Goods,1,142.72,142.72,0.0,463.48,8,0.03,Returning,Chicago,Sunny
2023-08-21,TRX-11386,PROD-3898,Cotton T-Shirt,Apparel,1,30.2,30.2,0.0,451.13,2,0.14,Returning,Online,Sunny
2023-08-21,TRX-11387,PROD-9497,Ceramic Mug,Home Goods,4,95.93,383.72,0.0,200.33,4,0.19,VIP,New York,Sunny
2023-08-21,TRX-11388,PROD-4282,Leather Wallet,Accessories,9,104.92,944.28,0.0,495.34,2,0.2,Returning,Los Angeles,Snowy
2023-08-21,TRX-11389,PROD-3898,Cotton T-Shirt,Apparel,7,74.67,522.69,0.0,421.26,6,0.1,Returning,Online,Cloudy
2023-08-21,TRX-11390,PROD-9497,Ceramic Mug,Home Goods,7,105.86,741.02,0.0,341.75,9,0.0,New,Online,Rainy
2023-08-21,TRX-11391,PROD-5960,Throw Pillow,Home Goods,10,30.27,302.7,0.0,485.23,5,0.04,New,Los Angeles,Rainy
2023-08-22,TRX-11392,PROD-4539,Portable Charger,Electronics,11,24.23,266.53,0.0,481.73,11,0.0,New,New York,Sunny
2023-08-22,TRX-11393,PROD-4282,Leather Wallet,Accessories,3,60.44,154.12,0.15,341.58,3,0.26,Returning,Online,Snowy
2023-08-22,TRX-11394,PROD-9710,Scented Candle,Home Goods,3,112.0,336.0,0.0,225.14,5,0.26,VIP,Los Angeles,Snowy
2023-08-22,TRX-11395,PROD-6494,Sunglasses,Accessories,7,70.38,468.03,0.05,121.37,14,0.27,New,Online,Cloudy
2023-08-22,TRX-11396,PROD-5616,Denim Jeans,Apparel,14,28.63,400.82,0.0,129.68,14,0.0,VIP,New York,Snowy
2023-08-22,TRX-11397,PROD-9710,Scented Candle,Home Goods,5,100.94,403.76,0.2,264.58,8,0.08,Returning,Los Angeles,Snowy
2023-08-23,TRX-11398,PROD-3898,Cotton T-Shirt,Apparel,7,123.93,867.51,0.0,493.92,10,0.15,New,New York,Cloudy
2023-08-23,TRX-11399,PROD-5960,Throw Pillow,Home Goods,9,45.44,327.17,0.2,189.6,8,0.01,VIP,New York,Rainy
2023-08-23,TRX-11400,PROD-9710,Scented Candle,Home Goods,9,130.72,941.18,0.2,326.12,14,0.28,New,Online,Sunny
2023-08-23,TRX-11401,PROD-3898,Cotton T-Shirt,Apparel,9,61.44,525.31,0.05,305.58,2,0.14,New,New York,Cloudy
2023-08-23,TRX-11402,PROD-6494,Sunglasses,Accessories,4,103.99,353.57,0.15,230.88,11,0.17,Returning,New York,Snowy
2023-08-23,TRX-11403,PROD-4260,Canvas Tote,Accessories,1,39.38,31.5,0.2,201.27,9,0.23,VIP,Chicago,Snowy
2023-08-24,TRX-11404,PROD-5616,Denim Jeans,Apparel,2,130.31,260.62,0.0,304.32,4,0.07,New,Los Angeles,Snowy
2023-08-24,TRX-11405,PROD-4260,Canvas Tote,Accessories,9,136.68,1168.61,0.05,373.29,5,0.22,New,Chicago,Sunny
2023-08-24,TRX-11406,PROD-9357,Wireless Earbuds,Electronics,8,16.87,134.96,0.0,339.36,9,0.27,New,Chicago,Rainy
2023-08-24,TRX-11407,PROD-8390,Smart Watch,Electronics,9,130.93,1001.61,0.15,333.1,14,0.07,Returning,Chicago,Rainy
2023-08-24,TRX-11408,PROD-9357,Wireless Earbuds,Electronics,7,118.2,827.4,0.0,95.04,10,0.17,VIP,Chicago,Sunny
2023-08-24,TRX-11409,PROD-4260,Canvas Tote,Accessories,8,60.33,434.38,0.1,363.17,2,0.22,VIP,New York,Cloudy
2023-08-25,TRX-11410,PROD-3898,Cotton T-Shirt,Apparel,1,119.31,101.41,0.15,130.73,5,0.06,Returning,Online,Sunny
2023-08-25,TRX-11411,PROD-4282,Leather Wallet,Accessories,4,89.29,357.16,0.0,332.21,14,0.09,VIP,Online,Rainy
2023-08-25,TRX-11412,PROD-8390,Smart Watch,Electronics,6,71.18,427.08,0.0,289.86,12,0.25,Returning,New York,Sunny
2023-08-25,TRX-11413,PROD-3898,Cotton T-Shirt,Apparel,18,24.46,440.28,0.0,364.86,4,0.08,VIP,Chicago,Snowy
2023-08-25,TRX-11414,PROD-0847,Winter Jacket,Apparel,8,88.1,669.56,0.05,127.46,14,0.13,Returning,Chicago,Rainy
2023-08-25,TRX-11415,PROD-8390,Smart Watch,Electronics,9,68.05,581.83,0.05,467.26,11,0.03,VIP,Los Angeles,Sunny
2023-08-26,TRX-11416,PROD-0847,Winter Jacket,Apparel,2,119.39,214.9,0.1,265.69,12,0.17,VIP,Los Angeles,Sunny
2023-08-26,TRX-11417,PROD-0847,Winter Jacket,Apparel,4,141.2,564.8,0.0,278.79,11,0.16,New,Los Angeles,Sunny
2023-08-26,TRX-11418,PROD-5960,Throw Pillow,Home Goods,6,83.36,450.14,0.1,111.28,4,0.01,Returning,Los Angeles,Rainy
2023-08-26,TRX-11419,PROD-0847,Winter Jacket,Apparel,10,101.26,961.97,0.05,82.15,13,0.19,New,Chicago,Snowy
2023-08-26,TRX-11420,PROD-0847,Winter Jacket,Apparel,1,55.93,55.93,0.0,394.47,14,0.01,VIP,New York,Sunny
2023-08-26,TRX-11421,PROD-9357,Wireless Earbuds,Electronics,10,39.07,390.7,0.0,87.18,5,0.14,New,Online,Cloudy
2023-08-27,TRX-11422,PROD-4539,Portable Charger,Electronics,3,118.48,355.44,0.0,190.78,12,0.03,VIP,Chicago,Cloudy
2023-08-27,TRX-11423,PROD-9497,Ceramic Mug,Home Goods,24,28.14,574.06,0.15,309.37,9,0.09,VIP,New York,Rainy
2023-08-27,TRX-11424,PROD-5616,Denim Jeans,Apparel,6,87.46,498.52,0.05,260.99,10,0.13,New,New York,Sunny
2023-08-27,TRX-11425,PROD-4539,Portable Charger,Electronics,6,47.72,243.37,0.15,203.67,7,0.22,Returning,Los Angeles,Snowy
2023-08-27,TRX-11426,PROD-4260,Canvas Tote,Accessories,5,31.05,139.72,0.1,152.53,7,0.11,New,Chicago,Cloudy
2023-08-27,TRX-11427,PROD-0847,Winter Jacket,Apparel,1,59.65,50.7,0.15,261.4,8,0.06,Returning,Online,Cloudy
2023-08-28,TRX-11428,PROD-4539,Portable Charger,Electronics,9,131.0,1179.0,0.0,106.6,2,0.08,New,New York,Snowy
2023-08-28,TRX-11429,PROD-5960,Throw Pillow,Home Goods,9,32.13,245.79,0.15,52.24,12,0.22,VIP,Los Angeles,Snowy
2023-08-28,TRX-11430,PROD-4282,Leather Wallet,Accessories,4,82.55,297.18,0.1,341.48,8,0.08,New,New York,Rainy
2023-08-28,TRX-11431,PROD-4260,Canvas Tote,Accessories,9,111.33,901.77,0.1,340.33,12,0.22,Returning,Chicago,Rainy
2023-08-28,TRX-11432,PROD-8390,Smart Watch,Electronics,3,140.58,421.74,0.0,375.01,10,0.13,New,Chicago,Cloudy
2023-08-28,TRX-11433,PROD-9357,Wireless Earbuds,Electronics,5,141.48,601.29,0.15,225.45,7,0.28,Returning,Chicago,Sunny
2023-08-29,TRX-11434,PROD-5616,Denim Jeans,Apparel,6,126.84,761.04,0.0,294.56,4,0.09,VIP,New York,Sunny
2023-08-29,TRX-11435,PROD-6494,Sunglasses,Accessories,5,59.85,269.32,0.1,309.07,10,0.15,New,Los Angeles,Sunny
2023-08-29,TRX-11436,PROD-9497,Ceramic Mug,Home Goods,3,90.09,216.22,0.2,492.03,7,0.22,New,Online,Sunny
2023-08-29,TRX-11437,PROD-9497,Ceramic Mug,Home Goods,5,55.61,278.05,0.0,142.09,5,0.06,Returning,Los Angeles,Cloudy
2023-08-29,TRX-11438,PROD-5960,Throw Pillow,Home Goods,3,32.93,79.03,0.2,95.98,3,0.21,Returning,Online,Sunny
2023-08-29,TRX-11439,PROD-4539,Portable Charger,Electronics,2,139.11,236.49,0.15,355.45,9,0.07,Returning,Chicago,Rainy
2023-08-30,TRX-11440,PROD-9357,Wireless Earbuds,Electronics,2,136.23,217.97,0.2,325.34,10,0.15,Returning,Online,Sunny
2023-08-30,TRX-11441,PROD-4260,Canvas Tote,Accessories,9,138.18,1243.62,0.0,54.8,4,0.06,New,New York,Sunny
2023-08-30,TRX-11442,PROD-9710,Scented Candle,Home Goods,24,27.88,602.21,0.1,465.95,5,0.21,Returning,Online,Snowy
2023-08-30,TRX-11443,PROD-5960,Throw Pillow,Home Goods,2,58.4,99.28,0.15,458.57,2,0.26,VIP,Los Angeles,Snowy
2023-08-30,TRX-11444,PROD-5960,Throw Pillow,Home Goods,1,113.0,113.0,0.0,190.05,3,0.24,VIP,Chicago,Sunny
2023-08-30,TRX-11445,PROD-9497,Ceramic Mug,Home Goods,6,46.51,223.25,0.2,61.87,4,0.23,Returning,Los Angeles,Rainy
2023-08-31,TRX-11446,PROD-3898,Cotton T-Shirt,Apparel,2,97.0,194.0,0.0,253.08,7,0.1,New,New York,Cloudy
2023-08-31,TRX-11447,PROD-4539,Portable Charger,Electronics,3,121.05,326.83,0.1,291.25,13,0.01,Returning,New York,Cloudy
2023-08-31,TRX-11448,PROD-5616,Denim Jeans,Apparel,1,139.29,125.36,0.1,362.16,3,0.22,Returning,New York,Sunny
2023-08-31,TRX-11449,PROD-3898,Cotton T-Shirt,Apparel,7,80.17,533.13,0.05,448.04,3,0.25,New,Online,Rainy
2023-08-31,TRX-11450,PROD-4282,Leather Wallet,Accessories,2,61.11,122.22,0.0,395.42,6,0.27,Returning,New York,Snowy
2023-08-31,TRX-11451,PROD-5616,Denim Jeans,Apparel,8,91.96,698.9,0.05,393.37,12,0.27,VIP,Los Angeles,Cloudy
2023-09-01,TRX-11452,PROD-5960,Throw Pillow,Home Goods,5,133.88,602.46,0.1,52.23,10,0.3,New,Chicago,Cloudy
2023-09-01,TRX-11453,PROD-5616,Denim Jeans,Apparel,9,142.34,1281.06,0.0,233.36,5,0.07,Returning,New York,Sunny
2023-09-01,TRX-11454,PROD-4539,Portable Charger,Electronics,1,67.51,60.76,0.1,420.02,10,0.11,VIP,New York,Cloudy
2023-09-01,TRX-11455,PROD-5960,Throw Pillow,Home Goods,8,35.71,285.68,0.0,312.3,4,0.12,VIP,Online,Snowy
2023-09-01,TRX-11456,PROD-5960,Throw Pillow,Home Goods,8,106.91,855.28,0.0,450.12,6,0.04,Returning,Online,Rainy
2023-09-01,TRX-11457,PROD-5616,Denim Jeans,Apparel,9,87.57,788.13,0.0,306.27,14,0.29,New,Los Angeles,Rainy
2023-09-02,TRX-11458,PROD-8390,Smart Watch,Electronics,4,136.17,544.68,0.0,401.24,14,0.29,Returning,New York,Snowy
2023-09-02,TRX-11459,PROD-4539,Portable Charger,Electronics,2,77.24,146.76,0.05,393.71,2,0.19,New,Los Angeles,Cloudy
2023-09-02,TRX-11460,PROD-0847,Winter Jacket,Apparel,10,93.53,935.3,0.0,342.59,10,0.04,VIP,New York,Cloudy
2023-09-02,TRX-11461,PROD-9357,Wireless Earbuds,Electronics,2,155.8,311.6,0.0,456.01,11,0.18,Returning,New York,Rainy
2023-09-02,TRX-11462,PROD-4260,Canvas Tote,Accessories,3,119.07,339.35,0.05,347.41,3,0.24,Returning,Online,Cloudy
2023-09-02,TRX-11463,PROD-4260,Canvas Tote,Accessories,5,26.46,119.07,0.1,266.87,8,0.03,VIP,Los Angeles,Rainy
2023-09-03,TRX-11464,PROD-5960,Throw Pillow,Home Goods,2,65.6,131.2,0.0,429.49,14,0.08,VIP,Los Angeles,Rainy
2023-09-03,TRX-11465,PROD-5960,Throw Pillow,Home Goods,1,55.83,44.66,0.2,481.65,9,0.23,New,New York,Snowy
2023-09-03,TRX-11466,PROD-6494,Sunglasses,Accessories,17,21.37,326.96,0.1,140.93,3,0.2,VIP,Chicago,Sunny
2023-09-03,TRX-11467,PROD-8390,Smart Watch,Electronics,5,59.82,299.1,0.0,181.87,11,0.02,VIP,Chicago,Sunny
2023-09-03,TRX-11468,PROD-6494,Sunglasses,Accessories,9,128.11,1152.99,0.0,442.33,9,0.19,VIP,Los Angeles,Sunny
2023-09-03,TRX-11469,PROD-9497,Ceramic Mug,Home Goods,8,96.42,732.79,0.05,249.21,6,0.12,New,Online,Rainy
2023-09-04,TRX-11470,PROD-6494,Sunglasses,Accessories,6,107.67,646.02,0.0,299.96,3,0.22,Returning,Online,Snowy
2023-09-04,TRX-11471,PROD-8390,Smart Watch,Electronics,2,99.23,158.77,0.2,399.98,2,0.12,VIP,Chicago,Sunny
2023-09-04,TRX-11472,PROD-3898,Cotton T-Shirt,Apparel,3,40.09,120.27,0.0,211.05,4,0.06,Returning,New York,Snowy
2023-09-04,TRX-11473,PROD-9357,Wireless Earbuds,Electronics,10,17.59,149.52,0.15,95.75,11,0.05,Returning,New York,Rainy
2023-09-04,TRX-11474,PROD-4282,Leather Wallet,Accessories,6,138.52,831.12,0.0,260.48,10,0.17,Returning,Online,Sunny
2023-09-04,TRX-11475,PROD-3898,Cotton T-Shirt,Apparel,9,81.31,731.79,0.0,188.19,11,0.01,New,Chicago,Sunny
2023-09-05,TRX-11476,PROD-5616,Denim Jeans,Apparel,2,49.69,94.41,0.05,173.93,2,0.07,New,Chicago,Sunny
2023-09-05,TRX-11477,PROD-6494,Sunglasses,Accessories,8,94.57,643.08,0.15,405.92,12,0.15,New,New York,Sunny
2023-09-05,TRX-11478,PROD-0847,Winter Jacket,Apparel,23,27.41,567.39,0.1,422.3,3,0.19,Returning,Online,Rainy
2023-09-05,TRX-11479,PROD-5960,Throw Pillow,Home Goods,10,134.24,1275.28,0.05,155.24,8,0.26,New,Los Angeles,Sunny
2023-09-05,TRX-11480,PROD-0847,Winter Jacket,Apparel,1,103.12,103.12,0.0,153.01,14,0.13,VIP,New York,Snowy
2023-09-05,TRX-11481,PROD-6494,Sunglasses,Accessories,8,117.47,892.77,0.05,365.05,8,0.26,Returning,Los Angeles,Snowy
2023-09-06,TRX-11482,PROD-3898,Cotton T-Shirt,Apparel,9,57.89,521.01,0.0,87.96,4,0.05,VIP,Chicago,Cloudy
2023-09-06,TRX-11483,PROD-3898,Cotton T-Shirt,Apparel,6,154.26,925.56,0.0,399.78,10,0.3,New,Chicago,Snowy
2023-09-06,TRX-11484,PROD-0847,Winter Jacket,Apparel,10,25.59,255.9,0.0,491.77,4,0.1,Returning,Online,Sunny
2023-09-06,TRX-11485,PROD-9497,Ceramic Mug,Home Goods,5,74.64,298.56,0.2,296.03,2,0.29,New,New York,Cloudy
2023-09-06,TRX-11486,PROD-4539,Portable Charger,Electronics,9,102.53,876.63,0.05,488.75,11,0.22,Returning,Chicago,Rainy
2023-09-06,TRX-11487,PROD-5960,Throw Pillow,Home Goods,9,63.45,513.95,0.1,333.28,12,0.03,Returning,Online,Snowy
2023-09-07,TRX-11488,PROD-4539,Portable Charger,Electronics,3,94.96,284.88,0.0,452.84,8,0.13,Returning,Los Angeles,Rainy
2023-09-07,TRX-11489,PROD-4539,Portable Charger,Electronics,2,74.2,133.56,0.1,78.57,12,0.2,Returning,Online,Snowy
2023-09-07,TRX-11490,PROD-4260,Canvas Tote,Accessories,7,36.11,227.49,0.1,273.75,4,0.25,New,Chicago,Rainy
2023-09-07,TRX-11491,PROD-4260,Canvas Tote,Accessories,15,20.73,264.31,0.15,285.97,8,0.19,VIP,Los Angeles,Cloudy
2023-09-07,TRX-11492,PROD-4539,Portable Charger,Electronics,6,46.53,223.34,0.2,497.51,8,0.22,Returning,Online,Sunny
2023-09-07,TRX-11493,PROD-4539,Portable Charger,Electronics,9,30.45,274.05,0.0,400.27,7,0.26,Returning,Chicago,Rainy
2023-09-08,TRX-11494,PROD-6494,Sunglasses,Accessories,6,89.35,428.88,0.2,416.85,6,0.06,New,Los Angeles,Cloudy
2023-09-08,TRX-11495,PROD-4282,Leather Wallet,Accessories,10,123.89,1238.9,0.0,203.08,4,0.08,VIP,Chicago,Rainy
2023-09-08,TRX-11496,PROD-5960,Throw Pillow,Home Goods,6,148.07,844.0,0.05,125.46,11,0.05,VIP,Los Angeles,Rainy
2023-09-08,TRX-11497,PROD-5960,Throw Pillow,Home Goods,2,100.69,201.38,0.0,437.2,10,0.03,VIP,Online,Cloudy
2023-09-08,TRX-11498,PROD-9497,Ceramic Mug,Home Goods,5,143.17,680.06,0.05,477.31,10,0.1,VIP,Chicago,Snowy
2023-09-08,TRX-11499,PROD-9710,Scented Candle,Home Goods,10,42.5,425.0,0.0,444.99,10,0.25,New,New York,Snowy
2023-09-09,TRX-11500,PROD-4282,Leather Wallet,Accessories,15,21.42,289.17,0.1,156.21,14,0.01,Returning,Los Angeles,Snowy
2023-09-09,TRX-11501,PROD-9497,Ceramic Mug,Home Goods,6,58.36,280.13,0.2,197.49,3,0.06,New,Chicago,Rainy
2023-09-09,TRX-11502,PROD-6494,Sunglasses,Accessories,2,123.47,246.94,0.0,409.46,9,0.26,New,New York,Cloudy
2023-09-09,TRX-11503,PROD-0847,Winter Jacket,Apparel,5,139.64,558.56,0.2,406.6,2,0.23,New,Online,Snowy
2023-09-09,TRX-11504,PROD-4539,Portable Charger,Electronics,1,94.37,84.93,0.1,379.63,4,0.23,New,Chicago,Cloudy
2023-09-09,TRX-11505,PROD-3898,Cotton T-Shirt,Apparel,6,129.73,739.46,0.05,123.26,4,0.28,VIP,Online,Snowy
2023-09-10,TRX-11506,PROD-9357,Wireless Earbuds,Electronics,7,133.84,749.5,0.2,389.43,10,0.13,Returning,Los Angeles,Rainy
2023-09-10,TRX-11507,PROD-4260,Canvas Tote,Accessories,5,58.64,263.88,0.1,334.48,13,0.18,Returning,Chicago,Cloudy
2023-09-10,TRX-11508,PROD-0847,Winter Jacket,Apparel,2,35.37,70.74,0.0,415.59,8,0.3,New,Los Angeles,Sunny
2023-09-10,TRX-11509,PROD-8390,Smart Watch,Electronics,4,34.66,124.78,0.1,341.3,5,0.02,New,Los Angeles,Sunny
2023-09-10,TRX-11510,PROD-9710,Scented Candle,Home Goods,15,21.94,312.64,0.05,65.21,5,0.19,Returning,Los Angeles,Sunny
2023-09-10,TRX-11511,PROD-9710,Scented Candle,Home Goods,10,53.6,509.2,0.05,223.62,11,0.3,Returning,Los Angeles,Snowy
2023-09-11,TRX-11512,PROD-5616,Denim Jeans,Apparel,8,77.69,528.29,0.15,477.26,12,0.12,VIP,New York,Rainy
2023-09-11,TRX-11513,PROD-5960,Throw Pillow,Home Goods,6,153.97,923.82,0.0,144.12,3,0.16,New,New York,Rainy
2023-09-11,TRX-11514,PROD-3898,Cotton T-Shirt,Apparel,1,32.73,27.82,0.15,187.19,3,0.02,VIP,New York,Sunny
2023-09-11,TRX-11515,PROD-5616,Denim Jeans,Apparel,9,47.0,401.85,0.05,205.25,10,0.05,Returning,Online,Sunny
2023-09-11,TRX-11516,PROD-4282,Leather Wallet,Accessories,8,130.93,995.07,0.05,194.38,13,0.29,VIP,Chicago,Snowy
2023-09-11,TRX-11517,PROD-5616,Denim Jeans,Apparel,1,36.4,36.4,0.0,114.1,3,0.15,VIP,Online,Snowy
2023-09-12,TRX-11518,PROD-0847,Winter Jacket,Apparel,10,26.23,222.96,0.15,247.79,3,0.19,New,New York,Snowy
2023-09-12,TRX-11519,PROD-3898,Cotton T-Shirt,Apparel,4,78.04,280.94,0.1,344.93,4,0.29,New,Chicago,Rainy
2023-09-12,TRX-11520,PROD-3898,Cotton T-Shirt,Apparel,10,94.09,940.9,0.0,383.45,4,0.29,VIP,Online,Cloudy
2023-09-12,TRX-11521,PROD-4539,Portable Charger,Electronics,3,56.53,169.59,0.0,453.52,7,0.2,VIP,Los Angeles,Rainy
2023-09-12,TRX-11522,PROD-5960,Throw Pillow,Home Goods,2,135.24,256.96,0.05,376.15,9,0.22,Returning,Los Angeles,Rainy
2023-09-12,TRX-11523,PROD-6494,Sunglasses,Accessories,6,43.72,262.32,0.0,439.44,11,0.24,Returning,New York,Rainy
2023-09-13,TRX-11524,PROD-4260,Canvas Tote,Accessories,8,135.47,1083.76,0.0,134.06,4,0.13,New,New York,Cloudy
2023-09-13,TRX-11525,PROD-0847,Winter Jacket,Apparel,9,135.78,1160.92,0.05,373.44,5,0.15,Returning,Los Angeles,Rainy
2023-09-13,TRX-11526,PROD-3898,Cotton T-Shirt,Apparel,8,19.45,155.6,0.0,406.96,8,0.22,VIP,New York,Rainy
2023-09-13,TRX-11527,PROD-3898,Cotton T-Shirt,Apparel,9,127.95,1093.97,0.05,322.96,12,0.27,VIP,Online,Cloudy
2023-09-13,TRX-11528,PROD-0847,Winter Jacket,Apparel,6,119.61,610.01,0.15,281.45,4,0.07,VIP,Online,Sunny
2023-09-13,TRX-11529,PROD-8390,Smart Watch,Electronics,12,19.0,216.6,0.05,340.43,11,0.26,VIP,Chicago,Sunny
2023-09-14,TRX-11530,PROD-4282,Leather Wallet,Accessories,4,66.43,212.58,0.2,377.58,3,0.01,New,Los Angeles,Cloudy
2023-09-14,TRX-11531,PROD-8390,Smart Watch,Electronics,9,55.63,500.67,0.0,75.51,5,0.27,VIP,Online,Snowy
2023-09-14,TRX-11532,PROD-8390,Smart Watch,Electronics,10,107.71,1077.1,0.0,115.33,2,0.19,VIP,Los Angeles,Sunny
2023-09-14,TRX-11533,PROD-3898,Cotton T-Shirt,Apparel,8,32.1,243.96,0.05,259.95,12,0.04,New,New York,Sunny
2023-09-14,TRX-11534,PROD-9357,Wireless Earbuds,Electronics,3,64.22,192.66,0.0,104.43,13,0.01,New,Chicago,Snowy
2023-09-14,TRX-11535,PROD-3898,Cotton T-Shirt,Apparel,4,146.85,587.4,0.0,182.13,5,0.13,Returning,Los Angeles,Sunny
2023-09-15,TRX-11536,PROD-5616,Denim Jeans,Apparel,5,106.23,424.92,0.2,284.45,4,0.23,Returning,Los Angeles,Sunny
2023-09-15,TRX-11537,PROD-9357,Wireless Earbuds,Electronics,17,18.28,264.15,0.15,286.17,7,0.26,VIP,Chicago,Rainy
2023-09-15,TRX-11538,PROD-0847,Winter Jacket,Apparel,10,49.72,497.2,0.0,365.28,7,0.3,Returning,Online,Sunny
2023-09-15,TRX-11539,PROD-8390,Smart Watch,Electronics,6,113.15,678.9,0.0,400.65,11,0.15,New,New York,Rainy
2023-09-15,TRX-11540,PROD-4282,Leather Wallet,Accessories,6,32.04,173.02,0.1,196.99,7,0.12,New,Los Angeles,Sunny
2023-09-15,TRX-11541,PROD-9497,Ceramic Mug,Home Goods,1,142.41,142.41,0.0,495.54,2,0.13,Returning,Los Angeles,Snowy
2023-09-16,TRX-11542,PROD-0847,Winter Jacket,Apparel,10,74.61,671.49,0.1,77.68,13,0.22,New,Online,Snowy
2023-09-16,TRX-11543,PROD-9357,Wireless Earbuds,Electronics,5,42.39,190.75,0.1,342.54,3,0.1,Returning,Los Angeles,Sunny
2023-09-16,TRX-11544,PROD-0847,Winter Jacket,Apparel,4,106.14,424.56,0.0,106.11,11,0.11,Returning,Online,Snowy
2023-09-16,TRX-11545,PROD-9710,Scented Candle,Home Goods,2,130.36,260.72,0.0,249.27,12,0.23,Returning,Chicago,Cloudy
2023-09-16,TRX-11546,PROD-4282,Leather Wallet,Accessories,2,135.58,271.16,0.0,426.55,6,0.14,New,New York,Sunny
2023-09-16,TRX-11547,PROD-8390,Smart Watch,Electronics,1,122.98,122.98,0.0,61.99,13,0.24,VIP,Los Angeles,Sunny
2023-09-17,TRX-11548,PROD-6494,Sunglasses,Accessories,8,56.92,455.36,0.0,240.71,2,0.16,VIP,New York,Cloudy
2023-09-17,TRX-11549,PROD-4282,Leather Wallet,Accessories,2,31.71,63.42,0.0,366.94,9,0.03,VIP,New York,Snowy
2023-09-17,TRX-11550,PROD-4282,Leather Wallet,Accessories,4,47.91,191.64,0.0,85.87,2,0.24,Returning,Chicago,Cloudy
2023-09-17,TRX-11551,PROD-6494,Sunglasses,Accessories,2,41.1,69.87,0.15,138.45,2,0.17,New,Chicago,Cloudy
2023-09-17,TRX-11552,PROD-6494,Sunglasses,Accessories,8,112.07,896.56,0.0,142.05,10,0.0,New,Los Angeles,Snowy
2023-09-17,TRX-11553,PROD-5616,Denim Jeans,Apparel,7,148.9,990.18,0.05,420.44,3,0.11,New,Los Angeles,Rainy
2023-09-18,TRX-11554,PROD-4282,Leather Wallet,Accessories,17,21.19,342.22,0.05,241.5,6,0.29,VIP,New York,Sunny
2023-09-18,TRX-11555,PROD-8390,Smart Watch,Electronics,8,75.12,600.96,0.0,461.27,2,0.01,VIP,Chicago,Rainy
2023-09-18,TRX-11556,PROD-4539,Portable Charger,Electronics,5,94.63,425.83,0.1,51.36,5,0.2,VIP,New York,Cloudy
2023-09-18,TRX-11557,PROD-3898,Cotton T-Shirt,Apparel,1,50.57,40.46,0.2,315.34,12,0.25,Returning,Online,Snowy
2023-09-18,TRX-11558,PROD-0847,Winter Jacket,Apparel,19,23.62,381.46,0.15,104.13,8,0.11,VIP,Chicago,Sunny
2023-09-18,TRX-11559,PROD-6494,Sunglasses,Accessories,8,133.86,1070.88,0.0,478.65,9,0.14,Returning,Los Angeles,Rainy
2023-09-19,TRX-11560,PROD-5616,Denim Jeans,Apparel,9,69.7,533.21,0.15,315.94,6,0.17,New,Online,Sunny
2023-09-19,TRX-11561,PROD-4539,Portable Charger,Electronics,7,120.1,672.56,0.2,494.62,12,0.04,New,Online,Sunny
2023-09-19,TRX-11562,PROD-4260,Canvas Tote,Accessories,7,118.8,831.6,0.0,428.46,12,0.2,New,Chicago,Sunny
2023-09-19,TRX-11563,PROD-8390,Smart Watch,Electronics,10,67.48,607.32,0.1,280.83,10,0.27,VIP,Online,Rainy
2023-09-19,TRX-11564,PROD-8390,Smart Watch,Electronics,9,160.34,1298.75,0.1,331.68,6,0.28,VIP,New York,Sunny
2023-09-19,TRX-11565,PROD-6494,Sunglasses,Accessories,2,52.0,98.8,0.05,476.06,7,0.16,VIP,Los Angeles,Snowy
2023-09-20,TRX-11566,PROD-9710,Scented Candle,Home Goods,1,141.99,113.59,0.2,61.56,10,0.01,Returning,Chicago,Snowy
2023-09-20,TRX-11567,PROD-8390,Smart Watch,Electronics,2,125.6,251.2,0.0,318.06,3,0.23,VIP,New York,Rainy
2023-09-20,TRX-11568,PROD-4260,Canvas Tote,Accessories,3,119.56,322.81,0.1,351.69,10,0.27,New,Online,Snowy
2023-09-20,TRX-11569,PROD-4260,Canvas Tote,Accessories,10,96.08,960.8,0.0,153.2,3,0.08,New,Online,Sunny
2023-09-20,TRX-11570,PROD-9710,Scented Candle,Home Goods,25,22.62,565.5,0.0,129.66,6,0.2,VIP,Los Angeles,Cloudy
2023-09-20,TRX-11571,PROD-6494,Sunglasses,Accessories,10,31.98,255.84,0.2,436.55,12,0.2,Returning,Los Angeles,Cloudy
2023-09-21,TRX-11572,PROD-4539,Portable Charger,Electronics,5,145.7,582.8,0.2,324.42,8,0.16,VIP,Chicago,Snowy
2023-09-21,TRX-11573,PROD-9357,Wireless Earbuds,Electronics,2,73.31,139.29,0.05,55.23,10,0.1,Returning,Los Angeles,Rainy
2023-09-21,TRX-11574,PROD-5960,Throw Pillow,Home Goods,7,125.26,876.82,0.0,294.18,4,0.0,VIP,Los Angeles,Cloudy
2023-09-21,TRX-11575,PROD-4260,Canvas Tote,Accessories,1,103.12,97.96,0.05,111.86,6,0.12,New,Online,Sunny
2023-09-21,TRX-11576,PROD-4282,Leather Wallet,Accessories,5,90.48,452.4,0.0,146.5,3,0.18,VIP,Los Angeles,Cloudy
2023-09-21,TRX-11577,PROD-3898,Cotton T-Shirt,Apparel,4,102.75,390.45,0.05,373.87,2,0.1,New,New York,Cloudy
2023-09-22,TRX-11578,PROD-5960,Throw Pillow,Home Goods,1,82.32,82.32,0.0,212.14,6,0.23,Returning,Los Angeles,Cloudy
2023-09-22,TRX-11579,PROD-4539,Portable Charger,Electronics,6,27.12,130.18,0.2,136.96,6,0.08,VIP,Online,Snowy
2023-09-22,TRX-11580,PROD-9357,Wireless Earbuds,Electronics,2,116.64,186.62,0.2,282.1,13,0.08,VIP,New York,Sunny
2023-09-22,TRX-11581,PROD-6494,Sunglasses,Accessories,5,118.46,592.3,0.0,249.28,8,0.16,New,Los Angeles,Cloudy
2023-09-22,TRX-11582,PROD-5616,Denim Jeans,Apparel,9,108.5,927.67,0.05,327.41,10,0.19,New,Online,Snowy
2023-09-22,TRX-11583,PROD-5960,Throw Pillow,Home Goods,2,63.96,127.92,0.0,203.13,6,0.29,VIP,New York,Sunny
2023-09-23,TRX-11584,PROD-4539,Portable Charger,Electronics,3,33.85,101.55,0.0,430.17,14,0.14,Returning,Los Angeles,Snowy
2023-09-23,TRX-11585,PROD-9357,Wireless Earbuds,Electronics,7,30.15,179.39,0.15,377.69,5,0.25,VIP,Online,Rainy
2023-09-23,TRX-11586,PROD-6494,Sunglasses,Accessories,3,53.18,159.54,0.0,281.6,6,0.1,VIP,New York,Snowy
2023-09-23,TRX-11587,PROD-4282,Leather Wallet,Accessories,25,22.04,495.9,0.1,185.51,4,0.09,VIP,Chicago,Rainy
2023-09-23,TRX-11588,PROD-9357,Wireless Earbuds,Electronics,5,153.16,612.64,0.2,456.36,10,0.18,Returning,Online,Snowy
2023-09-23,TRX-11589,PROD-9357,Wireless Earbuds,Electronics,1,115.76,92.61,0.2,405.73,6,0.09,Returning,Online,Snowy
2023-09-24,TRX-11590,PROD-5960,Throw Pillow,Home Goods,5,137.41,549.64,0.2,193.52,5,0.06,VIP,New York,Snowy
2023-09-24,TRX-11591,PROD-3898,Cotton T-Shirt,Apparel,7,127.29,846.48,0.05,402.48,12,0.06,Returning,Chicago,Cloudy
2023-09-24,TRX-11592,PROD-8390,Smart Watch,Electronics,10,66.25,662.5,0.0,153.01,2,0.0,VIP,Online,Rainy
2023-09-24,TRX-11593,PROD-3898,Cotton T-Shirt,Apparel,8,37.02,281.35,0.05,483.95,9,0.21,Returning,Chicago,Snowy
2023-09-24,TRX-11594,PROD-5616,Denim Jeans,Apparel,2,95.64,191.28,0.0,129.59,13,0.3,New,Chicago,Cloudy
2023-09-24,TRX-11595,PROD-4282,Leather Wallet,Accessories,22,17.11,376.42,0.0,98.76,11,0.15,Returning,Online,Snowy
2023-09-25,TRX-11596,PROD-3898,Cotton T-Shirt,Apparel,10,124.37,1243.7,0.0,249.84,14,0.27,Returning,Online,Rainy
2023-09-25,TRX-11597,PROD-6494,Sunglasses,Accessories,7,133.73,936.11,0.0,116.27,3,0.28,New,Los Angeles,Cloudy
2023-09-25,TRX-11598,PROD-0847,Winter Jacket,Apparel,4,117.06,444.83,0.05,205.57,11,0.22,VIP,New York,Snowy
2023-09-25,TRX-11599,PROD-5960,Throw Pillow,Home Goods,9,41.44,372.96,0.0,189.39,3,0.2,VIP,Los Angeles,Cloudy
2023-09-25,TRX-11600,PROD-9710,Scented Candle,Home Goods,5,134.35,671.75,0.0,64.15,8,0.08,VIP,Chicago,Cloudy
2023-09-25,TRX-11601,PROD-6494,Sunglasses,Accessories,2,123.37,246.74,0.0,112.97,5,0.05,VIP,Online,Cloudy
2023-09-26,TRX-11602,PROD-4260,Canvas Tote,Accessories,2,148.54,282.23,0.05,247.27,14,0.12,New,Los Angeles,Cloudy
2023-09-26,TRX-11603,PROD-5616,Denim Jeans,Apparel,9,35.57,288.12,0.1,220.78,4,0.25,Returning,Chicago,Sunny
2023-09-26,TRX-11604,PROD-8390,Smart Watch,Electronics,4,94.72,303.1,0.2,68.77,7,0.21,New,New York,Snowy
2023-09-26,TRX-11605,PROD-5616,Denim Jeans,Apparel,3,112.16,336.48,0.0,330.86,5,0.1,New,Chicago,Sunny
2023-09-26,TRX-11606,PROD-4539,Portable Charger,Electronics,9,127.19,1144.71,0.0,371.82,8,0.13,VIP,Chicago,Sunny
2023-09-26,TRX-11607,PROD-6494,Sunglasses,Accessories,5,141.93,603.2,0.15,479.98,6,0.08,New,Los Angeles,Cloudy
2023-09-27,TRX-11608,PROD-9357,Wireless Earbuds,Electronics,9,90.93,818.37,0.0,57.01,12,0.2,VIP,Chicago,Rainy
2023-09-27,TRX-11609,PROD-8390,Smart Watch,Electronics,9,95.5,730.57,0.15,164.96,10,0.22,VIP,Online,Rainy
2023-09-27,TRX-11610,PROD-9357,Wireless Earbuds,Electronics,10,143.55,1220.17,0.15,109.78,9,0.03,Returning,Los Angeles,Cloudy
2023-09-27,TRX-11611,PROD-4282,Leather Wallet,Accessories,24,18.28,394.85,0.1,386.46,8,0.21,New,Chicago,Rainy
2023-09-27,TRX-11612,PROD-0847,Winter Jacket,Apparel,3,104.47,282.07,0.1,155.96,11,0.24,New,New York,Snowy
2023-09-27,TRX-11613,PROD-9357,Wireless Earbuds,Electronics,10,129.65,1296.5,0.0,492.53,10,0.26,New,Los Angeles,Rainy
2023-09-28,TRX-11614,PROD-3898,Cotton T-Shirt,Apparel,10,19.43,194.3,0.0,129.08,2,0.0,VIP,Online,Snowy
2023-09-28,TRX-11615,PROD-6494,Sunglasses,Accessories,9,32.97,237.38,0.2,334.12,12,0.26,VIP,Online,Snowy
2023-09-28,TRX-11616,PROD-8390,Smart Watch,Electronics,4,94.6,378.4,0.0,222.67,3,0.09,VIP,Los Angeles,Cloudy
2023-09-28,TRX-11617,PROD-5960,Throw Pillow,Home Goods,10,52.19,469.71,0.1,389.8,14,0.14,Returning,Los Angeles,Rainy
2023-09-28,TRX-11618,PROD-9710,Scented Candle,Home Goods,6,76.94,369.31,0.2,354.33,3,0.01,New,New York,Snowy
2023-09-28,TRX-11619,PROD-4282,Leather Wallet,Accessories,13,16.46,213.98,0.0,478.62,11,0.11,New,Chicago,Sunny
2023-09-29,TRX-11620,PROD-9357,Wireless Earbuds,Electronics,7,79.26,527.08,0.05,170.9,3,0.0,VIP,Online,Cloudy
2023-09-29,TRX-11621,PROD-9497,Ceramic Mug,Home Goods,4,115.23,460.92,0.0,50.71,9,0.16,New,Online,Cloudy
2023-09-29,TRX-11622,PROD-4282,Leather Wallet,Accessories,9,77.28,556.42,0.2,137.59,8,0.16,Returning,Los Angeles,Snowy
2023-09-29,TRX-11623,PROD-4282,Leather Wallet,Accessories,1,66.88,60.19,0.1,155.34,8,0.17,VIP,New York,Snowy
2023-09-29,TRX-11624,PROD-4260,Canvas Tote,Accessories,23,22.48,491.19,0.05,131.27,9,0.25,VIP,Online,Snowy
2023-09-29,TRX-11625,PROD-4539,Portable Charger,Electronics,2,88.17,176.34,0.0,244.23,13,0.23,Returning,Online,Rainy
2023-09-30,TRX-11626,PROD-4282,Leather Wallet,Accessories,1,51.16,40.93,0.2,474.62,11,0.11,New,New York,Snowy
2023-09-30,TRX-11627,PROD-9710,Scented Candle,Home Goods,2,91.83,174.48,0.05,269.0,6,0.21,VIP,Los Angeles,Snowy
2023-09-30,TRX-11628,PROD-9710,Scented Candle,Home Goods,2,101.76,183.17,0.1,352.84,12,0.17,Returning,New York,Snowy
2023-09-30,TRX-11629,PROD-5616,Denim Jeans,Apparel,10,47.51,451.34,0.05,200.42,11,0.02,New,Chicago,Cloudy
2023-09-30,TRX-11630,PROD-9497,Ceramic Mug,Home Goods,14,29.52,413.28,0.0,268.75,2,0.1,VIP,Los Angeles,Sunny
2023-09-30,TRX-11631,PROD-3898,Cotton T-Shirt,Apparel,1,125.59,106.75,0.15,308.54,13,0.01,VIP,Online,Rainy
2023-10-01,TRX-11632,PROD-9710,Scented Candle,Home Goods,3,47.48,142.44,0.0,422.28,6,0.25,Returning,Los Angeles,Rainy
2023-10-01,TRX-11633,PROD-5960,Throw Pillow,Home Goods,1,128.62,128.62,0.0,268.46,12,0.28,VIP,Los Angeles,Rainy
2023-10-01,TRX-11634,PROD-5960,Throw Pillow,Home Goods,7,69.87,489.09,0.0,225.27,10,0.28,Returning,New York,Snowy
2023-10-01,TRX-11635,PROD-8390,Smart Watch,Electronics,1,131.88,131.88,0.0,102.28,7,0.29,VIP,Los Angeles,Snowy
2023-10-01,TRX-11636,PROD-4539,Portable Charger,Electronics,7,24.96,148.51,0.15,446.05,13,0.11,Returning,New York,Rainy
2023-10-01,TRX-11637,PROD-3898,Cotton T-Shirt,Apparel,18,17.76,287.71,0.1,191.26,2,0.0,Returning,Chicago,Sunny
2023-10-02,TRX-11638,PROD-5960,Throw Pillow,Home Goods,4,115.46,369.47,0.2,340.64,14,0.17,Returning,Online,Rainy
2023-10-02,TRX-11639,PROD-6494,Sunglasses,Accessories,8,31.16,199.42,0.2,102.01,13,0.03,VIP,Los Angeles,Snowy
2023-10-02,TRX-11640,PROD-5616,Denim Jeans,Apparel,2,114.09,228.18,0.0,166.02,2,0.05,VIP,Online,Rainy
2023-10-02,TRX-11641,PROD-3898,Cotton T-Shirt,Apparel,6,75.04,427.73,0.05,165.22,14,0.26,New,Chicago,Rainy
2023-10-02,TRX-11642,PROD-4260,Canvas Tote,Accessories,22,24.84,519.16,0.05,67.51,8,0.13,VIP,Los Angeles,Cloudy
2023-10-02,TRX-11643,PROD-5960,Throw Pillow,Home Goods,3,83.74,251.22,0.0,410.09,8,0.28,VIP,Chicago,Snowy
2023-10-03,TRX-11644,PROD-0847,Winter Jacket,Apparel,19,20.69,314.49,0.2,249.95,6,0.21,Returning,Chicago,Snowy
2023-10-03,TRX-11645,PROD-9710,Scented Candle,Home Goods,10,28.19,281.9,0.0,304.06,13,0.25,VIP,New York,Cloudy
2023-10-03,TRX-11646,PROD-9497,Ceramic Mug,Home Goods,14,21.27,253.11,0.15,62.4,11,0.03,New,New York,Sunny
2023-10-03,TRX-11647,PROD-9357,Wireless Earbuds,Electronics,2,130.76,235.37,0.1,493.83,2,0.04,Returning,Online,Snowy
2023-10-03,TRX-11648,PROD-4539,Portable Charger,Electronics,1,102.57,97.44,0.05,372.69,7,0.28,Returning,Chicago,Sunny
2023-10-03,TRX-11649,PROD-3898,Cotton T-Shirt,Apparel,3,140.07,399.2,0.05,455.5,14,0.24,VIP,Chicago,Sunny
2023-10-04,TRX-11650,PROD-8390,Smart Watch,Electronics,1,137.9,137.9,0.0,193.78,7,0.06,VIP,Los Angeles,Cloudy
2023-10-04,TRX-11651,PROD-9710,Scented Candle,Home Goods,1,102.92,97.77,0.05,177.13,9,0.03,Returning,Los Angeles,Rainy
2023-10-04,TRX-11652,PROD-4260,Canvas Tote,Accessories,10,97.05,824.92,0.15,214.77,2,0.27,VIP,New York,Sunny
2023-10-04,TRX-11653,PROD-9357,Wireless Earbuds,Electronics,4,55.77,223.08,0.0,397.79,2,0.06,VIP,New York,Sunny
2023-10-04,TRX-11654,PROD-9710,Scented Candle,Home Goods,11,29.02,303.26,0.05,70.52,11,0.21,Returning,New York,Sunny
2023-10-04,TRX-11655,PROD-5960,Throw Pillow,Home Goods,4,89.87,305.56,0.15,201.56,11,0.18,New,Chicago,Cloudy
2023-10-05,TRX-11656,PROD-5616,Denim Jeans,Apparel,1,104.18,104.18,0.0,224.57,2,0.02,Returning,New York,Sunny
2023-10-05,TRX-11657,PROD-4260,Canvas Tote,Accessories,9,78.88,709.92,0.0,83.16,8,0.22,Returning,Chicago,Sunny
2023-10-05,TRX-11658,PROD-5616,Denim Jeans,Apparel,3,85.84,218.89,0.15,450.39,5,0.2,VIP,Chicago,Cloudy
2023-10-05,TRX-11659,PROD-9497,Ceramic Mug,Home Goods,19,17.39,313.89,0.05,391.44,4,0.1,New,Los Angeles,Rainy
2023-10-05,TRX-11660,PROD-9497,Ceramic Mug,Home Goods,17,23.41,397.97,0.0,164.8,8,0.06,New,Online,Cloudy
2023-10-05,TRX-11661,PROD-0847,Winter Jacket,Apparel,23,21.8,426.19,0.15,400.59,5,0.24,Returning,Chicago,Sunny
2023-10-06,TRX-11662,PROD-8390,Smart Watch,Electronics,1,103.81,88.24,0.15,452.76,8,0.25,New,Chicago,Rainy
2023-10-06,TRX-11663,PROD-4539,Portable Charger,Electronics,7,119.15,750.65,0.1,163.97,2,0.05,New,New York,Snowy
2023-10-06,TRX-11664,PROD-6494,Sunglasses,Accessories,1,41.44,41.44,0.0,453.37,7,0.29,Returning,Chicago,Snowy
2023-10-06,TRX-11665,PROD-5960,Throw Pillow,Home Goods,10,120.38,1023.23,0.15,317.12,8,0.09,Returning,New York,Rainy
2023-10-06,TRX-11666,PROD-5616,Denim Jeans,Apparel,1,113.66,96.61,0.15,113.66,7,0.11,New,New York,Cloudy
2023-10-06,TRX-11667,PROD-6494,Sunglasses,Accessories,3,140.41,421.23,0.0,458.3,3,0.03,Returning,Los Angeles,Rainy
2023-10-07,TRX-11668,PROD-8390,Smart Watch,Electronics,3,42.15,126.45,0.0,341.17,11,0.22,New,New York,Cloudy
2023-10-07,TRX-11669,PROD-4539,Portable Charger,Electronics,1,92.13,78.31,0.15,214.72,3,0.13,New,Online,Rainy
2023-10-07,TRX-11670,PROD-9710,Scented Candle,Home Goods,10,81.81,818.1,0.0,306.04,9,0.21,Returning,Los Angeles,Sunny
2023-10-07,TRX-11671,PROD-4260,Canvas Tote,Accessories,6,88.3,529.8,0.0,265.44,14,0.24,VIP,Los Angeles,Sunny
2023-10-07,TRX-11672,PROD-4260,Canvas Tote,Accessories,10,142.49,1353.65,0.05,454.65,14,0.15,Returning,Chicago,Sunny
2023-10-07,TRX-11673,PROD-4539,Portable Charger,Electronics,8,35.14,281.12,0.0,50.55,4,0.17,VIP,Chicago,Rainy
2023-10-08,TRX-11674,PROD-3898,Cotton T-Shirt,Apparel,5,97.24,486.2,0.0,174.84,9,0.3,VIP,Los Angeles,Rainy
2023-10-08,TRX-11675,PROD-8390,Smart Watch,Electronics,6,78.42,423.47,0.1,321.1,5,0.21,VIP,Los Angeles,Sunny
2023-10-08,TRX-11676,PROD-3898,Cotton T-Shirt,Apparel,5,110.23,468.48,0.15,363.15,5,0.26,New,Online,Snowy
2023-10-08,TRX-11677,PROD-9497,Ceramic Mug,Home Goods,6,100.25,511.27,0.15,137.28,14,0.23,VIP,New York,Snowy
2023-10-08,TRX-11678,PROD-9497,Ceramic Mug,Home Goods,1,68.51,58.23,0.15,492.96,2,0.1,VIP,Los Angeles,Snowy
2023-10-08,TRX-11679,PROD-6494,Sunglasses,Accessories,2,68.12,122.62,0.1,291.77,4,0.23,VIP,New York,Rainy
2023-10-09,TRX-11680,PROD-9357,Wireless Earbuds,Electronics,2,113.86,216.33,0.05,184.34,11,0.01,New,Los Angeles,Sunny
2023-10-09,TRX-11681,PROD-9357,Wireless Earbuds,Electronics,9,52.98,381.46,0.2,174.16,11,0.12,New,Los Angeles,Sunny
2023-10-09,TRX-11682,PROD-3898,Cotton T-Shirt,Apparel,1,64.71,64.71,0.0,232.64,7,0.29,Returning,Online,Snowy
2023-10-09,TRX-11683,PROD-9357,Wireless Earbuds,Electronics,3,45.58,136.74,0.0,306.65,14,0.12,Returning,New York,Cloudy
2023-10-09,TRX-11684,PROD-9710,Scented Candle,Home Goods,7,50.41,335.23,0.05,490.86,12,0.09,New,Los Angeles,Snowy
2023-10-09,TRX-11685,PROD-9497,Ceramic Mug,Home Goods,3,56.98,162.39,0.05,135.4,4,0.12,Returning,New York,Sunny
2023-10-10,TRX-11686,PROD-9497,Ceramic Mug,Home Goods,3,52.35,125.64,0.2,382.48,12,0.17,Returning,Chicago,Rainy
2023-10-10,TRX-11687,PROD-4539,Portable Charger,Electronics,1,84.71,76.24,0.1,380.73,11,0.29,VIP,New York,Snowy
2023-10-10,TRX-11688,PROD-0847,Winter Jacket,Apparel,2,45.62,77.55,0.15,320.35,12,0.11,New,Los Angeles,Cloudy
2023-10-10,TRX-11689,PROD-3898,Cotton T-Shirt,Apparel,5,122.6,582.35,0.05,488.35,4,0.27,VIP,New York,Cloudy
2023-10-10,TRX-11690,PROD-3898,Cotton T-Shirt,Apparel,1,52.47,41.98,0.2,360.29,3,0.02,Returning,Online,Snowy
2023-10-10,TRX-11691,PROD-9357,Wireless Earbuds,Electronics,8,140.46,898.94,0.2,377.49,13,0.17,Returning,Online,Cloudy
2023-10-11,TRX-11692,PROD-6494,Sunglasses,Accessories,5,101.66,432.05,0.15,397.44,12,0.1,New,Chicago,Rainy
2023-10-11,TRX-11693,PROD-6494,Sunglasses,Accessories,5,100.14,475.66,0.05,224.0,13,0.18,VIP,Online,Sunny
2023-10-11,TRX-11694,PROD-4282,Leather Wallet,Accessories,3,127.05,381.15,0.0,178.5,2,0.16,New,Chicago,Cloudy
2023-10-11,TRX-11695,PROD-9357,Wireless Earbuds,Electronics,3,39.22,117.66,0.0,403.94,7,0.17,Returning,Chicago,Snowy
2023-10-11,TRX-11696,PROD-3898,Cotton T-Shirt,Apparel,8,123.43,789.95,0.2,491.38,4,0.07,VIP,New York,Cloudy
2023-10-11,TRX-11697,PROD-5616,Denim Jeans,Apparel,1,33.52,28.49,0.15,479.15,12,0.16,New,Los Angeles,Rainy
2023-10-12,TRX-11698,PROD-4282,Leather Wallet,Accessories,5,53.6,268.0,0.0,373.28,2,0.14,Returning,Los Angeles,Snowy
2023-10-12,TRX-11699,PROD-3898,Cotton T-Shirt,Apparel,1,149.97,149.97,0.0,290.37,12,0.22,Returning,Chicago,Rainy
2023-10-12,TRX-11700,PROD-3898,Cotton T-Shirt,Apparel,19,26.9,511.1,0.0,462.27,10,0.08,New,Los Angeles,Cloudy
2023-10-12,TRX-11701,PROD-5960,Throw Pillow,Home Goods,9,134.17,966.02,0.2,257.29,6,0.25,VIP,Online,Sunny
2023-10-12,TRX-11702,PROD-9357,Wireless Earbuds,Electronics,1,45.02,38.27,0.15,288.07,14,0.1,VIP,Los Angeles,Rainy
2023-10-12,TRX-11703,PROD-6494,Sunglasses,Accessories,7,77.33,460.11,0.15,195.76,5,0.06,New,New York,Cloudy
2023-10-13,TRX-11704,PROD-4539,Portable Charger,Electronics,6,137.47,659.86,0.2,118.63,9,0.28,New,New York,Cloudy
2023-10-13,TRX-11705,PROD-5960,Throw Pillow,Home Goods,1,93.32,93.32,0.0,464.35,9,0.26,New,Los Angeles,Sunny
2023-10-13,TRX-11706,PROD-9497,Ceramic Mug,Home Goods,4,60.06,240.24,0.0,241.44,11,0.09,VIP,New York,Rainy
2023-10-13,TRX-11707,PROD-4260,Canvas Tote,Accessories,8,128.63,1029.04,0.0,458.79,5,0.04,Returning,Chicago,Cloudy
2023-10-13,TRX-11708,PROD-0847,Winter Jacket,Apparel,1,111.94,100.75,0.1,340.19,11,0.22,Returning,Los Angeles,Cloudy
2023-10-13,TRX-11709,PROD-0847,Winter Jacket,Apparel,4,66.94,267.76,0.0,116.76,4,0.19,Returning,Los Angeles,Rainy
2023-10-14,TRX-11710,PROD-3898,Cotton T-Shirt,Apparel,4,57.59,184.29,0.2,209.32,4,0.07,Returning,New York,Cloudy
2023-10-14,TRX-11711,PROD-9357,Wireless Earbuds,Electronics,9,74.2,634.41,0.05,70.5,4,0.12,Returning,New York,Rainy
2023-10-14,TRX-11712,PROD-5616,Denim Jeans,Apparel,8,18.24,145.92,0.0,228.39,7,0.19,VIP,Los Angeles,Rainy
2023-10-14,TRX-11713,PROD-9357,Wireless Earbuds,Electronics,7,112.11,667.05,0.15,392.92,10,0.26,Returning,Online,Rainy
2023-10-14,TRX-11714,PROD-9710,Scented Candle,Home Goods,4,108.14,432.56,0.0,491.97,4,0.04,New,New York,Sunny
2023-10-14,TRX-11715,PROD-9710,Scented Candle,Home Goods,10,145.01,1450.1,0.0,372.81,12,0.3,VIP,Los Angeles,Rainy
2023-10-15,TRX-11716,PROD-9710,Scented Candle,Home Goods,24,21.28,510.72,0.0,144.98,12,0.01,Returning,Los Angeles,Snowy
2023-10-15,TRX-11717,PROD-3898,Cotton T-Shirt,Apparel,1,120.39,120.39,0.0,228.57,14,0.15,New,Los Angeles,Sunny
2023-10-15,TRX-11718,PROD-4260,Canvas Tote,Accessories,5,61.67,246.68,0.2,104.91,10,0.1,New,New York,Rainy
2023-10-15,TRX-11719,PROD-4282,Leather Wallet,Accessories,5,63.05,267.96,0.15,229.68,11,0.25,Returning,Chicago,Snowy
2023-10-15,TRX-11720,PROD-9357,Wireless Earbuds,Electronics,1,120.22,120.22,0.0,193.29,11,0.02,New,New York,Cloudy
2023-10-15,TRX-11721,PROD-9357,Wireless Earbuds,Electronics,2,140.11,252.2,0.1,394.89,12,0.1,Returning,Chicago,Sunny
2023-10-16,TRX-11722,PROD-4539,Portable Charger,Electronics,4,114.4,411.84,0.1,194.47,10,0.15,New,New York,Snowy
2023-10-16,TRX-11723,PROD-8390,Smart Watch,Electronics,10,16.3,138.55,0.15,56.71,11,0.26,Returning,New York,Rainy
2023-10-16,TRX-11724,PROD-8390,Smart Watch,Electronics,10,61.49,614.9,0.0,388.35,8,0.27,VIP,Online,Snowy
2023-10-16,TRX-11725,PROD-6494,Sunglasses,Accessories,20,21.72,434.4,0.0,83.39,8,0.15,Returning,Los Angeles,Sunny
2023-10-16,TRX-11726,PROD-3898,Cotton T-Shirt,Apparel,1,72.47,68.85,0.05,481.61,13,0.17,VIP,Online,Snowy
2023-10-16,TRX-11727,PROD-9497,Ceramic Mug,Home Goods,10,139.69,1187.37,0.15,361.84,5,0.03,New,Online,Cloudy
2023-10-17,TRX-11728,PROD-9497,Ceramic Mug,Home Goods,23,19.22,375.75,0.15,200.69,5,0.04,New,Los Angeles,Sunny
2023-10-17,TRX-11729,PROD-9357,Wireless Earbuds,Electronics,8,135.76,868.86,0.2,220.16,6,0.17,Returning,Chicago,Snowy
2023-10-17,TRX-11730,PROD-4539,Portable Charger,Electronics,22,20.18,421.76,0.05,228.04,6,0.16,Returning,Online,Snowy
2023-10-17,TRX-11731,PROD-5960,Throw Pillow,Home Goods,5,74.7,373.5,0.0,238.91,5,0.12,Returning,Online,Sunny
2023-10-17,TRX-11732,PROD-9710,Scented Candle,Home Goods,16,19.1,305.6,0.0,364.56,9,0.06,VIP,Online,Cloudy
2023-10-17,TRX-11733,PROD-4260,Canvas Tote,Accessories,2,39.89,79.78,0.0,447.23,11,0.2,New,Online,Rainy
2023-10-18,TRX-11734,PROD-9497,Ceramic Mug,Home Goods,19,21.13,341.25,0.15,53.58,7,0.1,New,Los Angeles,Snowy
2023-10-18,TRX-11735,PROD-4260,Canvas Tote,Accessories,2,41.14,65.82,0.2,191.31,6,0.27,VIP,Chicago,Snowy
2023-10-18,TRX-11736,PROD-9710,Scented Candle,Home Goods,5,69.96,349.8,0.0,389.17,6,0.22,Returning,Chicago,Sunny
2023-10-18,TRX-11737,PROD-5960,Throw Pillow,Home Goods,10,31.81,286.29,0.1,160.06,11,0.07,VIP,Chicago,Cloudy
2023-10-18,TRX-11738,PROD-6494,Sunglasses,Accessories,7,49.04,343.28,0.0,57.73,14,0.2,VIP,Los Angeles,Rainy
2023-10-18,TRX-11739,PROD-3898,Cotton T-Shirt,Apparel,3,95.11,256.8,0.1,375.33,13,0.28,VIP,Chicago,Sunny
2023-10-19,TRX-11740,PROD-3898,Cotton T-Shirt,Apparel,23,26.14,571.16,0.05,108.09,13,0.05,Returning,New York,Snowy
2023-10-19,TRX-11741,PROD-9710,Scented Candle,Home Goods,4,136.9,547.6,0.0,333.63,14,0.12,Returning,Online,Rainy
2023-10-19,TRX-11742,PROD-3898,Cotton T-Shirt,Apparel,5,43.61,196.25,0.1,244.78,6,0.11,New,Los Angeles,Rainy
2023-10-19,TRX-11743,PROD-8390,Smart Watch,Electronics,6,35.71,214.26,0.0,111.36,3,0.06,Returning,Chicago,Snowy
2023-10-19,TRX-11744,PROD-5960,Throw Pillow,Home Goods,6,108.05,583.47,0.1,201.82,12,0.25,New,Online,Sunny
2023-10-19,TRX-11745,PROD-3898,Cotton T-Shirt,Apparel,5,48.85,244.25,0.0,166.72,7,0.12,New,New York,Sunny
2023-10-20,TRX-11746,PROD-0847,Winter Jacket,Apparel,4,81.27,325.08,0.0,450.61,5,0.25,New,Los Angeles,Sunny
2023-10-20,TRX-11747,PROD-3898,Cotton T-Shirt,Apparel,5,54.5,258.88,0.05,143.56,3,0.01,New,Online,Snowy
2023-10-20,TRX-11748,PROD-4260,Canvas Tote,Accessories,6,115.32,588.13,0.15,368.53,4,0.17,Returning,Online,Sunny
2023-10-20,TRX-11749,PROD-0847,Winter Jacket,Apparel,20,27.99,531.81,0.05,450.17,3,0.14,New,New York,Cloudy
2023-10-20,TRX-11750,PROD-5616,Denim Jeans,Apparel,16,21.65,346.4,0.0,123.52,10,0.18,Returning,Online,Snowy
2023-10-20,TRX-11751,PROD-9497,Ceramic Mug,Home Goods,3,73.08,219.24,0.0,140.47,10,0.3,VIP,Los Angeles,Sunny
2023-10-21,TRX-11752,PROD-3898,Cotton T-Shirt,Apparel,2,32.5,65.0,0.0,141.99,2,0.07,New,Los Angeles,Cloudy
2023-10-21,TRX-11753,PROD-6494,Sunglasses,Accessories,2,78.02,132.63,0.15,455.41,14,0.14,New,Online,Snowy
2023-10-21,TRX-11754,PROD-5616,Denim Jeans,Apparel,6,94.34,566.04,0.0,454.39,2,0.05,VIP,Chicago,Rainy
2023-10-21,TRX-11755,PROD-8390,Smart Watch,Electronics,4,132.82,451.59,0.15,311.77,14,0.08,Returning,Los Angeles,Rainy
2023-10-21,TRX-11756,PROD-8390,Smart Watch,Electronics,3,55.88,167.64,0.0,107.18,6,0.14,VIP,New York,Sunny
2023-10-21,TRX-11757,PROD-4260,Canvas Tote,Accessories,3,34.52,103.56,0.0,73.45,7,0.02,VIP,Online,Cloudy
2023-10-22,TRX-11758,PROD-4260,Canvas Tote,Accessories,8,110.24,749.63,0.15,336.23,9,0.1,Returning,Online,Sunny
2023-10-22,TRX-11759,PROD-5616,Denim Jeans,Apparel,22,21.15,465.3,0.0,291.57,9,0.05,VIP,Online,Rainy
2023-10-22,TRX-11760,PROD-5960,Throw Pillow,Home Goods,3,121.18,363.54,0.0,319.46,14,0.29,VIP,Chicago,Snowy
2023-10-22,TRX-11761,PROD-4260,Canvas Tote,Accessories,9,50.43,385.79,0.15,382.77,5,0.15,VIP,Los Angeles,Snowy
2023-10-22,TRX-11762,PROD-8390,Smart Watch,Electronics,6,26.1,156.6,0.0,288.91,10,0.01,VIP,Chicago,Snowy
2023-10-22,TRX-11763,PROD-4539,Portable Charger,Electronics,2,151.91,288.63,0.05,434.78,9,0.09,New,Los Angeles,Rainy
2023-10-23,TRX-11764,PROD-9497,Ceramic Mug,Home Goods,5,96.6,410.55,0.15,209.73,11,0.1,New,Online,Sunny
2023-10-23,TRX-11765,PROD-3898,Cotton T-Shirt,Apparel,7,34.13,203.07,0.15,164.54,5,0.17,New,Los Angeles,Sunny
2023-10-23,TRX-11766,PROD-9710,Scented Candle,Home Goods,3,32.48,92.57,0.05,355.61,12,0.24,VIP,Online,Rainy
2023-10-23,TRX-11767,PROD-0847,Winter Jacket,Apparel,4,118.75,475.0,0.0,489.27,6,0.09,New,Chicago,Snowy
2023-10-23,TRX-11768,PROD-9497,Ceramic Mug,Home Goods,3,46.64,139.92,0.0,437.08,11,0.2,VIP,Chicago,Sunny
2023-10-23,TRX-11769,PROD-9497,Ceramic Mug,Home Goods,5,120.13,540.59,0.1,365.9,4,0.12,VIP,Los Angeles,Rainy
2023-10-24,TRX-11770,PROD-9710,Scented Candle,Home Goods,8,43.55,330.98,0.05,193.51,4,0.05,Returning,Los Angeles,Sunny
2023-10-24,TRX-11771,PROD-4282,Leather Wallet,Accessories,2,130.53,261.06,0.0,414.28,4,0.01,Returning,Los Angeles,Rainy
2023-10-24,TRX-11772,PROD-9497,Ceramic Mug,Home Goods,18,26.72,480.96,0.0,68.92,11,0.1,VIP,Online,Rainy
2023-10-24,TRX-11773,PROD-4282,Leather Wallet,Accessories,3,80.96,206.45,0.15,233.87,11,0.22,VIP,Los Angeles,Sunny
2023-10-24,TRX-11774,PROD-6494,Sunglasses,Accessories,24,26.08,563.33,0.1,62.18,12,0.17,New,Los Angeles,Rainy
2023-10-24,TRX-11775,PROD-8390,Smart Watch,Electronics,1,108.77,108.77,0.0,172.68,10,0.26,New,Los Angeles,Sunny
2023-10-25,TRX-11776,PROD-8390,Smart Watch,Electronics,3,119.29,286.3,0.2,84.32,13,0.09,VIP,New York,Cloudy
2023-10-25,TRX-11777,PROD-5616,Denim Jeans,Apparel,7,89.0,623.0,0.0,452.13,3,0.23,New,Chicago,Cloudy
2023-10-25,TRX-11778,PROD-9357,Wireless Earbuds,Electronics,3,54.55,130.92,0.2,426.57,2,0.01,Returning,Los Angeles,Snowy
2023-10-25,TRX-11779,PROD-4260,Canvas Tote,Accessories,6,81.41,439.61,0.1,197.28,13,0.29,VIP,Online,Cloudy
2023-10-25,TRX-11780,PROD-4260,Canvas Tote,Accessories,10,59.75,567.62,0.05,375.9,5,0.09,New,New York,Rainy
2023-10-25,TRX-11781,PROD-4282,Leather Wallet,Accessories,1,36.77,36.77,0.0,360.58,2,0.09,VIP,Chicago,Rainy
2023-10-26,TRX-11782,PROD-9357,Wireless Earbuds,Electronics,10,123.89,991.12,0.2,437.84,3,0.03,VIP,Online,Rainy
2023-10-26,TRX-11783,PROD-4260,Canvas Tote,Accessories,5,106.55,479.48,0.1,360.79,3,0.2,VIP,Los Angeles,Sunny
2023-10-26,TRX-11784,PROD-8390,Smart Watch,Electronics,7,44.0,308.0,0.0,381.88,13,0.05,New,New York,Sunny
2023-10-26,TRX-11785,PROD-9497,Ceramic Mug,Home Goods,4,116.89,420.8,0.1,228.21,3,0.0,VIP,New York,Cloudy
2023-10-26,TRX-11786,PROD-5616,Denim Jeans,Apparel,4,48.26,173.74,0.1,369.4,7,0.17,New,Online,Rainy
2023-10-26,TRX-11787,PROD-8390,Smart Watch,Electronics,7,76.41,534.87,0.0,420.19,14,0.13,New,Los Angeles,Rainy
2023-10-27,TRX-11788,PROD-0847,Winter Jacket,Apparel,4,95.04,380.16,0.0,416.55,8,0.27,New,Chicago,Sunny
2023-10-27,TRX-11789,PROD-4282,Leather Wallet,Accessories,7,63.25,398.48,0.1,187.12,14,0.03,New,Los Angeles,Rainy
2023-10-27,TRX-11790,PROD-3898,Cotton T-Shirt,Apparel,3,142.43,427.29,0.0,352.86,10,0.22,New,Chicago,Rainy
2023-10-27,TRX-11791,PROD-4260,Canvas Tote,Accessories,9,102.85,879.37,0.05,196.42,14,0.22,VIP,New York,Snowy
2023-10-27,TRX-11792,PROD-6494,Sunglasses,Accessories,7,69.08,386.85,0.2,333.12,7,0.25,New,New York,Sunny
2023-10-27,TRX-11793,PROD-9497,Ceramic Mug,Home Goods,8,121.88,877.54,0.1,250.07,8,0.04,VIP,New York,Cloudy
2023-10-28,TRX-11794,PROD-4260,Canvas Tote,Accessories,9,133.92,1024.49,0.15,184.51,12,0.15,VIP,New York,Rainy
2023-10-28,TRX-11795,PROD-6494,Sunglasses,Accessories,7,70.64,445.03,0.1,223.01,4,0.18,Returning,New York,Rainy
2023-10-28,TRX-11796,PROD-9710,Scented Candle,Home Goods,10,43.55,391.95,0.1,451.0,4,0.1,New,Chicago,Snowy
2023-10-28,TRX-11797,PROD-9357,Wireless Earbuds,Electronics,10,123.52,988.16,0.2,323.52,9,0.08,Returning,Los Angeles,Snowy
2023-10-28,TRX-11798,PROD-4260,Canvas Tote,Accessories,8,142.64,1027.01,0.1,328.43,9,0.01,New,Online,Cloudy
2023-10-28,TRX-11799,PROD-6494,Sunglasses,Accessories,10,93.84,938.4,0.0,232.53,3,0.29,New,Chicago,Sunny
2023-10-29,TRX-11800,PROD-6494,Sunglasses,Accessories,9,50.98,390.0,0.15,204.51,8,0.22,VIP,New York,Snowy
2023-10-29,TRX-11801,PROD-5960,Throw Pillow,Home Goods,6,82.96,497.76,0.0,406.55,4,0.2,VIP,Online,Sunny
2023-10-29,TRX-11802,PROD-9497,Ceramic Mug,Home Goods,1,33.37,33.37,0.0,229.31,9,0.01,Returning,Chicago,Sunny
2023-10-29,TRX-11803,PROD-4539,Portable Charger,Electronics,5,39.46,197.3,0.0,284.04,14,0.07,VIP,Los Angeles,Sunny
2023-10-29,TRX-11804,PROD-9710,Scented Candle,Home Goods,9,59.73,537.57,0.0,328.48,13,0.14,VIP,New York,Cloudy
2023-10-29,TRX-11805,PROD-4282,Leather Wallet,Accessories,19,18.41,279.83,0.2,216.75,2,0.01,New,New York,Cloudy
2023-10-30,TRX-11806,PROD-4260,Canvas Tote,Accessories,10,70.73,707.3,0.0,340.27,2,0.27,Returning,Online,Cloudy
2023-10-30,TRX-11807,PROD-4539,Portable Charger,Electronics,8,50.9,366.48,0.1,349.23,6,0.13,VIP,New York,Snowy
2023-10-30,TRX-11808,PROD-4539,Portable Charger,Electronics,7,30.8,183.26,0.15,411.64,2,0.03,New,Online,Cloudy
2023-10-30,TRX-11809,PROD-8390,Smart Watch,Electronics,5,50.04,250.2,0.0,109.19,11,0.28,Returning,Online,Cloudy
2023-10-30,TRX-11810,PROD-9710,Scented Candle,Home Goods,6,98.17,589.02,0.0,185.4,2,0.11,New,New York,Cloudy
2023-10-30,TRX-11811,PROD-5960,Throw Pillow,Home Goods,3,102.76,308.28,0.0,469.6,14,0.05,New,New York,Sunny
2023-10-31,TRX-11812,PROD-9497,Ceramic Mug,Home Goods,5,45.28,215.08,0.05,406.91,6,0.15,Returning,Online,Cloudy
2023-10-31,TRX-11813,PROD-5960,Throw Pillow,Home Goods,4,117.95,424.62,0.1,246.68,4,0.03,New,Los Angeles,Cloudy
2023-10-31,TRX-11814,PROD-9357,Wireless Earbuds,Electronics,5,139.04,695.2,0.0,377.89,5,0.03,VIP,New York,Sunny
2023-10-31,TRX-11815,PROD-5616,Denim Jeans,Apparel,2,30.21,48.34,0.2,80.6,13,0.23,New,Los Angeles,Snowy
2023-10-31,TRX-11816,PROD-4282,Leather Wallet,Accessories,9,69.13,528.84,0.15,160.87,7,0.17,VIP,Chicago,Cloudy
2023-10-31,TRX-11817,PROD-3898,Cotton T-Shirt,Apparel,6,90.24,541.44,0.0,370.76,7,0.03,New,Chicago,Snowy
2023-11-01,TRX-11818,PROD-5960,Throw Pillow,Home Goods,15,24.06,360.9,0.0,288.09,12,0.01,Returning,New York,Cloudy
2023-11-01,TRX-11819,PROD-6494,Sunglasses,Accessories,6,56.16,286.42,0.15,146.67,14,0.04,Returning,Chicago,Sunny
2023-11-01,TRX-11820,PROD-4282,Leather Wallet,Accessories,10,60.59,575.61,0.05,139.75,6,0.25,VIP,Los Angeles,Sunny
2023-11-01,TRX-11821,PROD-9497,Ceramic Mug,Home Goods,4,81.48,325.92,0.0,106.17,5,0.13,New,Los Angeles,Rainy
2023-11-01,TRX-11822,PROD-5616,Denim Jeans,Apparel,9,141.77,1148.34,0.1,450.33,14,0.27,New,Chicago,Rainy
2023-11-01,TRX-11823,PROD-4260,Canvas Tote,Accessories,9,71.39,610.38,0.05,132.78,12,0.02,New,New York,Snowy
2023-11-02,TRX-11824,PROD-9710,Scented Candle,Home Goods,6,61.01,311.15,0.15,151.89,14,0.24,VIP,New York,Sunny
2023-11-02,TRX-11825,PROD-9357,Wireless Earbuds,Electronics,5,72.04,360.2,0.0,441.21,9,0.03,Returning,Online,Snowy
2023-11-02,TRX-11826,PROD-0847,Winter Jacket,Apparel,2,126.43,252.86,0.0,151.02,8,0.04,VIP,Chicago,Snowy
2023-11-02,TRX-11827,PROD-6494,Sunglasses,Accessories,10,141.54,1273.86,0.1,308.8,14,0.01,New,New York,Sunny
2023-11-02,TRX-11828,PROD-9710,Scented Candle,Home Goods,4,41.34,132.29,0.2,469.01,13,0.1,New,New York,Snowy
2023-11-02,TRX-11829,PROD-9710,Scented Candle,Home Goods,5,36.42,154.79,0.15,472.05,14,0.16,VIP,Online,Cloudy
2023-11-03,TRX-11830,PROD-4282,Leather Wallet,Accessories,8,97.58,780.64,0.0,335.8,11,0.1,VIP,Los Angeles,Sunny
2023-11-03,TRX-11831,PROD-8390,Smart Watch,Electronics,10,33.96,322.62,0.05,379.01,11,0.2,VIP,New York,Rainy
2023-11-03,TRX-11832,PROD-5960,Throw Pillow,Home Goods,8,90.41,723.28,0.0,257.95,7,0.23,VIP,Chicago,Cloudy
2023-11-03,TRX-11833,PROD-9497,Ceramic Mug,Home Goods,4,128.81,489.48,0.05,273.35,4,0.16,Returning,New York,Sunny
2023-11-03,TRX-11834,PROD-0847,Winter Jacket,Apparel,9,40.21,325.7,0.1,203.77,8,0.25,New,New York,Rainy
2023-11-03,TRX-11835,PROD-4260,Canvas Tote,Accessories,15,28.07,378.94,0.1,55.11,2,0.22,VIP,Los Angeles,Sunny
2023-11-04,TRX-11836,PROD-6494,Sunglasses,Accessories,3,90.5,244.35,0.1,437.65,8,0.18,New,Chicago,Sunny
2023-11-04,TRX-11837,PROD-5960,Throw Pillow,Home Goods,8,87.29,593.57,0.15,55.35,12,0.1,New,Online,Sunny
2023-11-04,TRX-11838,PROD-8390,Smart Watch,Electronics,2,98.04,196.08,0.0,161.88,10,0.04,VIP,Online,Cloudy
2023-11-04,TRX-11839,PROD-0847,Winter Jacket,Apparel,4,127.96,435.06,0.15,241.97,11,0.02,VIP,Chicago,Sunny
2023-11-04,TRX-11840,PROD-8390,Smart Watch,Electronics,3,48.58,145.74,0.0,145.48,9,0.06,New,Chicago,Snowy
2023-11-04,TRX-11841,PROD-5616,Denim Jeans,Apparel,8,108.82,870.56,0.0,147.66,7,0.15,VIP,Online,Rainy
2023-11-05,TRX-11842,PROD-5616,Denim Jeans,Apparel,1,48.8,41.48,0.15,200.24,7,0.29,Returning,New York,Cloudy
2023-11-05,TRX-11843,PROD-9710,Scented Candle,Home Goods,6,96.18,461.66,0.2,223.63,8,0.07,Returning,Los Angeles,Cloudy
2023-11-05,TRX-11844,PROD-9497,Ceramic Mug,Home Goods,17,27.47,396.94,0.15,326.05,12,0.04,VIP,Los Angeles,Snowy
2023-11-05,TRX-11845,PROD-4282,Leather Wallet,Accessories,9,82.14,665.33,0.1,239.82,14,0.2,Returning,New York,Cloudy
2023-11-05,TRX-11846,PROD-5616,Denim Jeans,Apparel,5,35.66,178.3,0.0,80.91,13,0.2,New,New York,Sunny
2023-11-05,TRX-11847,PROD-6494,Sunglasses,Accessories,9,94.73,682.06,0.2,418.16,6,0.12,Returning,New York,Cloudy
2023-11-06,TRX-11848,PROD-8390,Smart Watch,Electronics,1,40.99,40.99,0.0,270.69,5,0.0,New,Online,Snowy
2023-11-06,TRX-11849,PROD-5616,Denim Jeans,Apparel,2,35.5,71.0,0.0,335.19,12,0.08,New,Los Angeles,Cloudy
2023-11-06,TRX-11850,PROD-3898,Cotton T-Shirt,Apparel,1,94.06,89.36,0.05,272.88,6,0.21,VIP,New York,Rainy
2023-11-06,TRX-11851,PROD-0847,Winter Jacket,Apparel,10,93.7,843.3,0.1,254.46,6,0.26,Returning,New York,Rainy
2023-11-06,TRX-11852,PROD-5960,Throw Pillow,Home Goods,8,114.99,919.92,0.0,254.08,5,0.01,Returning,New York,Sunny
2023-11-06,TRX-11853,PROD-6494,Sunglasses,Accessories,1,126.07,126.07,0.0,187.28,5,0.18,VIP,New York,Snowy
2023-11-07,TRX-11854,PROD-0847,Winter Jacket,Apparel,6,80.82,436.43,0.1,150.1,5,0.06,Returning,Online,Snowy
2023-11-07,TRX-11855,PROD-9357,Wireless Earbuds,Electronics,24,28.94,694.56,0.0,330.21,3,0.28,Returning,Los Angeles,Snowy
2023-11-07,TRX-11856,PROD-8390,Smart Watch,Electronics,6,86.72,520.32,0.0,404.39,2,0.28,New,Los Angeles,Rainy
2023-11-07,TRX-11857,PROD-4539,Portable Charger,Electronics,19,20.31,366.6,0.05,110.28,6,0.23,New,New York,Sunny
2023-11-07,TRX-11858,PROD-4260,Canvas Tote,Accessories,2,98.73,177.71,0.1,146.79,6,0.11,New,New York,Sunny
2023-11-07,TRX-11859,PROD-4260,Canvas Tote,Accessories,3,90.3,270.9,0.0,387.79,10,0.29,New,Online,Rainy
2023-11-08,TRX-11860,PROD-6494,Sunglasses,Accessories,4,133.81,535.24,0.0,129.86,3,0.3,Returning,Los Angeles,Rainy
2023-11-08,TRX-11861,PROD-9497,Ceramic Mug,Home Goods,4,54.74,218.96,0.0,238.65,3,0.16,VIP,New York,Sunny
2023-11-08,TRX-11862,PROD-5616,Denim Jeans,Apparel,7,65.74,460.18,0.0,72.62,2,0.04,Returning,Online,Rainy
2023-11-08,TRX-11863,PROD-8390,Smart Watch,Electronics,6,108.92,522.82,0.2,406.59,8,0.27,Returning,Los Angeles,Sunny
2023-11-08,TRX-11864,PROD-9497,Ceramic Mug,Home Goods,1,70.87,70.87,0.0,202.53,9,0.18,New,New York,Sunny
2023-11-08,TRX-11865,PROD-4282,Leather Wallet,Accessories,10,36.48,364.8,0.0,61.7,9,0.06,Returning,New York,Rainy
2023-11-09,TRX-11866,PROD-4539,Portable Charger,Electronics,2,70.79,141.58,0.0,293.24,8,0.17,VIP,Online,Sunny
2023-11-09,TRX-11867,PROD-6494,Sunglasses,Accessories,5,31.64,158.2,0.0,441.56,13,0.23,VIP,Online,Sunny
2023-11-09,TRX-11868,PROD-4282,Leather Wallet,Accessories,2,92.75,176.22,0.05,425.41,9,0.08,New,Online,Sunny
2023-11-09,TRX-11869,PROD-3898,Cotton T-Shirt,Apparel,3,112.68,338.04,0.0,212.25,3,0.19,New,Los Angeles,Cloudy
2023-11-09,TRX-11870,PROD-3898,Cotton T-Shirt,Apparel,2,131.68,263.36,0.0,479.46,12,0.22,VIP,Chicago,Cloudy
2023-11-09,TRX-11871,PROD-6494,Sunglasses,Accessories,1,130.91,130.91,0.0,353.48,8,0.19,Returning,Chicago,Sunny
2023-11-10,TRX-11872,PROD-3898,Cotton T-Shirt,Apparel,8,71.88,517.54,0.1,418.25,13,0.17,VIP,Los Angeles,Cloudy
2023-11-10,TRX-11873,PROD-5960,Throw Pillow,Home Goods,2,63.99,121.58,0.05,66.67,3,0.03,VIP,New York,Cloudy
2023-11-10,TRX-11874,PROD-8390,Smart Watch,Electronics,7,124.73,698.49,0.2,366.4,13,0.18,VIP,Online,Cloudy
2023-11-10,TRX-11875,PROD-4260,Canvas Tote,Accessories,9,78.29,598.92,0.15,239.59,5,0.14,New,New York,Cloudy
2023-11-10,TRX-11876,PROD-9710,Scented Candle,Home Goods,4,50.05,190.19,0.05,419.39,10,0.29,VIP,New York,Sunny
2023-11-10,TRX-11877,PROD-6494,Sunglasses,Accessories,2,99.99,189.98,0.05,185.35,2,0.12,VIP,Los Angeles,Snowy
2023-11-11,TRX-11878,PROD-3898,Cotton T-Shirt,Apparel,5,132.64,596.88,0.1,171.06,8,0.08,New,Los Angeles,Sunny
2023-11-11,TRX-11879,PROD-0847,Winter Jacket,Apparel,5,142.73,677.97,0.05,134.37,13,0.26,New,New York,Rainy
2023-11-11,TRX-11880,PROD-0847,Winter Jacket,Apparel,3,117.34,281.62,0.2,56.55,7,0.0,New,Los Angeles,Sunny
2023-11-11,TRX-11881,PROD-8390,Smart Watch,Electronics,12,17.52,168.19,0.2,181.26,13,0.3,Returning,Los Angeles,Sunny
2023-11-11,TRX-11882,PROD-8390,Smart Watch,Electronics,10,85.9,859.0,0.0,104.59,3,0.12,New,New York,Sunny
2023-11-11,TRX-11883,PROD-4260,Canvas Tote,Accessories,4,119.63,478.52,0.0,358.48,5,0.28,VIP,Online,Sunny
2023-11-12,TRX-11884,PROD-4282,Leather Wallet,Accessories,5,92.25,415.12,0.1,495.05,3,0.28,VIP,Online,Snowy
2023-11-12,TRX-11885,PROD-9710,Scented Candle,Home Goods,10,43.75,350.0,0.2,428.52,11,0.15,VIP,Los Angeles,Rainy
2023-11-12,TRX-11886,PROD-4282,Leather Wallet,Accessories,4,141.22,536.64,0.05,87.12,3,0.16,New,Chicago,Sunny
2023-11-12,TRX-11887,PROD-5960,Throw Pillow,Home Goods,10,50.0,400.0,0.2,189.07,2,0.06,Returning,New York,Sunny
2023-11-12,TRX-11888,PROD-9497,Ceramic Mug,Home Goods,7,55.67,370.21,0.05,63.49,7,0.11,VIP,Chicago,Cloudy
2023-11-12,TRX-11889,PROD-9710,Scented Candle,Home Goods,1,68.16,68.16,0.0,76.35,4,0.08,VIP,New York,Rainy
2023-11-13,TRX-11890,PROD-4539,Portable Charger,Electronics,4,90.46,325.66,0.1,251.03,14,0.09,New,Los Angeles,Snowy
2023-11-13,TRX-11891,PROD-3898,Cotton T-Shirt,Apparel,2,86.68,164.69,0.05,167.94,7,0.27,Returning,Los Angeles,Cloudy
2023-11-13,TRX-11892,PROD-5616,Denim Jeans,Apparel,4,62.21,248.84,0.0,498.09,2,0.0,New,Los Angeles,Sunny
2023-11-13,TRX-11893,PROD-0847,Winter Jacket,Apparel,2,101.05,171.78,0.15,238.4,3,0.19,VIP,Chicago,Cloudy
2023-11-13,TRX-11894,PROD-9357,Wireless Earbuds,Electronics,2,113.08,226.16,0.0,77.37,11,0.05,New,Chicago,Snowy
2023-11-13,TRX-11895,PROD-4282,Leather Wallet,Accessories,12,20.6,222.48,0.1,114.5,3,0.01,VIP,Los Angeles,Rainy
2023-11-14,TRX-11896,PROD-0847,Winter Jacket,Apparel,7,123.94,867.58,0.0,207.88,4,0.01,Returning,Chicago,Sunny
2023-11-14,TRX-11897,PROD-4260,Canvas Tote,Accessories,4,76.64,245.25,0.2,397.36,13,0.27,Returning,Chicago,Snowy
2023-11-14,TRX-11898,PROD-9357,Wireless Earbuds,Electronics,8,111.58,848.01,0.05,494.41,12,0.09,New,New York,Sunny
2023-11-14,TRX-11899,PROD-9497,Ceramic Mug,Home Goods,25,15.92,398.0,0.0,483.82,6,0.15,New,Chicago,Rainy
2023-11-14,TRX-11900,PROD-5960,Throw Pillow,Home Goods,7,132.68,835.88,0.1,126.08,7,0.23,VIP,Los Angeles,Snowy
2023-11-14,TRX-11901,PROD-5616,Denim Jeans,Apparel,7,68.6,384.16,0.2,238.24,14,0.12,Returning,Online,Rainy
2023-11-15,TRX-11902,PROD-5616,Denim Jeans,Apparel,10,161.27,1532.07,0.05,447.74,8,0.26,Returning,Chicago,Cloudy
2023-11-15,TRX-11903,PROD-6494,Sunglasses,Accessories,10,131.16,1311.6,0.0,337.6,7,0.0,Returning,New York,Cloudy
2023-11-15,TRX-11904,PROD-6494,Sunglasses,Accessories,6,135.46,650.21,0.2,172.34,5,0.09,Returning,Online,Snowy
2023-11-15,TRX-11905,PROD-3898,Cotton T-Shirt,Apparel,7,34.2,191.52,0.2,163.75,13,0.23,New,Chicago,Cloudy
2023-11-15,TRX-11906,PROD-3898,Cotton T-Shirt,Apparel,5,150.6,602.4,0.2,177.37,3,0.23,New,Online,Rainy
2023-11-15,TRX-11907,PROD-4539,Portable Charger,Electronics,7,33.06,231.42,0.0,188.03,7,0.2,Returning,Los Angeles,Sunny
2023-11-16,TRX-11908,PROD-5960,Throw Pillow,Home Goods,7,124.09,825.2,0.05,166.85,14,0.01,New,New York,Sunny
2023-11-16,TRX-11909,PROD-3898,Cotton T-Shirt,Apparel,5,39.51,197.55,0.0,345.43,6,0.02,VIP,Los Angeles,Rainy
2023-11-16,TRX-11910,PROD-8390,Smart Watch,Electronics,10,100.68,855.78,0.15,477.98,8,0.0,New,Online,Rainy
2023-11-16,TRX-11911,PROD-4539,Portable Charger,Electronics,7,122.0,854.0,0.0,494.35,5,0.05,VIP,Los Angeles,Sunny
2023-11-16,TRX-11912,PROD-4260,Canvas Tote,Accessories,1,129.91,129.91,0.0,90.26,6,0.01,New,Los Angeles,Cloudy
2023-11-16,TRX-11913,PROD-4282,Leather Wallet,Accessories,8,49.87,339.12,0.15,94.51,9,0.23,VIP,Online,Sunny
2023-11-17,TRX-11914,PROD-4539,Portable Charger,Electronics,3,126.3,303.12,0.2,494.46,7,0.21,VIP,New York,Cloudy
2023-11-17,TRX-11915,PROD-4539,Portable Charger,Electronics,8,109.56,701.18,0.2,285.75,7,0.28,VIP,New York,Sunny
2023-11-17,TRX-11916,PROD-5616,Denim Jeans,Apparel,3,59.02,150.5,0.15,103.72,9,0.28,VIP,Online,Sunny
2023-11-17,TRX-11917,PROD-4282,Leather Wallet,Accessories,1,122.59,104.2,0.15,152.01,3,0.28,New,Online,Sunny
2023-11-17,TRX-11918,PROD-4539,Portable Charger,Electronics,3,83.7,251.1,0.0,354.58,14,0.18,Returning,Chicago,Snowy
2023-11-17,TRX-11919,PROD-4282,Leather Wallet,Accessories,4,87.03,348.12,0.0,251.33,8,0.17,New,New York,Rainy
2023-11-18,TRX-11920,PROD-5960,Throw Pillow,Home Goods,22,17.77,390.94,0.0,402.97,9,0.26,VIP,New York,Sunny
2023-11-18,TRX-11921,PROD-0847,Winter Jacket,Apparel,4,53.34,170.69,0.2,395.61,5,0.26,New,Los Angeles,Sunny
2023-11-18,TRX-11922,PROD-4260,Canvas Tote,Accessories,24,22.12,451.25,0.15,393.54,10,0.11,Returning,Chicago,Snowy
2023-11-18,TRX-11923,PROD-4282,Leather Wallet,Accessories,6,66.73,400.38,0.0,246.62,13,0.04,VIP,Chicago,Rainy
2023-11-18,TRX-11924,PROD-9357,Wireless Earbuds,Electronics,18,20.69,372.42,0.0,420.55,8,0.02,Returning,New York,Rainy
2023-11-18,TRX-11925,PROD-5616,Denim Jeans,Apparel,25,23.14,520.65,0.1,395.08,14,0.05,New,New York,Rainy
2023-11-19,TRX-11926,PROD-5616,Denim Jeans,Apparel,2,84.49,168.98,0.0,60.61,6,0.27,VIP,Online,Sunny
2023-11-19,TRX-11927,PROD-9357,Wireless Earbuds,Electronics,2,118.99,237.98,0.0,460.22,8,0.14,Returning,Online,Cloudy
2023-11-19,TRX-11928,PROD-4260,Canvas Tote,Accessories,10,115.64,925.12,0.2,198.5,6,0.16,New,New York,Cloudy
2023-11-19,TRX-11929,PROD-8390,Smart Watch,Electronics,8,127.87,971.81,0.05,166.81,4,0.15,VIP,Online,Sunny
2023-11-19,TRX-11930,PROD-9710,Scented Candle,Home Goods,2,46.74,93.48,0.0,295.7,3,0.27,Returning,Chicago,Sunny
2023-11-19,TRX-11931,PROD-3898,Cotton T-Shirt,Apparel,8,99.99,719.93,0.1,94.31,7,0.08,Returning,New York,Snowy
2023-11-20,TRX-11932,PROD-3898,Cotton T-Shirt,Apparel,5,103.15,412.6,0.2,181.72,14,0.22,Returning,Chicago,Snowy
2023-11-20,TRX-11933,PROD-6494,Sunglasses,Accessories,8,33.11,264.88,0.0,62.29,5,0.02,VIP,Online,Sunny
2023-11-20,TRX-11934,PROD-9710,Scented Candle,Home Goods,8,130.05,936.36,0.1,497.71,14,0.07,VIP,New York,Rainy
2023-11-20,TRX-11935,PROD-9357,Wireless Earbuds,Electronics,9,63.48,571.32,0.0,399.34,9,0.09,New,Chicago,Cloudy
2023-11-20,TRX-11936,PROD-4260,Canvas Tote,Accessories,10,35.89,358.9,0.0,199.55,14,0.23,VIP,Online,Rainy
2023-11-20,TRX-11937,PROD-4282,Leather Wallet,Accessories,1,95.93,91.13,0.05,237.48,6,0.04,Returning,Online,Rainy
2023-11-21,TRX-11938,PROD-5616,Denim Jeans,Apparel,4,152.92,611.68,0.0,143.71,10,0.29,Returning,Online,Snowy
2023-11-21,TRX-11939,PROD-5616,Denim Jeans,Apparel,9,91.06,778.56,0.05,374.92,9,0.18,Returning,New York,Cloudy
2023-11-21,TRX-11940,PROD-4260,Canvas Tote,Accessories,6,99.81,479.09,0.2,216.73,5,0.08,Returning,New York,Rainy
2023-11-21,TRX-11941,PROD-4282,Leather Wallet,Accessories,6,97.5,526.5,0.1,434.19,8,0.29,New,Chicago,Rainy
2023-11-21,TRX-11942,PROD-9710,Scented Candle,Home Goods,9,79.37,642.9,0.1,446.83,9,0.21,Returning,Chicago,Rainy
2023-11-21,TRX-11943,PROD-4282,Leather Wallet,Accessories,4,101.04,323.33,0.2,401.57,6,0.04,New,Online,Rainy
2023-11-22,TRX-11944,PROD-4260,Canvas Tote,Accessories,4,126.89,507.56,0.0,76.84,4,0.05,VIP,Los Angeles,Snowy
2023-11-22,TRX-11945,PROD-8390,Smart Watch,Electronics,6,125.73,641.22,0.15,449.15,8,0.18,Returning,New York,Snowy
2023-11-22,TRX-11946,PROD-3898,Cotton T-Shirt,Apparel,9,111.99,1007.91,0.0,101.31,6,0.25,Returning,Los Angeles,Sunny
2023-11-22,TRX-11947,PROD-9497,Ceramic Mug,Home Goods,10,151.42,1514.2,0.0,143.3,14,0.05,New,Los Angeles,Snowy
2023-11-22,TRX-11948,PROD-8390,Smart Watch,Electronics,3,161.26,411.21,0.15,228.88,9,0.25,New,Online,Sunny
2023-11-22,TRX-11949,PROD-9357,Wireless Earbuds,Electronics,1,83.73,83.73,0.0,412.8,3,0.12,New,Online,Sunny
2023-11-23,TRX-11950,PROD-5960,Throw Pillow,Home Goods,23,14.92,343.16,0.0,143.91,8,0.25,New,Chicago,Cloudy
2023-11-23,TRX-11951,PROD-4260,Canvas Tote,Accessories,8,41.72,333.76,0.0,303.44,14,0.13,New,New York,Rainy
2023-11-23,TRX-11952,PROD-4539,Portable Charger,Electronics,5,74.59,372.95,0.0,120.32,7,0.18,VIP,Chicago,Sunny
2023-11-23,TRX-11953,PROD-0847,Winter Jacket,Apparel,3,89.43,214.63,0.2,271.97,10,0.26,New,New York,Snowy
2023-11-23,TRX-11954,PROD-5616,Denim Jeans,Apparel,10,98.9,791.2,0.2,243.16,4,0.25,VIP,Online,Snowy
2023-11-23,TRX-11955,PROD-4260,Canvas Tote,Accessories,3,55.78,150.61,0.1,340.03,7,0.29,VIP,Online,Cloudy
2023-11-24,TRX-11956,PROD-9497,Ceramic Mug,Home Goods,9,68.5,585.67,0.05,185.61,2,0.13,Returning,Chicago,Snowy
2023-11-24,TRX-11957,PROD-8390,Smart Watch,Electronics,8,18.96,136.51,0.1,481.92,4,0.18,New,Los Angeles,Sunny
2023-11-24,TRX-11958,PROD-9710,Scented Candle,Home Goods,1,127.06,127.06,0.0,166.57,11,0.27,VIP,Los Angeles,Rainy
2023-11-24,TRX-11959,PROD-5616,Denim Jeans,Apparel,3,136.92,410.76,0.0,480.83,5,0.11,New,Los Angeles,Cloudy
2023-11-24,TRX-11960,PROD-9710,Scented Candle,Home Goods,10,118.75,1009.38,0.15,151.81,7,0.09,VIP,New York,Rainy
2023-11-24,TRX-11961,PROD-4260,Canvas Tote,Accessories,9,83.98,755.82,0.0,362.81,5,0.19,New,Los Angeles,Rainy
2023-11-25,TRX-11962,PROD-9497,Ceramic Mug,Home Goods,7,63.61,445.27,0.0,53.26,10,0.01,VIP,Los Angeles,Sunny
2023-11-25,TRX-11963,PROD-5616,Denim Jeans,Apparel,10,107.06,1070.6,0.0,249.95,7,0.23,Returning,Chicago,Rainy
2023-11-25,TRX-11964,PROD-8390,Smart Watch,Electronics,7,37.46,262.22,0.0,83.86,9,0.09,Returning,Chicago,Rainy
2023-11-25,TRX-11965,PROD-8390,Smart Watch,Electronics,5,68.1,289.43,0.15,91.81,5,0.27,Returning,New York,Rainy
2023-11-25,TRX-11966,PROD-5616,Denim Jeans,Apparel,2,78.31,148.79,0.05,217.57,13,0.12,Returning,Chicago,Snowy
2023-11-25,TRX-11967,PROD-9497,Ceramic Mug,Home Goods,7,105.33,737.31,0.0,222.39,4,0.21,VIP,Online,Sunny
2023-11-26,TRX-11968,PROD-4282,Leather Wallet,Accessories,10,18.83,160.05,0.15,383.82,10,0.27,Returning,Los Angeles,Cloudy
2023-11-26,TRX-11969,PROD-8390,Smart Watch,Electronics,6,34.49,175.9,0.15,153.62,7,0.11,Returning,New York,Cloudy
2023-11-26,TRX-11970,PROD-0847,Winter Jacket,Apparel,2,109.68,219.36,0.0,156.99,2,0.16,Returning,Online,Snowy
2023-11-26,TRX-11971,PROD-5616,Denim Jeans,Apparel,6,85.31,435.08,0.15,383.56,4,0.05,New,Los Angeles,Cloudy
2023-11-26,TRX-11972,PROD-5960,Throw Pillow,Home Goods,10,148.99,1489.9,0.0,381.18,2,0.09,VIP,Online,Snowy
2023-11-26,TRX-11973,PROD-9357,Wireless Earbuds,Electronics,10,79.6,796.0,0.0,482.74,5,0.23,VIP,Online,Cloudy
2023-11-27,TRX-11974,PROD-9357,Wireless Earbuds,Electronics,3,144.56,433.68,0.0,260.27,10,0.2,Returning,Chicago,Sunny
2023-11-27,TRX-11975,PROD-5960,Throw Pillow,Home Goods,9,87.69,710.29,0.1,136.45,13,0.16,Returning,Online,Snowy
2023-11-27,TRX-11976,PROD-5616,Denim Jeans,Apparel,9,109.74,987.66,0.0,229.05,4,0.2,New,Chicago,Cloudy
2023-11-27,TRX-11977,PROD-0847,Winter Jacket,Apparel,2,139.42,223.07,0.2,313.52,4,0.17,New,Los Angeles,Cloudy
2023-11-27,TRX-11978,PROD-8390,Smart Watch,Electronics,7,84.43,591.01,0.0,390.62,6,0.13,VIP,Online,Rainy
2023-11-27,TRX-11979,PROD-9497,Ceramic Mug,Home Goods,3,93.86,225.26,0.2,123.14,6,0.03,VIP,Los Angeles,Sunny
2023-11-28,TRX-11980,PROD-4539,Portable Charger,Electronics,3,107.98,259.15,0.2,362.13,2,0.04,Returning,New York,Cloudy
2023-11-28,TRX-11981,PROD-9497,Ceramic Mug,Home Goods,4,140.97,563.88,0.0,80.04,6,0.19,New,Los Angeles,Sunny
2023-11-28,TRX-11982,PROD-4539,Portable Charger,Electronics,4,119.4,477.6,0.0,393.36,10,0.19,New,Los Angeles,Cloudy
2023-11-28,TRX-11983,PROD-4282,Leather Wallet,Accessories,17,27.21,370.06,0.2,52.61,2,0.13,New,Los Angeles,Snowy
2023-11-28,TRX-11984,PROD-4260,Canvas Tote,Accessories,17,19.63,333.71,0.0,465.56,13,0.13,New,Online,Snowy
2023-11-28,TRX-11985,PROD-5616,Denim Jeans,Apparel,6,55.2,331.2,0.0,56.63,7,0.07,New,Los Angeles,Cloudy
2023-11-29,TRX-11986,PROD-4282,Leather Wallet,Accessories,3,73.92,177.41,0.2,150.32,3,0.06,New,Online,Sunny
2023-11-29,TRX-11987,PROD-4539,Portable Charger,Electronics,5,144.79,615.36,0.15,91.92,8,0.09,New,New York,Snowy
2023-11-29,TRX-11988,PROD-9710,Scented Candle,Home Goods,4,130.7,496.66,0.05,130.4,9,0.2,Returning,Chicago,Snowy
2023-11-29,TRX-11989,PROD-4282,Leather Wallet,Accessories,5,74.74,336.33,0.1,181.54,11,0.29,Returning,Online,Sunny
2023-11-29,TRX-11990,PROD-6494,Sunglasses,Accessories,9,120.41,1029.51,0.05,58.9,3,0.25,Returning,Los Angeles,Rainy
2023-11-29,TRX-11991,PROD-5960,Throw Pillow,Home Goods,5,42.7,192.15,0.1,148.64,6,0.08,Returning,New York,Snowy
2023-11-30,TRX-11992,PROD-3898,Cotton T-Shirt,Apparel,6,50.54,242.59,0.2,138.37,8,0.17,Returning,New York,Rainy
2023-11-30,TRX-11993,PROD-9710,Scented Candle,Home Goods,4,116.21,441.6,0.05,428.93,4,0.13,VIP,New York,Cloudy
2023-11-30,TRX-11994,PROD-4282,Leather Wallet,Accessories,5,41.16,205.8,0.0,343.78,2,0.18,New,Chicago,Cloudy
2023-11-30,TRX-11995,PROD-4260,Canvas Tote,Accessories,7,133.11,792.0,0.15,175.34,7,0.23,VIP,New York,Sunny
2023-11-30,TRX-11996,PROD-5616,Denim Jeans,Apparel,7,82.89,580.23,0.0,187.13,12,0.19,VIP,New York,Cloudy
2023-11-30,TRX-11997,PROD-5616,Denim Jeans,Apparel,5,89.97,449.85,0.0,145.53,2,0.12,Returning,New York,Snowy
2023-12-01,TRX-11998,PROD-9710,Scented Candle,Home Goods,8,48.76,390.08,0.0,355.75,8,0.23,Returning,New York,Cloudy
2023-12-01,TRX-11999,PROD-5960,Throw Pillow,Home Goods,21,26.08,465.53,0.15,324.02,2,0.28,New,Online,Snowy
2023-12-01,TRX-12000,PROD-0847,Winter Jacket,Apparel,9,116.23,1046.07,0.0,200.53,13,0.14,VIP,Online,Sunny
2023-12-01,TRX-12001,PROD-9497,Ceramic Mug,Home Goods,7,67.29,471.03,0.0,201.86,2,0.07,New,Online,Cloudy
2023-12-01,TRX-12002,PROD-4260,Canvas Tote,Accessories,7,78.91,524.75,0.05,340.08,12,0.06,Returning,Online,Sunny
2023-12-01,TRX-12003,PROD-3898,Cotton T-Shirt,Apparel,8,112.4,809.28,0.1,339.07,14,0.02,New,Online,Snowy
2023-12-02,TRX-12004,PROD-9497,Ceramic Mug,Home Goods,10,80.0,640.0,0.2,421.9,8,0.14,New,Online,Rainy
2023-12-02,TRX-12005,PROD-5960,Throw Pillow,Home Goods,10,129.68,1037.44,0.2,431.52,14,0.14,Returning,New York,Cloudy
2023-12-02,TRX-12006,PROD-9497,Ceramic Mug,Home Goods,10,132.45,1324.5,0.0,112.55,3,0.21,New,Chicago,Snowy
2023-12-02,TRX-12007,PROD-4539,Portable Charger,Electronics,8,136.5,1092.0,0.0,233.21,5,0.06,New,New York,Snowy
2023-12-02,TRX-12008,PROD-0847,Winter Jacket,Apparel,1,145.63,138.35,0.05,136.25,14,0.17,New,New York,Rainy
2023-12-02,TRX-12009,PROD-4282,Leather Wallet,Accessories,6,89.37,428.98,0.2,141.83,14,0.07,New,Online,Sunny
2023-12-03,TRX-12010,PROD-6494,Sunglasses,Accessories,10,91.05,910.5,0.0,120.98,5,0.22,VIP,Los Angeles,Sunny
2023-12-03,TRX-12011,PROD-5616,Denim Jeans,Apparel,10,61.3,521.05,0.15,58.67,6,0.11,VIP,Online,Snowy
2023-12-03,TRX-12012,PROD-9357,Wireless Earbuds,Electronics,6,87.47,419.86,0.2,292.37,5,0.0,Returning,Los Angeles,Cloudy
2023-12-03,TRX-12013,PROD-0847,Winter Jacket,Apparel,5,144.88,615.74,0.15,403.86,14,0.02,New,New York,Snowy
2023-12-03,TRX-12014,PROD-9357,Wireless Earbuds,Electronics,1,84.31,80.09,0.05,335.31,12,0.08,New,New York,Cloudy
2023-12-03,TRX-12015,PROD-8390,Smart Watch,Electronics,10,70.9,602.65,0.15,346.18,12,0.15,Returning,New York,Rainy
2023-12-04,TRX-12016,PROD-4282,Leather Wallet,Accessories,24,27.74,665.76,0.0,235.52,6,0.01,New,Los Angeles,Sunny
2023-12-04,TRX-12017,PROD-4539,Portable Charger,Electronics,2,108.92,206.95,0.05,121.7,4,0.16,VIP,Online,Rainy
2023-12-04,TRX-12018,PROD-9710,Scented Candle,Home Goods,1,124.26,105.62,0.15,432.8,9,0.04,VIP,Chicago,Rainy
2023-12-04,TRX-12019,PROD-4260,Canvas Tote,Accessories,9,47.77,429.93,0.0,240.34,11,0.21,VIP,Online,Sunny
2023-12-04,TRX-12020,PROD-5616,Denim Jeans,Apparel,9,64.7,582.3,0.0,288.67,2,0.07,New,Online,Sunny
2023-12-04,TRX-12021,PROD-5616,Denim Jeans,Apparel,5,44.59,222.95,0.0,171.2,7,0.24,Returning,Los Angeles,Cloudy
2023-12-05,TRX-12022,PROD-5960,Throw Pillow,Home Goods,1,114.88,114.88,0.0,130.39,13,0.22,VIP,Los Angeles,Cloudy
2023-12-05,TRX-12023,PROD-0847,Winter Jacket,Apparel,10,125.78,1257.8,0.0,313.51,4,0.29,Returning,Chicago,Rainy
2023-12-05,TRX-12024,PROD-8390,Smart Watch,Electronics,8,85.25,647.9,0.05,420.31,13,0.02,VIP,Online,Snowy
2023-12-05,TRX-12025,PROD-8390,Smart Watch,Electronics,7,133.23,932.61,0.0,109.83,14,0.27,Returning,New York,Cloudy
2023-12-05,TRX-12026,PROD-9497,Ceramic Mug,Home Goods,9,107.64,775.01,0.2,85.62,10,0.24,Returning,Chicago,Sunny
2023-12-05,TRX-12027,PROD-5616,Denim Jeans,Apparel,9,120.88,979.13,0.1,116.09,7,0.26,VIP,Online,Snowy
2023-12-06,TRX-12028,PROD-0847,Winter Jacket,Apparel,7,70.57,469.29,0.05,118.52,5,0.29,New,Online,Sunny
2023-12-06,TRX-12029,PROD-6494,Sunglasses,Accessories,10,126.5,1138.5,0.1,233.49,11,0.02,Returning,Chicago,Snowy
2023-12-06,TRX-12030,PROD-3898,Cotton T-Shirt,Apparel,3,126.52,341.6,0.1,286.0,4,0.05,Returning,Los Angeles,Sunny
2023-12-06,TRX-12031,PROD-6494,Sunglasses,Accessories,10,75.17,676.53,0.1,233.68,5,0.27,Returning,Los Angeles,Rainy
2023-12-06,TRX-12032,PROD-5616,Denim Jeans,Apparel,7,121.92,768.1,0.1,281.65,13,0.15,VIP,Los Angeles,Cloudy
2023-12-06,TRX-12033,PROD-4282,Leather Wallet,Accessories,9,52.83,475.47,0.0,71.99,14,0.08,VIP,Los Angeles,Sunny
2023-12-07,TRX-12034,PROD-9497,Ceramic Mug,Home Goods,10,101.17,1011.7,0.0,119.64,4,0.12,New,New York,Sunny
2023-12-07,TRX-12035,PROD-9710,Scented Candle,Home Goods,19,23.78,429.23,0.05,116.06,11,0.22,New,Chicago,Rainy
2023-12-07,TRX-12036,PROD-9357,Wireless Earbuds,Electronics,4,115.15,460.6,0.0,103.19,5,0.15,VIP,Online,Cloudy
2023-12-07,TRX-12037,PROD-0847,Winter Jacket,Apparel,1,128.12,115.31,0.1,325.8,8,0.19,VIP,Online,Cloudy
2023-12-07,TRX-12038,PROD-0847,Winter Jacket,Apparel,3,131.75,395.25,0.0,458.87,7,0.19,VIP,Los Angeles,Sunny
2023-12-07,TRX-12039,PROD-3898,Cotton T-Shirt,Apparel,10,57.23,543.68,0.05,497.0,8,0.18,New,Chicago,Snowy
2023-12-08,TRX-12040,PROD-0847,Winter Jacket,Apparel,9,151.21,1088.71,0.2,65.28,7,0.12,New,New York,Sunny
2023-12-08,TRX-12041,PROD-4260,Canvas Tote,Accessories,1,65.85,62.56,0.05,327.06,8,0.03,VIP,Online,Cloudy
2023-12-08,TRX-12042,PROD-4282,Leather Wallet,Accessories,5,120.85,483.4,0.2,430.98,6,0.07,Returning,Online,Cloudy
2023-12-08,TRX-12043,PROD-4539,Portable Charger,Electronics,2,35.02,59.53,0.15,137.38,12,0.19,Returning,New York,Sunny
2023-12-08,TRX-12044,PROD-9357,Wireless Earbuds,Electronics,3,76.25,228.75,0.0,273.35,7,0.02,Returning,New York,Rainy
2023-12-08,TRX-12045,PROD-8390,Smart Watch,Electronics,10,116.08,1044.72,0.1,375.01,11,0.06,Returning,Los Angeles,Rainy
2023-12-09,TRX-12046,PROD-4282,Leather Wallet,Accessories,5,42.52,170.08,0.2,498.34,6,0.25,Returning,New York,Cloudy
2023-12-09,TRX-12047,PROD-6494,Sunglasses,Accessories,22,19.39,405.25,0.05,439.7,14,0.07,New,New York,Snowy
2023-12-09,TRX-12048,PROD-6494,Sunglasses,Accessories,7,26.59,148.9,0.2,262.05,2,0.29,VIP,Chicago,Sunny
2023-12-09,TRX-12049,PROD-4260,Canvas Tote,Accessories,9,48.74,394.79,0.1,206.2,6,0.11,New,Chicago,Sunny
2023-12-09,TRX-12050,PROD-4539,Portable Charger,Electronics,6,122.51,735.06,0.0,295.07,3,0.22,New,Chicago,Snowy
2023-12-09,TRX-12051,PROD-9710,Scented Candle,Home Goods,6,114.64,687.84,0.0,321.02,3,0.28,New,Online,Snowy
2023-12-10,TRX-12052,PROD-8390,Smart Watch,Electronics,1,54.42,46.26,0.15,190.17,6,0.04,Returning,New York,Rainy
2023-12-10,TRX-12053,PROD-3898,Cotton T-Shirt,Apparel,11,26.2,259.38,0.1,222.18,14,0.05,VIP,New York,Rainy
2023-12-10,TRX-12054,PROD-5960,Throw Pillow,Home Goods,5,93.2,396.1,0.15,487.45,13,0.01,Returning,New York,Rainy
2023-12-10,TRX-12055,PROD-6494,Sunglasses,Accessories,2,37.69,71.61,0.05,177.12,8,0.21,New,Los Angeles,Rainy
2023-12-10,TRX-12056,PROD-5960,Throw Pillow,Home Goods,4,67.09,241.52,0.1,493.45,6,0.08,New,New York,Snowy
2023-12-10,TRX-12057,PROD-4282,Leather Wallet,Accessories,9,91.0,778.05,0.05,496.58,2,0.18,New,New York,Sunny
2023-12-11,TRX-12058,PROD-9497,Ceramic Mug,Home Goods,9,24.11,173.59,0.2,225.41,3,0.03,VIP,Chicago,Cloudy
2023-12-11,TRX-12059,PROD-9357,Wireless Earbuds,Electronics,3,36.26,92.46,0.15,103.69,11,0.2,New,Chicago,Snowy
2023-12-11,TRX-12060,PROD-3898,Cotton T-Shirt,Apparel,20,16.49,280.33,0.15,53.15,9,0.29,Returning,Chicago,Cloudy
2023-12-11,TRX-12061,PROD-4260,Canvas Tote,Accessories,9,115.6,884.34,0.15,451.27,14,0.04,VIP,Los Angeles,Sunny
2023-12-11,TRX-12062,PROD-4282,Leather Wallet,Accessories,10,56.71,510.39,0.1,202.53,5,0.17,Returning,Online,Snowy
2023-12-11,TRX-12063,PROD-4282,Leather Wallet,Accessories,6,124.32,634.03,0.15,391.52,8,0.28,Returning,Los Angeles,Sunny
2023-12-12,TRX-12064,PROD-0847,Winter Jacket,Apparel,5,70.1,350.5,0.0,108.38,9,0.24,Returning,New York,Rainy
2023-12-12,TRX-12065,PROD-4260,Canvas Tote,Accessories,1,66.83,63.49,0.05,156.43,8,0.12,Returning,New York,Cloudy
2023-12-12,TRX-12066,PROD-8390,Smart Watch,Electronics,2,122.48,208.22,0.15,334.98,6,0.25,VIP,New York,Sunny
2023-12-12,TRX-12067,PROD-0847,Winter Jacket,Apparel,10,19.32,193.2,0.0,412.47,5,0.19,New,Chicago,Rainy
2023-12-12,TRX-12068,PROD-4539,Portable Charger,Electronics,4,46.96,150.27,0.2,474.24,14,0.11,Returning,Chicago,Rainy
2023-12-12,TRX-12069,PROD-4539,Portable Charger,Electronics,7,96.22,673.54,0.0,72.29,13,0.16,New,Los Angeles,Snowy
2023-12-13,TRX-12070,PROD-9710,Scented Candle,Home Goods,5,145.71,582.84,0.2,173.01,12,0.18,New,New York,Cloudy
2023-12-13,TRX-12071,PROD-5960,Throw Pillow,Home Goods,5,92.07,460.35,0.0,151.31,3,0.04,New,New York,Snowy
2023-12-13,TRX-12072,PROD-5960,Throw Pillow,Home Goods,5,58.71,234.84,0.2,198.58,8,0.05,New,Chicago,Rainy
2023-12-13,TRX-12073,PROD-9357,Wireless Earbuds,Electronics,7,89.44,594.78,0.05,55.43,14,0.12,Returning,Los Angeles,Cloudy
2023-12-13,TRX-12074,PROD-4282,Leather Wallet,Accessories,3,72.36,173.66,0.2,239.72,8,0.0,New,Chicago,Sunny
2023-12-13,TRX-12075,PROD-5960,Throw Pillow,Home Goods,4,58.78,199.85,0.15,51.97,9,0.07,VIP,New York,Snowy
2023-12-14,TRX-12076,PROD-4282,Leather Wallet,Accessories,9,52.52,449.05,0.05,307.44,7,0.04,Returning,Chicago,Sunny
2023-12-14,TRX-12077,PROD-3898,Cotton T-Shirt,Apparel,10,91.1,911.0,0.0,75.48,8,0.29,VIP,Chicago,Rainy
2023-12-14,TRX-12078,PROD-4539,Portable Charger,Electronics,8,129.42,931.82,0.1,74.49,13,0.14,VIP,New York,Snowy
2023-12-14,TRX-12079,PROD-4260,Canvas Tote,Accessories,7,151.29,953.13,0.1,146.66,7,0.12,New,Los Angeles,Rainy
2023-12-14,TRX-12080,PROD-5960,Throw Pillow,Home Goods,9,92.4,790.02,0.05,228.19,2,0.11,Returning,New York,Rainy
2023-12-14,TRX-12081,PROD-0847,Winter Jacket,Apparel,2,116.25,209.25,0.1,169.41,2,0.24,New,Los Angeles,Rainy
2023-12-15,TRX-12082,PROD-4539,Portable Charger,Electronics,4,63.44,253.76,0.0,432.64,4,0.21,VIP,Online,Rainy
2023-12-15,TRX-12083,PROD-3898,Cotton T-Shirt,Apparel,5,97.93,489.65,0.0,67.96,10,0.28,Returning,Los Angeles,Rainy
2023-12-15,TRX-12084,PROD-6494,Sunglasses,Accessories,3,70.5,211.5,0.0,124.4,9,0.28,VIP,Los Angeles,Rainy
2023-12-15,TRX-12085,PROD-5960,Throw Pillow,Home Goods,3,31.52,94.56,0.0,308.85,6,0.21,New,New York,Snowy
2023-12-15,TRX-12086,PROD-3898,Cotton T-Shirt,Apparel,5,110.1,550.5,0.0,112.24,6,0.15,New,Los Angeles,Sunny
2023-12-15,TRX-12087,PROD-6494,Sunglasses,Accessories,6,134.78,646.94,0.2,170.93,7,0.04,Returning,New York,Snowy
2023-12-16,TRX-12088,PROD-9710,Scented Candle,Home Goods,2,93.74,187.48,0.0,298.0,5,0.04,New,Online,Cloudy
2023-12-16,TRX-12089,PROD-3898,Cotton T-Shirt,Apparel,7,99.23,590.42,0.15,376.12,4,0.27,Returning,Online,Snowy
2023-12-16,TRX-12090,PROD-4282,Leather Wallet,Accessories,9,38.9,297.58,0.15,482.04,8,0.12,Returning,Online,Sunny
2023-12-16,TRX-12091,PROD-4282,Leather Wallet,Accessories,4,41.8,158.84,0.05,408.91,7,0.18,New,Chicago,Rainy
2023-12-16,TRX-12092,PROD-9497,Ceramic Mug,Home Goods,8,102.79,657.86,0.2,368.63,13,0.02,Returning,Chicago,Sunny
2023-12-16,TRX-12093,PROD-6494,Sunglasses,Accessories,3,117.29,334.28,0.05,254.05,4,0.11,New,Online,Rainy
2023-12-17,TRX-12094,PROD-8390,Smart Watch,Electronics,9,47.17,360.85,0.15,491.95,12,0.25,Returning,Chicago,Snowy
2023-12-17,TRX-12095,PROD-9357,Wireless Earbuds,Electronics,10,88.14,837.33,0.05,340.56,5,0.03,New,Online,Cloudy
2023-12-17,TRX-12096,PROD-9357,Wireless Earbuds,Electronics,7,99.78,698.46,0.0,315.17,11,0.27,Returning,New York,Cloudy
2023-12-17,TRX-12097,PROD-3898,Cotton T-Shirt,Apparel,7,133.12,931.84,0.0,147.42,4,0.22,VIP,Chicago,Snowy
2023-12-17,TRX-12098,PROD-8390,Smart Watch,Electronics,23,29.86,583.76,0.15,470.55,10,0.24,New,New York,Cloudy
2023-12-17,TRX-12099,PROD-5960,Throw Pillow,Home Goods,1,133.26,133.26,0.0,364.91,4,0.21,Returning,Los Angeles,Rainy
2023-12-18,TRX-12100,PROD-0847,Winter Jacket,Apparel,5,152.19,722.9,0.05,185.08,12,0.05,Returning,Online,Snowy
2023-12-18,TRX-12101,PROD-4539,Portable Charger,Electronics,3,120.17,360.51,0.0,252.61,12,0.16,Returning,New York,Cloudy
2023-12-18,TRX-12102,PROD-9497,Ceramic Mug,Home Goods,2,61.3,104.21,0.15,139.97,13,0.08,VIP,Chicago,Snowy
2023-12-18,TRX-12103,PROD-9710,Scented Candle,Home Goods,9,117.66,847.15,0.2,485.84,8,0.01,VIP,Chicago,Snowy
2023-12-18,TRX-12104,PROD-4260,Canvas Tote,Accessories,7,54.19,379.33,0.0,447.62,10,0.07,New,Online,Rainy
2023-12-18,TRX-12105,PROD-5616,Denim Jeans,Apparel,9,112.44,1011.96,0.0,308.27,4,0.13,Returning,Online,Rainy
2023-12-19,TRX-12106,PROD-8390,Smart Watch,Electronics,6,69.47,354.3,0.15,252.33,10,0.12,Returning,Chicago,Snowy
2023-12-19,TRX-12107,PROD-6494,Sunglasses,Accessories,8,62.32,498.56,0.0,94.94,4,0.08,Returning,Chicago,Sunny
2023-12-19,TRX-12108,PROD-8390,Smart Watch,Electronics,9,66.45,478.44,0.2,414.18,14,0.16,New,Chicago,Sunny
2023-12-19,TRX-12109,PROD-9497,Ceramic Mug,Home Goods,6,68.9,413.4,0.0,119.26,6,0.26,Returning,New York,Snowy
2023-12-19,TRX-12110,PROD-9497,Ceramic Mug,Home Goods,4,36.8,147.2,0.0,288.18,10,0.3,New,Los Angeles,Cloudy
2023-12-19,TRX-12111,PROD-4282,Leather Wallet,Accessories,4,112.5,427.5,0.05,137.29,11,0.09,Returning,Los Angeles,Rainy
2023-12-20,TRX-12112,PROD-4282,Leather Wallet,Accessories,6,40.69,207.52,0.15,71.83,11,0.22,New,New York,Cloudy
2023-12-20,TRX-12113,PROD-8390,Smart Watch,Electronics,10,52.14,417.12,0.2,244.97,3,0.25,Returning,Online,Snowy
2023-12-20,TRX-12114,PROD-5616,Denim Jeans,Apparel,5,56.25,281.25,0.0,144.39,8,0.18,VIP,New York,Cloudy
2023-12-20,TRX-12115,PROD-9497,Ceramic Mug,Home Goods,7,75.38,422.13,0.2,361.09,6,0.3,New,Chicago,Snowy
2023-12-20,TRX-12116,PROD-0847,Winter Jacket,Apparel,6,44.21,238.73,0.1,422.77,14,0.16,New,Online,Sunny
2023-12-20,TRX-12117,PROD-0847,Winter Jacket,Apparel,1,93.78,75.02,0.2,154.97,3,0.11,VIP,Los Angeles,Cloudy
2023-12-21,TRX-12118,PROD-5960,Throw Pillow,Home Goods,4,116.2,371.84,0.2,190.48,2,0.07,VIP,Online,Snowy
2023-12-21,TRX-12119,PROD-6494,Sunglasses,Accessories,10,86.21,862.1,0.0,480.05,3,0.2,New,Online,Cloudy
2023-12-21,TRX-12120,PROD-3898,Cotton T-Shirt,Apparel,9,15.57,112.1,0.2,322.87,14,0.19,Returning,Chicago,Sunny
2023-12-21,TRX-12121,PROD-4282,Leather Wallet,Accessories,3,50.59,144.18,0.05,64.01,12,0.11,VIP,Online,Cloudy
2023-12-21,TRX-12122,PROD-5616,Denim Jeans,Apparel,9,71.42,642.78,0.0,94.4,9,0.06,New,Online,Snowy
2023-12-21,TRX-12123,PROD-0847,Winter Jacket,Apparel,2,47.93,95.86,0.0,91.52,14,0.16,New,Online,Rainy
2023-12-22,TRX-12124,PROD-9497,Ceramic Mug,Home Goods,6,143.37,774.2,0.1,190.58,11,0.16,New,Online,Rainy
2023-12-22,TRX-12125,PROD-3898,Cotton T-Shirt,Apparel,8,71.64,573.12,0.0,252.64,10,0.28,New,Los Angeles,Rainy
2023-12-22,TRX-12126,PROD-5616,Denim Jeans,Apparel,1,108.27,92.03,0.15,415.65,14,0.29,Returning,Chicago,Snowy
2023-12-22,TRX-12127,PROD-4539,Portable Charger,Electronics,8,129.03,980.63,0.05,311.42,13,0.08,VIP,Online,Snowy
2023-12-22,TRX-12128,PROD-6494,Sunglasses,Accessories,2,58.44,93.5,0.2,445.34,10,0.16,VIP,New York,Snowy
2023-12-22,TRX-12129,PROD-5616,Denim Jeans,Apparel,2,81.93,163.86,0.0,272.35,2,0.17,Returning,Chicago,Snowy
2023-12-23,TRX-12130,PROD-5616,Denim Jeans,Apparel,5,119.27,536.72,0.1,280.28,8,0.06,New,Los Angeles,Sunny
2023-12-23,TRX-12131,PROD-6494,Sunglasses,Accessories,17,24.35,351.86,0.15,98.95,3,0.28,VIP,New York,Cloudy
2023-12-23,TRX-12132,PROD-4539,Portable Charger,Electronics,3,134.85,364.09,0.1,341.17,10,0.16,Returning,New York,Rainy
2023-12-23,TRX-12133,PROD-4539,Portable Charger,Electronics,7,114.22,759.56,0.05,371.87,11,0.01,New,New York,Snowy
2023-12-23,TRX-12134,PROD-3898,Cotton T-Shirt,Apparel,9,74.29,668.61,0.0,224.43,11,0.27,New,Chicago,Snowy
2023-12-23,TRX-12135,PROD-5960,Throw Pillow,Home Goods,4,148.31,504.25,0.15,192.28,8,0.15,Returning,Online,Rainy
2023-12-24,TRX-12136,PROD-5616,Denim Jeans,Apparel,8,62.15,472.34,0.05,156.26,3,0.23,VIP,Los Angeles,Sunny
2023-12-24,TRX-12137,PROD-9710,Scented Candle,Home Goods,6,55.36,315.55,0.05,354.25,2,0.11,VIP,New York,Snowy
2023-12-24,TRX-12138,PROD-0847,Winter Jacket,Apparel,5,55.32,276.6,0.0,190.03,10,0.16,New,New York,Cloudy
2023-12-24,TRX-12139,PROD-9357,Wireless Earbuds,Electronics,2,147.01,235.22,0.2,118.57,5,0.29,Returning,New York,Rainy
2023-12-24,TRX-12140,PROD-4260,Canvas Tote,Accessories,7,137.23,768.49,0.2,470.48,10,0.18,VIP,New York,Snowy
2023-12-24,TRX-12141,PROD-4260,Canvas Tote,Accessories,3,68.54,205.62,0.0,337.46,6,0.24,VIP,Chicago,Cloudy
2023-12-25,TRX-12142,PROD-4260,Canvas Tote,Accessories,8,53.45,384.84,0.1,414.59,2,0.27,New,Online,Snowy
2023-12-25,TRX-12143,PROD-9497,Ceramic Mug,Home Goods,9,22.61,183.14,0.1,193.68,5,0.23,VIP,Los Angeles,Sunny
2023-12-25,TRX-12144,PROD-5960,Throw Pillow,Home Goods,3,138.74,374.6,0.1,459.51,12,0.04,Returning,Los Angeles,Sunny
2023-12-25,TRX-12145,PROD-4260,Canvas Tote,Accessories,1,112.52,112.52,0.0,304.22,3,0.1,Returning,Chicago,Rainy
2023-12-25,TRX-12146,PROD-3898,Cotton T-Shirt,Apparel,6,35.47,212.82,0.0,297.5,12,0.22,VIP,Los Angeles,Snowy
2023-12-25,TRX-12147,PROD-4282,Leather Wallet,Accessories,5,154.53,772.65,0.0,407.62,9,0.21,Returning,Los Angeles,Sunny
2023-12-26,TRX-12148,PROD-5960,Throw Pillow,Home Goods,5,97.47,414.25,0.15,87.05,12,0.15,VIP,New York,Snowy
2023-12-26,TRX-12149,PROD-9357,Wireless Earbuds,Electronics,10,13.9,139.0,0.0,84.62,12,0.03,VIP,New York,Cloudy
2023-12-26,TRX-12150,PROD-8390,Smart Watch,Electronics,5,116.49,495.08,0.15,265.78,13,0.27,VIP,Chicago,Rainy
2023-12-26,TRX-12151,PROD-6494,Sunglasses,Accessories,3,56.39,152.25,0.1,414.66,4,0.16,Returning,Los Angeles,Rainy
2023-12-26,TRX-12152,PROD-8390,Smart Watch,Electronics,6,77.45,395.0,0.15,63.31,13,0.19,Returning,Los Angeles,Sunny
2023-12-26,TRX-12153,PROD-5616,Denim Jeans,Apparel,10,65.38,555.73,0.15,219.9,8,0.12,New,New York,Rainy
2023-12-27,TRX-12154,PROD-5960,Throw Pillow,Home Goods,3,64.67,155.21,0.2,477.56,2,0.04,New,Los Angeles,Rainy
2023-12-27,TRX-12155,PROD-5960,Throw Pillow,Home Goods,4,85.74,291.52,0.15,246.97,8,0.17,Returning,Online,Cloudy
2023-12-27,TRX-12156,PROD-8390,Smart Watch,Electronics,2,78.28,156.56,0.0,117.37,6,0.08,Returning,New York,Cloudy
2023-12-27,TRX-12157,PROD-9497,Ceramic Mug,Home Goods,6,92.59,555.54,0.0,256.06,8,0.27,Returning,Chicago,Rainy
2023-12-27,TRX-12158,PROD-4282,Leather Wallet,Accessories,20,29.16,466.56,0.2,107.71,5,0.02,VIP,Chicago,Snowy
2023-12-27,TRX-12159,PROD-9710,Scented Candle,Home Goods,3,87.25,248.66,0.05,358.39,8,0.26,Returning,New York,Cloudy
2023-12-28,TRX-12160,PROD-8390,Smart Watch,Electronics,9,47.37,426.33,0.0,51.12,4,0.22,Returning,Chicago,Sunny
2023-12-28,TRX-12161,PROD-5616,Denim Jeans,Apparel,5,130.46,587.07,0.1,229.7,4,0.05,VIP,Los Angeles,Sunny
2023-12-28,TRX-12162,PROD-9710,Scented Candle,Home Goods,2,127.61,255.22,0.0,466.32,6,0.11,VIP,New York,Cloudy
2023-12-28,TRX-12163,PROD-6494,Sunglasses,Accessories,6,87.7,526.2,0.0,101.51,13,0.23,Returning,Online,Cloudy
2023-12-28,TRX-12164,PROD-3898,Cotton T-Shirt,Apparel,5,34.34,171.7,0.0,312.42,6,0.07,Returning,Online,Snowy
2023-12-28,TRX-12165,PROD-4539,Portable Charger,Electronics,6,42.87,231.5,0.1,73.22,3,0.22,VIP,Online,Rainy
2023-12-29,TRX-12166,PROD-9357,Wireless Earbuds,Electronics,2,39.27,78.54,0.0,162.58,8,0.14,Returning,Los Angeles,Sunny
2023-12-29,TRX-12167,PROD-9357,Wireless Earbuds,Electronics,8,112.42,899.36,0.0,70.4,12,0.12,VIP,Chicago,Snowy
2023-12-29,TRX-12168,PROD-9497,Ceramic Mug,Home Goods,1,59.09,56.14,0.05,339.04,12,0.25,New,Online,Rainy
2023-12-29,TRX-12169,PROD-0847,Winter Jacket,Apparel,10,26.92,228.82,0.15,384.37,2,0.12,New,Los Angeles,Rainy
2023-12-29,TRX-12170,PROD-8390,Smart Watch,Electronics,6,142.48,726.65,0.15,361.12,7,0.27,New,Chicago,Rainy
2023-12-29,TRX-12171,PROD-5616,Denim Jeans,Apparel,3,105.72,317.16,0.0,231.67,9,0.01,Returning,New York,Cloudy
2023-12-30,TRX-12172,PROD-5960,Throw Pillow,Home Goods,2,87.72,140.35,0.2,230.81,5,0.06,VIP,Los Angeles,Rainy
2023-12-30,TRX-12173,PROD-3898,Cotton T-Shirt,Apparel,6,47.59,285.54,0.0,441.08,11,0.04,VIP,Los Angeles,Sunny
2023-12-30,TRX-12174,PROD-9710,Scented Candle,Home Goods,10,30.68,245.44,0.2,70.86,3,0.03,New,Chicago,Cloudy
2023-12-30,TRX-12175,PROD-3898,Cotton T-Shirt,Apparel,3,87.04,261.12,0.0,131.69,8,0.29,New,Los Angeles,Rainy
2023-12-30,TRX-12176,PROD-0847,Winter Jacket,Apparel,7,92.54,550.61,0.15,177.49,4,0.06,New,Online,Cloudy
2023-12-30,TRX-12177,PROD-5960,Throw Pillow,Home Goods,3,79.15,237.45,0.0,312.64,8,0.13,Returning,Los Angeles,Sunny
2023-12-31,TRX-12178,PROD-9497,Ceramic Mug,Home Goods,8,73.35,498.78,0.15,457.21,5,0.08,VIP,Chicago,Rainy
2023-12-31,TRX-12179,PROD-4282,Leather Wallet,Accessories,2,67.31,134.62,0.0,359.76,8,0.29,Returning,Chicago,Cloudy
2023-12-31,TRX-12180,PROD-9357,Wireless Earbuds,Electronics,3,87.29,261.87,0.0,404.39,12,0.15,VIP,Online,Snowy
2023-12-31,TRX-12181,PROD-9497,Ceramic Mug,Home Goods,6,53.87,323.22,0.0,162.15,11,0.21,New,Chicago,Snowy
2023-12-31,TRX-12182,PROD-9710,Scented Candle,Home Goods,4,70.95,283.8,0.0,143.77,11,0.21,VIP,Online,Rainy
2023-12-31,TRX-12183,PROD-5960,Throw Pillow,Home Goods,7,46.68,310.42,0.05,465.7,4,0.09,Returning,Online,Sunny
2024-01-01,TRX-12184,PROD-0847,Winter Jacket,Apparel,7,79.01,553.07,0.0,385.23,10,0.28,Returning,Chicago,Rainy
2024-01-01,TRX-12185,PROD-9710,Scented Candle,Home Goods,7,89.06,623.42,0.0,350.94,2,0.12,New,Online,Rainy
2024-01-01,TRX-12186,PROD-5960,Throw Pillow,Home Goods,10,80.68,726.12,0.1,388.42,14,0.16,VIP,New York,Snowy
2024-01-01,TRX-12187,PROD-9357,Wireless Earbuds,Electronics,9,135.72,1221.48,0.0,95.68,14,0.15,New,Online,Sunny
2024-01-01,TRX-12188,PROD-8390,Smart Watch,Electronics,20,19.23,384.6,0.0,220.79,9,0.21,New,New York,Cloudy
2024-01-01,TRX-12189,PROD-6494,Sunglasses,Accessories,1,156.12,140.51,0.1,453.31,8,0.22,VIP,Los Angeles,Sunny
2024-01-02,TRX-12190,PROD-3898,Cotton T-Shirt,Apparel,4,144.18,519.05,0.1,395.7,14,0.23,Returning,Los Angeles,Cloudy
2024-01-02,TRX-12191,PROD-9497,Ceramic Mug,Home Goods,3,127.48,363.32,0.05,429.1,6,0.1,Returning,Los Angeles,Rainy
2024-01-02,TRX-12192,PROD-9357,Wireless Earbuds,Electronics,10,36.63,311.36,0.15,454.68,2,0.06,VIP,Chicago,Sunny
2024-01-02,TRX-12193,PROD-8390,Smart Watch,Electronics,7,105.79,629.45,0.15,181.46,9,0.03,Returning,Online,Sunny
2024-01-02,TRX-12194,PROD-4260,Canvas Tote,Accessories,6,127.57,765.42,0.0,320.04,2,0.03,Returning,New York,Rainy
2024-01-02,TRX-12195,PROD-5960,Throw Pillow,Home Goods,12,18.35,198.18,0.1,320.73,13,0.18,New,Los Angeles,Rainy
2024-01-03,TRX-12196,PROD-5616,Denim Jeans,Apparel,7,137.91,772.3,0.2,266.91,14,0.06,VIP,Chicago,Sunny
2024-01-03,TRX-12197,PROD-9497,Ceramic Mug,Home Goods,5,127.6,638.0,0.0,377.77,3,0.26,Returning,Los Angeles,Sunny
2024-01-03,TRX-12198,PROD-9357,Wireless Earbuds,Electronics,7,126.42,884.94,0.0,488.89,11,0.2,VIP,New York,Sunny
2024-01-03,TRX-12199,PROD-9357,Wireless Earbuds,Electronics,1,112.34,112.34,0.0,288.34,8,0.26,New,Online,Sunny
2024-01-03,TRX-12200,PROD-4539,Portable Charger,Electronics,3,91.42,274.26,0.0,479.65,14,0.06,VIP,Chicago,Cloudy
2024-01-03,TRX-12201,PROD-9497,Ceramic Mug,Home Goods,4,140.83,563.32,0.0,241.46,13,0.14,VIP,New York,Snowy
2024-01-04,TRX-12202,PROD-8390,Smart Watch,Electronics,2,136.02,272.04,0.0,404.24,3,0.26,New,Online,Sunny
2024-01-04,TRX-12203,PROD-3898,Cotton T-Shirt,Apparel,5,110.96,443.84,0.2,417.61,4,0.09,Returning,New York,Rainy
2024-01-04,TRX-12204,PROD-9357,Wireless Earbuds,Electronics,22,25.41,531.07,0.05,432.99,6,0.1,Returning,New York,Rainy
2024-01-04,TRX-12205,PROD-6494,Sunglasses,Accessories,7,126.22,883.54,0.0,437.08,5,0.18,New,New York,Sunny
2024-01-04,TRX-12206,PROD-6494,Sunglasses,Accessories,7,90.36,632.52,0.0,402.11,6,0.05,VIP,Los Angeles,Sunny
2024-01-04,TRX-12207,PROD-9710,Scented Candle,Home Goods,4,122.08,488.32,0.0,464.04,5,0.1,Returning,Online,Rainy
2024-01-05,TRX-12208,PROD-4282,Leather Wallet,Accessories,6,66.43,398.58,0.0,125.25,7,0.05,VIP,Online,Cloudy
2024-01-05,TRX-12209,PROD-8390,Smart Watch,Electronics,8,32.83,223.24,0.15,413.93,13,0.14,VIP,Chicago,Cloudy
2024-01-05,TRX-12210,PROD-6494,Sunglasses,Accessories,10,96.74,967.4,0.0,491.52,2,0.11,VIP,Chicago,Snowy
2024-01-05,TRX-12211,PROD-6494,Sunglasses,Accessories,4,153.6,614.4,0.0,213.83,10,0.09,New,Los Angeles,Snowy
2024-01-05,TRX-12212,PROD-9357,Wireless Earbuds,Electronics,6,35.38,201.67,0.05,215.13,6,0.11,New,Online,Sunny
2024-01-05,TRX-12213,PROD-8390,Smart Watch,Electronics,5,60.16,300.8,0.0,427.47,2,0.3,Returning,Online,Rainy
2024-01-06,TRX-12214,PROD-9497,Ceramic Mug,Home Goods,2,121.6,243.2,0.0,51.54,12,0.29,Returning,Online,Sunny
2024-01-06,TRX-12215,PROD-9497,Ceramic Mug,Home Goods,1,81.18,77.12,0.05,233.44,5,0.15,New,New York,Cloudy
2024-01-06,TRX-12216,PROD-3898,Cotton T-Shirt,Apparel,3,46.44,139.32,0.0,300.23,6,0.0,Returning,Online,Cloudy
2024-01-06,TRX-12217,PROD-0847,Winter Jacket,Apparel,10,45.1,405.9,0.1,183.72,2,0.08,New,Chicago,Snowy
2024-01-06,TRX-12218,PROD-8390,Smart Watch,Electronics,2,69.04,138.08,0.0,206.16,2,0.25,Returning,Los Angeles,Cloudy
2024-01-06,TRX-12219,PROD-4282,Leather Wallet,Accessories,10,38.3,383.0,0.0,465.59,2,0.24,Returning,Chicago,Sunny
2024-01-07,TRX-12220,PROD-9710,Scented Candle,Home Goods,8,81.86,589.39,0.1,158.12,4,0.28,New,New York,Sunny
2024-01-07,TRX-12221,PROD-9497,Ceramic Mug,Home Goods,6,107.09,642.54,0.0,185.58,11,0.1,New,New York,Cloudy
2024-01-07,TRX-12222,PROD-9710,Scented Candle,Home Goods,5,95.41,405.49,0.15,447.7,4,0.17,New,New York,Rainy
2024-01-07,TRX-12223,PROD-9357,Wireless Earbuds,Electronics,9,43.57,333.31,0.15,369.67,2,0.2,New,Online,Sunny
2024-01-07,TRX-12224,PROD-3898,Cotton T-Shirt,Apparel,8,46.4,371.2,0.0,469.02,5,0.25,Returning,New York,Cloudy
2024-01-07,TRX-12225,PROD-5960,Throw Pillow,Home Goods,8,56.8,363.52,0.2,217.44,11,0.09,New,Chicago,Rainy
2024-01-08,TRX-12226,PROD-9357,Wireless Earbuds,Electronics,1,95.02,80.77,0.15,184.12,4,0.16,VIP,Online,Sunny
2024-01-08,TRX-12227,PROD-4282,Leather Wallet,Accessories,7,110.74,736.42,0.05,158.27,9,0.23,Returning,Online,Sunny
2024-01-08,TRX-12228,PROD-9357,Wireless Earbuds,Electronics,2,57.33,114.66,0.0,238.21,10,0.02,VIP,New York,Rainy
2024-01-08,TRX-12229,PROD-9497,Ceramic Mug,Home Goods,4,100.97,383.69,0.05,375.3,11,0.18,VIP,Online,Cloudy
2024-01-08,TRX-12230,PROD-9710,Scented Candle,Home Goods,3,82.28,246.84,0.0,411.22,14,0.0,Returning,Los Angeles,Rainy
2024-01-08,TRX-12231,PROD-5616,Denim Jeans,Apparel,1,36.98,29.58,0.2,64.36,3,0.14,New,Chicago,Sunny
2024-01-09,TRX-12232,PROD-9710,Scented Candle,Home Goods,10,51.89,518.9,0.0,197.43,7,0.09,Returning,New York,Snowy
2024-01-09,TRX-12233,PROD-5616,Denim Jeans,Apparel,3,88.81,266.43,0.0,124.04,9,0.02,New,Los Angeles,Rainy
2024-01-09,TRX-12234,PROD-5960,Throw Pillow,Home Goods,4,93.26,298.43,0.2,87.16,12,0.16,New,Online,Rainy
2024-01-09,TRX-12235,PROD-9357,Wireless Earbuds,Electronics,24,18.9,430.92,0.05,226.54,13,0.19,New,Online,Rainy
2024-01-09,TRX-12236,PROD-9357,Wireless Earbuds,Electronics,3,51.13,122.71,0.2,108.96,6,0.03,Returning,Los Angeles,Sunny
2024-01-09,TRX-12237,PROD-5960,Throw Pillow,Home Goods,7,44.42,295.39,0.05,321.86,9,0.26,New,Online,Rainy
2024-01-10,TRX-12238,PROD-5616,Denim Jeans,Apparel,2,127.43,203.89,0.2,153.78,4,0.15,Returning,Chicago,Sunny
2024-01-10,TRX-12239,PROD-3898,Cotton T-Shirt,Apparel,23,19.38,445.74,0.0,97.81,5,0.19,New,Chicago,Rainy
2024-01-10,TRX-12240,PROD-4260,Canvas Tote,Accessories,1,82.45,82.45,0.0,340.76,4,0.21,VIP,Chicago,Snowy
2024-01-10,TRX-12241,PROD-9357,Wireless Earbuds,Electronics,7,37.11,220.8,0.15,373.07,6,0.21,New,Chicago,Cloudy
2024-01-10,TRX-12242,PROD-9497,Ceramic Mug,Home Goods,10,114.95,919.6,0.2,454.33,5,0.0,Returning,Los Angeles,Rainy
2024-01-10,TRX-12243,PROD-3898,Cotton T-Shirt,Apparel,8,149.29,1134.6,0.05,462.22,10,0.23,Returning,Chicago,Snowy
2024-01-11,TRX-12244,PROD-9710,Scented Candle,Home Goods,8,121.79,974.32,0.0,402.07,3,0.18,Returning,Los Angeles,Sunny
2024-01-11,TRX-12245,PROD-4539,Portable Charger,Electronics,7,75.92,451.72,0.15,242.6,2,0.1,VIP,Online,Snowy
2024-01-11,TRX-12246,PROD-8390,Smart Watch,Electronics,22,18.86,414.92,0.0,419.62,12,0.1,VIP,New York,Snowy
2024-01-11,TRX-12247,PROD-4539,Portable Charger,Electronics,4,92.53,370.12,0.0,353.83,8,0.14,VIP,Online,Sunny
2024-01-11,TRX-12248,PROD-4260,Canvas Tote,Accessories,4,129.85,519.4,0.0,160.73,4,0.06,Returning,New York,Cloudy
2024-01-11,TRX-12249,PROD-3898,Cotton T-Shirt,Apparel,9,129.1,987.61,0.15,178.02,10,0.11,New,Online,Sunny
2024-01-12,TRX-12250,PROD-9357,Wireless Earbuds,Electronics,4,131.93,527.72,0.0,68.02,13,0.07,Returning,Los Angeles,Rainy
2024-01-12,TRX-12251,PROD-0847,Winter Jacket,Apparel,5,102.74,488.01,0.05,205.06,12,0.19,Returning,Online,Rainy
2024-01-12,TRX-12252,PROD-5616,Denim Jeans,Apparel,5,117.75,588.75,0.0,270.9,10,0.06,VIP,Online,Snowy
2024-01-12,TRX-12253,PROD-5960,Throw Pillow,Home Goods,11,27.06,267.89,0.1,112.76,3,0.03,Returning,New York,Snowy
2024-01-12,TRX-12254,PROD-9497,Ceramic Mug,Home Goods,3,107.2,305.52,0.05,250.3,14,0.26,Returning,New York,Rainy
2024-01-12,TRX-12255,PROD-4282,Leather Wallet,Accessories,6,143.62,861.72,0.0,483.01,5,0.15,Returning,Online,Cloudy
2024-01-13,TRX-12256,PROD-4260,Canvas Tote,Accessories,9,76.95,657.92,0.05,280.09,11,0.13,New,Chicago,Cloudy
2024-01-13,TRX-12257,PROD-9497,Ceramic Mug,Home Goods,9,17.59,158.31,0.0,52.62,8,0.17,VIP,Online,Cloudy
2024-01-13,TRX-12258,PROD-4260,Canvas Tote,Accessories,3,150.46,361.1,0.2,352.48,8,0.23,Returning,Online,Snowy
2024-01-13,TRX-12259,PROD-0847,Winter Jacket,Apparel,1,149.36,134.42,0.1,248.38,14,0.06,VIP,Chicago,Rainy
2024-01-13,TRX-12260,PROD-8390,Smart Watch,Electronics,6,89.01,534.06,0.0,133.72,14,0.06,Returning,Online,Sunny
2024-01-13,TRX-12261,PROD-9710,Scented Candle,Home Goods,8,152.81,977.98,0.2,444.75,7,0.03,VIP,Chicago,Sunny
2024-01-14,TRX-12262,PROD-4282,Leather Wallet,Accessories,9,43.76,393.84,0.0,92.12,9,0.17,New,Los Angeles,Rainy
2024-01-14,TRX-12263,PROD-4260,Canvas Tote,Accessories,1,105.88,95.29,0.1,364.42,6,0.09,VIP,Online,Snowy
2024-01-14,TRX-12264,PROD-4260,Canvas Tote,Accessories,7,73.54,437.56,0.15,148.87,4,0.25,VIP,Online,Rainy
2024-01-14,TRX-12265,PROD-8390,Smart Watch,Electronics,9,22.35,201.15,0.0,419.77,2,0.27,VIP,Chicago,Cloudy
2024-01-14,TRX-12266,PROD-5616,Denim Jeans,Apparel,9,132.16,1189.44,0.0,142.07,14,0.06,Returning,Online,Sunny
2024-01-14,TRX-12267,PROD-0847,Winter Jacket,Apparel,2,86.27,146.66,0.15,143.08,2,0.26,VIP,Chicago,Cloudy
2024-01-15,TRX-12268,PROD-4260,Canvas Tote,Accessories,6,33.38,190.27,0.05,175.97,13,0.25,New,Los Angeles,Rainy
2024-01-15,TRX-12269,PROD-5960,Throw Pillow,Home Goods,10,69.66,696.6,0.0,218.39,12,0.29,New,New York,Sunny
2024-01-15,TRX-12270,PROD-9710,Scented Candle,Home Goods,9,67.52,516.53,0.15,360.92,13,0.19,VIP,New York,Rainy
2024-01-15,TRX-12271,PROD-9357,Wireless Earbuds,Electronics,5,45.19,225.95,0.0,172.37,3,0.1,Returning,Chicago,Sunny
2024-01-15,TRX-12272,PROD-5616,Denim Jeans,Apparel,2,41.87,83.74,0.0,281.77,5,0.14,Returning,Chicago,Cloudy
2024-01-15,TRX-12273,PROD-8390,Smart Watch,Electronics,8,21.25,161.5,0.05,282.34,7,0.11,Returning,New York,Snowy
2024-01-16,TRX-12274,PROD-4260,Canvas Tote,Accessories,10,46.28,462.8,0.0,119.65,9,0.24,VIP,New York,Snowy
2024-01-16,TRX-12275,PROD-5616,Denim Jeans,Apparel,2,108.33,216.66,0.0,282.18,8,0.13,VIP,Online,Sunny
2024-01-16,TRX-12276,PROD-4539,Portable Charger,Electronics,7,98.14,652.63,0.05,210.31,13,0.21,New,Los Angeles,Rainy
2024-01-16,TRX-12277,PROD-4282,Leather Wallet,Accessories,6,72.05,345.84,0.2,62.64,10,0.06,New,Chicago,Cloudy
2024-01-16,TRX-12278,PROD-4539,Portable Charger,Electronics,3,59.81,161.49,0.1,216.33,7,0.29,New,Los Angeles,Cloudy
2024-01-16,TRX-12279,PROD-5616,Denim Jeans,Apparel,8,64.08,410.11,0.2,365.18,7,0.17,New,Chicago,Cloudy
2024-01-17,TRX-12280,PROD-6494,Sunglasses,Accessories,4,90.85,363.4,0.0,416.65,14,0.06,New,Chicago,Rainy
2024-01-17,TRX-12281,PROD-5616,Denim Jeans,Apparel,7,41.12,259.06,0.1,302.08,12,0.07,Returning,New York,Cloudy
2024-01-17,TRX-12282,PROD-8390,Smart Watch,Electronics,6,62.55,375.3,0.0,241.91,5,0.0,VIP,Online,Rainy
2024-01-17,TRX-12283,PROD-4539,Portable Charger,Electronics,3,150.43,383.6,0.15,429.07,12,0.14,New,Los Angeles,Snowy
2024-01-17,TRX-12284,PROD-6494,Sunglasses,Accessories,2,80.32,160.64,0.0,445.47,10,0.09,Returning,Los Angeles,Snowy
2024-01-17,TRX-12285,PROD-4282,Leather Wallet,Accessories,5,15.46,73.44,0.05,458.33,4,0.02,New,Chicago,Rainy
2024-01-18,TRX-12286,PROD-5616,Denim Jeans,Apparel,1,105.91,105.91,0.0,382.49,9,0.25,VIP,Online,Snowy
2024-01-18,TRX-12287,PROD-4539,Portable Charger,Electronics,7,134.86,944.02,0.0,355.04,11,0.19,New,Online,Cloudy
2024-01-18,TRX-12288,PROD-6494,Sunglasses,Accessories,8,116.88,888.29,0.05,183.2,11,0.18,VIP,Online,Rainy
2024-01-18,TRX-12289,PROD-5616,Denim Jeans,Apparel,10,108.53,922.5,0.15,214.99,4,0.28,Returning,Los Angeles,Snowy
2024-01-18,TRX-12290,PROD-9497,Ceramic Mug,Home Goods,3,123.33,369.99,0.0,427.0,11,0.02,Returning,Los Angeles,Sunny
2024-01-18,TRX-12291,PROD-4282,Leather Wallet,Accessories,4,61.1,232.18,0.05,72.53,3,0.1,VIP,New York,Sunny
2024-01-19,TRX-12292,PROD-9497,Ceramic Mug,Home Goods,2,106.27,201.91,0.05,368.98,4,0.13,New,New York,Rainy
2024-01-19,TRX-12293,PROD-6494,Sunglasses,Accessories,5,94.62,378.48,0.2,260.93,7,0.18,VIP,Los Angeles,Rainy
2024-01-19,TRX-12294,PROD-9710,Scented Candle,Home Goods,6,87.1,496.47,0.05,452.49,11,0.06,Returning,Online,Snowy
2024-01-19,TRX-12295,PROD-9357,Wireless Earbuds,Electronics,9,73.19,625.77,0.05,493.23,8,0.26,VIP,Los Angeles,Rainy
2024-01-19,TRX-12296,PROD-8390,Smart Watch,Electronics,8,30.08,204.54,0.15,112.42,12,0.12,Returning,Los Angeles,Rainy
2024-01-19,TRX-12297,PROD-9710,Scented Candle,Home Goods,10,83.58,835.8,0.0,494.83,9,0.2,Returning,New York,Sunny
2024-01-20,TRX-12298,PROD-4539,Portable Charger,Electronics,3,138.57,415.71,0.0,295.75,12,0.01,Returning,Online,Sunny
2024-01-20,TRX-12299,PROD-9497,Ceramic Mug,Home Goods,6,95.67,574.02,0.0,143.81,4,0.15,New,Online,Rainy
2024-01-20,TRX-12300,PROD-4539,Portable Charger,Electronics,4,102.39,409.56,0.0,454.37,12,0.27,Returning,Los Angeles,Sunny
2024-01-20,TRX-12301,PROD-8390,Smart Watch,Electronics,6,20.58,111.13,0.1,419.34,11,0.07,VIP,Online,Sunny
2024-01-20,TRX-12302,PROD-9357,Wireless Earbuds,Electronics,1,131.06,131.06,0.0,287.03,5,0.1,Returning,New York,Cloudy
2024-01-20,TRX-12303,PROD-0847,Winter Jacket,Apparel,4,109.81,439.24,0.0,465.56,13,0.07,Returning,Online,Snowy
2024-01-21,TRX-12304,PROD-8390,Smart Watch,Electronics,9,116.47,891.0,0.15,61.13,14,0.24,New,Los Angeles,Snowy
2024-01-21,TRX-12305,PROD-9357,Wireless Earbuds,Electronics,10,139.67,1396.7,0.0,400.91,13,0.29,Returning,New York,Cloudy
2024-01-21,TRX-12306,PROD-3898,Cotton T-Shirt,Apparel,2,159.95,319.9,0.0,490.77,12,0.16,New,Los Angeles,Sunny
2024-01-21,TRX-12307,PROD-6494,Sunglasses,Accessories,10,143.47,1291.23,0.1,180.6,4,0.03,VIP,New York,Cloudy
2024-01-21,TRX-12308,PROD-0847,Winter Jacket,Apparel,7,68.15,405.49,0.15,438.58,12,0.01,VIP,New York,Snowy
2024-01-21,TRX-12309,PROD-6494,Sunglasses,Accessories,9,85.5,731.02,0.05,265.42,4,0.2,VIP,Los Angeles,Snowy
2024-01-22,TRX-12310,PROD-5616,Denim Jeans,Apparel,6,95.73,574.38,0.0,89.5,12,0.12,VIP,Los Angeles,Snowy
2024-01-22,TRX-12311,PROD-4282,Leather Wallet,Accessories,7,88.94,591.45,0.05,249.73,13,0.15,VIP,Los Angeles,Snowy
2024-01-22,TRX-12312,PROD-4282,Leather Wallet,Accessories,6,157.22,943.32,0.0,134.27,12,0.18,VIP,New York,Snowy
2024-01-22,TRX-12313,PROD-5960,Throw Pillow,Home Goods,10,99.59,896.31,0.1,97.78,7,0.1,Returning,Online,Snowy
2024-01-22,TRX-12314,PROD-5616,Denim Jeans,Apparel,8,59.78,454.33,0.05,183.37,10,0.25,VIP,Chicago,Sunny
2024-01-22,TRX-12315,PROD-9497,Ceramic Mug,Home Goods,5,151.48,757.4,0.0,397.94,3,0.27,Returning,Chicago,Snowy
2024-01-23,TRX-12316,PROD-0847,Winter Jacket,Apparel,23,26.03,478.95,0.2,208.62,8,0.11,New,Online,Sunny
2024-01-23,TRX-12317,PROD-9357,Wireless Earbuds,Electronics,6,78.04,374.59,0.2,69.61,13,0.18,Returning,Chicago,Rainy
2024-01-23,TRX-12318,PROD-4260,Canvas Tote,Accessories,8,127.54,1020.32,0.0,331.91,12,0.0,New,Los Angeles,Sunny
2024-01-23,TRX-12319,PROD-8390,Smart Watch,Electronics,1,105.74,105.74,0.0,339.69,8,0.25,New,Online,Cloudy
2024-01-23,TRX-12320,PROD-0847,Winter Jacket,Apparel,10,105.68,1056.8,0.0,117.16,4,0.05,New,Online,Rainy
2024-01-23,TRX-12321,PROD-4539,Portable Charger,Electronics,1,88.61,88.61,0.0,402.11,9,0.19,New,Los Angeles,Cloudy
2024-01-24,TRX-12322,PROD-5616,Denim Jeans,Apparel,5,101.34,430.7,0.15,412.22,9,0.11,Returning,Chicago,Sunny
2024-01-24,TRX-12323,PROD-9710,Scented Candle,Home Goods,5,139.47,697.35,0.0,225.96,12,0.29,Returning,Online,Snowy
2024-01-24,TRX-12324,PROD-9497,Ceramic Mug,Home Goods,8,113.21,724.54,0.2,143.73,12,0.09,Returning,Los Angeles,Cloudy
2024-01-24,TRX-12325,PROD-5960,Throw Pillow,Home Goods,18,23.29,377.3,0.1,488.83,12,0.25,Returning,Los Angeles,Cloudy
2024-01-24,TRX-12326,PROD-5616,Denim Jeans,Apparel,6,97.28,496.13,0.15,296.16,8,0.19,Returning,Online,Rainy
2024-01-24,TRX-12327,PROD-6494,Sunglasses,Accessories,4,127.48,509.92,0.0,63.18,12,0.24,Returning,Chicago,Snowy
2024-01-25,TRX-12328,PROD-4539,Portable Charger,Electronics,3,130.93,314.23,0.2,447.72,8,0.23,VIP,Los Angeles,Cloudy
2024-01-25,TRX-12329,PROD-9497,Ceramic Mug,Home Goods,10,138.69,1178.87,0.15,201.75,10,0.01,New,Chicago,Cloudy
2024-01-25,TRX-12330,PROD-9357,Wireless Earbuds,Electronics,3,135.29,365.28,0.1,171.11,9,0.05,New,New York,Snowy
2024-01-25,TRX-12331,PROD-5616,Denim Jeans,Apparel,10,41.97,335.76,0.2,138.27,2,0.21,Returning,Los Angeles,Snowy
2024-01-25,TRX-12332,PROD-0847,Winter Jacket,Apparel,6,59.04,301.1,0.15,333.0,12,0.0,VIP,New York,Sunny
2024-01-25,TRX-12333,PROD-4282,Leather Wallet,Accessories,2,66.17,132.34,0.0,67.3,4,0.21,VIP,New York,Cloudy
2024-01-26,TRX-12334,PROD-9497,Ceramic Mug,Home Goods,2,113.36,226.72,0.0,144.37,5,0.27,New,Online,Cloudy
2024-01-26,TRX-12335,PROD-3898,Cotton T-Shirt,Apparel,6,119.13,714.78,0.0,85.4,13,0.22,New,New York,Rainy
2024-01-26,TRX-12336,PROD-0847,Winter Jacket,Apparel,3,56.71,161.62,0.05,211.09,9,0.25,New,Online,Snowy
2024-01-26,TRX-12337,PROD-0847,Winter Jacket,Apparel,9,63.79,574.11,0.0,273.16,10,0.06,VIP,Chicago,Cloudy
2024-01-26,TRX-12338,PROD-9710,Scented Candle,Home Goods,7,136.95,958.65,0.0,409.18,12,0.02,New,Chicago,Sunny
2024-01-26,TRX-12339,PROD-9357,Wireless Earbuds,Electronics,6,113.72,545.86,0.2,210.87,14,0.21,VIP,Online,Sunny
2024-01-27,TRX-12340,PROD-4282,Leather Wallet,Accessories,2,79.67,151.37,0.05,255.03,5,0.13,Returning,New York,Rainy
2024-01-27,TRX-12341,PROD-4539,Portable Charger,Electronics,7,57.58,342.6,0.15,374.86,13,0.05,Returning,Chicago,Sunny
2024-01-27,TRX-12342,PROD-5616,Denim Jeans,Apparel,8,17.97,129.38,0.1,489.07,12,0.13,New,New York,Sunny
2024-01-27,TRX-12343,PROD-4260,Canvas Tote,Accessories,7,47.56,332.92,0.0,59.08,5,0.28,VIP,Chicago,Sunny
2024-01-27,TRX-12344,PROD-4260,Canvas Tote,Accessories,6,74.5,447.0,0.0,370.52,13,0.18,VIP,Los Angeles,Rainy
2024-01-27,TRX-12345,PROD-6494,Sunglasses,Accessories,3,48.5,116.4,0.2,146.89,14,0.07,VIP,New York,Cloudy
2024-01-28,TRX-12346,PROD-9497,Ceramic Mug,Home Goods,1,106.89,106.89,0.0,216.18,5,0.12,Returning,New York,Rainy
2024-01-28,TRX-12347,PROD-0847,Winter Jacket,Apparel,3,44.68,127.34,0.05,212.82,7,0.13,Returning,Los Angeles,Sunny
2024-01-28,TRX-12348,PROD-4539,Portable Charger,Electronics,5,60.8,258.4,0.15,166.44,3,0.16,VIP,Los Angeles,Cloudy
2024-01-28,TRX-12349,PROD-5616,Denim Jeans,Apparel,2,130.77,261.54,0.0,358.55,4,0.2,VIP,Online,Snowy
2024-01-28,TRX-12350,PROD-4539,Portable Charger,Electronics,7,98.09,686.63,0.0,357.49,3,0.28,Returning,Los Angeles,Snowy
2024-01-28,TRX-12351,PROD-9497,Ceramic Mug,Home Goods,3,129.92,350.78,0.1,100.19,8,0.04,VIP,New York,Sunny
2024-01-29,TRX-12352,PROD-4282,Leather Wallet,Accessories,2,117.05,210.69,0.1,297.48,8,0.17,New,Chicago,Snowy
2024-01-29,TRX-12353,PROD-0847,Winter Jacket,Apparel,2,81.46,130.34,0.2,62.11,4,0.17,VIP,Online,Snowy
2024-01-29,TRX-12354,PROD-9357,Wireless Earbuds,Electronics,10,98.74,839.29,0.15,328.44,13,0.02,New,New York,Cloudy
2024-01-29,TRX-12355,PROD-9710,Scented Candle,Home Goods,10,23.25,232.5,0.0,108.92,12,0.11,VIP,Los Angeles,Snowy
2024-01-29,TRX-12356,PROD-8390,Smart Watch,Electronics,6,111.15,666.9,0.0,126.55,7,0.15,Returning,Online,Sunny
2024-01-29,TRX-12357,PROD-0847,Winter Jacket,Apparel,10,114.7,917.6,0.2,373.47,5,0.08,VIP,Online,Cloudy
2024-01-30,TRX-12358,PROD-5960,Throw Pillow,Home Goods,9,25.31,227.79,0.0,404.96,10,0.15,New,New York,Rainy
2024-01-30,TRX-12359,PROD-5616,Denim Jeans,Apparel,6,34.83,208.98,0.0,159.66,6,0.11,New,Chicago,Rainy
2024-01-30,TRX-12360,PROD-3898,Cotton T-Shirt,Apparel,22,28.5,627.0,0.0,212.75,5,0.05,VIP,Los Angeles,Sunny
2024-01-30,TRX-12361,PROD-4260,Canvas Tote,Accessories,7,33.17,232.19,0.0,236.9,2,0.07,VIP,New York,Snowy
2024-01-30,TRX-12362,PROD-0847,Winter Jacket,Apparel,9,59.88,485.03,0.1,367.89,12,0.15,Returning,Los Angeles,Sunny
2024-01-30,TRX-12363,PROD-8390,Smart Watch,Electronics,2,57.47,91.95,0.2,72.66,9,0.27,Returning,New York,Snowy
2024-01-31,TRX-12364,PROD-5616,Denim Jeans,Apparel,1,97.42,77.94,0.2,344.39,10,0.25,Returning,New York,Rainy
2024-01-31,TRX-12365,PROD-5616,Denim Jeans,Apparel,8,15.46,98.94,0.2,312.86,3,0.19,VIP,Chicago,Cloudy
2024-01-31,TRX-12366,PROD-9710,Scented Candle,Home Goods,10,71.35,677.82,0.05,204.85,8,0.25,VIP,Los Angeles,Snowy
2024-01-31,TRX-12367,PROD-6494,Sunglasses,Accessories,8,25.25,171.7,0.15,389.86,10,0.15,New,Online,Rainy
2024-01-31,TRX-12368,PROD-9710,Scented Candle,Home Goods,7,30.81,172.54,0.2,248.28,5,0.28,Returning,Chicago,Snowy
2024-01-31,TRX-12369,PROD-5616,Denim Jeans,Apparel,21,28.54,569.37,0.05,386.35,2,0.05,New,Los Angeles,Cloudy
2024-02-01,TRX-12370,PROD-4282,Leather Wallet,Accessories,7,58.97,412.79,0.0,272.41,5,0.22,New,Chicago,Sunny
2024-02-01,TRX-12371,PROD-9357,Wireless Earbuds,Electronics,5,65.43,327.15,0.0,331.79,3,0.11,Returning,Los Angeles,Sunny
2024-02-01,TRX-12372,PROD-4260,Canvas Tote,Accessories,7,107.81,754.67,0.0,265.64,6,0.12,Returning,Online,Snowy
2024-02-01,TRX-12373,PROD-8390,Smart Watch,Electronics,4,66.72,266.88,0.0,62.74,10,0.07,VIP,Los Angeles,Snowy
2024-02-01,TRX-12374,PROD-0847,Winter Jacket,Apparel,10,135.64,1356.4,0.0,386.07,4,0.23,VIP,New York,Rainy
2024-02-01,TRX-12375,PROD-4282,Leather Wallet,Accessories,5,68.06,340.3,0.0,69.66,6,0.01,VIP,Los Angeles,Sunny
2024-02-02,TRX-12376,PROD-4539,Portable Charger,Electronics,3,70.33,210.99,0.0,265.92,10,0.06,New,New York,Snowy
2024-02-02,TRX-12377,PROD-4260,Canvas Tote,Accessories,15,23.67,301.79,0.15,251.69,11,0.22,VIP,Chicago,Snowy
2024-02-02,TRX-12378,PROD-5960,Throw Pillow,Home Goods,1,100.36,100.36,0.0,122.55,4,0.03,New,New York,Cloudy
2024-02-02,TRX-12379,PROD-6494,Sunglasses,Accessories,2,144.08,259.34,0.1,328.91,12,0.03,New,Online,Sunny
2024-02-02,TRX-12380,PROD-4282,Leather Wallet,Accessories,6,104.0,592.8,0.05,437.71,3,0.3,New,New York,Rainy
2024-02-02,TRX-12381,PROD-6494,Sunglasses,Accessories,3,126.12,321.61,0.15,440.03,8,0.03,VIP,Chicago,Snowy
2024-02-03,TRX-12382,PROD-5616,Denim Jeans,Apparel,2,138.57,249.43,0.1,427.63,5,0.16,VIP,New York,Snowy
2024-02-03,TRX-12383,PROD-0847,Winter Jacket,Apparel,25,22.52,450.4,0.2,55.84,3,0.13,Returning,Chicago,Rainy
2024-02-03,TRX-12384,PROD-3898,Cotton T-Shirt,Apparel,4,71.6,272.08,0.05,464.42,14,0.25,New,Online,Cloudy
2024-02-03,TRX-12385,PROD-5960,Throw Pillow,Home Goods,14,21.33,253.83,0.15,320.92,2,0.07,VIP,Los Angeles,Cloudy
2024-02-03,TRX-12386,PROD-9710,Scented Candle,Home Goods,4,81.82,327.28,0.0,362.68,5,0.2,VIP,New York,Rainy
2024-02-03,TRX-12387,PROD-6494,Sunglasses,Accessories,3,141.43,424.29,0.0,459.85,14,0.29,Returning,New York,Snowy
2024-02-04,TRX-12388,PROD-9497,Ceramic Mug,Home Goods,3,132.66,397.98,0.0,300.94,3,0.19,Returning,Online,Snowy
2024-02-04,TRX-12389,PROD-3898,Cotton T-Shirt,Apparel,4,137.89,523.98,0.05,414.99,3,0.21,Returning,Los Angeles,Cloudy
2024-02-04,TRX-12390,PROD-9710,Scented Candle,Home Goods,22,26.54,583.88,0.0,193.25,3,0.09,New,New York,Rainy
2024-02-04,TRX-12391,PROD-9357,Wireless Earbuds,Electronics,6,96.11,461.33,0.2,481.07,2,0.2,Returning,Chicago,Cloudy
2024-02-04,TRX-12392,PROD-4282,Leather Wallet,Accessories,1,108.29,97.46,0.1,493.37,11,0.18,New,New York,Snowy
2024-02-04,TRX-12393,PROD-4260,Canvas Tote,Accessories,2,112.34,213.45,0.05,230.21,3,0.02,New,Los Angeles,Snowy
2024-02-05,TRX-12394,PROD-5616,Denim Jeans,Apparel,3,75.8,227.4,0.0,265.47,5,0.21,New,Los Angeles,Cloudy
2024-02-05,TRX-12395,PROD-0847,Winter Jacket,Apparel,5,35.66,178.3,0.0,359.76,10,0.26,VIP,Los Angeles,Sunny
2024-02-05,TRX-12396,PROD-4260,Canvas Tote,Accessories,4,129.46,491.95,0.05,190.7,2,0.03,VIP,New York,Cloudy
2024-02-05,TRX-12397,PROD-9710,Scented Candle,Home Goods,9,39.67,285.62,0.2,433.85,4,0.2,VIP,New York,Rainy
2024-02-05,TRX-12398,PROD-9497,Ceramic Mug,Home Goods,1,130.45,110.88,0.15,320.42,9,0.12,VIP,New York,Sunny
2024-02-05,TRX-12399,PROD-4260,Canvas Tote,Accessories,13,23.01,299.13,0.0,325.71,11,0.09,Returning,Online,Cloudy
2024-02-06,TRX-12400,PROD-0847,Winter Jacket,Apparel,4,91.41,347.36,0.05,67.52,6,0.25,New,Chicago,Cloudy
2024-02-06,TRX-12401,PROD-4539,Portable Charger,Electronics,3,91.58,261.0,0.05,437.04,12,0.27,New,New York,Rainy
2024-02-06,TRX-12402,PROD-9710,Scented Candle,Home Goods,10,55.43,498.87,0.1,495.53,2,0.19,New,Los Angeles,Snowy
2024-02-06,TRX-12403,PROD-4260,Canvas Tote,Accessories,7,67.62,426.01,0.1,127.97,4,0.17,New,Los Angeles,Snowy
2024-02-06,TRX-12404,PROD-4539,Portable Charger,Electronics,9,52.02,374.54,0.2,389.52,11,0.2,VIP,Los Angeles,Cloudy
2024-02-06,TRX-12405,PROD-5616,Denim Jeans,Apparel,5,110.66,553.3,0.0,220.35,12,0.05,VIP,Los Angeles,Cloudy
2024-02-07,TRX-12406,PROD-4282,Leather Wallet,Accessories,9,40.52,328.21,0.1,322.03,5,0.08,Returning,Chicago,Sunny
2024-02-07,TRX-12407,PROD-6494,Sunglasses,Accessories,1,130.12,117.11,0.1,245.6,14,0.11,Returning,Los Angeles,Cloudy
2024-02-07,TRX-12408,PROD-0847,Winter Jacket,Apparel,10,88.76,887.6,0.0,299.52,7,0.01,Returning,Los Angeles,Cloudy
2024-02-07,TRX-12409,PROD-4539,Portable Charger,Electronics,9,122.51,937.2,0.15,456.54,10,0.24,Returning,Chicago,Snowy
2024-02-07,TRX-12410,PROD-8390,Smart Watch,Electronics,10,97.49,779.92,0.2,482.07,6,0.1,Returning,New York,Snowy
2024-02-07,TRX-12411,PROD-6494,Sunglasses,Accessories,22,20.87,413.23,0.1,140.63,2,0.23,VIP,Chicago,Cloudy
2024-02-08,TRX-12412,PROD-0847,Winter Jacket,Apparel,5,82.92,414.6,0.0,382.81,11,0.19,VIP,Online,Snowy
2024-02-08,TRX-12413,PROD-6494,Sunglasses,Accessories,5,96.62,458.94,0.05,57.38,13,0.03,VIP,New York,Snowy
2024-02-08,TRX-12414,PROD-8390,Smart Watch,Electronics,2,132.38,264.76,0.0,61.84,14,0.06,VIP,Chicago,Snowy
2024-02-08,TRX-12415,PROD-9357,Wireless Earbuds,Electronics,7,72.42,481.59,0.05,377.55,2,0.2,New,Online,Sunny
2024-02-08,TRX-12416,PROD-9357,Wireless Earbuds,Electronics,10,77.96,662.66,0.15,357.39,5,0.09,New,Chicago,Snowy
2024-02-08,TRX-12417,PROD-9497,Ceramic Mug,Home Goods,5,147.41,737.05,0.0,391.76,2,0.19,Returning,Online,Rainy
2024-02-09,TRX-12418,PROD-6494,Sunglasses,Accessories,5,52.82,264.1,0.0,407.93,8,0.02,VIP,Los Angeles,Cloudy
2024-02-09,TRX-12419,PROD-4282,Leather Wallet,Accessories,3,50.4,151.2,0.0,75.06,12,0.26,VIP,Chicago,Snowy
2024-02-09,TRX-12420,PROD-4260,Canvas Tote,Accessories,5,37.33,167.98,0.1,496.72,3,0.19,New,Chicago,Rainy
2024-02-09,TRX-12421,PROD-4260,Canvas Tote,Accessories,4,136.73,546.92,0.0,280.47,5,0.01,New,New York,Sunny
2024-02-09,TRX-12422,PROD-5616,Denim Jeans,Apparel,6,86.97,521.82,0.0,485.08,11,0.19,New,Chicago,Cloudy
2024-02-09,TRX-12423,PROD-0847,Winter Jacket,Apparel,7,78.68,440.61,0.2,263.68,5,0.12,Returning,Los Angeles,Sunny
2024-02-10,TRX-12424,PROD-0847,Winter Jacket,Apparel,5,68.48,342.4,0.0,332.99,6,0.12,VIP,Online,Rainy
2024-02-10,TRX-12425,PROD-3898,Cotton T-Shirt,Apparel,3,90.57,271.71,0.0,150.06,9,0.2,New,Online,Sunny
2024-02-10,TRX-12426,PROD-4282,Leather Wallet,Accessories,5,138.05,690.25,0.0,439.87,9,0.14,Returning,Los Angeles,Snowy
2024-02-10,TRX-12427,PROD-5616,Denim Jeans,Apparel,9,47.04,423.36,0.0,363.48,10,0.18,VIP,Online,Snowy
2024-02-10,TRX-12428,PROD-9710,Scented Candle,Home Goods,10,155.87,1558.7,0.0,357.86,12,0.07,Returning,Chicago,Rainy
2024-02-10,TRX-12429,PROD-9497,Ceramic Mug,Home Goods,5,74.62,298.48,0.2,441.15,14,0.24,Returning,Online,Snowy
2024-02-11,TRX-12430,PROD-4260,Canvas Tote,Accessories,3,71.65,214.95,0.0,481.23,9,0.13,Returning,New York,Cloudy
2024-02-11,TRX-12431,PROD-6494,Sunglasses,Accessories,6,38.51,184.85,0.2,262.03,5,0.2,New,New York,Sunny
2024-02-11,TRX-12432,PROD-4539,Portable Charger,Electronics,5,113.47,482.25,0.15,65.07,8,0.11,Returning,Los Angeles,Rainy
2024-02-11,TRX-12433,PROD-5960,Throw Pillow,Home Goods,6,47.97,244.65,0.15,345.75,7,0.07,New,Los Angeles,Rainy
2024-02-11,TRX-12434,PROD-6494,Sunglasses,Accessories,1,151.7,121.36,0.2,481.09,6,0.14,VIP,New York,Sunny
2024-02-11,TRX-12435,PROD-4539,Portable Charger,Electronics,6,46.29,222.19,0.2,239.64,3,0.18,VIP,Online,Cloudy
2024-02-12,TRX-12436,PROD-8390,Smart Watch,Electronics,6,92.18,497.77,0.1,146.77,9,0.24,Returning,Online,Snowy
2024-02-12,TRX-12437,PROD-9357,Wireless Earbuds,Electronics,7,112.9,790.3,0.0,279.83,14,0.19,VIP,Online,Sunny
2024-02-12,TRX-12438,PROD-5960,Throw Pillow,Home Goods,7,78.6,467.67,0.15,342.9,14,0.25,VIP,Los Angeles,Sunny
2024-02-12,TRX-12439,PROD-5960,Throw Pillow,Home Goods,10,32.35,291.15,0.1,218.72,10,0.19,New,Chicago,Rainy
2024-02-12,TRX-12440,PROD-0847,Winter Jacket,Apparel,10,48.39,411.31,0.15,133.67,8,0.27,New,Chicago,Cloudy
2024-02-12,TRX-12441,PROD-4260,Canvas Tote,Accessories,3,48.0,144.0,0.0,80.19,2,0.11,New,New York,Snowy
2024-02-13,TRX-12442,PROD-4282,Leather Wallet,Accessories,4,54.44,217.76,0.0,298.29,3,0.08,VIP,Chicago,Rainy
2024-02-13,TRX-12443,PROD-9710,Scented Candle,Home Goods,3,53.21,159.63,0.0,134.59,11,0.08,New,New York,Rainy
2024-02-13,TRX-12444,PROD-0847,Winter Jacket,Apparel,6,75.53,453.18,0.0,291.77,13,0.2,Returning,Online,Cloudy
2024-02-13,TRX-12445,PROD-6494,Sunglasses,Accessories,4,52.52,210.08,0.0,84.36,12,0.06,New,Chicago,Cloudy
2024-02-13,TRX-12446,PROD-5616,Denim Jeans,Apparel,6,149.45,807.03,0.1,416.62,7,0.06,VIP,Chicago,Rainy
2024-02-13,TRX-12447,PROD-9357,Wireless Earbuds,Electronics,10,86.23,689.84,0.2,328.94,14,0.17,Returning,New York,Rainy
2024-02-14,TRX-12448,PROD-6494,Sunglasses,Accessories,2,63.98,121.56,0.05,257.32,14,0.19,New,Los Angeles,Sunny
2024-02-14,TRX-12449,PROD-5616,Denim Jeans,Apparel,2,94.79,170.62,0.1,451.19,14,0.01,New,Los Angeles,Sunny
2024-02-14,TRX-12450,PROD-9710,Scented Candle,Home Goods,10,37.5,300.0,0.2,127.87,4,0.03,VIP,Chicago,Snowy
2024-02-14,TRX-12451,PROD-3898,Cotton T-Shirt,Apparel,2,134.51,269.02,0.0,78.49,7,0.05,New,Chicago,Sunny
2024-02-14,TRX-12452,PROD-9357,Wireless Earbuds,Electronics,4,103.42,413.68,0.0,199.55,12,0.11,New,New York,Sunny
2024-02-14,TRX-12453,PROD-9497,Ceramic Mug,Home Goods,14,18.48,258.72,0.0,54.62,9,0.16,VIP,New York,Sunny
2024-02-15,TRX-12454,PROD-6494,Sunglasses,Accessories,6,94.02,564.12,0.0,255.48,13,0.25,Returning,Los Angeles,Cloudy
2024-02-15,TRX-12455,PROD-9710,Scented Candle,Home Goods,3,31.52,85.1,0.1,315.96,4,0.12,VIP,Chicago,Cloudy
2024-02-15,TRX-12456,PROD-3898,Cotton T-Shirt,Apparel,10,73.92,628.32,0.15,411.66,2,0.13,New,Online,Snowy
2024-02-15,TRX-12457,PROD-8390,Smart Watch,Electronics,21,24.11,430.36,0.15,109.59,12,0.08,VIP,New York,Snowy
2024-02-15,TRX-12458,PROD-5616,Denim Jeans,Apparel,3,137.01,349.38,0.15,87.67,14,0.15,VIP,Online,Rainy
2024-02-15,TRX-12459,PROD-4260,Canvas Tote,Accessories,3,89.57,268.71,0.0,288.09,12,0.08,VIP,New York,Sunny
2024-02-16,TRX-12460,PROD-9357,Wireless Earbuds,Electronics,6,85.15,485.36,0.05,108.28,4,0.17,Returning,New York,Rainy
2024-02-16,TRX-12461,PROD-3898,Cotton T-Shirt,Apparel,19,20.88,317.38,0.2,170.3,7,0.18,VIP,Los Angeles,Cloudy
2024-02-16,TRX-12462,PROD-0847,Winter Jacket,Apparel,10,71.66,716.6,0.0,89.77,7,0.06,VIP,New York,Cloudy
2024-02-16,TRX-12463,PROD-4539,Portable Charger,Electronics,9,152.14,1300.8,0.05,57.17,8,0.01,VIP,New York,Rainy
2024-02-16,TRX-12464,PROD-5616,Denim Jeans,Apparel,14,17.67,235.01,0.05,168.57,14,0.12,VIP,Chicago,Sunny
2024-02-16,TRX-12465,PROD-9357,Wireless Earbuds,Electronics,10,136.1,1224.9,0.1,198.72,8,0.29,Returning,Los Angeles,Sunny
2024-02-17,TRX-12466,PROD-9357,Wireless Earbuds,Electronics,7,63.5,355.6,0.2,110.54,10,0.17,VIP,Online,Snowy
2024-02-17,TRX-12467,PROD-9710,Scented Candle,Home Goods,10,118.11,1062.99,0.1,423.31,3,0.06,VIP,New York,Snowy
2024-02-17,TRX-12468,PROD-3898,Cotton T-Shirt,Apparel,2,116.56,233.12,0.0,409.71,5,0.17,New,Chicago,Snowy
2024-02-17,TRX-12469,PROD-5960,Throw Pillow,Home Goods,2,126.08,201.73,0.2,309.84,2,0.06,New,Los Angeles,Cloudy
2024-02-17,TRX-12470,PROD-4539,Portable Charger,Electronics,9,121.69,985.69,0.1,408.94,14,0.1,New,Los Angeles,Cloudy
2024-02-17,TRX-12471,PROD-9497,Ceramic Mug,Home Goods,5,99.32,471.77,0.05,414.0,13,0.01,Returning,Los Angeles,Cloudy
2024-02-18,TRX-12472,PROD-4282,Leather Wallet,Accessories,2,92.31,156.93,0.15,233.98,5,0.19,VIP,Chicago,Rainy
2024-02-18,TRX-12473,PROD-0847,Winter Jacket,Apparel,9,113.42,1020.78,0.0,439.04,14,0.16,VIP,Online,Cloudy
2024-02-18,TRX-12474,PROD-4260,Canvas Tote,Accessories,3,106.15,318.45,0.0,398.43,12,0.16,New,Los Angeles,Rainy
2024-02-18,TRX-12475,PROD-8390,Smart Watch,Electronics,6,80.18,481.08,0.0,68.78,10,0.15,Returning,Chicago,Snowy
2024-02-18,TRX-12476,PROD-6494,Sunglasses,Accessories,10,101.33,962.63,0.05,175.34,14,0.17,Returning,Chicago,Cloudy
2024-02-18,TRX-12477,PROD-5960,Throw Pillow,Home Goods,4,73.52,294.08,0.0,336.28,3,0.28,Returning,Chicago,Cloudy
2024-02-19,TRX-12478,PROD-0847,Winter Jacket,Apparel,9,109.25,835.76,0.15,255.81,6,0.03,VIP,New York,Cloudy
2024-02-19,TRX-12479,PROD-4260,Canvas Tote,Accessories,7,146.34,973.16,0.05,195.45,3,0.25,VIP,New York,Snowy
2024-02-19,TRX-12480,PROD-6494,Sunglasses,Accessories,7,57.39,401.73,0.0,404.21,3,0.23,VIP,Online,Cloudy
2024-02-19,TRX-12481,PROD-4539,Portable Charger,Electronics,7,69.85,488.95,0.0,470.91,2,0.27,New,Los Angeles,Cloudy
2024-02-19,TRX-12482,PROD-3898,Cotton T-Shirt,Apparel,4,125.08,400.26,0.2,66.94,14,0.22,VIP,Online,Rainy
2024-02-19,TRX-12483,PROD-5616,Denim Jeans,Apparel,9,34.69,249.77,0.2,385.3,6,0.23,VIP,Los Angeles,Snowy
2024-02-20,TRX-12484,PROD-6494,Sunglasses,Accessories,9,90.91,654.55,0.2,164.32,12,0.21,New,New York,Cloudy
2024-02-20,TRX-12485,PROD-8390,Smart Watch,Electronics,1,39.87,39.87,0.0,427.33,7,0.26,Returning,Los Angeles,Cloudy
2024-02-20,TRX-12486,PROD-6494,Sunglasses,Accessories,6,147.8,886.8,0.0,167.55,8,0.26,Returning,Los Angeles,Rainy
2024-02-20,TRX-12487,PROD-4282,Leather Wallet,Accessories,5,96.81,411.44,0.15,421.11,8,0.19,New,Online,Rainy
2024-02-20,TRX-12488,PROD-4539,Portable Charger,Electronics,5,56.4,253.8,0.1,308.02,3,0.18,New,Chicago,Snowy
2024-02-20,TRX-12489,PROD-4260,Canvas Tote,Accessories,9,103.22,928.98,0.0,382.04,4,0.29,Returning,Chicago,Rainy
2024-02-21,TRX-12490,PROD-3898,Cotton T-Shirt,Apparel,6,104.96,566.78,0.1,112.44,4,0.12,Returning,Chicago,Rainy
2024-02-21,TRX-12491,PROD-9710,Scented Candle,Home Goods,5,79.68,338.64,0.15,227.94,9,0.17,New,Online,Cloudy
2024-02-21,TRX-12492,PROD-4539,Portable Charger,Electronics,10,121.98,1219.8,0.0,323.22,3,0.14,Returning,Chicago,Sunny
2024-02-21,TRX-12493,PROD-0847,Winter Jacket,Apparel,2,101.73,162.77,0.2,188.07,14,0.05,New,New York,Snowy
2024-02-21,TRX-12494,PROD-5960,Throw Pillow,Home Goods,4,88.45,318.42,0.1,401.28,7,0.2,Returning,Chicago,Snowy
2024-02-21,TRX-12495,PROD-6494,Sunglasses,Accessories,10,65.81,658.1,0.0,266.63,7,0.1,VIP,Chicago,Rainy
2024-02-22,TRX-12496,PROD-9497,Ceramic Mug,Home Goods,8,145.83,991.64,0.15,271.68,7,0.26,VIP,Los Angeles,Rainy
2024-02-22,TRX-12497,PROD-4539,Portable Charger,Electronics,1,52.0,49.4,0.05,232.21,13,0.07,New,Chicago,Rainy
2024-02-22,TRX-12498,PROD-5960,Throw Pillow,Home Goods,1,71.79,61.02,0.15,71.48,3,0.28,VIP,Chicago,Snowy
2024-02-22,TRX-12499,PROD-4282,Leather Wallet,Accessories,5,121.19,605.95,0.0,348.45,12,0.08,VIP,Online,Rainy
2024-02-22,TRX-12500,PROD-5616,Denim Jeans,Apparel,9,141.35,1272.15,0.0,230.58,3,0.07,Returning,Online,Cloudy
2024-02-22,TRX-12501,PROD-9357,Wireless Earbuds,Electronics,6,93.63,533.69,0.05,146.3,12,0.09,New,Los Angeles,Cloudy
2024-02-23,TRX-12502,PROD-9710,Scented Candle,Home Goods,10,95.6,764.8,0.2,485.59,7,0.15,VIP,Chicago,Snowy
2024-02-23,TRX-12503,PROD-5960,Throw Pillow,Home Goods,6,27.68,166.08,0.0,404.34,10,0.23,Returning,New York,Rainy
2024-02-23,TRX-12504,PROD-4282,Leather Wallet,Accessories,5,49.46,234.94,0.05,50.85,2,0.14,Returning,Online,Snowy
2024-02-23,TRX-12505,PROD-9357,Wireless Earbuds,Electronics,10,113.32,1076.54,0.05,374.16,14,0.25,New,Chicago,Sunny
2024-02-23,TRX-12506,PROD-5960,Throw Pillow,Home Goods,1,56.25,50.62,0.1,370.79,9,0.28,Returning,Online,Sunny
2024-02-23,TRX-12507,PROD-9357,Wireless Earbuds,Electronics,17,18.83,320.11,0.0,58.68,9,0.1,VIP,New York,Sunny
2024-02-24,TRX-12508,PROD-9357,Wireless Earbuds,Electronics,8,126.44,910.37,0.1,405.76,6,0.17,Returning,Online,Rainy
2024-02-24,TRX-12509,PROD-9710,Scented Candle,Home Goods,3,104.61,313.83,0.0,387.17,7,0.17,New,Online,Snowy
2024-02-24,TRX-12510,PROD-4260,Canvas Tote,Accessories,7,53.61,356.51,0.05,499.94,7,0.26,Returning,Online,Sunny
2024-02-24,TRX-12511,PROD-4282,Leather Wallet,Accessories,9,70.74,636.66,0.0,171.54,3,0.29,New,Chicago,Sunny
2024-02-24,TRX-12512,PROD-0847,Winter Jacket,Apparel,6,15.26,82.4,0.1,260.64,6,0.05,VIP,Chicago,Rainy
2024-02-24,TRX-12513,PROD-6494,Sunglasses,Accessories,6,140.88,803.02,0.05,370.52,13,0.17,Returning,New York,Cloudy
2024-02-25,TRX-12514,PROD-8390,Smart Watch,Electronics,1,117.78,100.11,0.15,73.2,9,0.2,New,Chicago,Snowy
2024-02-25,TRX-12515,PROD-5960,Throw Pillow,Home Goods,1,122.11,109.9,0.1,128.35,7,0.05,VIP,Online,Rainy
2024-02-25,TRX-12516,PROD-4260,Canvas Tote,Accessories,2,148.63,297.26,0.0,448.86,14,0.16,Returning,New York,Sunny
2024-02-25,TRX-12517,PROD-0847,Winter Jacket,Apparel,3,30.37,91.11,0.0,168.73,12,0.05,New,Online,Sunny
2024-02-25,TRX-12518,PROD-4539,Portable Charger,Electronics,10,83.35,666.8,0.2,490.3,7,0.24,Returning,Online,Cloudy
2024-02-25,TRX-12519,PROD-6494,Sunglasses,Accessories,6,95.4,486.54,0.15,146.65,7,0.21,Returning,Chicago,Cloudy
2024-02-26,TRX-12520,PROD-8390,Smart Watch,Electronics,9,90.38,691.41,0.15,432.5,13,0.1,New,Online,Snowy
2024-02-26,TRX-12521,PROD-0847,Winter Jacket,Apparel,3,150.9,452.7,0.0,142.73,12,0.19,New,Los Angeles,Snowy
2024-02-26,TRX-12522,PROD-4260,Canvas Tote,Accessories,5,51.17,204.68,0.2,273.49,3,0.08,VIP,Los Angeles,Rainy
2024-02-26,TRX-12523,PROD-8390,Smart Watch,Electronics,4,50.46,201.84,0.0,195.64,2,0.27,New,Los Angeles,Snowy
2024-02-26,TRX-12524,PROD-0847,Winter Jacket,Apparel,4,42.0,168.0,0.0,278.67,14,0.12,Returning,Online,Snowy
2024-02-26,TRX-12525,PROD-4539,Portable Charger,Electronics,8,101.43,770.87,0.05,98.78,10,0.07,Returning,Online,Rainy
2024-02-27,TRX-12526,PROD-9497,Ceramic Mug,Home Goods,2,82.7,140.59,0.15,237.22,3,0.15,New,Chicago,Snowy
2024-02-27,TRX-12527,PROD-4539,Portable Charger,Electronics,10,55.48,554.8,0.0,70.12,12,0.05,Returning,Chicago,Snowy
2024-02-27,TRX-12528,PROD-5960,Throw Pillow,Home Goods,10,70.03,630.27,0.1,87.49,2,0.1,VIP,Los Angeles,Sunny
2024-02-27,TRX-12529,PROD-6494,Sunglasses,Accessories,10,124.16,1055.36,0.15,369.34,9,0.19,New,Chicago,Rainy
2024-02-27,TRX-12530,PROD-5960,Throw Pillow,Home Goods,10,155.88,1480.86,0.05,357.2,3,0.17,VIP,Chicago,Sunny
2024-02-27,TRX-12531,PROD-5616,Denim Jeans,Apparel,7,138.45,920.69,0.05,479.52,9,0.08,New,Chicago,Rainy
2024-02-28,TRX-12532,PROD-4539,Portable Charger,Electronics,3,52.51,126.02,0.2,443.58,4,0.12,New,Los Angeles,Rainy
2024-02-28,TRX-12533,PROD-9357,Wireless Earbuds,Electronics,1,100.05,90.05,0.1,368.53,9,0.11,Returning,New York,Rainy
2024-02-28,TRX-12534,PROD-3898,Cotton T-Shirt,Apparel,4,116.17,371.74,0.2,276.57,6,0.06,VIP,New York,Sunny
2024-02-28,TRX-12535,PROD-6494,Sunglasses,Accessories,6,81.39,390.67,0.2,88.01,6,0.1,Returning,Online,Rainy
2024-02-28,TRX-12536,PROD-9497,Ceramic Mug,Home Goods,7,17.26,120.82,0.0,71.19,14,0.23,New,Los Angeles,Rainy
2024-02-28,TRX-12537,PROD-4539,Portable Charger,Electronics,10,59.76,507.96,0.15,266.99,11,0.0,New,Chicago,Snowy
2024-02-29,TRX-12538,PROD-9357,Wireless Earbuds,Electronics,8,128.65,874.82,0.15,62.07,2,0.1,VIP,Online,Sunny
2024-02-29,TRX-12539,PROD-9497,Ceramic Mug,Home Goods,7,35.16,246.12,0.0,198.48,8,0.08,New,Chicago,Rainy
2024-02-29,TRX-12540,PROD-5616,Denim Jeans,Apparel,9,63.77,545.23,0.05,393.78,8,0.14,VIP,Online,Sunny
2024-02-29,TRX-12541,PROD-9357,Wireless Earbuds,Electronics,10,50.77,406.16,0.2,372.19,12,0.19,New,New York,Snowy
2024-02-29,TRX-12542,PROD-3898,Cotton T-Shirt,Apparel,10,42.78,342.24,0.2,239.09,13,0.22,Returning,Online,Cloudy
2024-02-29,TRX-12543,PROD-9497,Ceramic Mug,Home Goods,5,115.47,519.62,0.1,436.45,11,0.09,Returning,Los Angeles,Sunny
2024-03-01,TRX-12544,PROD-9357,Wireless Earbuds,Electronics,5,72.04,360.2,0.0,267.64,9,0.18,VIP,Chicago,Cloudy
2024-03-01,TRX-12545,PROD-6494,Sunglasses,Accessories,1,117.26,111.4,0.05,479.01,11,0.14,Returning,Online,Cloudy
2024-03-01,TRX-12546,PROD-5960,Throw Pillow,Home Goods,8,113.45,907.6,0.0,280.28,14,0.14,New,Online,Rainy
2024-03-01,TRX-12547,PROD-5960,Throw Pillow,Home Goods,1,65.98,52.78,0.2,141.45,2,0.18,Returning,Online,Cloudy
2024-03-01,TRX-12548,PROD-4282,Leather Wallet,Accessories,10,125.67,1068.19,0.15,318.86,12,0.22,Returning,New York,Rainy
2024-03-01,TRX-12549,PROD-5616,Denim Jeans,Apparel,10,119.97,959.76,0.2,438.04,9,0.27,Returning,Chicago,Snowy
2024-03-02,TRX-12550,PROD-4539,Portable Charger,Electronics,7,43.25,302.75,0.0,219.31,9,0.14,New,Online,Sunny
2024-03-02,TRX-12551,PROD-8390,Smart Watch,Electronics,6,150.16,900.96,0.0,108.51,11,0.13,New,New York,Snowy
2024-03-02,TRX-12552,PROD-5616,Denim Jeans,Apparel,4,39.97,159.88,0.0,404.51,5,0.19,New,Chicago,Cloudy
2024-03-02,TRX-12553,PROD-4282,Leather Wallet,Accessories,1,128.94,103.15,0.2,431.67,8,0.17,Returning,Los Angeles,Sunny
2024-03-02,TRX-12554,PROD-4260,Canvas Tote,Accessories,6,56.87,324.16,0.05,291.96,8,0.1,New,Chicago,Sunny
2024-03-02,TRX-12555,PROD-0847,Winter Jacket,Apparel,1,61.17,61.17,0.0,403.46,6,0.08,VIP,Chicago,Cloudy
2024-03-03,TRX-12556,PROD-6494,Sunglasses,Accessories,10,44.44,377.74,0.15,389.05,14,0.16,New,Chicago,Rainy
2024-03-03,TRX-12557,PROD-9710,Scented Candle,Home Goods,9,156.75,1128.6,0.2,52.91,5,0.29,Returning,Chicago,Rainy
2024-03-03,TRX-12558,PROD-9710,Scented Candle,Home Goods,7,122.6,772.38,0.1,288.52,9,0.16,New,Los Angeles,Sunny
2024-03-03,TRX-12559,PROD-0847,Winter Jacket,Apparel,2,87.66,175.32,0.0,449.47,9,0.01,New,Chicago,Snowy
2024-03-03,TRX-12560,PROD-4282,Leather Wallet,Accessories,3,151.35,408.64,0.1,415.0,11,0.16,Returning,Los Angeles,Snowy
2024-03-03,TRX-12561,PROD-0847,Winter Jacket,Apparel,14,26.82,337.93,0.1,213.03,8,0.05,New,Online,Snowy
2024-03-04,TRX-12562,PROD-9710,Scented Candle,Home Goods,11,27.51,242.09,0.2,132.24,10,0.15,Returning,New York,Sunny
2024-03-04,TRX-12563,PROD-9497,Ceramic Mug,Home Goods,8,102.67,821.36,0.0,202.31,3,0.05,New,Los Angeles,Rainy
2024-03-04,TRX-12564,PROD-8390,Smart Watch,Electronics,5,112.38,561.9,0.0,476.2,3,0.12,VIP,Online,Rainy
2024-03-04,TRX-12565,PROD-8390,Smart Watch,Electronics,7,126.13,882.91,0.0,443.5,7,0.2,New,New York,Cloudy
2024-03-04,TRX-12566,PROD-5616,Denim Jeans,Apparel,5,108.45,542.25,0.0,126.86,2,0.07,VIP,Online,Sunny
2024-03-04,TRX-12567,PROD-4260,Canvas Tote,Accessories,9,133.29,959.69,0.2,134.89,2,0.17,Returning,Online,Rainy
2024-03-05,TRX-12568,PROD-0847,Winter Jacket,Apparel,1,88.14,83.73,0.05,72.04,3,0.26,Returning,Online,Rainy
2024-03-05,TRX-12569,PROD-3898,Cotton T-Shirt,Apparel,9,63.31,569.79,0.0,275.08,3,0.19,Returning,New York,Sunny
2024-03-05,TRX-12570,PROD-9497,Ceramic Mug,Home Goods,8,113.99,820.73,0.1,491.55,9,0.2,New,Los Angeles,Cloudy
2024-03-05,TRX-12571,PROD-4539,Portable Charger,Electronics,9,30.16,271.44,0.0,297.37,13,0.11,New,Los Angeles,Rainy
2024-03-05,TRX-12572,PROD-4282,Leather Wallet,Accessories,4,129.15,413.28,0.2,264.48,7,0.15,VIP,New York,Cloudy
2024-03-05,TRX-12573,PROD-9710,Scented Candle,Home Goods,4,113.91,364.51,0.2,321.96,9,0.02,VIP,Los Angeles,Sunny
2024-03-06,TRX-12574,PROD-6494,Sunglasses,Accessories,2,126.09,201.74,0.2,483.43,4,0.09,Returning,Los Angeles,Snowy
2024-03-06,TRX-12575,PROD-5616,Denim Jeans,Apparel,9,33.25,269.32,0.1,156.98,3,0.05,VIP,Online,Snowy
2024-03-06,TRX-12576,PROD-0847,Winter Jacket,Apparel,8,77.88,623.04,0.0,446.84,6,0.09,VIP,Chicago,Rainy
2024-03-06,TRX-12577,PROD-9710,Scented Candle,Home Goods,8,98.31,786.48,0.0,321.62,8,0.11,New,Chicago,Snowy
2024-03-06,TRX-12578,PROD-9497,Ceramic Mug,Home Goods,1,145.68,116.54,0.2,120.51,11,0.01,New,Chicago,Sunny
2024-03-06,TRX-12579,PROD-9497,Ceramic Mug,Home Goods,7,55.44,388.08,0.0,331.92,13,0.01,Returning,New York,Sunny
2024-03-07,TRX-12580,PROD-4260,Canvas Tote,Accessories,7,59.42,415.94,0.0,179.59,4,0.12,VIP,Los Angeles,Rainy
2024-03-07,TRX-12581,PROD-9710,Scented Candle,Home Goods,4,103.23,392.27,0.05,401.85,5,0.02,New,Chicago,Sunny
2024-03-07,TRX-12582,PROD-4539,Portable Charger,Electronics,2,59.43,101.03,0.15,101.14,9,0.06,New,Online,Cloudy
2024-03-07,TRX-12583,PROD-9357,Wireless Earbuds,Electronics,7,87.29,549.93,0.1,486.35,2,0.26,VIP,New York,Cloudy
2024-03-07,TRX-12584,PROD-0847,Winter Jacket,Apparel,6,115.69,624.73,0.1,287.37,13,0.08,Returning,Los Angeles,Rainy
2024-03-07,TRX-12585,PROD-0847,Winter Jacket,Apparel,7,120.61,717.63,0.15,266.58,9,0.24,New,Chicago,Rainy
2024-03-08,TRX-12586,PROD-8390,Smart Watch,Electronics,3,39.45,100.6,0.15,185.54,13,0.23,Returning,Chicago,Sunny
2024-03-08,TRX-12587,PROD-4539,Portable Charger,Electronics,1,43.27,38.94,0.1,67.07,12,0.02,Returning,Online,Snowy
2024-03-08,TRX-12588,PROD-4539,Portable Charger,Electronics,9,53.04,453.49,0.05,162.24,13,0.21,Returning,Chicago,Sunny
2024-03-08,TRX-12589,PROD-9497,Ceramic Mug,Home Goods,10,93.96,892.62,0.05,319.41,13,0.21,New,Online,Snowy
2024-03-08,TRX-12590,PROD-9710,Scented Candle,Home Goods,4,134.86,539.44,0.0,480.18,12,0.17,VIP,New York,Cloudy
2024-03-08,TRX-12591,PROD-9497,Ceramic Mug,Home Goods,3,118.76,285.02,0.2,496.1,7,0.05,Returning,Los Angeles,Cloudy
2024-03-09,TRX-12592,PROD-4282,Leather Wallet,Accessories,9,51.39,462.51,0.0,451.37,5,0.01,Returning,Los Angeles,Cloudy
2024-03-09,TRX-12593,PROD-9497,Ceramic Mug,Home Goods,4,106.68,426.72,0.0,131.35,5,0.13,New,Los Angeles,Rainy
2024-03-09,TRX-12594,PROD-9710,Scented Candle,Home Goods,10,127.52,1147.68,0.1,218.44,13,0.25,New,New York,Rainy
2024-03-09,TRX-12595,PROD-5616,Denim Jeans,Apparel,17,22.8,387.6,0.0,106.48,4,0.1,New,Online,Sunny
2024-03-09,TRX-12596,PROD-9710,Scented Candle,Home Goods,1,63.0,50.4,0.2,314.49,6,0.19,VIP,New York,Cloudy
2024-03-09,TRX-12597,PROD-3898,Cotton T-Shirt,Apparel,5,144.51,722.55,0.0,226.97,3,0.02,VIP,Los Angeles,Cloudy
2024-03-10,TRX-12598,PROD-9497,Ceramic Mug,Home Goods,1,31.01,29.46,0.05,396.81,3,0.18,New,Chicago,Sunny
2024-03-10,TRX-12599,PROD-5960,Throw Pillow,Home Goods,5,120.58,542.61,0.1,482.45,14,0.29,VIP,Online,Sunny
2024-03-10,TRX-12600,PROD-5960,Throw Pillow,Home Goods,6,86.34,492.14,0.05,477.23,8,0.13,New,Los Angeles,Rainy
2024-03-10,TRX-12601,PROD-9710,Scented Candle,Home Goods,7,51.49,360.43,0.0,385.24,4,0.25,New,Chicago,Snowy
2024-03-10,TRX-12602,PROD-5616,Denim Jeans,Apparel,1,35.19,33.43,0.05,246.12,3,0.09,Returning,Los Angeles,Sunny
2024-03-10,TRX-12603,PROD-5960,Throw Pillow,Home Goods,6,88.84,453.08,0.15,343.46,11,0.13,New,Chicago,Rainy
2024-03-11,TRX-12604,PROD-0847,Winter Jacket,Apparel,9,131.37,1182.33,0.0,385.32,11,0.01,New,New York,Cloudy
2024-03-11,TRX-12605,PROD-4260,Canvas Tote,Accessories,11,25.45,251.95,0.1,116.96,10,0.16,VIP,New York,Rainy
2024-03-11,TRX-12606,PROD-9357,Wireless Earbuds,Electronics,2,132.63,252.0,0.05,472.22,10,0.16,Returning,Online,Cloudy
2024-03-11,TRX-12607,PROD-4539,Portable Charger,Electronics,7,121.66,766.46,0.1,70.59,7,0.19,VIP,Online,Cloudy
2024-03-11,TRX-12608,PROD-4260,Canvas Tote,Accessories,8,81.46,651.68,0.0,285.8,2,0.14,New,Online,Rainy
2024-03-11,TRX-12609,PROD-4539,Portable Charger,Electronics,5,102.27,485.78,0.05,119.45,5,0.14,Returning,Online,Cloudy
2024-03-12,TRX-12610,PROD-9357,Wireless Earbuds,Electronics,1,88.47,79.62,0.1,149.88,14,0.12,Returning,Chicago,Sunny
2024-03-12,TRX-12611,PROD-9710,Scented Candle,Home Goods,4,150.05,570.19,0.05,257.65,3,0.08,Returning,Chicago,Sunny
2024-03-12,TRX-12612,PROD-6494,Sunglasses,Accessories,8,89.97,719.76,0.0,80.77,10,0.1,Returning,New York,Sunny
2024-03-12,TRX-12613,PROD-6494,Sunglasses,Accessories,10,57.12,456.96,0.2,214.45,8,0.06,Returning,Los Angeles,Sunny
2024-03-12,TRX-12614,PROD-4539,Portable Charger,Electronics,3,97.52,292.56,0.0,373.89,4,0.1,Returning,Online,Cloudy
2024-03-12,TRX-12615,PROD-3898,Cotton T-Shirt,Apparel,8,123.87,792.77,0.2,158.88,12,0.06,Returning,Online,Snowy
2024-03-13,TRX-12616,PROD-4539,Portable Charger,Electronics,2,128.87,257.74,0.0,177.43,9,0.2,New,New York,Rainy
2024-03-13,TRX-12617,PROD-5960,Throw Pillow,Home Goods,14,24.84,347.76,0.0,194.56,12,0.02,Returning,Chicago,Sunny
2024-03-13,TRX-12618,PROD-4539,Portable Charger,Electronics,4,98.71,355.36,0.1,430.99,8,0.19,New,Online,Rainy
2024-03-13,TRX-12619,PROD-9710,Scented Candle,Home Goods,11,26.54,233.55,0.2,407.1,6,0.07,New,New York,Sunny
2024-03-13,TRX-12620,PROD-4539,Portable Charger,Electronics,10,24.3,218.7,0.1,188.25,5,0.3,Returning,Chicago,Sunny
2024-03-13,TRX-12621,PROD-4260,Canvas Tote,Accessories,6,94.09,564.54,0.0,235.99,8,0.05,VIP,Online,Rainy
2024-03-14,TRX-12622,PROD-9497,Ceramic Mug,Home Goods,3,90.55,271.65,0.0,201.57,9,0.23,VIP,Online,Sunny
2024-03-14,TRX-12623,PROD-8390,Smart Watch,Electronics,12,29.22,350.64,0.0,67.53,8,0.22,Returning,New York,Rainy
2024-03-14,TRX-12624,PROD-9497,Ceramic Mug,Home Goods,1,104.39,83.51,0.2,168.08,10,0.26,New,New York,Cloudy
2024-03-14,TRX-12625,PROD-9357,Wireless Earbuds,Electronics,9,63.01,453.67,0.2,101.64,4,0.07,New,Online,Cloudy
2024-03-14,TRX-12626,PROD-9710,Scented Candle,Home Goods,9,91.32,780.79,0.05,409.85,8,0.02,New,Online,Snowy
2024-03-14,TRX-12627,PROD-5960,Throw Pillow,Home Goods,5,133.24,666.2,0.0,186.32,2,0.04,Returning,Los Angeles,Cloudy
2024-03-15,TRX-12628,PROD-4282,Leather Wallet,Accessories,8,107.0,856.0,0.0,257.91,6,0.11,New,New York,Sunny
2024-03-15,TRX-12629,PROD-4539,Portable Charger,Electronics,10,36.86,294.88,0.2,104.8,6,0.24,VIP,Los Angeles,Snowy
2024-03-15,TRX-12630,PROD-9357,Wireless Earbuds,Electronics,7,25.26,141.46,0.2,275.61,13,0.04,New,Los Angeles,Cloudy
2024-03-15,TRX-12631,PROD-4260,Canvas Tote,Accessories,5,98.74,419.64,0.15,268.79,10,0.17,New,Chicago,Sunny
2024-03-15,TRX-12632,PROD-8390,Smart Watch,Electronics,4,48.14,154.05,0.2,81.39,3,0.03,VIP,New York,Cloudy
2024-03-15,TRX-12633,PROD-9357,Wireless Earbuds,Electronics,4,144.92,579.68,0.0,191.69,3,0.13,VIP,New York,Cloudy
2024-03-16,TRX-12634,PROD-9710,Scented Candle,Home Goods,5,19.64,88.38,0.1,385.18,14,0.01,Returning,Online,Sunny
2024-03-16,TRX-12635,PROD-5960,Throw Pillow,Home Goods,4,124.33,497.32,0.0,59.8,3,0.08,Returning,Online,Cloudy
2024-03-16,TRX-12636,PROD-9710,Scented Candle,Home Goods,8,33.58,268.64,0.0,347.63,9,0.18,New,Online,Cloudy
2024-03-16,TRX-12637,PROD-8390,Smart Watch,Electronics,8,48.34,386.72,0.0,166.22,12,0.17,VIP,Online,Sunny
2024-03-16,TRX-12638,PROD-3898,Cotton T-Shirt,Apparel,7,101.18,602.02,0.15,486.35,11,0.09,New,Online,Cloudy
2024-03-16,TRX-12639,PROD-8390,Smart Watch,Electronics,3,115.2,328.32,0.05,391.58,9,0.11,New,New York,Cloudy
2024-03-17,TRX-12640,PROD-6494,Sunglasses,Accessories,1,49.36,49.36,0.0,62.04,10,0.18,VIP,Chicago,Cloudy
2024-03-17,TRX-12641,PROD-4282,Leather Wallet,Accessories,1,35.33,33.56,0.05,468.96,2,0.02,Returning,Chicago,Snowy
2024-03-17,TRX-12642,PROD-4260,Canvas Tote,Accessories,10,56.22,449.76,0.2,283.47,6,0.15,VIP,New York,Snowy
2024-03-17,TRX-12643,PROD-4539,Portable Charger,Electronics,1,51.25,51.25,0.0,464.61,9,0.24,New,New York,Snowy
2024-03-17,TRX-12644,PROD-4282,Leather Wallet,Accessories,5,99.41,447.34,0.1,138.77,5,0.24,New,Online,Sunny
2024-03-17,TRX-12645,PROD-8390,Smart Watch,Electronics,7,75.82,424.59,0.2,73.43,2,0.08,New,Los Angeles,Sunny
2024-03-18,TRX-12646,PROD-9710,Scented Candle,Home Goods,6,59.51,357.06,0.0,432.14,8,0.13,New,Los Angeles,Rainy
2024-03-18,TRX-12647,PROD-5960,Throw Pillow,Home Goods,6,89.53,537.18,0.0,473.06,5,0.17,New,Online,Sunny
2024-03-18,TRX-12648,PROD-0847,Winter Jacket,Apparel,1,44.22,35.38,0.2,74.93,11,0.21,VIP,Los Angeles,Snowy
2024-03-18,TRX-12649,PROD-6494,Sunglasses,Accessories,2,42.95,73.02,0.15,326.04,12,0.25,New,New York,Snowy
2024-03-18,TRX-12650,PROD-0847,Winter Jacket,Apparel,3,139.29,417.87,0.0,277.96,13,0.22,New,Chicago,Snowy
2024-03-18,TRX-12651,PROD-5960,Throw Pillow,Home Goods,8,49.05,333.54,0.15,415.43,10,0.14,New,Chicago,Sunny
2024-03-19,TRX-12652,PROD-5616,Denim Jeans,Apparel,8,98.23,707.26,0.1,225.73,2,0.13,Returning,Chicago,Sunny
2024-03-19,TRX-12653,PROD-4282,Leather Wallet,Accessories,3,125.39,376.17,0.0,446.38,3,0.12,Returning,New York,Snowy
2024-03-19,TRX-12654,PROD-5616,Denim Jeans,Apparel,7,113.78,796.46,0.0,418.82,10,0.21,Returning,New York,Sunny
2024-03-19,TRX-12655,PROD-5960,Throw Pillow,Home Goods,6,151.21,861.9,0.05,52.21,5,0.18,New,Chicago,Rainy
2024-03-19,TRX-12656,PROD-4260,Canvas Tote,Accessories,9,118.09,1009.67,0.05,228.89,13,0.17,New,Chicago,Cloudy
2024-03-19,TRX-12657,PROD-0847,Winter Jacket,Apparel,6,131.34,788.04,0.0,329.51,4,0.12,New,New York,Sunny
2024-03-20,TRX-12658,PROD-8390,Smart Watch,Electronics,2,110.33,176.53,0.2,197.02,3,0.12,VIP,Online,Rainy
2024-03-20,TRX-12659,PROD-9710,Scented Candle,Home Goods,9,152.87,1375.83,0.0,112.69,3,0.26,New,New York,Rainy
2024-03-20,TRX-12660,PROD-0847,Winter Jacket,Apparel,7,134.57,753.59,0.2,307.83,2,0.23,VIP,Online,Snowy
2024-03-20,TRX-12661,PROD-3898,Cotton T-Shirt,Apparel,1,99.99,99.99,0.0,349.39,10,0.04,VIP,Online,Rainy
2024-03-20,TRX-12662,PROD-6494,Sunglasses,Accessories,2,152.43,274.37,0.1,112.33,3,0.23,VIP,Los Angeles,Rainy
2024-03-20,TRX-12663,PROD-9357,Wireless Earbuds,Electronics,7,40.13,224.73,0.2,179.34,9,0.12,VIP,Los Angeles,Sunny
2024-03-21,TRX-12664,PROD-3898,Cotton T-Shirt,Apparel,7,74.56,469.73,0.1,157.43,10,0.06,VIP,New York,Snowy
2024-03-21,TRX-12665,PROD-6494,Sunglasses,Accessories,3,55.48,166.44,0.0,401.7,12,0.02,VIP,Los Angeles,Rainy
2024-03-21,TRX-12666,PROD-9497,Ceramic Mug,Home Goods,7,122.25,684.6,0.2,254.4,3,0.05,VIP,Los Angeles,Snowy
2024-03-21,TRX-12667,PROD-5960,Throw Pillow,Home Goods,3,130.92,392.76,0.0,190.86,11,0.12,Returning,Chicago,Cloudy
2024-03-21,TRX-12668,PROD-9497,Ceramic Mug,Home Goods,7,129.28,723.97,0.2,366.56,10,0.13,New,New York,Sunny
2024-03-21,TRX-12669,PROD-9497,Ceramic Mug,Home Goods,1,44.14,39.73,0.1,368.39,2,0.1,Returning,Online,Sunny
2024-03-22,TRX-12670,PROD-9710,Scented Candle,Home Goods,1,111.9,89.52,0.2,338.14,8,0.21,New,Online,Snowy
2024-03-22,TRX-12671,PROD-8390,Smart Watch,Electronics,3,141.66,424.98,0.0,370.96,6,0.29,New,Online,Rainy
2024-03-22,TRX-12672,PROD-9357,Wireless Earbuds,Electronics,7,40.86,271.72,0.05,376.18,5,0.04,Returning,Chicago,Sunny
2024-03-22,TRX-12673,PROD-8390,Smart Watch,Electronics,10,95.96,863.64,0.1,305.5,9,0.14,New,Online,Rainy
2024-03-22,TRX-12674,PROD-9710,Scented Candle,Home Goods,6,125.32,751.92,0.0,303.95,12,0.24,Returning,Online,Cloudy
2024-03-22,TRX-12675,PROD-8390,Smart Watch,Electronics,17,24.52,396.0,0.05,55.33,13,0.16,New,Chicago,Snowy
2024-03-23,TRX-12676,PROD-6494,Sunglasses,Accessories,22,27.08,595.76,0.0,378.63,4,0.06,New,New York,Sunny
2024-03-23,TRX-12677,PROD-9710,Scented Candle,Home Goods,9,130.61,999.17,0.15,115.77,4,0.19,VIP,Los Angeles,Snowy
2024-03-23,TRX-12678,PROD-3898,Cotton T-Shirt,Apparel,8,111.59,758.81,0.15,372.25,10,0.06,New,Online,Rainy
2024-03-23,TRX-12679,PROD-6494,Sunglasses,Accessories,6,113.0,678.0,0.0,132.75,9,0.04,New,Online,Sunny
2024-03-23,TRX-12680,PROD-9497,Ceramic Mug,Home Goods,2,84.18,159.94,0.05,356.85,4,0.15,VIP,Online,Rainy
2024-03-23,TRX-12681,PROD-6494,Sunglasses,Accessories,15,24.54,368.1,0.0,199.41,12,0.21,New,Chicago,Sunny
2024-03-24,TRX-12682,PROD-4539,Portable Charger,Electronics,22,29.3,515.68,0.2,165.17,4,0.04,New,Los Angeles,Sunny
2024-03-24,TRX-12683,PROD-8390,Smart Watch,Electronics,3,78.57,235.71,0.0,158.28,2,0.05,VIP,Los Angeles,Sunny
2024-03-24,TRX-12684,PROD-0847,Winter Jacket,Apparel,5,47.98,239.9,0.0,498.09,7,0.24,VIP,New York,Snowy
2024-03-24,TRX-12685,PROD-0847,Winter Jacket,Apparel,18,19.47,297.89,0.15,228.38,3,0.13,Returning,Online,Snowy
2024-03-24,TRX-12686,PROD-9497,Ceramic Mug,Home Goods,5,52.06,260.3,0.0,175.3,6,0.02,New,Online,Sunny
2024-03-24,TRX-12687,PROD-6494,Sunglasses,Accessories,1,50.27,42.73,0.15,295.97,6,0.24,Returning,New York,Sunny
2024-03-25,TRX-12688,PROD-5960,Throw Pillow,Home Goods,5,103.33,516.65,0.0,311.05,8,0.25,New,New York,Rainy
2024-03-25,TRX-12689,PROD-9497,Ceramic Mug,Home Goods,5,28.0,119.0,0.15,324.43,14,0.12,VIP,Online,Sunny
2024-03-25,TRX-12690,PROD-3898,Cotton T-Shirt,Apparel,6,55.52,333.12,0.0,121.91,5,0.21,New,New York,Cloudy
2024-03-25,TRX-12691,PROD-5616,Denim Jeans,Apparel,4,105.26,421.04,0.0,464.56,13,0.02,VIP,Chicago,Snowy
2024-03-25,TRX-12692,PROD-4282,Leather Wallet,Accessories,4,148.66,535.18,0.1,213.86,14,0.03,New,Chicago,Rainy
2024-03-25,TRX-12693,PROD-9710,Scented Candle,Home Goods,3,82.31,234.58,0.05,250.39,10,0.17,New,Online,Sunny
2024-03-26,TRX-12694,PROD-3898,Cotton T-Shirt,Apparel,10,141.12,1411.2,0.0,486.22,2,0.08,Returning,New York,Snowy
2024-03-26,TRX-12695,PROD-4539,Portable Charger,Electronics,5,77.68,310.72,0.2,455.49,4,0.18,New,Chicago,Cloudy
2024-03-26,TRX-12696,PROD-5960,Throw Pillow,Home Goods,3,115.85,347.55,0.0,196.69,14,0.11,Returning,Online,Cloudy
2024-03-26,TRX-12697,PROD-6494,Sunglasses,Accessories,2,105.2,210.4,0.0,356.28,14,0.13,VIP,Los Angeles,Sunny
2024-03-26,TRX-12698,PROD-9710,Scented Candle,Home Goods,8,85.51,547.26,0.2,162.55,14,0.26,New,New York,Snowy
2024-03-26,TRX-12699,PROD-4539,Portable Charger,Electronics,6,99.16,535.46,0.1,306.7,2,0.24,New,Chicago,Rainy
2024-03-27,TRX-12700,PROD-3898,Cotton T-Shirt,Apparel,9,112.68,912.71,0.1,399.58,2,0.0,VIP,Los Angeles,Cloudy
2024-03-27,TRX-12701,PROD-6494,Sunglasses,Accessories,9,97.72,747.56,0.15,310.0,10,0.18,VIP,Los Angeles,Sunny
2024-03-27,TRX-12702,PROD-6494,Sunglasses,Accessories,2,62.37,106.03,0.15,160.89,11,0.18,VIP,Online,Rainy
2024-03-27,TRX-12703,PROD-4282,Leather Wallet,Accessories,7,109.13,763.91,0.0,460.56,5,0.06,VIP,Online,Cloudy
2024-03-27,TRX-12704,PROD-0847,Winter Jacket,Apparel,9,66.18,476.5,0.2,326.65,8,0.15,New,Chicago,Rainy
2024-03-27,TRX-12705,PROD-6494,Sunglasses,Accessories,10,99.26,992.6,0.0,340.27,9,0.07,VIP,Chicago,Cloudy
2024-03-28,TRX-12706,PROD-9710,Scented Candle,Home Goods,5,83.65,334.6,0.2,409.99,6,0.03,New,Online,Snowy
2024-03-28,TRX-12707,PROD-0847,Winter Jacket,Apparel,6,70.86,425.16,0.0,344.39,6,0.23,Returning,New York,Snowy
2024-03-28,TRX-12708,PROD-4539,Portable Charger,Electronics,9,48.39,435.51,0.0,464.41,10,0.1,VIP,New York,Snowy
2024-03-28,TRX-12709,PROD-6494,Sunglasses,Accessories,9,80.25,577.8,0.2,150.34,12,0.15,Returning,New York,Snowy
2024-03-28,TRX-12710,PROD-4260,Canvas Tote,Accessories,5,60.45,256.91,0.15,67.52,13,0.06,Returning,New York,Snowy
2024-03-28,TRX-12711,PROD-6494,Sunglasses,Accessories,4,30.01,120.04,0.0,345.92,12,0.19,Returning,Los Angeles,Snowy
2024-03-29,TRX-12712,PROD-3898,Cotton T-Shirt,Apparel,9,42.51,382.59,0.0,177.13,5,0.27,Returning,Chicago,Rainy
2024-03-29,TRX-12713,PROD-5960,Throw Pillow,Home Goods,4,123.79,495.16,0.0,394.24,4,0.28,VIP,Online,Cloudy
2024-03-29,TRX-12714,PROD-3898,Cotton T-Shirt,Apparel,6,74.04,355.39,0.2,103.5,11,0.14,Returning,New York,Rainy
2024-03-29,TRX-12715,PROD-3898,Cotton T-Shirt,Apparel,2,47.99,95.98,0.0,240.75,11,0.1,New,Los Angeles,Cloudy
2024-03-29,TRX-12716,PROD-9710,Scented Candle,Home Goods,1,60.93,60.93,0.0,66.54,8,0.03,Returning,New York,Rainy
2024-03-29,TRX-12717,PROD-6494,Sunglasses,Accessories,6,55.24,298.3,0.1,173.34,9,0.24,New,Los Angeles,Sunny
2024-03-30,TRX-12718,PROD-0847,Winter Jacket,Apparel,3,104.33,297.34,0.05,354.65,14,0.24,Returning,Chicago,Sunny
2024-03-30,TRX-12719,PROD-4260,Canvas Tote,Accessories,3,75.37,180.89,0.2,117.24,10,0.19,VIP,New York,Cloudy
2024-03-30,TRX-12720,PROD-6494,Sunglasses,Accessories,6,53.86,323.16,0.0,352.04,6,0.11,Returning,Chicago,Cloudy
2024-03-30,TRX-12721,PROD-8390,Smart Watch,Electronics,6,137.49,783.69,0.05,52.98,9,0.15,VIP,Chicago,Rainy
2024-03-30,TRX-12722,PROD-0847,Winter Jacket,Apparel,4,32.88,118.37,0.1,375.43,2,0.08,Returning,New York,Sunny
2024-03-30,TRX-12723,PROD-0847,Winter Jacket,Apparel,10,109.26,1037.97,0.05,374.39,4,0.28,Returning,New York,Rainy
2024-03-31,TRX-12724,PROD-3898,Cotton T-Shirt,Apparel,15,23.12,294.78,0.15,60.51,3,0.14,VIP,New York,Snowy
2024-03-31,TRX-12725,PROD-4282,Leather Wallet,Accessories,6,126.86,646.99,0.15,98.52,2,0.02,VIP,Los Angeles,Cloudy
2024-03-31,TRX-12726,PROD-5960,Throw Pillow,Home Goods,20,19.23,384.6,0.0,460.56,8,0.05,New,Los Angeles,Rainy
2024-03-31,TRX-12727,PROD-0847,Winter Jacket,Apparel,2,122.29,207.89,0.15,318.32,11,0.28,VIP,Los Angeles,Sunny
2024-03-31,TRX-12728,PROD-9357,Wireless Earbuds,Electronics,3,45.11,135.33,0.0,463.84,2,0.26,VIP,Los Angeles,Rainy
2024-03-31,TRX-12729,PROD-0847,Winter Jacket,Apparel,3,81.4,231.99,0.05,400.73,7,0.09,VIP,Chicago,Snowy
2024-04-01,TRX-12730,PROD-4282,Leather Wallet,Accessories,1,146.97,139.62,0.05,137.08,4,0.21,VIP,New York,Sunny
2024-04-01,TRX-12731,PROD-5616,Denim Jeans,Apparel,5,148.33,741.65,0.0,237.18,8,0.11,VIP,Chicago,Rainy
2024-04-01,TRX-12732,PROD-9710,Scented Candle,Home Goods,7,74.96,419.78,0.2,361.67,2,0.19,Returning,Online,Rainy
2024-04-01,TRX-12733,PROD-9710,Scented Candle,Home Goods,8,38.58,277.78,0.1,259.6,6,0.14,VIP,Chicago,Sunny
2024-04-01,TRX-12734,PROD-4282,Leather Wallet,Accessories,5,129.37,614.51,0.05,193.14,9,0.14,New,Online,Sunny
2024-04-01,TRX-12735,PROD-0847,Winter Jacket,Apparel,3,86.18,232.69,0.1,187.84,8,0.16,VIP,Los Angeles,Rainy
2024-04-02,TRX-12736,PROD-4260,Canvas Tote,Accessories,7,116.79,817.53,0.0,103.79,2,0.0,New,Online,Sunny
2024-04-02,TRX-12737,PROD-4282,Leather Wallet,Accessories,7,62.93,396.46,0.1,281.89,14,0.06,VIP,Online,Snowy
2024-04-02,TRX-12738,PROD-9710,Scented Candle,Home Goods,6,148.12,755.41,0.15,78.85,9,0.17,New,New York,Rainy
2024-04-02,TRX-12739,PROD-9497,Ceramic Mug,Home Goods,6,87.64,446.96,0.15,358.55,3,0.25,New,New York,Sunny
2024-04-02,TRX-12740,PROD-5960,Throw Pillow,Home Goods,8,17.45,132.62,0.05,50.53,10,0.23,VIP,Online,Snowy
2024-04-02,TRX-12741,PROD-9357,Wireless Earbuds,Electronics,2,37.87,64.38,0.15,477.07,9,0.25,New,Chicago,Rainy
2024-04-03,TRX-12742,PROD-5616,Denim Jeans,Apparel,8,148.95,1072.44,0.1,220.69,13,0.05,Returning,Online,Sunny
2024-04-03,TRX-12743,PROD-9357,Wireless Earbuds,Electronics,10,134.58,1345.8,0.0,73.06,9,0.02,New,Online,Cloudy
2024-04-03,TRX-12744,PROD-4539,Portable Charger,Electronics,3,37.85,113.55,0.0,349.31,11,0.14,VIP,Los Angeles,Rainy
2024-04-03,TRX-12745,PROD-8390,Smart Watch,Electronics,24,17.19,391.93,0.05,214.01,11,0.24,Returning,Chicago,Snowy
2024-04-03,TRX-12746,PROD-5960,Throw Pillow,Home Goods,6,46.97,253.64,0.1,440.18,9,0.22,Returning,Los Angeles,Cloudy
2024-04-03,TRX-12747,PROD-5616,Denim Jeans,Apparel,5,108.29,460.23,0.15,341.8,2,0.08,Returning,Chicago,Sunny
2024-04-04,TRX-12748,PROD-5960,Throw Pillow,Home Goods,6,41.7,250.2,0.0,455.21,5,0.07,VIP,Los Angeles,Snowy
2024-04-04,TRX-12749,PROD-6494,Sunglasses,Accessories,10,121.36,1152.92,0.05,220.69,3,0.22,Returning,New York,Cloudy
2024-04-04,TRX-12750,PROD-9710,Scented Candle,Home Goods,8,125.83,1006.64,0.0,319.42,2,0.24,VIP,Chicago,Snowy
2024-04-04,TRX-12751,PROD-9357,Wireless Earbuds,Electronics,9,53.0,477.0,0.0,145.15,14,0.1,Returning,Los Angeles,Cloudy
2024-04-04,TRX-12752,PROD-4539,Portable Charger,Electronics,6,59.91,359.46,0.0,304.22,11,0.17,New,Los Angeles,Cloudy
2024-04-04,TRX-12753,PROD-9497,Ceramic Mug,Home Goods,10,63.32,633.2,0.0,93.73,3,0.03,New,Chicago,Sunny
2024-04-05,TRX-12754,PROD-9710,Scented Candle,Home Goods,10,114.91,1034.19,0.1,350.74,13,0.1,New,Los Angeles,Sunny
2024-04-05,TRX-12755,PROD-5616,Denim Jeans,Apparel,9,124.38,951.51,0.15,144.34,12,0.14,VIP,Los Angeles,Cloudy
2024-04-05,TRX-12756,PROD-8390,Smart Watch,Electronics,7,124.97,874.79,0.0,119.69,11,0.29,Returning,Los Angeles,Sunny
2024-04-05,TRX-12757,PROD-9710,Scented Candle,Home Goods,10,58.62,527.58,0.1,441.38,9,0.28,VIP,New York,Rainy
2024-04-05,TRX-12758,PROD-9357,Wireless Earbuds,Electronics,10,81.39,691.81,0.15,292.92,9,0.09,New,Chicago,Rainy
2024-04-05,TRX-12759,PROD-5616,Denim Jeans,Apparel,9,143.86,1294.74,0.0,356.99,14,0.26,New,Chicago,Snowy
2024-04-06,TRX-12760,PROD-9357,Wireless Earbuds,Electronics,1,38.42,30.74,0.2,172.14,14,0.04,New,Online,Snowy
2024-04-06,TRX-12761,PROD-4260,Canvas Tote,Accessories,10,139.64,1326.58,0.05,315.36,10,0.16,Returning,Chicago,Cloudy
2024-04-06,TRX-12762,PROD-9710,Scented Candle,Home Goods,5,90.68,453.4,0.0,156.02,2,0.03,VIP,Los Angeles,Rainy
2024-04-06,TRX-12763,PROD-4282,Leather Wallet,Accessories,7,118.34,828.38,0.0,362.92,7,0.2,New,Los Angeles,Cloudy
2024-04-06,TRX-12764,PROD-4282,Leather Wallet,Accessories,3,76.65,183.96,0.2,175.46,10,0.09,Returning,Online,Rainy
2024-04-06,TRX-12765,PROD-4260,Canvas Tote,Accessories,2,117.77,235.54,0.0,491.53,8,0.17,Returning,Los Angeles,Rainy
2024-04-07,TRX-12766,PROD-3898,Cotton T-Shirt,Apparel,1,154.48,131.31,0.15,238.5,11,0.08,New,Chicago,Rainy
2024-04-07,TRX-12767,PROD-9357,Wireless Earbuds,Electronics,19,20.56,332.04,0.15,465.71,5,0.07,New,Online,Rainy
2024-04-07,TRX-12768,PROD-4282,Leather Wallet,Accessories,3,89.86,269.58,0.0,184.21,7,0.13,New,New York,Rainy
2024-04-07,TRX-12769,PROD-8390,Smart Watch,Electronics,9,79.8,574.56,0.2,133.7,9,0.16,New,Online,Snowy
2024-04-07,TRX-12770,PROD-9357,Wireless Earbuds,Electronics,10,104.7,837.6,0.2,279.8,10,0.12,New,Chicago,Snowy
2024-04-07,TRX-12771,PROD-5960,Throw Pillow,Home Goods,1,116.79,116.79,0.0,332.82,10,0.2,New,Chicago,Rainy
2024-04-08,TRX-12772,PROD-8390,Smart Watch,Electronics,9,139.15,1189.73,0.05,244.76,2,0.27,Returning,Chicago,Snowy
2024-04-08,TRX-12773,PROD-9497,Ceramic Mug,Home Goods,9,94.31,848.79,0.0,252.05,2,0.1,New,Los Angeles,Sunny
2024-04-08,TRX-12774,PROD-0847,Winter Jacket,Apparel,9,38.5,277.2,0.2,457.09,3,0.24,New,Los Angeles,Rainy
2024-04-08,TRX-12775,PROD-8390,Smart Watch,Electronics,9,143.86,1230.0,0.05,491.07,4,0.24,VIP,Online,Snowy
2024-04-08,TRX-12776,PROD-5616,Denim Jeans,Apparel,6,148.31,889.86,0.0,262.04,10,0.14,Returning,New York,Rainy
2024-04-08,TRX-12777,PROD-3898,Cotton T-Shirt,Apparel,8,90.16,649.15,0.1,151.92,6,0.13,New,New York,Snowy
2024-04-09,TRX-12778,PROD-0847,Winter Jacket,Apparel,5,93.15,395.89,0.15,334.98,14,0.23,VIP,Chicago,Snowy
2024-04-09,TRX-12779,PROD-5616,Denim Jeans,Apparel,3,126.41,303.38,0.2,411.9,9,0.15,VIP,New York,Sunny
2024-04-09,TRX-12780,PROD-9710,Scented Candle,Home Goods,10,44.02,418.19,0.05,148.25,4,0.23,New,Los Angeles,Rainy
2024-04-09,TRX-12781,PROD-9710,Scented Candle,Home Goods,3,126.25,303.0,0.2,164.56,14,0.22,New,Chicago,Cloudy
2024-04-09,TRX-12782,PROD-9710,Scented Candle,Home Goods,4,138.2,497.52,0.1,408.09,9,0.19,Returning,New York,Sunny
2024-04-09,TRX-12783,PROD-6494,Sunglasses,Accessories,2,147.19,294.38,0.0,404.92,8,0.19,Returning,Online,Snowy
2024-04-10,TRX-12784,PROD-0847,Winter Jacket,Apparel,6,71.67,408.52,0.05,323.92,6,0.29,Returning,Chicago,Snowy
2024-04-10,TRX-12785,PROD-4260,Canvas Tote,Accessories,3,42.95,115.97,0.1,431.66,13,0.05,VIP,Chicago,Cloudy
2024-04-10,TRX-12786,PROD-4260,Canvas Tote,Accessories,7,66.84,467.88,0.0,157.62,11,0.08,Returning,Chicago,Rainy
2024-04-10,TRX-12787,PROD-6494,Sunglasses,Accessories,25,18.95,426.38,0.1,317.59,5,0.02,New,New York,Rainy
2024-04-10,TRX-12788,PROD-0847,Winter Jacket,Apparel,4,87.33,296.92,0.15,475.4,9,0.03,Returning,Los Angeles,Rainy
2024-04-10,TRX-12789,PROD-5616,Denim Jeans,Apparel,6,74.08,400.03,0.1,398.78,3,0.01,VIP,New York,Sunny
2024-04-11,TRX-12790,PROD-9497,Ceramic Mug,Home Goods,4,41.02,164.08,0.0,231.67,2,0.04,VIP,Online,Snowy
2024-04-11,TRX-12791,PROD-0847,Winter Jacket,Apparel,6,108.36,617.65,0.05,214.62,8,0.2,Returning,Online,Cloudy
2024-04-11,TRX-12792,PROD-9710,Scented Candle,Home Goods,10,59.07,590.7,0.0,489.32,2,0.27,Returning,Los Angeles,Snowy
2024-04-11,TRX-12793,PROD-0847,Winter Jacket,Apparel,2,101.61,203.22,0.0,281.28,6,0.27,VIP,Los Angeles,Cloudy
2024-04-11,TRX-12794,PROD-0847,Winter Jacket,Apparel,6,59.98,359.88,0.0,414.05,2,0.28,VIP,Los Angeles,Sunny
2024-04-11,TRX-12795,PROD-4260,Canvas Tote,Accessories,10,61.58,523.43,0.15,369.39,3,0.09,Returning,Online,Cloudy
2024-04-12,TRX-12796,PROD-9710,Scented Candle,Home Goods,1,37.24,29.79,0.2,413.07,4,0.14,Returning,Chicago,Snowy
2024-04-12,TRX-12797,PROD-3898,Cotton T-Shirt,Apparel,3,88.87,266.61,0.0,477.98,5,0.25,Returning,Los Angeles,Rainy
2024-04-12,TRX-12798,PROD-8390,Smart Watch,Electronics,5,109.67,548.35,0.0,381.55,4,0.17,Returning,Los Angeles,Cloudy
2024-04-12,TRX-12799,PROD-4539,Portable Charger,Electronics,2,45.66,73.06,0.2,298.25,2,0.11,VIP,Los Angeles,Cloudy
2024-04-12,TRX-12800,PROD-4260,Canvas Tote,Accessories,1,58.58,58.58,0.0,466.28,9,0.18,Returning,New York,Rainy
2024-04-12,TRX-12801,PROD-3898,Cotton T-Shirt,Apparel,2,57.76,103.97,0.1,455.02,3,0.29,New,Los Angeles,Cloudy
2024-04-13,TRX-12802,PROD-5616,Denim Jeans,Apparel,8,128.31,1026.48,0.0,140.96,11,0.23,VIP,Online,Rainy
2024-04-13,TRX-12803,PROD-6494,Sunglasses,Accessories,8,81.49,651.92,0.0,180.66,4,0.03,New,Los Angeles,Sunny
2024-04-13,TRX-12804,PROD-0847,Winter Jacket,Apparel,11,27.7,274.23,0.1,87.61,5,0.01,Returning,Chicago,Sunny
2024-04-13,TRX-12805,PROD-0847,Winter Jacket,Apparel,9,87.72,710.53,0.1,340.13,13,0.02,Returning,Online,Cloudy
2024-04-13,TRX-12806,PROD-9497,Ceramic Mug,Home Goods,2,43.04,73.17,0.15,309.07,11,0.01,New,New York,Rainy
2024-04-13,TRX-12807,PROD-5616,Denim Jeans,Apparel,4,68.83,275.32,0.0,249.02,4,0.07,Returning,Online,Snowy
2024-04-14,TRX-12808,PROD-9357,Wireless Earbuds,Electronics,2,152.66,290.05,0.05,88.28,12,0.07,VIP,New York,Sunny
2024-04-14,TRX-12809,PROD-6494,Sunglasses,Accessories,5,21.07,105.35,0.0,157.63,5,0.23,New,Los Angeles,Cloudy
2024-04-14,TRX-12810,PROD-5960,Throw Pillow,Home Goods,8,58.56,468.48,0.0,165.25,10,0.14,Returning,Chicago,Sunny
2024-04-14,TRX-12811,PROD-6494,Sunglasses,Accessories,6,64.33,328.08,0.15,436.85,9,0.05,New,Online,Rainy
2024-04-14,TRX-12812,PROD-9357,Wireless Earbuds,Electronics,20,17.4,295.8,0.15,276.72,3,0.03,VIP,New York,Cloudy
2024-04-14,TRX-12813,PROD-4282,Leather Wallet,Accessories,10,151.27,1361.43,0.1,220.6,14,0.06,Returning,Online,Snowy
2024-04-15,TRX-12814,PROD-8390,Smart Watch,Electronics,7,62.95,396.59,0.1,438.2,8,0.12,VIP,Los Angeles,Rainy
2024-04-15,TRX-12815,PROD-3898,Cotton T-Shirt,Apparel,8,98.62,788.96,0.0,383.99,7,0.16,New,New York,Snowy
2024-04-15,TRX-12816,PROD-9357,Wireless Earbuds,Electronics,4,104.79,419.16,0.0,132.17,6,0.06,New,Online,Cloudy
2024-04-15,TRX-12817,PROD-6494,Sunglasses,Accessories,9,55.61,450.44,0.1,136.71,12,0.05,Returning,Chicago,Sunny
2024-04-15,TRX-12818,PROD-4282,Leather Wallet,Accessories,6,36.59,197.59,0.1,427.31,4,0.21,VIP,Chicago,Cloudy
2024-04-15,TRX-12819,PROD-9710,Scented Candle,Home Goods,10,138.24,1105.92,0.2,101.45,11,0.29,New,Los Angeles,Cloudy
2024-04-16,TRX-12820,PROD-3898,Cotton T-Shirt,Apparel,4,73.45,264.42,0.1,369.7,5,0.12,VIP,Los Angeles,Rainy
2024-04-16,TRX-12821,PROD-0847,Winter Jacket,Apparel,12,16.46,187.64,0.05,164.9,7,0.16,Returning,Online,Cloudy
2024-04-16,TRX-12822,PROD-4260,Canvas Tote,Accessories,2,83.12,157.93,0.05,153.9,14,0.03,New,Online,Rainy
2024-04-16,TRX-12823,PROD-9357,Wireless Earbuds,Electronics,10,64.62,613.89,0.05,266.35,2,0.04,Returning,Chicago,Sunny
2024-04-16,TRX-12824,PROD-8390,Smart Watch,Electronics,2,110.8,221.6,0.0,247.74,10,0.03,Returning,Los Angeles,Snowy
2024-04-16,TRX-12825,PROD-8390,Smart Watch,Electronics,2,69.22,138.44,0.0,224.02,2,0.26,Returning,New York,Sunny
2024-04-17,TRX-12826,PROD-5616,Denim Jeans,Apparel,6,104.96,629.76,0.0,202.9,12,0.08,Returning,Chicago,Rainy
2024-04-17,TRX-12827,PROD-4260,Canvas Tote,Accessories,5,142.41,569.64,0.2,474.39,5,0.15,New,Chicago,Sunny
2024-04-17,TRX-12828,PROD-5616,Denim Jeans,Apparel,6,138.15,828.9,0.0,496.35,11,0.11,Returning,Online,Sunny
2024-04-17,TRX-12829,PROD-8390,Smart Watch,Electronics,2,159.45,287.01,0.1,479.88,12,0.29,New,Online,Rainy
2024-04-17,TRX-12830,PROD-0847,Winter Jacket,Apparel,5,66.96,284.58,0.15,106.57,3,0.2,VIP,Online,Rainy
2024-04-17,TRX-12831,PROD-4260,Canvas Tote,Accessories,1,45.06,40.55,0.1,196.18,12,0.19,New,Los Angeles,Cloudy
2024-04-18,TRX-12832,PROD-4539,Portable Charger,Electronics,6,88.6,531.6,0.0,294.62,3,0.06,VIP,Chicago,Sunny
2024-04-18,TRX-12833,PROD-5616,Denim Jeans,Apparel,9,128.41,1155.69,0.0,134.97,13,0.29,Returning,New York,Sunny
2024-04-18,TRX-12834,PROD-4282,Leather Wallet,Accessories,6,135.06,688.81,0.15,347.34,7,0.26,New,Chicago,Rainy
2024-04-18,TRX-12835,PROD-9710,Scented Candle,Home Goods,7,56.15,353.75,0.1,198.19,4,0.25,VIP,Online,Cloudy
2024-04-18,TRX-12836,PROD-4282,Leather Wallet,Accessories,1,73.84,73.84,0.0,100.51,13,0.27,VIP,New York,Snowy
2024-04-18,TRX-12837,PROD-5616,Denim Jeans,Apparel,5,57.22,243.19,0.15,388.07,11,0.06,Returning,New York,Snowy
2024-04-19,TRX-12838,PROD-0847,Winter Jacket,Apparel,5,42.68,181.39,0.15,281.47,9,0.22,VIP,New York,Sunny
2024-04-19,TRX-12839,PROD-9357,Wireless Earbuds,Electronics,8,16.91,135.28,0.0,357.39,11,0.09,VIP,Chicago,Snowy
2024-04-19,TRX-12840,PROD-4282,Leather Wallet,Accessories,5,108.61,434.44,0.2,499.58,11,0.09,Returning,New York,Cloudy
2024-04-19,TRX-12841,PROD-0847,Winter Jacket,Apparel,4,113.28,453.12,0.0,371.13,14,0.04,VIP,Los Angeles,Rainy
2024-04-19,TRX-12842,PROD-4282,Leather Wallet,Accessories,6,112.63,540.62,0.2,232.42,9,0.17,VIP,New York,Rainy
2024-04-19,TRX-12843,PROD-8390,Smart Watch,Electronics,5,68.49,291.08,0.15,255.36,13,0.14,New,Chicago,Rainy
2024-04-20,TRX-12844,PROD-4539,Portable Charger,Electronics,1,143.95,122.36,0.15,450.55,14,0.18,New,New York,Snowy
2024-04-20,TRX-12845,PROD-8390,Smart Watch,Electronics,5,137.19,651.65,0.05,166.01,8,0.21,New,New York,Rainy
2024-04-20,TRX-12846,PROD-4539,Portable Charger,Electronics,3,81.37,207.49,0.15,395.35,9,0.06,VIP,Chicago,Rainy
2024-04-20,TRX-12847,PROD-5616,Denim Jeans,Apparel,5,155.07,697.81,0.1,353.61,13,0.15,New,New York,Snowy
2024-04-20,TRX-12848,PROD-4539,Portable Charger,Electronics,6,33.05,198.3,0.0,120.57,14,0.19,VIP,New York,Rainy
2024-04-20,TRX-12849,PROD-5616,Denim Jeans,Apparel,1,87.78,79.0,0.1,234.09,8,0.12,New,Los Angeles,Snowy
2024-04-21,TRX-12850,PROD-5960,Throw Pillow,Home Goods,4,130.16,416.51,0.2,306.99,7,0.14,Returning,Chicago,Snowy
2024-04-21,TRX-12851,PROD-3898,Cotton T-Shirt,Apparel,1,106.9,106.9,0.0,357.29,13,0.14,VIP,New York,Snowy
2024-04-21,TRX-12852,PROD-8390,Smart Watch,Electronics,9,85.27,652.32,0.15,280.45,13,0.13,VIP,Online,Rainy
2024-04-21,TRX-12853,PROD-3898,Cotton T-Shirt,Apparel,1,87.93,79.14,0.1,483.76,10,0.07,VIP,Chicago,Rainy
2024-04-21,TRX-12854,PROD-6494,Sunglasses,Accessories,7,113.46,675.09,0.15,129.2,8,0.1,Returning,Chicago,Cloudy
2024-04-21,TRX-12855,PROD-9710,Scented Candle,Home Goods,8,53.51,406.68,0.05,212.2,6,0.03,VIP,Los Angeles,Sunny
2024-04-22,TRX-12856,PROD-4260,Canvas Tote,Accessories,6,51.4,308.4,0.0,436.6,14,0.01,Returning,Chicago,Rainy
2024-04-22,TRX-12857,PROD-3898,Cotton T-Shirt,Apparel,7,43.91,276.63,0.1,496.26,5,0.02,New,Online,Cloudy
2024-04-22,TRX-12858,PROD-9497,Ceramic Mug,Home Goods,8,139.96,1119.68,0.0,158.68,11,0.27,New,Online,Cloudy
2024-04-22,TRX-12859,PROD-4539,Portable Charger,Electronics,7,64.26,404.84,0.1,204.27,12,0.04,Returning,Online,Snowy
2024-04-22,TRX-12860,PROD-9497,Ceramic Mug,Home Goods,4,33.22,126.24,0.05,392.03,11,0.18,New,New York,Cloudy
2024-04-22,TRX-12861,PROD-5616,Denim Jeans,Apparel,10,118.67,1186.7,0.0,137.36,9,0.13,New,Chicago,Rainy
2024-04-23,TRX-12862,PROD-0847,Winter Jacket,Apparel,3,148.01,355.22,0.2,475.91,10,0.07,New,Los Angeles,Snowy
2024-04-23,TRX-12863,PROD-3898,Cotton T-Shirt,Apparel,2,61.46,122.92,0.0,154.88,5,0.22,VIP,New York,Sunny
2024-04-23,TRX-12864,PROD-9497,Ceramic Mug,Home Goods,1,98.27,98.27,0.0,384.38,2,0.08,New,Los Angeles,Rainy
2024-04-23,TRX-12865,PROD-4539,Portable Charger,Electronics,9,107.33,965.97,0.0,290.02,7,0.12,New,Los Angeles,Cloudy
2024-04-23,TRX-12866,PROD-4260,Canvas Tote,Accessories,8,89.8,718.4,0.0,247.95,11,0.16,VIP,Chicago,Sunny
2024-04-23,TRX-12867,PROD-6494,Sunglasses,Accessories,1,90.03,76.53,0.15,332.53,6,0.11,VIP,Chicago,Cloudy
2024-04-24,TRX-12868,PROD-5960,Throw Pillow,Home Goods,6,118.26,674.08,0.05,349.56,10,0.24,Returning,Los Angeles,Snowy
2024-04-24,TRX-12869,PROD-9497,Ceramic Mug,Home Goods,8,61.13,489.04,0.0,341.46,11,0.13,VIP,Chicago,Rainy
2024-04-24,TRX-12870,PROD-5960,Throw Pillow,Home Goods,9,145.57,1310.13,0.0,336.05,11,0.01,VIP,Online,Snowy
2024-04-24,TRX-12871,PROD-0847,Winter Jacket,Apparel,1,45.2,45.2,0.0,124.24,11,0.15,VIP,Online,Cloudy
2024-04-24,TRX-12872,PROD-9497,Ceramic Mug,Home Goods,3,111.79,335.37,0.0,55.26,8,0.13,VIP,Online,Sunny
2024-04-24,TRX-12873,PROD-4260,Canvas Tote,Accessories,8,84.33,640.91,0.05,261.96,6,0.25,VIP,Online,Rainy
2024-04-25,TRX-12874,PROD-0847,Winter Jacket,Apparel,2,97.99,166.58,0.15,50.44,10,0.1,Returning,Los Angeles,Snowy
2024-04-25,TRX-12875,PROD-4282,Leather Wallet,Accessories,10,34.37,274.96,0.2,230.2,12,0.13,New,Online,Rainy
2024-04-25,TRX-12876,PROD-5960,Throw Pillow,Home Goods,1,61.64,61.64,0.0,300.35,7,0.1,VIP,Chicago,Snowy
2024-04-25,TRX-12877,PROD-9710,Scented Candle,Home Goods,4,123.8,495.2,0.0,261.47,10,0.15,New,New York,Rainy
2024-04-25,TRX-12878,PROD-8390,Smart Watch,Electronics,8,109.33,874.64,0.0,221.08,8,0.07,VIP,Los Angeles,Cloudy
2024-04-25,TRX-12879,PROD-4260,Canvas Tote,Accessories,3,115.07,345.21,0.0,476.18,5,0.09,VIP,Online,Cloudy
2024-04-26,TRX-12880,PROD-0847,Winter Jacket,Apparel,7,145.08,1015.56,0.0,408.63,11,0.04,VIP,New York,Cloudy
2024-04-26,TRX-12881,PROD-6494,Sunglasses,Accessories,8,117.3,938.4,0.0,489.27,13,0.05,Returning,Chicago,Snowy
2024-04-26,TRX-12882,PROD-0847,Winter Jacket,Apparel,6,76.09,388.06,0.15,472.75,3,0.15,Returning,New York,Sunny
2024-04-26,TRX-12883,PROD-5616,Denim Jeans,Apparel,16,27.58,375.09,0.15,477.31,3,0.0,Returning,Online,Rainy
2024-04-26,TRX-12884,PROD-9710,Scented Candle,Home Goods,5,74.87,374.35,0.0,461.37,14,0.06,New,Online,Sunny
2024-04-26,TRX-12885,PROD-9497,Ceramic Mug,Home Goods,6,83.86,478.0,0.05,246.53,3,0.17,Returning,Chicago,Snowy
2024-04-27,TRX-12886,PROD-4282,Leather Wallet,Accessories,9,103.15,835.51,0.1,156.38,9,0.08,Returning,Chicago,Sunny
2024-04-27,TRX-12887,PROD-4260,Canvas Tote,Accessories,1,54.74,52.0,0.05,120.98,7,0.02,New,New York,Snowy
2024-04-27,TRX-12888,PROD-9710,Scented Candle,Home Goods,3,134.45,403.35,0.0,468.65,6,0.23,New,Chicago,Cloudy
2024-04-27,TRX-12889,PROD-4260,Canvas Tote,Accessories,3,65.46,157.1,0.2,95.96,7,0.12,New,Online,Sunny
2024-04-27,TRX-12890,PROD-4539,Portable Charger,Electronics,5,83.54,396.81,0.05,329.85,8,0.13,Returning,New York,Rainy
2024-04-27,TRX-12891,PROD-6494,Sunglasses,Accessories,7,47.8,284.41,0.15,461.3,3,0.2,New,Online,Sunny
2024-04-28,TRX-12892,PROD-3898,Cotton T-Shirt,Apparel,12,29.64,302.33,0.15,308.55,12,0.12,Returning,Chicago,Snowy
2024-04-28,TRX-12893,PROD-4539,Portable Charger,Electronics,1,93.54,74.83,0.2,422.85,3,0.09,VIP,Los Angeles,Rainy
2024-04-28,TRX-12894,PROD-5616,Denim Jeans,Apparel,7,32.97,230.79,0.0,95.19,5,0.15,Returning,New York,Sunny
2024-04-28,TRX-12895,PROD-0847,Winter Jacket,Apparel,4,65.04,208.13,0.2,283.4,3,0.3,New,New York,Rainy
2024-04-28,TRX-12896,PROD-9710,Scented Candle,Home Goods,9,119.99,1079.91,0.0,460.05,10,0.02,VIP,New York,Cloudy
2024-04-28,TRX-12897,PROD-8390,Smart Watch,Electronics,6,141.77,850.62,0.0,444.69,7,0.04,New,Los Angeles,Snowy
2024-04-29,TRX-12898,PROD-4282,Leather Wallet,Accessories,8,87.6,700.8,0.0,267.36,10,0.0,Returning,Los Angeles,Rainy
2024-04-29,TRX-12899,PROD-0847,Winter Jacket,Apparel,6,149.96,899.76,0.0,270.68,13,0.03,Returning,New York,Rainy
2024-04-29,TRX-12900,PROD-3898,Cotton T-Shirt,Apparel,4,114.1,456.4,0.0,309.42,4,0.29,New,Chicago,Sunny
2024-04-29,TRX-12901,PROD-8390,Smart Watch,Electronics,8,82.33,625.71,0.05,213.45,10,0.1,New,Online,Cloudy
2024-04-29,TRX-12902,PROD-9357,Wireless Earbuds,Electronics,3,62.97,179.46,0.05,405.05,13,0.04,New,Los Angeles,Sunny
2024-04-29,TRX-12903,PROD-4260,Canvas Tote,Accessories,2,145.68,276.79,0.05,193.1,12,0.03,New,New York,Snowy
2024-04-30,TRX-12904,PROD-4539,Portable Charger,Electronics,8,21.6,146.88,0.15,378.44,12,0.21,New,Los Angeles,Rainy
2024-04-30,TRX-12905,PROD-8390,Smart Watch,Electronics,9,59.8,430.56,0.2,272.89,13,0.27,New,Online,Rainy
2024-04-30,TRX-12906,PROD-3898,Cotton T-Shirt,Apparel,6,129.44,698.98,0.1,243.71,12,0.21,VIP,New York,Sunny
2024-04-30,TRX-12907,PROD-4260,Canvas Tote,Accessories,9,31.1,279.9,0.0,485.1,7,0.01,New,New York,Sunny
2024-04-30,TRX-12908,PROD-3898,Cotton T-Shirt,Apparel,1,136.28,122.65,0.1,105.1,14,0.08,New,New York,Cloudy
2024-04-30,TRX-12909,PROD-5960,Throw Pillow,Home Goods,1,120.22,108.2,0.1,365.66,13,0.18,New,Chicago,Sunny
2024-05-01,TRX-12910,PROD-5616,Denim Jeans,Apparel,5,69.83,314.24,0.1,443.88,2,0.25,New,Chicago,Sunny
2024-05-01,TRX-12911,PROD-4282,Leather Wallet,Accessories,6,107.52,612.86,0.05,244.49,10,0.07,VIP,Chicago,Sunny
2024-05-01,TRX-12912,PROD-6494,Sunglasses,Accessories,2,37.42,74.84,0.0,114.38,11,0.2,Returning,Chicago,Snowy
2024-05-01,TRX-12913,PROD-6494,Sunglasses,Accessories,9,41.91,377.19,0.0,254.36,14,0.12,New,Chicago,Rainy
2024-05-01,TRX-12914,PROD-8390,Smart Watch,Electronics,5,72.58,344.75,0.05,112.54,12,0.12,Returning,Chicago,Snowy
2024-05-01,TRX-12915,PROD-5960,Throw Pillow,Home Goods,7,127.36,891.52,0.0,323.94,9,0.29,New,New York,Snowy
2024-05-02,TRX-12916,PROD-4282,Leather Wallet,Accessories,7,119.73,838.11,0.0,395.6,6,0.18,New,Chicago,Snowy
2024-05-02,TRX-12917,PROD-6494,Sunglasses,Accessories,6,95.1,542.07,0.05,120.83,9,0.22,VIP,Chicago,Sunny
2024-05-02,TRX-12918,PROD-3898,Cotton T-Shirt,Apparel,8,144.83,1158.64,0.0,142.83,13,0.28,Returning,Los Angeles,Cloudy
2024-05-02,TRX-12919,PROD-3898,Cotton T-Shirt,Apparel,7,59.0,330.4,0.2,65.23,10,0.1,VIP,Chicago,Snowy
2024-05-02,TRX-12920,PROD-9357,Wireless Earbuds,Electronics,1,38.18,38.18,0.0,397.72,2,0.19,VIP,Los Angeles,Cloudy
2024-05-02,TRX-12921,PROD-3898,Cotton T-Shirt,Apparel,5,37.36,186.8,0.0,463.34,2,0.1,VIP,Los Angeles,Cloudy
2024-05-03,TRX-12922,PROD-3898,Cotton T-Shirt,Apparel,2,36.76,73.52,0.0,322.04,4,0.28,VIP,Chicago,Cloudy
2024-05-03,TRX-12923,PROD-0847,Winter Jacket,Apparel,2,31.58,63.16,0.0,437.95,14,0.27,Returning,Los Angeles,Cloudy
2024-05-03,TRX-12924,PROD-0847,Winter Jacket,Apparel,8,127.9,920.88,0.1,392.93,4,0.21,Returning,New York,Rainy
2024-05-03,TRX-12925,PROD-8390,Smart Watch,Electronics,4,73.11,292.44,0.0,147.65,11,0.28,VIP,New York,Sunny
2024-05-03,TRX-12926,PROD-8390,Smart Watch,Electronics,3,125.19,300.46,0.2,189.83,8,0.1,Returning,Online,Rainy
2024-05-03,TRX-12927,PROD-9710,Scented Candle,Home Goods,5,82.23,328.92,0.2,474.87,7,0.26,Returning,Los Angeles,Cloudy
2024-05-04,TRX-12928,PROD-3898,Cotton T-Shirt,Apparel,3,127.54,382.62,0.0,189.87,13,0.06,VIP,Chicago,Rainy
2024-05-04,TRX-12929,PROD-9497,Ceramic Mug,Home Goods,21,23.96,427.69,0.15,300.69,4,0.17,Returning,New York,Rainy
2024-05-04,TRX-12930,PROD-9710,Scented Candle,Home Goods,9,65.04,585.36,0.0,279.85,9,0.05,Returning,Online,Snowy
2024-05-04,TRX-12931,PROD-6494,Sunglasses,Accessories,1,64.65,58.19,0.1,107.83,10,0.29,Returning,Chicago,Snowy
2024-05-04,TRX-12932,PROD-4539,Portable Charger,Electronics,8,95.48,763.84,0.0,143.42,12,0.25,New,Online,Cloudy
2024-05-04,TRX-12933,PROD-3898,Cotton T-Shirt,Apparel,3,68.4,194.94,0.05,107.78,12,0.2,Returning,Chicago,Sunny
2024-05-05,TRX-12934,PROD-9710,Scented Candle,Home Goods,2,45.89,91.78,0.0,412.37,3,0.08,Returning,Chicago,Rainy
2024-05-05,TRX-12935,PROD-6494,Sunglasses,Accessories,5,62.11,310.55,0.0,146.09,11,0.24,Returning,New York,Sunny
2024-05-05,TRX-12936,PROD-9497,Ceramic Mug,Home Goods,5,43.31,173.24,0.2,311.28,9,0.05,Returning,Online,Sunny
2024-05-05,TRX-12937,PROD-8390,Smart Watch,Electronics,5,121.98,609.9,0.0,182.52,11,0.18,Returning,Chicago,Snowy
2024-05-05,TRX-12938,PROD-4539,Portable Charger,Electronics,8,86.76,624.67,0.1,231.56,13,0.3,New,New York,Cloudy
2024-05-05,TRX-12939,PROD-5616,Denim Jeans,Apparel,7,91.47,640.29,0.0,281.74,9,0.27,VIP,New York,Rainy
2024-05-06,TRX-12940,PROD-3898,Cotton T-Shirt,Apparel,10,34.33,343.3,0.0,168.82,2,0.28,Returning,New York,Cloudy
2024-05-06,TRX-12941,PROD-4282,Leather Wallet,Accessories,9,117.92,1061.28,0.0,408.9,10,0.14,Returning,Online,Snowy
2024-05-06,TRX-12942,PROD-9497,Ceramic Mug,Home Goods,7,72.68,483.32,0.05,436.83,14,0.11,New,New York,Snowy
2024-05-06,TRX-12943,PROD-4260,Canvas Tote,Accessories,9,36.2,260.64,0.2,119.59,4,0.24,VIP,Los Angeles,Sunny
2024-05-06,TRX-12944,PROD-0847,Winter Jacket,Apparel,3,77.59,221.13,0.05,300.02,6,0.23,New,Online,Cloudy
2024-05-06,TRX-12945,PROD-0847,Winter Jacket,Apparel,5,45.81,194.69,0.15,400.66,12,0.18,Returning,Los Angeles,Sunny
2024-05-07,TRX-12946,PROD-6494,Sunglasses,Accessories,5,101.98,458.91,0.1,208.54,5,0.03,New,Chicago,Cloudy
2024-05-07,TRX-12947,PROD-5616,Denim Jeans,Apparel,10,89.22,802.98,0.1,91.21,10,0.2,Returning,Chicago,Sunny
2024-05-07,TRX-12948,PROD-5616,Denim Jeans,Apparel,7,35.76,212.77,0.15,155.77,10,0.2,Returning,New York,Cloudy
2024-05-07,TRX-12949,PROD-5616,Denim Jeans,Apparel,2,53.49,106.98,0.0,360.18,13,0.1,Returning,Chicago,Cloudy
2024-05-07,TRX-12950,PROD-9497,Ceramic Mug,Home Goods,23,23.63,434.79,0.2,138.8,3,0.06,Returning,Los Angeles,Snowy
2024-05-07,TRX-12951,PROD-5960,Throw Pillow,Home Goods,8,81.85,622.06,0.05,283.85,9,0.15,VIP,Los Angeles,Cloudy
2024-05-08,TRX-12952,PROD-4282,Leather Wallet,Accessories,2,45.54,86.53,0.05,165.58,11,0.02,Returning,Los Angeles,Sunny
2024-05-08,TRX-12953,PROD-9497,Ceramic Mug,Home Goods,3,73.24,219.72,0.0,140.22,11,0.0,Returning,Online,Sunny
2024-05-08,TRX-12954,PROD-9497,Ceramic Mug,Home Goods,12,17.82,192.46,0.1,97.82,6,0.16,New,Chicago,Cloudy
2024-05-08,TRX-12955,PROD-0847,Winter Jacket,Apparel,8,45.79,329.69,0.1,120.33,3,0.08,VIP,New York,Sunny
2024-05-08,TRX-12956,PROD-4539,Portable Charger,Electronics,7,83.99,470.34,0.2,418.67,6,0.25,VIP,New York,Cloudy
2024-05-08,TRX-12957,PROD-9357,Wireless Earbuds,Electronics,9,146.91,1123.86,0.15,464.96,8,0.14,VIP,Online,Snowy
2024-05-09,TRX-12958,PROD-5616,Denim Jeans,Apparel,10,83.3,708.05,0.15,227.48,2,0.24,New,Online,Rainy
2024-05-09,TRX-12959,PROD-6494,Sunglasses,Accessories,6,42.25,228.15,0.1,409.3,11,0.17,New,Chicago,Cloudy
2024-05-09,TRX-12960,PROD-4282,Leather Wallet,Accessories,6,110.01,660.06,0.0,461.75,9,0.19,New,Online,Snowy
2024-05-09,TRX-12961,PROD-8390,Smart Watch,Electronics,24,29.6,710.4,0.0,425.09,9,0.2,New,Los Angeles,Snowy
2024-05-09,TRX-12962,PROD-4539,Portable Charger,Electronics,9,69.93,566.43,0.1,359.54,12,0.21,Returning,New York,Sunny
2024-05-09,TRX-12963,PROD-5960,Throw Pillow,Home Goods,6,90.88,490.75,0.1,220.33,9,0.26,VIP,Chicago,Rainy
2024-05-10,TRX-12964,PROD-5616,Denim Jeans,Apparel,1,55.95,55.95,0.0,222.21,4,0.15,Returning,Online,Cloudy
2024-05-10,TRX-12965,PROD-6494,Sunglasses,Accessories,7,114.69,762.69,0.05,328.56,11,0.19,Returning,New York,Cloudy
2024-05-10,TRX-12966,PROD-5960,Throw Pillow,Home Goods,8,117.74,941.92,0.0,438.59,12,0.01,VIP,Los Angeles,Cloudy
2024-05-10,TRX-12967,PROD-9357,Wireless Earbuds,Electronics,10,47.53,404.0,0.15,52.5,13,0.08,VIP,Online,Cloudy
2024-05-10,TRX-12968,PROD-0847,Winter Jacket,Apparel,1,95.89,95.89,0.0,248.42,7,0.08,New,Online,Sunny
2024-05-10,TRX-12969,PROD-9497,Ceramic Mug,Home Goods,9,81.6,734.4,0.0,466.21,11,0.06,VIP,New York,Rainy
2024-05-11,TRX-12970,PROD-4260,Canvas Tote,Accessories,9,72.58,653.22,0.0,363.48,6,0.24,New,Online,Rainy
2024-05-11,TRX-12971,PROD-4282,Leather Wallet,Accessories,13,23.84,309.92,0.0,208.29,13,0.26,New,Los Angeles,Cloudy
2024-05-11,TRX-12972,PROD-9357,Wireless Earbuds,Electronics,3,30.7,87.49,0.05,212.43,5,0.26,Returning,Online,Rainy
2024-05-11,TRX-12973,PROD-5616,Denim Jeans,Apparel,7,138.9,972.3,0.0,361.25,14,0.29,Returning,Online,Sunny
2024-05-11,TRX-12974,PROD-3898,Cotton T-Shirt,Apparel,8,141.58,1132.64,0.0,420.01,11,0.19,Returning,New York,Cloudy
2024-05-11,TRX-12975,PROD-3898,Cotton T-Shirt,Apparel,5,116.38,465.52,0.2,417.07,2,0.26,New,Los Angeles,Snowy
2024-05-12,TRX-12976,PROD-4282,Leather Wallet,Accessories,10,80.73,807.3,0.0,101.74,6,0.29,Returning,Online,Snowy
2024-05-12,TRX-12977,PROD-4282,Leather Wallet,Accessories,1,93.41,88.74,0.05,89.24,6,0.06,Returning,Online,Cloudy
2024-05-12,TRX-12978,PROD-5960,Throw Pillow,Home Goods,4,143.58,459.46,0.2,203.63,14,0.27,VIP,Los Angeles,Snowy
2024-05-12,TRX-12979,PROD-8390,Smart Watch,Electronics,7,106.59,596.9,0.2,287.54,7,0.13,Returning,New York,Snowy
2024-05-12,TRX-12980,PROD-4539,Portable Charger,Electronics,2,134.39,268.78,0.0,319.87,5,0.26,Returning,New York,Rainy
2024-05-12,TRX-12981,PROD-8390,Smart Watch,Electronics,6,40.02,216.11,0.1,340.07,10,0.29,VIP,New York,Rainy
2024-05-13,TRX-12982,PROD-5616,Denim Jeans,Apparel,1,70.52,70.52,0.0,462.5,10,0.23,New,Online,Sunny
2024-05-13,TRX-12983,PROD-4539,Portable Charger,Electronics,6,121.0,726.0,0.0,448.9,8,0.08,Returning,New York,Snowy
2024-05-13,TRX-12984,PROD-0847,Winter Jacket,Apparel,9,102.65,785.27,0.15,171.01,5,0.24,New,Chicago,Cloudy
2024-05-13,TRX-12985,PROD-4282,Leather Wallet,Accessories,5,78.81,334.94,0.15,355.28,6,0.26,VIP,Los Angeles,Snowy
2024-05-13,TRX-12986,PROD-0847,Winter Jacket,Apparel,8,20.56,131.58,0.2,253.26,10,0.07,VIP,Online,Cloudy
2024-05-13,TRX-12987,PROD-0847,Winter Jacket,Apparel,9,140.95,1268.55,0.0,385.75,10,0.25,Returning,Chicago,Sunny
2024-05-14,TRX-12988,PROD-5960,Throw Pillow,Home Goods,3,85.35,217.64,0.15,65.15,12,0.27,Returning,New York,Cloudy
2024-05-14,TRX-12989,PROD-5616,Denim Jeans,Apparel,2,104.15,177.06,0.15,212.72,5,0.25,VIP,New York,Rainy
2024-05-14,TRX-12990,PROD-6494,Sunglasses,Accessories,10,37.47,299.76,0.2,451.19,5,0.11,Returning,Chicago,Cloudy
2024-05-14,TRX-12991,PROD-8390,Smart Watch,Electronics,23,19.33,444.59,0.0,411.46,6,0.24,New,Los Angeles,Snowy
2024-05-14,TRX-12992,PROD-3898,Cotton T-Shirt,Apparel,25,17.17,386.33,0.1,210.78,3,0.17,Returning,New York,Sunny
2024-05-14,TRX-12993,PROD-9497,Ceramic Mug,Home Goods,9,43.45,391.05,0.0,364.9,14,0.3,Returning,Los Angeles,Sunny
2024-05-15,TRX-12994,PROD-5960,Throw Pillow,Home Goods,1,140.55,126.5,0.1,156.88,2,0.27,Returning,Chicago,Cloudy
2024-05-15,TRX-12995,PROD-4282,Leather Wallet,Accessories,8,134.65,969.48,0.1,251.18,5,0.18,VIP,Los Angeles,Cloudy
2024-05-15,TRX-12996,PROD-5960,Throw Pillow,Home Goods,2,101.16,202.32,0.0,436.11,10,0.05,New,Los Angeles,Rainy
2024-05-15,TRX-12997,PROD-6494,Sunglasses,Accessories,2,132.27,238.09,0.1,204.48,7,0.11,Returning,Online,Sunny
2024-05-15,TRX-12998,PROD-9710,Scented Candle,Home Goods,9,90.02,810.18,0.0,308.83,13,0.22,VIP,Chicago,Cloudy
2024-05-15,TRX-12999,PROD-5960,Throw Pillow,Home Goods,6,80.89,485.34,0.0,421.05,14,0.09,VIP,Chicago,Sunny
2024-05-16,TRX-13000,PROD-5960,Throw Pillow,Home Goods,25,19.39,484.75,0.0,179.65,13,0.09,New,Chicago,Sunny
2024-05-16,TRX-13001,PROD-6494,Sunglasses,Accessories,6,92.76,500.9,0.1,364.0,14,0.28,Returning,Chicago,Sunny
2024-05-16,TRX-13002,PROD-4539,Portable Charger,Electronics,3,108.57,309.42,0.05,247.39,7,0.09,Returning,Online,Snowy
2024-05-16,TRX-13003,PROD-9710,Scented Candle,Home Goods,5,86.62,368.13,0.15,102.86,5,0.15,New,Chicago,Rainy
2024-05-16,TRX-13004,PROD-4260,Canvas Tote,Accessories,8,71.2,569.6,0.0,369.81,7,0.27,VIP,Chicago,Cloudy
2024-05-16,TRX-13005,PROD-6494,Sunglasses,Accessories,2,147.49,280.23,0.05,241.87,5,0.2,Returning,Online,Snowy
2024-05-17,TRX-13006,PROD-8390,Smart Watch,Electronics,6,60.56,363.36,0.0,468.56,14,0.14,Returning,Chicago,Sunny
2024-05-17,TRX-13007,PROD-6494,Sunglasses,Accessories,9,29.54,252.57,0.05,116.39,9,0.12,New,New York,Cloudy
2024-05-17,TRX-13008,PROD-9497,Ceramic Mug,Home Goods,2,102.14,194.07,0.05,457.88,12,0.25,New,Chicago,Cloudy
2024-05-17,TRX-13009,PROD-9710,Scented Candle,Home Goods,6,95.24,571.44,0.0,330.12,7,0.27,Returning,Online,Rainy
2024-05-17,TRX-13010,PROD-9357,Wireless Earbuds,Electronics,4,162.53,650.12,0.0,217.86,12,0.15,Returning,Online,Sunny
2024-05-17,TRX-13011,PROD-9497,Ceramic Mug,Home Goods,10,59.09,590.9,0.0,63.49,8,0.23,New,Chicago,Rainy
2024-05-18,TRX-13012,PROD-9357,Wireless Earbuds,Electronics,20,29.2,525.6,0.1,194.48,4,0.03,VIP,Online,Rainy
2024-05-18,TRX-13013,PROD-5616,Denim Jeans,Apparel,10,97.03,824.75,0.15,484.49,3,0.2,Returning,New York,Cloudy
2024-05-18,TRX-13014,PROD-8390,Smart Watch,Electronics,22,19.01,418.22,0.0,318.75,3,0.03,New,Los Angeles,Sunny
2024-05-18,TRX-13015,PROD-5616,Denim Jeans,Apparel,4,48.48,164.83,0.15,355.04,5,0.21,VIP,Online,Rainy
2024-05-18,TRX-13016,PROD-4260,Canvas Tote,Accessories,12,22.45,242.46,0.1,302.23,9,0.16,VIP,New York,Rainy
2024-05-18,TRX-13017,PROD-9710,Scented Candle,Home Goods,2,142.16,227.46,0.2,390.16,14,0.14,Returning,Los Angeles,Cloudy
2024-05-19,TRX-13018,PROD-0847,Winter Jacket,Apparel,21,15.21,271.5,0.15,91.72,6,0.06,Returning,Online,Cloudy
2024-05-19,TRX-13019,PROD-6494,Sunglasses,Accessories,5,37.32,186.6,0.0,431.7,6,0.14,VIP,Los Angeles,Rainy
2024-05-19,TRX-13020,PROD-4260,Canvas Tote,Accessories,8,123.41,888.55,0.1,403.2,7,0.16,VIP,Online,Snowy
2024-05-19,TRX-13021,PROD-9710,Scented Candle,Home Goods,7,90.82,572.17,0.1,250.64,3,0.09,Returning,Online,Rainy
2024-05-19,TRX-13022,PROD-9497,Ceramic Mug,Home Goods,18,26.45,452.29,0.05,189.93,4,0.06,Returning,New York,Rainy
2024-05-19,TRX-13023,PROD-4260,Canvas Tote,Accessories,10,125.62,1004.96,0.2,218.76,14,0.29,Returning,Online,Snowy
2024-05-20,TRX-13024,PROD-8390,Smart Watch,Electronics,3,105.06,283.66,0.1,401.68,4,0.07,VIP,Los Angeles,Cloudy
2024-05-20,TRX-13025,PROD-4260,Canvas Tote,Accessories,1,76.13,76.13,0.0,260.47,5,0.15,VIP,Chicago,Sunny
2024-05-20,TRX-13026,PROD-4260,Canvas Tote,Accessories,7,104.57,695.39,0.05,463.96,13,0.26,VIP,Chicago,Snowy
2024-05-20,TRX-13027,PROD-3898,Cotton T-Shirt,Apparel,6,148.37,801.2,0.1,223.27,14,0.27,Returning,Online,Snowy
2024-05-20,TRX-13028,PROD-9710,Scented Candle,Home Goods,1,83.85,83.85,0.0,449.01,7,0.02,VIP,Los Angeles,Snowy
2024-05-20,TRX-13029,PROD-4260,Canvas Tote,Accessories,10,74.3,743.0,0.0,146.68,8,0.27,New,Online,Sunny
2024-05-21,TRX-13030,PROD-9710,Scented Candle,Home Goods,6,32.22,193.32,0.0,447.26,14,0.08,New,New York,Cloudy
2024-05-21,TRX-13031,PROD-3898,Cotton T-Shirt,Apparel,8,147.69,1181.52,0.0,255.16,3,0.26,New,New York,Rainy
2024-05-21,TRX-13032,PROD-9497,Ceramic Mug,Home Goods,9,92.09,828.81,0.0,351.8,12,0.01,Returning,Online,Cloudy
2024-05-21,TRX-13033,PROD-8390,Smart Watch,Electronics,9,48.64,437.76,0.0,72.35,3,0.19,New,Los Angeles,Rainy
2024-05-21,TRX-13034,PROD-6494,Sunglasses,Accessories,3,77.43,185.83,0.2,270.49,11,0.21,New,Chicago,Rainy
2024-05-21,TRX-13035,PROD-3898,Cotton T-Shirt,Apparel,1,80.11,68.09,0.15,410.18,11,0.29,VIP,Online,Sunny
2024-05-22,TRX-13036,PROD-9357,Wireless Earbuds,Electronics,9,36.13,325.17,0.0,207.31,12,0.23,Returning,Online,Cloudy
2024-05-22,TRX-13037,PROD-9357,Wireless Earbuds,Electronics,3,128.68,386.04,0.0,327.39,8,0.03,New,Chicago,Rainy
2024-05-22,TRX-13038,PROD-5960,Throw Pillow,Home Goods,1,114.46,97.29,0.15,267.79,13,0.27,VIP,Chicago,Sunny
2024-05-22,TRX-13039,PROD-3898,Cotton T-Shirt,Apparel,3,65.67,197.01,0.0,98.93,10,0.18,Returning,Chicago,Rainy
2024-05-22,TRX-13040,PROD-4282,Leather Wallet,Accessories,3,52.58,157.74,0.0,177.54,3,0.18,Returning,Chicago,Rainy
2024-05-22,TRX-13041,PROD-8390,Smart Watch,Electronics,7,69.6,389.76,0.2,69.46,5,0.06,New,Online,Cloudy
2024-05-23,TRX-13042,PROD-5960,Throw Pillow,Home Goods,13,18.94,233.91,0.05,196.64,7,0.04,Returning,Los Angeles,Sunny
2024-05-23,TRX-13043,PROD-5616,Denim Jeans,Apparel,1,99.38,99.38,0.0,254.61,7,0.03,New,Chicago,Snowy
2024-05-23,TRX-13044,PROD-4282,Leather Wallet,Accessories,8,65.33,522.64,0.0,397.67,4,0.02,VIP,New York,Snowy
2024-05-23,TRX-13045,PROD-4260,Canvas Tote,Accessories,4,101.79,407.16,0.0,409.75,5,0.17,New,Los Angeles,Sunny
2024-05-23,TRX-13046,PROD-9710,Scented Candle,Home Goods,6,90.56,543.36,0.0,441.89,8,0.1,New,Online,Cloudy
2024-05-23,TRX-13047,PROD-3898,Cotton T-Shirt,Apparel,4,136.6,546.4,0.0,116.56,4,0.12,Returning,Online,Cloudy
2024-05-24,TRX-13048,PROD-5960,Throw Pillow,Home Goods,6,27.06,162.36,0.0,80.97,14,0.2,New,Chicago,Cloudy
2024-05-24,TRX-13049,PROD-9357,Wireless Earbuds,Electronics,11,28.91,318.01,0.0,226.11,7,0.22,New,Online,Rainy
2024-05-24,TRX-13050,PROD-3898,Cotton T-Shirt,Apparel,6,60.03,306.15,0.15,186.19,9,0.21,New,New York,Cloudy
2024-05-24,TRX-13051,PROD-9357,Wireless Earbuds,Electronics,8,113.46,862.3,0.05,64.85,12,0.04,Returning,New York,Cloudy
2024-05-24,TRX-13052,PROD-4282,Leather Wallet,Accessories,24,28.13,675.12,0.0,298.31,12,0.25,New,Los Angeles,Snowy
2024-05-24,TRX-13053,PROD-9357,Wireless Earbuds,Electronics,6,108.71,619.65,0.05,288.13,9,0.11,Returning,Chicago,Sunny
2024-05-25,TRX-13054,PROD-5960,Throw Pillow,Home Goods,4,30.25,102.85,0.15,398.4,5,0.01,VIP,New York,Sunny
2024-05-25,TRX-13055,PROD-5960,Throw Pillow,Home Goods,2,68.18,109.09,0.2,220.29,14,0.16,New,New York,Snowy
2024-05-25,TRX-13056,PROD-5616,Denim Jeans,Apparel,9,53.81,435.86,0.1,371.02,6,0.22,New,Online,Cloudy
2024-05-25,TRX-13057,PROD-9710,Scented Candle,Home Goods,6,138.93,750.22,0.1,141.18,7,0.14,VIP,Online,Snowy
2024-05-25,TRX-13058,PROD-9497,Ceramic Mug,Home Goods,1,90.83,86.29,0.05,292.09,12,0.1,New,Los Angeles,Snowy
2024-05-25,TRX-13059,PROD-4539,Portable Charger,Electronics,1,97.23,77.78,0.2,107.9,12,0.2,VIP,New York,Sunny
2024-05-26,TRX-13060,PROD-4260,Canvas Tote,Accessories,2,118.6,237.2,0.0,495.44,14,0.07,New,New York,Cloudy
2024-05-26,TRX-13061,PROD-4539,Portable Charger,Electronics,6,23.92,114.82,0.2,138.34,4,0.15,Returning,Los Angeles,Sunny
2024-05-26,TRX-13062,PROD-5960,Throw Pillow,Home Goods,8,105.54,675.46,0.2,270.93,9,0.24,New,Chicago,Snowy
2024-05-26,TRX-13063,PROD-0847,Winter Jacket,Apparel,2,62.1,124.2,0.0,303.43,8,0.19,VIP,Online,Cloudy
2024-05-26,TRX-13064,PROD-4282,Leather Wallet,Accessories,6,143.7,775.98,0.1,212.91,13,0.24,VIP,New York,Rainy
2024-05-26,TRX-13065,PROD-3898,Cotton T-Shirt,Apparel,2,66.77,133.54,0.0,215.78,5,0.26,VIP,Online,Cloudy
2024-05-27,TRX-13066,PROD-5616,Denim Jeans,Apparel,8,21.04,159.9,0.05,260.14,6,0.26,VIP,Online,Snowy
2024-05-27,TRX-13067,PROD-5616,Denim Jeans,Apparel,2,88.98,169.06,0.05,377.12,6,0.15,Returning,Online,Snowy
2024-05-27,TRX-13068,PROD-5616,Denim Jeans,Apparel,10,134.55,1143.67,0.15,355.14,7,0.2,Returning,Los Angeles,Rainy
2024-05-27,TRX-13069,PROD-9710,Scented Candle,Home Goods,2,98.34,196.68,0.0,207.8,14,0.01,New,Los Angeles,Sunny
2024-05-27,TRX-13070,PROD-6494,Sunglasses,Accessories,3,73.61,209.79,0.05,414.44,3,0.17,VIP,Online,Rainy
2024-05-27,TRX-13071,PROD-5616,Denim Jeans,Apparel,2,42.89,85.78,0.0,394.09,9,0.17,New,Chicago,Snowy
2024-05-28,TRX-13072,PROD-0847,Winter Jacket,Apparel,8,128.2,1025.6,0.0,154.46,7,0.25,New,Online,Rainy
2024-05-28,TRX-13073,PROD-8390,Smart Watch,Electronics,9,91.48,782.15,0.05,164.11,10,0.04,New,Los Angeles,Snowy
2024-05-28,TRX-13074,PROD-5616,Denim Jeans,Apparel,4,106.97,385.09,0.1,488.1,14,0.04,VIP,Los Angeles,Sunny
2024-05-28,TRX-13075,PROD-4260,Canvas Tote,Accessories,1,76.06,60.85,0.2,159.93,12,0.08,VIP,Online,Cloudy
2024-05-28,TRX-13076,PROD-9357,Wireless Earbuds,Electronics,8,58.76,399.57,0.15,267.13,11,0.02,Returning,Los Angeles,Sunny
2024-05-28,TRX-13077,PROD-0847,Winter Jacket,Apparel,6,53.46,320.76,0.0,207.38,10,0.28,New,New York,Cloudy
2024-05-29,TRX-13078,PROD-6494,Sunglasses,Accessories,19,19.61,372.59,0.0,72.57,6,0.15,VIP,Los Angeles,Snowy
2024-05-29,TRX-13079,PROD-9710,Scented Candle,Home Goods,3,111.92,302.18,0.1,165.46,5,0.17,Returning,Online,Snowy
2024-05-29,TRX-13080,PROD-4539,Portable Charger,Electronics,7,84.44,531.97,0.1,391.56,5,0.23,VIP,Chicago,Cloudy
2024-05-29,TRX-13081,PROD-8390,Smart Watch,Electronics,5,110.61,553.05,0.0,436.15,14,0.22,Returning,Chicago,Rainy
2024-05-29,TRX-13082,PROD-9710,Scented Candle,Home Goods,1,119.61,119.61,0.0,432.86,14,0.02,VIP,Online,Sunny
2024-05-29,TRX-13083,PROD-3898,Cotton T-Shirt,Apparel,10,126.52,1265.2,0.0,216.37,7,0.06,Returning,New York,Sunny
2024-05-30,TRX-13084,PROD-9357,Wireless Earbuds,Electronics,4,101.41,405.64,0.0,256.13,8,0.02,New,Online,Cloudy
2024-05-30,TRX-13085,PROD-5616,Denim Jeans,Apparel,6,42.97,257.82,0.0,177.72,4,0.0,New,New York,Rainy
2024-05-30,TRX-13086,PROD-5960,Throw Pillow,Home Goods,3,47.76,143.28,0.0,348.63,11,0.09,Returning,New York,Snowy
2024-05-30,TRX-13087,PROD-0847,Winter Jacket,Apparel,7,52.38,366.66,0.0,463.25,14,0.19,Returning,Chicago,Snowy
2024-05-30,TRX-13088,PROD-4539,Portable Charger,Electronics,4,102.64,369.5,0.1,286.47,3,0.02,VIP,Chicago,Sunny
2024-05-30,TRX-13089,PROD-4282,Leather Wallet,Accessories,2,55.38,94.15,0.15,129.79,4,0.05,VIP,New York,Snowy
2024-05-31,TRX-13090,PROD-9710,Scented Candle,Home Goods,24,24.17,580.08,0.0,246.26,12,0.25,VIP,Chicago,Cloudy
2024-05-31,TRX-13091,PROD-8390,Smart Watch,Electronics,7,41.78,292.46,0.0,378.87,2,0.04,Returning,New York,Cloudy
2024-05-31,TRX-13092,PROD-4260,Canvas Tote,Accessories,2,113.23,215.14,0.05,341.06,3,0.2,VIP,Online,Rainy
2024-05-31,TRX-13093,PROD-4539,Portable Charger,Electronics,5,62.27,280.22,0.1,130.23,3,0.24,New,New York,Cloudy
2024-05-31,TRX-13094,PROD-0847,Winter Jacket,Apparel,9,95.71,861.39,0.0,180.59,6,0.0,New,Los Angeles,Cloudy
2024-05-31,TRX-13095,PROD-4260,Canvas Tote,Accessories,5,94.95,379.8,0.2,125.78,7,0.05,New,Los Angeles,Sunny
2024-06-01,TRX-13096,PROD-9357,Wireless Earbuds,Electronics,1,50.67,45.6,0.1,455.98,12,0.09,Returning,Online,Snowy
2024-06-01,TRX-13097,PROD-6494,Sunglasses,Accessories,9,100.14,901.26,0.0,258.51,14,0.18,New,Online,Snowy
2024-06-01,TRX-13098,PROD-5960,Throw Pillow,Home Goods,5,155.33,776.65,0.0,362.23,11,0.04,Returning,Los Angeles,Rainy
2024-06-01,TRX-13099,PROD-4539,Portable Charger,Electronics,2,111.49,222.98,0.0,77.74,7,0.26,New,New York,Cloudy
2024-06-01,TRX-13100,PROD-4260,Canvas Tote,Accessories,4,127.8,511.2,0.0,132.36,6,0.28,New,Los Angeles,Rainy
2024-06-01,TRX-13101,PROD-9710,Scented Candle,Home Goods,2,37.69,64.07,0.15,159.21,14,0.05,New,Chicago,Rainy
2024-06-02,TRX-13102,PROD-9497,Ceramic Mug,Home Goods,1,46.91,37.53,0.2,251.68,8,0.01,New,Los Angeles,Snowy
2024-06-02,TRX-13103,PROD-4260,Canvas Tote,Accessories,1,67.93,61.14,0.1,365.36,9,0.15,New,New York,Sunny
2024-06-02,TRX-13104,PROD-4260,Canvas Tote,Accessories,1,64.19,64.19,0.0,158.5,5,0.21,Returning,New York,Sunny
2024-06-02,TRX-13105,PROD-4282,Leather Wallet,Accessories,3,52.89,158.67,0.0,174.43,8,0.1,New,Online,Rainy
2024-06-02,TRX-13106,PROD-5616,Denim Jeans,Apparel,4,147.78,532.01,0.1,297.91,13,0.06,VIP,New York,Rainy
2024-06-02,TRX-13107,PROD-5616,Denim Jeans,Apparel,3,112.13,269.11,0.2,425.39,10,0.2,VIP,New York,Snowy
2024-06-03,TRX-13108,PROD-9357,Wireless Earbuds,Electronics,6,42.35,241.4,0.05,397.97,5,0.02,VIP,Chicago,Rainy
2024-06-03,TRX-13109,PROD-8390,Smart Watch,Electronics,10,117.04,1170.4,0.0,353.51,12,0.06,New,Chicago,Snowy
2024-06-03,TRX-13110,PROD-9357,Wireless Earbuds,Electronics,25,15.83,395.75,0.0,273.03,7,0.0,VIP,Chicago,Cloudy
2024-06-03,TRX-13111,PROD-4282,Leather Wallet,Accessories,9,119.54,1022.07,0.05,366.96,8,0.04,New,Los Angeles,Sunny
2024-06-03,TRX-13112,PROD-5960,Throw Pillow,Home Goods,5,64.79,291.56,0.1,175.76,7,0.08,New,Los Angeles,Cloudy
2024-06-03,TRX-13113,PROD-9710,Scented Candle,Home Goods,4,30.43,103.46,0.15,65.56,7,0.18,Returning,Chicago,Sunny
2024-06-04,TRX-13114,PROD-4282,Leather Wallet,Accessories,2,101.0,202.0,0.0,318.49,9,0.09,New,Los Angeles,Snowy
2024-06-04,TRX-13115,PROD-5616,Denim Jeans,Apparel,1,122.59,98.07,0.2,200.83,2,0.08,Returning,Los Angeles,Snowy
2024-06-04,TRX-13116,PROD-3898,Cotton T-Shirt,Apparel,8,43.59,278.98,0.2,276.05,14,0.14,New,Los Angeles,Rainy
2024-06-04,TRX-13117,PROD-0847,Winter Jacket,Apparel,9,116.64,1049.76,0.0,248.61,14,0.26,VIP,Los Angeles,Cloudy
2024-06-04,TRX-13118,PROD-5960,Throw Pillow,Home Goods,6,77.54,465.24,0.0,479.4,3,0.02,New,Online,Cloudy
2024-06-04,TRX-13119,PROD-4282,Leather Wallet,Accessories,4,117.21,468.84,0.0,89.46,11,0.25,New,Los Angeles,Sunny
2024-06-05,TRX-13120,PROD-4539,Portable Charger,Electronics,4,77.41,309.64,0.0,417.39,13,0.23,VIP,Chicago,Sunny
2024-06-05,TRX-13121,PROD-8390,Smart Watch,Electronics,9,125.71,905.11,0.2,58.42,13,0.13,VIP,Chicago,Sunny
2024-06-05,TRX-13122,PROD-8390,Smart Watch,Electronics,5,32.42,162.1,0.0,367.89,2,0.16,Returning,New York,Rainy
2024-06-05,TRX-13123,PROD-9710,Scented Candle,Home Goods,20,24.09,433.62,0.1,250.53,14,0.19,New,New York,Cloudy
2024-06-05,TRX-13124,PROD-4282,Leather Wallet,Accessories,1,40.08,40.08,0.0,134.47,6,0.2,Returning,Los Angeles,Rainy
2024-06-05,TRX-13125,PROD-9710,Scented Candle,Home Goods,16,29.54,472.64,0.0,441.85,14,0.01,Returning,New York,Sunny
2024-06-06,TRX-13126,PROD-4539,Portable Charger,Electronics,4,51.18,204.72,0.0,214.87,13,0.14,Returning,Los Angeles,Sunny
2024-06-06,TRX-13127,PROD-4282,Leather Wallet,Accessories,4,99.43,357.95,0.1,482.04,8,0.23,VIP,Online,Rainy
2024-06-06,TRX-13128,PROD-9357,Wireless Earbuds,Electronics,9,69.71,501.91,0.2,393.92,14,0.17,VIP,Online,Snowy
2024-06-06,TRX-13129,PROD-6494,Sunglasses,Accessories,6,78.29,375.79,0.2,78.61,10,0.14,VIP,New York,Rainy
2024-06-06,TRX-13130,PROD-0847,Winter Jacket,Apparel,10,88.08,880.8,0.0,326.63,12,0.19,New,New York,Cloudy
2024-06-06,TRX-13131,PROD-4282,Leather Wallet,Accessories,23,19.68,452.64,0.0,193.59,13,0.15,VIP,New York,Snowy
2024-06-07,TRX-13132,PROD-5616,Denim Jeans,Apparel,1,30.66,29.13,0.05,482.83,11,0.2,Returning,New York,Rainy
2024-06-07,TRX-13133,PROD-9357,Wireless Earbuds,Electronics,9,141.44,1272.96,0.0,328.92,11,0.03,VIP,Chicago,Rainy
2024-06-07,TRX-13134,PROD-4260,Canvas Tote,Accessories,5,32.99,131.96,0.2,187.55,5,0.23,VIP,Los Angeles,Snowy
2024-06-07,TRX-13135,PROD-4539,Portable Charger,Electronics,7,86.55,605.85,0.0,282.45,8,0.27,New,Los Angeles,Sunny
2024-06-07,TRX-13136,PROD-4260,Canvas Tote,Accessories,19,24.36,416.56,0.1,345.53,4,0.02,Returning,Chicago,Cloudy
2024-06-07,TRX-13137,PROD-9497,Ceramic Mug,Home Goods,1,101.02,95.97,0.05,391.48,10,0.21,VIP,Online,Snowy
2024-06-08,TRX-13138,PROD-4260,Canvas Tote,Accessories,9,156.55,1127.16,0.2,314.52,4,0.19,VIP,Los Angeles,Sunny
2024-06-08,TRX-13139,PROD-4539,Portable Charger,Electronics,5,21.36,106.8,0.0,59.75,14,0.19,Returning,New York,Sunny
2024-06-08,TRX-13140,PROD-5616,Denim Jeans,Apparel,6,71.95,366.95,0.15,271.3,13,0.0,Returning,New York,Sunny
2024-06-08,TRX-13141,PROD-5960,Throw Pillow,Home Goods,9,72.48,619.7,0.05,165.7,6,0.04,Returning,Los Angeles,Cloudy
2024-06-08,TRX-13142,PROD-9710,Scented Candle,Home Goods,22,21.89,457.5,0.05,261.51,3,0.24,New,Online,Snowy
2024-06-08,TRX-13143,PROD-8390,Smart Watch,Electronics,1,46.04,39.13,0.15,178.37,6,0.07,New,Online,Rainy
2024-06-09,TRX-13144,PROD-5616,Denim Jeans,Apparel,9,132.51,1073.33,0.1,496.34,9,0.2,Returning,New York,Rainy
2024-06-09,TRX-13145,PROD-9357,Wireless Earbuds,Electronics,2,116.06,185.7,0.2,258.82,11,0.18,VIP,Los Angeles,Cloudy
2024-06-09,TRX-13146,PROD-4260,Canvas Tote,Accessories,5,36.47,145.88,0.2,287.33,3,0.28,VIP,Los Angeles,Sunny
2024-06-09,TRX-13147,PROD-4539,Portable Charger,Electronics,4,79.44,317.76,0.0,161.36,6,0.28,VIP,Online,Cloudy
2024-06-09,TRX-13148,PROD-4539,Portable Charger,Electronics,6,113.16,611.06,0.1,86.3,9,0.02,New,Chicago,Rainy
2024-06-09,TRX-13149,PROD-6494,Sunglasses,Accessories,6,44.56,253.99,0.05,412.73,9,0.09,VIP,Chicago,Rainy
2024-06-10,TRX-13150,PROD-4282,Leather Wallet,Accessories,3,61.87,185.61,0.0,105.56,7,0.08,VIP,New York,Sunny
2024-06-10,TRX-13151,PROD-4539,Portable Charger,Electronics,8,32.75,262.0,0.0,161.53,8,0.19,New,New York,Sunny
2024-06-10,TRX-13152,PROD-9497,Ceramic Mug,Home Goods,5,42.54,212.7,0.0,123.78,8,0.24,Returning,Los Angeles,Cloudy
2024-06-10,TRX-13153,PROD-0847,Winter Jacket,Apparel,7,47.14,329.98,0.0,105.66,8,0.03,VIP,Chicago,Cloudy
2024-06-10,TRX-13154,PROD-5960,Throw Pillow,Home Goods,2,36.12,65.02,0.1,173.85,7,0.09,Returning,Chicago,Rainy
2024-06-10,TRX-13155,PROD-4260,Canvas Tote,Accessories,6,33.09,198.54,0.0,290.24,6,0.26,VIP,Chicago,Sunny
2024-06-11,TRX-13156,PROD-3898,Cotton T-Shirt,Apparel,6,32.02,172.91,0.1,153.5,7,0.15,VIP,Los Angeles,Cloudy
2024-06-11,TRX-13157,PROD-0847,Winter Jacket,Apparel,8,82.13,657.04,0.0,70.51,9,0.21,VIP,New York,Snowy
2024-06-11,TRX-13158,PROD-5616,Denim Jeans,Apparel,5,52.9,264.5,0.0,211.16,6,0.21,Returning,Online,Snowy
2024-06-11,TRX-13159,PROD-6494,Sunglasses,Accessories,10,57.9,550.05,0.05,169.04,11,0.07,Returning,Online,Cloudy
2024-06-11,TRX-13160,PROD-8390,Smart Watch,Electronics,9,72.02,518.54,0.2,279.97,4,0.12,VIP,Online,Rainy
2024-06-11,TRX-13161,PROD-6494,Sunglasses,Accessories,8,131.33,998.11,0.05,317.16,14,0.27,VIP,Chicago,Cloudy
2024-06-12,TRX-13162,PROD-4282,Leather Wallet,Accessories,1,86.93,69.54,0.2,164.37,9,0.05,Returning,Chicago,Cloudy
2024-06-12,TRX-13163,PROD-0847,Winter Jacket,Apparel,7,67.73,474.11,0.0,308.08,11,0.26,New,Los Angeles,Cloudy
2024-06-12,TRX-13164,PROD-4282,Leather Wallet,Accessories,3,69.14,207.42,0.0,350.79,14,0.03,Returning,Chicago,Rainy
2024-06-12,TRX-13165,PROD-4539,Portable Charger,Electronics,3,62.18,186.54,0.0,76.42,5,0.22,VIP,Chicago,Rainy
2024-06-12,TRX-13166,PROD-9710,Scented Candle,Home Goods,10,140.47,1404.7,0.0,119.88,5,0.13,Returning,Chicago,Snowy
2024-06-12,TRX-13167,PROD-9710,Scented Candle,Home Goods,6,134.65,686.72,0.15,330.43,9,0.22,New,Los Angeles,Snowy
2024-06-13,TRX-13168,PROD-0847,Winter Jacket,Apparel,5,30.99,131.71,0.15,377.55,12,0.24,Returning,New York,Rainy
2024-06-13,TRX-13169,PROD-3898,Cotton T-Shirt,Apparel,1,134.59,134.59,0.0,145.97,5,0.12,VIP,Los Angeles,Snowy
2024-06-13,TRX-13170,PROD-4282,Leather Wallet,Accessories,5,83.79,356.11,0.15,63.68,12,0.08,New,Chicago,Snowy
2024-06-13,TRX-13171,PROD-5960,Throw Pillow,Home Goods,9,59.08,505.13,0.05,154.13,3,0.29,New,Chicago,Sunny
2024-06-13,TRX-13172,PROD-0847,Winter Jacket,Apparel,10,122.61,1226.1,0.0,67.04,14,0.19,VIP,Chicago,Cloudy
2024-06-13,TRX-13173,PROD-0847,Winter Jacket,Apparel,8,160.08,1024.51,0.2,469.06,8,0.15,Returning,Los Angeles,Rainy
2024-06-14,TRX-13174,PROD-5616,Denim Jeans,Apparel,4,103.2,330.24,0.2,337.44,9,0.06,New,Online,Rainy
2024-06-14,TRX-13175,PROD-4260,Canvas Tote,Accessories,6,85.27,511.62,0.0,68.48,4,0.11,Returning,Online,Rainy
2024-06-14,TRX-13176,PROD-9357,Wireless Earbuds,Electronics,5,42.2,179.35,0.15,284.87,11,0.2,Returning,Chicago,Rainy
2024-06-14,TRX-13177,PROD-4282,Leather Wallet,Accessories,4,61.93,247.72,0.0,486.32,7,0.05,VIP,Los Angeles,Sunny
2024-06-14,TRX-13178,PROD-4282,Leather Wallet,Accessories,16,20.28,324.48,0.0,264.34,5,0.25,Returning,Online,Rainy
2024-06-14,TRX-13179,PROD-8390,Smart Watch,Electronics,5,107.21,536.05,0.0,383.93,10,0.1,New,Online,Cloudy
2024-06-15,TRX-13180,PROD-4539,Portable Charger,Electronics,1,35.48,35.48,0.0,323.37,9,0.05,New,Online,Sunny
2024-06-15,TRX-13181,PROD-3898,Cotton T-Shirt,Apparel,5,91.44,457.2,0.0,130.99,11,0.3,VIP,Chicago,Snowy
2024-06-15,TRX-13182,PROD-8390,Smart Watch,Electronics,6,42.7,204.96,0.2,329.31,14,0.27,VIP,Online,Cloudy
2024-06-15,TRX-13183,PROD-9357,Wireless Earbuds,Electronics,1,67.39,67.39,0.0,125.31,2,0.25,VIP,New York,Snowy
2024-06-15,TRX-13184,PROD-4539,Portable Charger,Electronics,6,48.6,291.6,0.0,126.19,14,0.22,New,Los Angeles,Sunny
2024-06-15,TRX-13185,PROD-9357,Wireless Earbuds,Electronics,8,85.07,578.48,0.15,207.3,13,0.23,Returning,Chicago,Cloudy
2024-06-16,TRX-13186,PROD-4539,Portable Charger,Electronics,5,63.81,319.05,0.0,69.39,11,0.25,Returning,Los Angeles,Rainy
2024-06-16,TRX-13187,PROD-6494,Sunglasses,Accessories,3,102.48,292.07,0.05,130.09,8,0.29,New,New York,Cloudy
2024-06-16,TRX-13188,PROD-3898,Cotton T-Shirt,Apparel,4,61.94,210.6,0.15,299.05,14,0.2,New,Chicago,Snowy
2024-06-16,TRX-13189,PROD-3898,Cotton T-Shirt,Apparel,4,78.9,315.6,0.0,322.15,5,0.26,Returning,New York,Snowy
2024-06-16,TRX-13190,PROD-6494,Sunglasses,Accessories,9,44.99,344.17,0.15,301.88,13,0.13,VIP,Chicago,Cloudy
2024-06-16,TRX-13191,PROD-6494,Sunglasses,Accessories,2,107.82,215.64,0.0,227.88,14,0.28,Returning,Los Angeles,Snowy
2024-06-17,TRX-13192,PROD-9497,Ceramic Mug,Home Goods,10,85.11,808.54,0.05,292.09,7,0.06,Returning,New York,Sunny
2024-06-17,TRX-13193,PROD-5616,Denim Jeans,Apparel,2,99.64,189.32,0.05,383.24,7,0.2,VIP,Los Angeles,Cloudy
2024-06-17,TRX-13194,PROD-5616,Denim Jeans,Apparel,1,84.71,84.71,0.0,67.67,12,0.18,Returning,Chicago,Sunny
2024-06-17,TRX-13195,PROD-6494,Sunglasses,Accessories,7,69.27,412.16,0.15,456.24,4,0.23,New,Los Angeles,Snowy
2024-06-17,TRX-13196,PROD-5616,Denim Jeans,Apparel,6,110.64,630.65,0.05,450.96,4,0.3,New,Los Angeles,Sunny
2024-06-17,TRX-13197,PROD-4539,Portable Charger,Electronics,9,119.34,859.25,0.2,309.25,14,0.18,Returning,Los Angeles,Rainy
2024-06-18,TRX-13198,PROD-9497,Ceramic Mug,Home Goods,1,59.6,59.6,0.0,311.15,14,0.22,New,Chicago,Snowy
2024-06-18,TRX-13199,PROD-5616,Denim Jeans,Apparel,4,93.84,375.36,0.0,140.98,6,0.02,New,Online,Cloudy
2024-06-18,TRX-13200,PROD-3898,Cotton T-Shirt,Apparel,9,91.08,819.72,0.0,327.44,12,0.18,Returning,Online,Sunny
2024-06-18,TRX-13201,PROD-4282,Leather Wallet,Accessories,5,65.64,311.79,0.05,94.69,6,0.24,New,Online,Sunny
2024-06-18,TRX-13202,PROD-9357,Wireless Earbuds,Electronics,8,104.4,835.2,0.0,451.28,6,0.06,VIP,Online,Sunny
2024-06-18,TRX-13203,PROD-4282,Leather Wallet,Accessories,7,86.37,604.59,0.0,443.74,7,0.27,VIP,Online,Cloudy
2024-06-19,TRX-13204,PROD-4539,Portable Charger,Electronics,9,64.44,550.96,0.05,243.09,10,0.04,VIP,Online,Cloudy
2024-06-19,TRX-13205,PROD-9357,Wireless Earbuds,Electronics,4,38.04,129.34,0.15,78.58,3,0.22,VIP,Online,Rainy
2024-06-19,TRX-13206,PROD-4282,Leather Wallet,Accessories,3,114.81,344.43,0.0,334.85,4,0.06,New,Los Angeles,Sunny
2024-06-19,TRX-13207,PROD-5960,Throw Pillow,Home Goods,2,109.28,218.56,0.0,437.52,4,0.2,New,Chicago,Cloudy
2024-06-19,TRX-13208,PROD-9710,Scented Candle,Home Goods,8,77.76,622.08,0.0,213.52,12,0.08,VIP,Online,Snowy
2024-06-19,TRX-13209,PROD-4282,Leather Wallet,Accessories,10,54.15,433.2,0.2,153.8,3,0.27,Returning,Chicago,Cloudy
2024-06-20,TRX-13210,PROD-4260,Canvas Tote,Accessories,8,74.9,479.36,0.2,416.56,7,0.24,VIP,Online,Snowy
2024-06-20,TRX-13211,PROD-6494,Sunglasses,Accessories,9,78.2,703.8,0.0,106.58,10,0.2,Returning,Los Angeles,Snowy
2024-06-20,TRX-13212,PROD-9710,Scented Candle,Home Goods,2,145.28,276.03,0.05,213.69,6,0.17,VIP,Online,Rainy
2024-06-20,TRX-13213,PROD-4282,Leather Wallet,Accessories,5,75.04,375.2,0.0,124.98,8,0.02,VIP,Chicago,Sunny
2024-06-20,TRX-13214,PROD-4260,Canvas Tote,Accessories,8,40.46,258.94,0.2,355.75,12,0.16,VIP,Chicago,Sunny
2024-06-20,TRX-13215,PROD-9357,Wireless Earbuds,Electronics,7,114.19,639.46,0.2,482.04,5,0.18,New,Los Angeles,Sunny
2024-06-21,TRX-13216,PROD-9497,Ceramic Mug,Home Goods,11,20.66,204.53,0.1,419.34,5,0.07,New,New York,Sunny
2024-06-21,TRX-13217,PROD-4539,Portable Charger,Electronics,6,45.65,273.9,0.0,275.8,7,0.1,Returning,Chicago,Cloudy
2024-06-21,TRX-13218,PROD-0847,Winter Jacket,Apparel,7,50.34,352.38,0.0,204.62,6,0.06,VIP,Online,Cloudy
2024-06-21,TRX-13219,PROD-9710,Scented Candle,Home Goods,6,111.03,666.18,0.0,471.86,11,0.26,New,Online,Sunny
2024-06-21,TRX-13220,PROD-5616,Denim Jeans,Apparel,7,60.85,383.36,0.1,244.41,5,0.2,New,Chicago,Snowy
2024-06-21,TRX-13221,PROD-9497,Ceramic Mug,Home Goods,3,78.16,234.48,0.0,475.05,8,0.27,VIP,New York,Sunny
2024-06-22,TRX-13222,PROD-4282,Leather Wallet,Accessories,10,49.84,498.4,0.0,335.22,8,0.21,New,Los Angeles,Snowy
2024-06-22,TRX-13223,PROD-9497,Ceramic Mug,Home Goods,2,78.54,149.23,0.05,484.75,9,0.06,Returning,New York,Sunny
2024-06-22,TRX-13224,PROD-8390,Smart Watch,Electronics,8,112.33,718.91,0.2,84.69,14,0.02,VIP,Chicago,Rainy
2024-06-22,TRX-13225,PROD-8390,Smart Watch,Electronics,3,90.72,272.16,0.0,461.8,3,0.23,Returning,New York,Sunny
2024-06-22,TRX-13226,PROD-9710,Scented Candle,Home Goods,5,111.02,444.08,0.2,493.8,6,0.13,New,Los Angeles,Sunny
2024-06-22,TRX-13227,PROD-9357,Wireless Earbuds,Electronics,4,59.33,213.59,0.1,145.46,12,0.11,VIP,Los Angeles,Cloudy
2024-06-23,TRX-13228,PROD-0847,Winter Jacket,Apparel,4,30.31,103.05,0.15,292.31,6,0.0,New,Online,Cloudy
2024-06-23,TRX-13229,PROD-5960,Throw Pillow,Home Goods,2,125.08,212.64,0.15,173.14,4,0.02,Returning,Chicago,Rainy
2024-06-23,TRX-13230,PROD-9497,Ceramic Mug,Home Goods,10,78.74,787.4,0.0,381.88,5,0.28,VIP,New York,Snowy
2024-06-23,TRX-13231,PROD-8390,Smart Watch,Electronics,4,45.74,182.96,0.0,60.82,11,0.0,Returning,New York,Rainy
2024-06-23,TRX-13232,PROD-0847,Winter Jacket,Apparel,3,61.6,147.84,0.2,441.43,9,0.19,New,Online,Snowy
2024-06-23,TRX-13233,PROD-9710,Scented Candle,Home Goods,8,48.71,389.68,0.0,249.72,9,0.28,Returning,Chicago,Cloudy
2024-06-24,TRX-13234,PROD-9357,Wireless Earbuds,Electronics,7,71.9,478.14,0.05,242.6,7,0.27,New,Los Angeles,Rainy
2024-06-24,TRX-13235,PROD-9497,Ceramic Mug,Home Goods,3,70.5,211.5,0.0,205.59,12,0.03,Returning,Los Angeles,Rainy
2024-06-24,TRX-13236,PROD-9357,Wireless Earbuds,Electronics,9,37.14,300.83,0.1,339.82,7,0.15,Returning,Online,Snowy
2024-06-24,TRX-13237,PROD-3898,Cotton T-Shirt,Apparel,2,117.48,187.97,0.2,109.22,11,0.26,New,Online,Sunny
2024-06-24,TRX-13238,PROD-8390,Smart Watch,Electronics,4,143.62,517.03,0.1,363.57,7,0.09,VIP,New York,Cloudy
2024-06-24,TRX-13239,PROD-3898,Cotton T-Shirt,Apparel,3,111.64,334.92,0.0,65.12,13,0.12,VIP,Chicago,Sunny
2024-06-25,TRX-13240,PROD-8390,Smart Watch,Electronics,4,119.29,453.3,0.05,163.03,5,0.12,Returning,Chicago,Rainy
2024-06-25,TRX-13241,PROD-0847,Winter Jacket,Apparel,7,127.45,802.93,0.1,91.81,4,0.05,VIP,New York,Sunny
2024-06-25,TRX-13242,PROD-4260,Canvas Tote,Accessories,8,38.25,290.7,0.05,373.01,5,0.1,Returning,New York,Snowy
2024-06-25,TRX-13243,PROD-5960,Throw Pillow,Home Goods,4,73.02,292.08,0.0,293.18,7,0.07,New,New York,Sunny
2024-06-25,TRX-13244,PROD-4539,Portable Charger,Electronics,3,74.04,222.12,0.0,281.52,8,0.19,Returning,Online,Cloudy
2024-06-25,TRX-13245,PROD-9710,Scented Candle,Home Goods,8,63.78,510.24,0.0,298.73,6,0.29,VIP,New York,Rainy
2024-06-26,TRX-13246,PROD-9710,Scented Candle,Home Goods,4,126.86,507.44,0.0,370.28,8,0.11,VIP,Online,Cloudy
2024-06-26,TRX-13247,PROD-9357,Wireless Earbuds,Electronics,4,54.07,216.28,0.0,104.49,7,0.15,Returning,New York,Cloudy
2024-06-26,TRX-13248,PROD-4539,Portable Charger,Electronics,10,128.81,1094.88,0.15,223.97,13,0.25,Returning,Online,Cloudy
2024-06-26,TRX-13249,PROD-4282,Leather Wallet,Accessories,12,22.41,228.58,0.15,148.52,13,0.09,New,Online,Cloudy
2024-06-26,TRX-13250,PROD-5960,Throw Pillow,Home Goods,3,30.53,91.59,0.0,486.84,4,0.1,VIP,Chicago,Cloudy
2024-06-26,TRX-13251,PROD-9710,Scented Candle,Home Goods,4,142.62,541.96,0.05,338.53,5,0.15,Returning,New York,Cloudy
2024-06-27,TRX-13252,PROD-9357,Wireless Earbuds,Electronics,4,33.94,135.76,0.0,133.2,9,0.01,New,Los Angeles,Snowy
2024-06-27,TRX-13253,PROD-3898,Cotton T-Shirt,Apparel,1,87.93,79.14,0.1,400.62,7,0.19,New,Chicago,Rainy
2024-06-27,TRX-13254,PROD-3898,Cotton T-Shirt,Apparel,2,94.46,160.58,0.15,495.16,12,0.28,Returning,Online,Rainy
2024-06-27,TRX-13255,PROD-9497,Ceramic Mug,Home Goods,10,76.17,609.36,0.2,197.79,11,0.02,VIP,Online,Rainy
2024-06-27,TRX-13256,PROD-9710,Scented Candle,Home Goods,1,71.98,71.98,0.0,477.9,9,0.15,Returning,Chicago,Snowy
2024-06-27,TRX-13257,PROD-6494,Sunglasses,Accessories,9,63.41,570.69,0.0,244.14,12,0.25,VIP,Chicago,Rainy
2024-06-28,TRX-13258,PROD-4260,Canvas Tote,Accessories,6,37.76,192.58,0.15,57.38,7,0.1,New,Chicago,Snowy
2024-06-28,TRX-13259,PROD-0847,Winter Jacket,Apparel,7,74.35,468.4,0.1,387.85,4,0.06,New,Chicago,Snowy
2024-06-28,TRX-13260,PROD-5616,Denim Jeans,Apparel,7,52.37,329.93,0.1,419.02,11,0.21,Returning,New York,Cloudy
2024-06-28,TRX-13261,PROD-4282,Leather Wallet,Accessories,4,42.39,169.56,0.0,337.12,8,0.12,New,New York,Cloudy
2024-06-28,TRX-13262,PROD-9357,Wireless Earbuds,Electronics,2,100.61,181.1,0.1,71.69,8,0.26,Returning,Los Angeles,Snowy
2024-06-28,TRX-13263,PROD-4260,Canvas Tote,Accessories,5,138.9,625.05,0.1,452.36,6,0.27,New,Chicago,Sunny
2024-06-29,TRX-13264,PROD-4260,Canvas Tote,Accessories,2,108.65,217.3,0.0,350.25,6,0.01,VIP,Los Angeles,Rainy
2024-06-29,TRX-13265,PROD-4539,Portable Charger,Electronics,7,43.85,276.25,0.1,383.54,6,0.14,VIP,New York,Rainy
2024-06-29,TRX-13266,PROD-5616,Denim Jeans,Apparel,4,148.33,504.32,0.15,486.38,10,0.24,New,Los Angeles,Rainy
2024-06-29,TRX-13267,PROD-8390,Smart Watch,Electronics,6,61.63,369.78,0.0,63.99,12,0.05,VIP,New York,Cloudy
2024-06-29,TRX-13268,PROD-3898,Cotton T-Shirt,Apparel,17,23.36,337.55,0.15,391.94,5,0.2,Returning,New York,Rainy
2024-06-29,TRX-13269,PROD-8390,Smart Watch,Electronics,2,75.39,135.7,0.1,317.66,8,0.15,New,New York,Rainy
2024-06-30,TRX-13270,PROD-5960,Throw Pillow,Home Goods,12,18.67,224.04,0.0,348.39,9,0.15,Returning,Online,Sunny
2024-06-30,TRX-13271,PROD-4539,Portable Charger,Electronics,23,14.52,283.87,0.15,498.96,13,0.02,Returning,Online,Cloudy
2024-06-30,TRX-13272,PROD-3898,Cotton T-Shirt,Apparel,9,151.69,1365.21,0.0,165.73,5,0.24,VIP,Online,Sunny
2024-06-30,TRX-13273,PROD-9497,Ceramic Mug,Home Goods,5,59.71,283.62,0.05,328.46,3,0.14,VIP,New York,Snowy
2024-06-30,TRX-13274,PROD-8390,Smart Watch,Electronics,3,80.69,242.07,0.0,429.69,2,0.01,New,New York,Rainy
2024-06-30,TRX-13275,PROD-5960,Throw Pillow,Home Goods,3,114.46,274.7,0.2,142.2,3,0.11,VIP,New York,Sunny
2024-07-01,TRX-13276,PROD-5960,Throw Pillow,Home Goods,5,124.95,531.04,0.15,84.24,5,0.04,VIP,Chicago,Rainy
2024-07-01,TRX-13277,PROD-6494,Sunglasses,Accessories,1,34.04,34.04,0.0,89.72,3,0.03,Returning,Chicago,Cloudy
2024-07-01,TRX-13278,PROD-0847,Winter Jacket,Apparel,3,150.92,430.12,0.05,272.35,2,0.03,New,Online,Snowy
2024-07-01,TRX-13279,PROD-8390,Smart Watch,Electronics,8,135.46,866.94,0.2,423.2,10,0.12,New,New York,Rainy
2024-07-01,TRX-13280,PROD-9497,Ceramic Mug,Home Goods,5,60.05,240.2,0.2,126.18,9,0.07,New,Los Angeles,Rainy
2024-07-01,TRX-13281,PROD-4539,Portable Charger,Electronics,6,84.71,508.26,0.0,338.32,2,0.08,VIP,New York,Cloudy
2024-07-02,TRX-13282,PROD-3898,Cotton T-Shirt,Apparel,2,92.87,185.74,0.0,349.13,2,0.13,Returning,New York,Cloudy
2024-07-02,TRX-13283,PROD-9497,Ceramic Mug,Home Goods,8,87.4,664.24,0.05,78.03,14,0.15,Returning,Online,Snowy
2024-07-02,TRX-13284,PROD-4282,Leather Wallet,Accessories,4,115.42,461.68,0.0,342.69,8,0.08,Returning,New York,Cloudy
2024-07-02,TRX-13285,PROD-5616,Denim Jeans,Apparel,2,63.92,121.45,0.05,456.25,9,0.05,VIP,Online,Rainy
2024-07-02,TRX-13286,PROD-0847,Winter Jacket,Apparel,9,36.48,328.32,0.0,108.7,7,0.03,New,New York,Rainy
2024-07-02,TRX-13287,PROD-9497,Ceramic Mug,Home Goods,7,68.24,429.91,0.1,63.97,11,0.18,Returning,New York,Rainy
2024-07-03,TRX-13288,PROD-9497,Ceramic Mug,Home Goods,8,63.14,429.35,0.15,370.97,6,0.26,Returning,New York,Sunny
2024-07-03,TRX-13289,PROD-4282,Leather Wallet,Accessories,6,100.41,481.97,0.2,436.01,11,0.13,VIP,Online,Rainy
2024-07-03,TRX-13290,PROD-8390,Smart Watch,Electronics,5,143.47,573.88,0.2,75.2,13,0.2,New,Chicago,Cloudy
2024-07-03,TRX-13291,PROD-8390,Smart Watch,Electronics,2,91.01,163.82,0.1,78.1,3,0.03,Returning,Chicago,Snowy
2024-07-03,TRX-13292,PROD-4260,Canvas Tote,Accessories,2,68.44,123.19,0.1,437.23,4,0.08,Returning,New York,Sunny
2024-07-03,TRX-13293,PROD-4282,Leather Wallet,Accessories,8,97.04,737.5,0.05,187.89,3,0.28,Returning,Online,Sunny
2024-07-04,TRX-13294,PROD-3898,Cotton T-Shirt,Apparel,5,106.0,450.5,0.15,493.33,5,0.09,VIP,Los Angeles,Snowy
2024-07-04,TRX-13295,PROD-4260,Canvas Tote,Accessories,3,35.77,107.31,0.0,327.77,7,0.19,VIP,Los Angeles,Cloudy
2024-07-04,TRX-13296,PROD-4282,Leather Wallet,Accessories,3,63.73,181.63,0.05,480.79,11,0.18,New,Los Angeles,Cloudy
2024-07-04,TRX-13297,PROD-4260,Canvas Tote,Accessories,5,92.94,464.7,0.0,452.43,11,0.07,VIP,Online,Snowy
2024-07-04,TRX-13298,PROD-0847,Winter Jacket,Apparel,7,97.42,681.94,0.0,290.17,6,0.04,Returning,Los Angeles,Rainy
2024-07-04,TRX-13299,PROD-5960,Throw Pillow,Home Goods,6,124.39,746.34,0.0,369.55,11,0.02,VIP,Online,Snowy
2024-07-05,TRX-13300,PROD-4282,Leather Wallet,Accessories,4,113.15,452.6,0.0,487.99,5,0.25,Returning,New York,Snowy
2024-07-05,TRX-13301,PROD-3898,Cotton T-Shirt,Apparel,4,127.72,510.88,0.0,171.58,2,0.04,VIP,Los Angeles,Sunny
2024-07-05,TRX-13302,PROD-9710,Scented Candle,Home Goods,6,102.82,616.92,0.0,487.53,8,0.06,New,Online,Rainy
2024-07-05,TRX-13303,PROD-3898,Cotton T-Shirt,Apparel,5,58.19,290.95,0.0,213.71,14,0.21,VIP,Chicago,Rainy
2024-07-05,TRX-13304,PROD-9710,Scented Candle,Home Goods,2,129.35,245.76,0.05,202.79,11,0.08,VIP,Chicago,Snowy
2024-07-05,TRX-13305,PROD-9497,Ceramic Mug,Home Goods,9,108.4,878.04,0.1,373.37,4,0.26,Returning,Online,Rainy
2024-07-06,TRX-13306,PROD-9357,Wireless Earbuds,Electronics,8,25.69,195.24,0.05,172.9,9,0.19,New,Chicago,Snowy
2024-07-06,TRX-13307,PROD-9497,Ceramic Mug,Home Goods,8,101.33,810.64,0.0,163.93,13,0.06,New,Online,Cloudy
2024-07-06,TRX-13308,PROD-9357,Wireless Earbuds,Electronics,8,42.66,341.28,0.0,414.28,6,0.11,VIP,New York,Rainy
2024-07-06,TRX-13309,PROD-9710,Scented Candle,Home Goods,4,125.6,502.4,0.0,202.82,9,0.24,VIP,Los Angeles,Cloudy
2024-07-06,TRX-13310,PROD-5960,Throw Pillow,Home Goods,9,38.02,342.18,0.0,113.14,8,0.29,New,Online,Snowy
2024-07-06,TRX-13311,PROD-5616,Denim Jeans,Apparel,2,38.88,77.76,0.0,334.36,2,0.13,VIP,Online,Sunny
2024-07-07,TRX-13312,PROD-9357,Wireless Earbuds,Electronics,7,126.57,885.99,0.0,387.48,6,0.18,New,New York,Snowy
2024-07-07,TRX-13313,PROD-9357,Wireless Earbuds,Electronics,5,59.74,283.76,0.05,87.59,11,0.0,New,Los Angeles,Cloudy
2024-07-07,TRX-13314,PROD-8390,Smart Watch,Electronics,7,106.17,743.19,0.0,50.74,6,0.23,New,Online,Rainy
2024-07-07,TRX-13315,PROD-4260,Canvas Tote,Accessories,2,148.88,297.76,0.0,77.04,8,0.27,Returning,Chicago,Rainy
2024-07-07,TRX-13316,PROD-9497,Ceramic Mug,Home Goods,7,132.89,837.21,0.1,322.03,12,0.23,Returning,Chicago,Rainy
2024-07-07,TRX-13317,PROD-8390,Smart Watch,Electronics,5,98.01,392.04,0.2,171.36,6,0.12,VIP,Online,Rainy
2024-07-08,TRX-13318,PROD-4282,Leather Wallet,Accessories,7,51.63,361.41,0.0,373.28,7,0.17,New,Chicago,Cloudy
2024-07-08,TRX-13319,PROD-6494,Sunglasses,Accessories,4,108.17,346.14,0.2,453.95,13,0.23,VIP,Los Angeles,Rainy
2024-07-08,TRX-13320,PROD-9357,Wireless Earbuds,Electronics,8,57.19,388.89,0.15,419.36,12,0.16,New,Online,Snowy
2024-07-08,TRX-13321,PROD-4282,Leather Wallet,Accessories,2,81.77,163.54,0.0,216.04,5,0.18,VIP,New York,Cloudy
2024-07-08,TRX-13322,PROD-9357,Wireless Earbuds,Electronics,1,118.57,118.57,0.0,203.45,14,0.13,New,Los Angeles,Cloudy
2024-07-08,TRX-13323,PROD-4260,Canvas Tote,Accessories,1,98.07,78.46,0.2,327.83,5,0.11,VIP,Online,Snowy
2024-07-09,TRX-13324,PROD-9357,Wireless Earbuds,Electronics,3,54.16,162.48,0.0,75.62,10,0.09,Returning,Los Angeles,Rainy
2024-07-09,TRX-13325,PROD-6494,Sunglasses,Accessories,2,122.7,220.86,0.1,60.5,14,0.04,Returning,Chicago,Cloudy
2024-07-09,TRX-13326,PROD-4539,Portable Charger,Electronics,4,65.68,262.72,0.0,232.38,5,0.1,Returning,Los Angeles,Snowy
2024-07-09,TRX-13327,PROD-4260,Canvas Tote,Accessories,8,137.78,936.9,0.15,452.53,12,0.28,Returning,Online,Rainy
2024-07-09,TRX-13328,PROD-6494,Sunglasses,Accessories,6,95.14,485.21,0.15,464.22,4,0.1,New,Los Angeles,Cloudy
2024-07-09,TRX-13329,PROD-9710,Scented Candle,Home Goods,1,78.25,78.25,0.0,346.85,14,0.1,New,Los Angeles,Snowy
2024-07-10,TRX-13330,PROD-0847,Winter Jacket,Apparel,7,53.89,377.23,0.0,444.82,5,0.24,Returning,Online,Cloudy
2024-07-10,TRX-13331,PROD-8390,Smart Watch,Electronics,21,21.85,458.85,0.0,171.14,9,0.0,VIP,Chicago,Sunny
2024-07-10,TRX-13332,PROD-5960,Throw Pillow,Home Goods,5,121.3,606.5,0.0,236.68,13,0.1,Returning,Los Angeles,Cloudy
2024-07-10,TRX-13333,PROD-4539,Portable Charger,Electronics,10,154.32,1234.56,0.2,266.93,13,0.07,New,Chicago,Snowy
2024-07-10,TRX-13334,PROD-9357,Wireless Earbuds,Electronics,3,32.23,96.69,0.0,172.0,10,0.11,New,Online,Rainy
2024-07-10,TRX-13335,PROD-5616,Denim Jeans,Apparel,9,123.1,997.11,0.1,274.18,9,0.06,New,Los Angeles,Snowy
2024-07-11,TRX-13336,PROD-5960,Throw Pillow,Home Goods,4,127.13,432.24,0.15,278.41,6,0.03,VIP,New York,Snowy
2024-07-11,TRX-13337,PROD-9357,Wireless Earbuds,Electronics,12,20.42,245.04,0.0,277.07,7,0.09,New,Chicago,Rainy
2024-07-11,TRX-13338,PROD-4260,Canvas Tote,Accessories,3,121.85,310.72,0.15,57.15,11,0.28,New,Los Angeles,Snowy
2024-07-11,TRX-13339,PROD-4539,Portable Charger,Electronics,1,39.35,35.41,0.1,158.13,8,0.15,VIP,Online,Snowy
2024-07-11,TRX-13340,PROD-6494,Sunglasses,Accessories,6,81.81,392.69,0.2,479.36,8,0.09,Returning,Chicago,Cloudy
2024-07-11,TRX-13341,PROD-8390,Smart Watch,Electronics,2,53.29,95.92,0.1,198.87,13,0.08,Returning,New York,Sunny
2024-07-12,TRX-13342,PROD-8390,Smart Watch,Electronics,6,62.61,375.66,0.0,142.44,2,0.16,VIP,Los Angeles,Rainy
2024-07-12,TRX-13343,PROD-3898,Cotton T-Shirt,Apparel,4,110.94,443.76,0.0,355.42,3,0.09,VIP,Chicago,Cloudy
2024-07-12,TRX-13344,PROD-9357,Wireless Earbuds,Electronics,5,17.64,83.79,0.05,112.38,14,0.13,Returning,Online,Cloudy
2024-07-12,TRX-13345,PROD-9357,Wireless Earbuds,Electronics,5,92.79,463.95,0.0,416.73,9,0.13,New,Online,Cloudy
2024-07-12,TRX-13346,PROD-0847,Winter Jacket,Apparel,8,153.26,1042.17,0.15,445.44,11,0.14,New,Los Angeles,Cloudy
2024-07-12,TRX-13347,PROD-9357,Wireless Earbuds,Electronics,3,97.47,292.41,0.0,125.48,2,0.05,VIP,Chicago,Rainy
2024-07-13,TRX-13348,PROD-6494,Sunglasses,Accessories,9,110.68,996.12,0.0,291.66,10,0.3,VIP,New York,Cloudy
2024-07-13,TRX-13349,PROD-9497,Ceramic Mug,Home Goods,10,69.86,628.74,0.1,80.25,13,0.21,Returning,Chicago,Snowy
2024-07-13,TRX-13350,PROD-9710,Scented Candle,Home Goods,3,77.32,231.96,0.0,421.1,2,0.01,New,Chicago,Rainy
2024-07-13,TRX-13351,PROD-9497,Ceramic Mug,Home Goods,9,158.21,1352.7,0.05,272.98,7,0.1,Returning,New York,Sunny
2024-07-13,TRX-13352,PROD-6494,Sunglasses,Accessories,1,92.94,92.94,0.0,451.98,6,0.11,New,Los Angeles,Snowy
2024-07-13,TRX-13353,PROD-4282,Leather Wallet,Accessories,1,128.07,108.86,0.15,107.68,10,0.21,New,Chicago,Sunny
2024-07-14,TRX-13354,PROD-6494,Sunglasses,Accessories,8,123.77,990.16,0.0,171.43,8,0.01,New,New York,Snowy
2024-07-14,TRX-13355,PROD-8390,Smart Watch,Electronics,8,94.39,679.61,0.1,328.14,14,0.21,New,Online,Cloudy
2024-07-14,TRX-13356,PROD-9710,Scented Candle,Home Goods,6,54.9,329.4,0.0,341.42,13,0.15,VIP,Los Angeles,Rainy
2024-07-14,TRX-13357,PROD-6494,Sunglasses,Accessories,2,107.83,215.66,0.0,356.02,8,0.27,Returning,New York,Cloudy
2024-07-14,TRX-13358,PROD-5960,Throw Pillow,Home Goods,6,81.2,389.76,0.2,237.15,8,0.02,Returning,Online,Cloudy
2024-07-14,TRX-13359,PROD-4539,Portable Charger,Electronics,4,51.45,195.51,0.05,162.9,12,0.0,VIP,Chicago,Cloudy
2024-07-15,TRX-13360,PROD-4539,Portable Charger,Electronics,2,75.95,151.9,0.0,143.17,7,0.12,New,Los Angeles,Rainy
2024-07-15,TRX-13361,PROD-9710,Scented Candle,Home Goods,6,141.0,803.7,0.05,323.15,3,0.18,New,Los Angeles,Snowy
2024-07-15,TRX-13362,PROD-4260,Canvas Tote,Accessories,7,136.99,863.04,0.1,268.74,6,0.16,VIP,Online,Rainy
2024-07-15,TRX-13363,PROD-4539,Portable Charger,Electronics,6,68.37,410.22,0.0,272.6,2,0.08,New,Online,Rainy
2024-07-15,TRX-13364,PROD-5616,Denim Jeans,Apparel,7,130.64,914.48,0.0,109.92,2,0.28,New,Online,Cloudy
2024-07-15,TRX-13365,PROD-4260,Canvas Tote,Accessories,2,146.14,277.67,0.05,225.7,3,0.23,New,Online,Rainy
2024-07-16,TRX-13366,PROD-4260,Canvas Tote,Accessories,6,109.9,560.49,0.15,205.65,14,0.12,Returning,Los Angeles,Rainy
2024-07-16,TRX-13367,PROD-3898,Cotton T-Shirt,Apparel,8,68.64,549.12,0.0,338.53,7,0.15,Returning,Online,Cloudy
2024-07-16,TRX-13368,PROD-0847,Winter Jacket,Apparel,1,90.44,72.35,0.2,184.09,2,0.25,VIP,New York,Rainy
2024-07-16,TRX-13369,PROD-5616,Denim Jeans,Apparel,3,40.04,120.12,0.0,395.15,4,0.21,Returning,Online,Rainy
2024-07-16,TRX-13370,PROD-9497,Ceramic Mug,Home Goods,6,101.47,487.06,0.2,235.92,3,0.17,VIP,Los Angeles,Sunny
2024-07-16,TRX-13371,PROD-0847,Winter Jacket,Apparel,23,16.51,379.73,0.0,277.51,8,0.29,VIP,New York,Cloudy
2024-07-17,TRX-13372,PROD-0847,Winter Jacket,Apparel,2,156.56,313.12,0.0,345.14,4,0.15,New,Online,Snowy
2024-07-17,TRX-13373,PROD-8390,Smart Watch,Electronics,7,99.53,696.71,0.0,226.53,13,0.28,Returning,Online,Rainy
2024-07-17,TRX-13374,PROD-4539,Portable Charger,Electronics,6,47.42,256.07,0.1,281.94,7,0.0,New,Online,Sunny
2024-07-17,TRX-13375,PROD-0847,Winter Jacket,Apparel,1,100.0,80.0,0.2,151.21,7,0.07,VIP,Los Angeles,Sunny
2024-07-17,TRX-13376,PROD-3898,Cotton T-Shirt,Apparel,3,116.23,278.95,0.2,360.17,13,0.1,Returning,New York,Cloudy
2024-07-17,TRX-13377,PROD-4539,Portable Charger,Electronics,9,47.41,405.36,0.05,299.95,9,0.24,New,Online,Cloudy
2024-07-18,TRX-13378,PROD-5616,Denim Jeans,Apparel,9,132.82,1075.84,0.1,82.51,7,0.05,VIP,Los Angeles,Rainy
2024-07-18,TRX-13379,PROD-4539,Portable Charger,Electronics,23,23.07,504.08,0.05,248.77,8,0.08,New,Los Angeles,Snowy
2024-07-18,TRX-13380,PROD-9357,Wireless Earbuds,Electronics,6,129.15,774.9,0.0,278.66,4,0.29,VIP,Online,Sunny
2024-07-18,TRX-13381,PROD-5960,Throw Pillow,Home Goods,1,55.7,44.56,0.2,480.65,11,0.09,Returning,Chicago,Rainy
2024-07-18,TRX-13382,PROD-5960,Throw Pillow,Home Goods,7,129.78,726.77,0.2,227.79,13,0.26,VIP,Online,Cloudy
2024-07-18,TRX-13383,PROD-9497,Ceramic Mug,Home Goods,1,130.84,111.21,0.15,452.66,3,0.21,VIP,Chicago,Snowy
2024-07-19,TRX-13384,PROD-4260,Canvas Tote,Accessories,10,43.91,373.23,0.15,343.03,13,0.24,Returning,Los Angeles,Snowy
2024-07-19,TRX-13385,PROD-8390,Smart Watch,Electronics,3,89.18,227.41,0.15,256.85,8,0.11,VIP,Chicago,Rainy
2024-07-19,TRX-13386,PROD-4282,Leather Wallet,Accessories,1,110.08,104.58,0.05,111.12,12,0.04,New,Los Angeles,Sunny
2024-07-19,TRX-13387,PROD-8390,Smart Watch,Electronics,24,17.91,408.35,0.05,228.21,9,0.13,New,Online,Rainy
2024-07-19,TRX-13388,PROD-8390,Smart Watch,Electronics,5,96.67,435.02,0.1,150.7,8,0.11,Returning,New York,Snowy
2024-07-19,TRX-13389,PROD-4539,Portable Charger,Electronics,7,89.96,535.26,0.15,435.7,9,0.24,New,Online,Snowy
2024-07-20,TRX-13390,PROD-4282,Leather Wallet,Accessories,8,56.62,452.96,0.0,320.47,3,0.12,VIP,New York,Cloudy
2024-07-20,TRX-13391,PROD-9710,Scented Candle,Home Goods,8,139.9,951.32,0.15,485.11,13,0.2,Returning,Online,Sunny
2024-07-20,TRX-13392,PROD-8390,Smart Watch,Electronics,3,65.36,176.47,0.1,410.36,8,0.25,Returning,Los Angeles,Cloudy
2024-07-20,TRX-13393,PROD-9710,Scented Candle,Home Goods,1,129.41,116.47,0.1,197.5,2,0.09,New,Chicago,Snowy
2024-07-20,TRX-13394,PROD-9357,Wireless Earbuds,Electronics,1,96.49,96.49,0.0,61.51,11,0.2,New,Online,Rainy
2024-07-20,TRX-13395,PROD-9710,Scented Candle,Home Goods,4,73.67,250.48,0.15,189.06,9,0.08,Returning,Los Angeles,Sunny
2024-07-21,TRX-13396,PROD-9497,Ceramic Mug,Home Goods,6,44.09,238.09,0.1,220.08,3,0.16,New,New York,Rainy
2024-07-21,TRX-13397,PROD-9357,Wireless Earbuds,Electronics,9,59.39,454.33,0.15,163.9,14,0.21,Returning,New York,Sunny
2024-07-21,TRX-13398,PROD-4539,Portable Charger,Electronics,6,97.3,525.42,0.1,185.1,13,0.0,Returning,Los Angeles,Cloudy
2024-07-21,TRX-13399,PROD-8390,Smart Watch,Electronics,10,56.73,482.2,0.15,419.2,2,0.22,New,Los Angeles,Rainy
2024-07-21,TRX-13400,PROD-4260,Canvas Tote,Accessories,7,71.08,497.56,0.0,497.19,8,0.25,VIP,Chicago,Sunny
2024-07-21,TRX-13401,PROD-5616,Denim Jeans,Apparel,24,16.26,312.19,0.2,488.2,10,0.07,Returning,Chicago,Cloudy
2024-07-22,TRX-13402,PROD-3898,Cotton T-Shirt,Apparel,7,86.47,605.29,0.0,122.49,14,0.17,New,Online,Sunny
2024-07-22,TRX-13403,PROD-5616,Denim Jeans,Apparel,3,110.53,331.59,0.0,262.37,7,0.28,VIP,New York,Cloudy
2024-07-22,TRX-13404,PROD-8390,Smart Watch,Electronics,2,48.45,77.52,0.2,261.46,8,0.02,Returning,Online,Snowy
2024-07-22,TRX-13405,PROD-6494,Sunglasses,Accessories,22,22.86,452.63,0.1,323.05,14,0.01,New,New York,Rainy
2024-07-22,TRX-13406,PROD-6494,Sunglasses,Accessories,6,117.83,636.28,0.1,330.91,4,0.07,New,Los Angeles,Snowy
2024-07-22,TRX-13407,PROD-9357,Wireless Earbuds,Electronics,2,74.56,134.21,0.1,442.36,4,0.08,VIP,Online,Rainy
2024-07-23,TRX-13408,PROD-6494,Sunglasses,Accessories,2,65.77,131.54,0.0,465.54,6,0.17,Returning,Online,Cloudy
2024-07-23,TRX-13409,PROD-9497,Ceramic Mug,Home Goods,4,104.59,397.44,0.05,210.38,4,0.11,VIP,Chicago,Cloudy
2024-07-23,TRX-13410,PROD-5616,Denim Jeans,Apparel,10,33.29,299.61,0.1,485.21,13,0.03,VIP,Chicago,Sunny
2024-07-23,TRX-13411,PROD-8390,Smart Watch,Electronics,4,56.71,181.47,0.2,154.5,7,0.02,Returning,Online,Cloudy
2024-07-23,TRX-13412,PROD-6494,Sunglasses,Accessories,1,153.52,130.49,0.15,236.17,10,0.0,VIP,Los Angeles,Rainy
2024-07-23,TRX-13413,PROD-4539,Portable Charger,Electronics,1,44.55,44.55,0.0,391.73,7,0.15,Returning,New York,Rainy
2024-07-24,TRX-13414,PROD-5960,Throw Pillow,Home Goods,4,112.04,380.94,0.15,158.47,5,0.23,VIP,Los Angeles,Rainy
2024-07-24,TRX-13415,PROD-5960,Throw Pillow,Home Goods,5,142.06,568.24,0.2,194.46,2,0.1,Returning,Chicago,Snowy
2024-07-24,TRX-13416,PROD-5616,Denim Jeans,Apparel,4,41.33,132.26,0.2,124.78,6,0.3,VIP,Los Angeles,Snowy
2024-07-24,TRX-13417,PROD-9357,Wireless Earbuds,Electronics,7,30.02,168.11,0.2,122.32,13,0.15,VIP,Online,Snowy
2024-07-24,TRX-13418,PROD-9710,Scented Candle,Home Goods,4,75.79,257.69,0.15,261.23,5,0.21,Returning,Chicago,Snowy
2024-07-24,TRX-13419,PROD-4260,Canvas Tote,Accessories,10,40.24,321.92,0.2,135.14,3,0.24,New,Los Angeles,Cloudy
2024-07-25,TRX-13420,PROD-4539,Portable Charger,Electronics,4,157.57,630.28,0.0,279.69,13,0.0,Returning,Los Angeles,Cloudy
2024-07-25,TRX-13421,PROD-0847,Winter Jacket,Apparel,2,100.12,180.22,0.1,212.24,7,0.11,New,Los Angeles,Cloudy
2024-07-25,TRX-13422,PROD-3898,Cotton T-Shirt,Apparel,4,45.28,181.12,0.0,231.05,2,0.06,New,Los Angeles,Snowy
2024-07-25,TRX-13423,PROD-4282,Leather Wallet,Accessories,10,56.73,567.3,0.0,188.76,9,0.17,VIP,Online,Cloudy
2024-07-25,TRX-13424,PROD-4282,Leather Wallet,Accessories,10,76.85,653.23,0.15,246.51,4,0.03,New,Chicago,Sunny
2024-07-25,TRX-13425,PROD-4282,Leather Wallet,Accessories,9,127.41,1146.69,0.0,223.67,12,0.06,Returning,Online,Sunny
2024-07-26,TRX-13426,PROD-3898,Cotton T-Shirt,Apparel,16,16.57,238.61,0.1,247.71,10,0.18,VIP,Chicago,Snowy
2024-07-26,TRX-13427,PROD-4260,Canvas Tote,Accessories,7,41.27,288.89,0.0,159.84,10,0.09,New,New York,Snowy
2024-07-26,TRX-13428,PROD-0847,Winter Jacket,Apparel,9,73.56,529.63,0.2,56.43,5,0.21,Returning,Chicago,Sunny
2024-07-26,TRX-13429,PROD-5960,Throw Pillow,Home Goods,2,83.62,158.88,0.05,413.16,5,0.08,VIP,Los Angeles,Sunny
2024-07-26,TRX-13430,PROD-3898,Cotton T-Shirt,Apparel,8,25.34,192.58,0.05,235.42,14,0.11,New,Los Angeles,Cloudy
2024-07-26,TRX-13431,PROD-9710,Scented Candle,Home Goods,1,53.95,48.56,0.1,336.05,9,0.18,Returning,Los Angeles,Rainy
2024-07-27,TRX-13432,PROD-9497,Ceramic Mug,Home Goods,1,108.76,97.88,0.1,190.49,8,0.02,Returning,Online,Sunny
2024-07-27,TRX-13433,PROD-8390,Smart Watch,Electronics,5,142.27,675.78,0.05,316.01,12,0.03,Returning,Chicago,Rainy
2024-07-27,TRX-13434,PROD-4539,Portable Charger,Electronics,5,70.51,352.55,0.0,82.67,2,0.12,VIP,Online,Cloudy
2024-07-27,TRX-13435,PROD-9710,Scented Candle,Home Goods,3,125.52,376.56,0.0,243.76,2,0.26,VIP,Chicago,Rainy
2024-07-27,TRX-13436,PROD-0847,Winter Jacket,Apparel,5,89.42,357.68,0.2,425.96,9,0.02,New,New York,Snowy
2024-07-27,TRX-13437,PROD-0847,Winter Jacket,Apparel,4,76.58,260.37,0.15,346.45,7,0.19,VIP,New York,Snowy
2024-07-28,TRX-13438,PROD-6494,Sunglasses,Accessories,12,27.96,335.52,0.0,345.68,14,0.04,New,Chicago,Snowy
2024-07-28,TRX-13439,PROD-9710,Scented Candle,Home Goods,3,52.56,141.91,0.1,463.6,10,0.21,Returning,Los Angeles,Rainy
2024-07-28,TRX-13440,PROD-8390,Smart Watch,Electronics,9,86.4,777.6,0.0,210.44,12,0.05,VIP,Chicago,Rainy
2024-07-28,TRX-13441,PROD-9357,Wireless Earbuds,Electronics,2,134.11,214.58,0.2,121.07,11,0.13,Returning,New York,Cloudy
2024-07-28,TRX-13442,PROD-9357,Wireless Earbuds,Electronics,3,125.59,376.77,0.0,387.43,11,0.02,VIP,Chicago,Rainy
2024-07-28,TRX-13443,PROD-8390,Smart Watch,Electronics,3,130.19,390.57,0.0,70.62,14,0.05,Returning,Online,Rainy
2024-07-29,TRX-13444,PROD-0847,Winter Jacket,Apparel,5,50.34,251.7,0.0,391.41,12,0.25,Returning,Online,Cloudy
2024-07-29,TRX-13445,PROD-9497,Ceramic Mug,Home Goods,3,97.23,233.35,0.2,379.1,14,0.11,VIP,New York,Rainy
2024-07-29,TRX-13446,PROD-3898,Cotton T-Shirt,Apparel,2,87.98,175.96,0.0,300.48,12,0.07,New,New York,Cloudy
2024-07-29,TRX-13447,PROD-9357,Wireless Earbuds,Electronics,5,154.01,654.54,0.15,280.02,9,0.2,Returning,New York,Cloudy
2024-07-29,TRX-13448,PROD-4539,Portable Charger,Electronics,8,30.07,240.56,0.0,97.15,11,0.02,Returning,Chicago,Cloudy
2024-07-29,TRX-13449,PROD-4260,Canvas Tote,Accessories,2,109.74,208.51,0.05,106.19,6,0.26,New,New York,Rainy
2024-07-30,TRX-13450,PROD-9710,Scented Candle,Home Goods,9,70.71,540.93,0.15,174.67,10,0.12,VIP,Online,Rainy
2024-07-30,TRX-13451,PROD-6494,Sunglasses,Accessories,7,122.78,816.49,0.05,475.53,9,0.04,Returning,Online,Sunny
2024-07-30,TRX-13452,PROD-9710,Scented Candle,Home Goods,9,46.99,422.91,0.0,294.45,5,0.13,VIP,Los Angeles,Rainy
2024-07-30,TRX-13453,PROD-9497,Ceramic Mug,Home Goods,10,126.06,1071.51,0.15,176.92,6,0.06,New,Chicago,Sunny
2024-07-30,TRX-13454,PROD-4282,Leather Wallet,Accessories,6,34.18,194.83,0.05,488.42,7,0.04,Returning,Online,Cloudy
2024-07-30,TRX-13455,PROD-8390,Smart Watch,Electronics,4,96.54,366.85,0.05,261.45,3,0.14,New,Chicago,Sunny
2024-07-31,TRX-13456,PROD-5616,Denim Jeans,Apparel,5,46.86,234.3,0.0,324.42,10,0.07,VIP,Los Angeles,Sunny
2024-07-31,TRX-13457,PROD-0847,Winter Jacket,Apparel,10,114.63,1146.3,0.0,111.04,13,0.26,Returning,New York,Cloudy
2024-07-31,TRX-13458,PROD-3898,Cotton T-Shirt,Apparel,8,97.14,777.12,0.0,180.63,2,0.03,Returning,Online,Cloudy
2024-07-31,TRX-13459,PROD-6494,Sunglasses,Accessories,8,51.66,330.62,0.2,258.45,6,0.23,VIP,New York,Snowy
2024-07-31,TRX-13460,PROD-4260,Canvas Tote,Accessories,17,23.24,316.06,0.2,201.38,9,0.28,New,Online,Sunny
2024-07-31,TRX-13461,PROD-4539,Portable Charger,Electronics,1,43.65,43.65,0.0,261.56,8,0.16,VIP,New York,Sunny
2024-08-01,TRX-13462,PROD-9357,Wireless Earbuds,Electronics,8,129.52,1036.16,0.0,243.19,12,0.08,New,New York,Snowy
2024-08-01,TRX-13463,PROD-3898,Cotton T-Shirt,Apparel,9,136.29,1165.28,0.05,347.79,14,0.02,VIP,Online,Sunny
2024-08-01,TRX-13464,PROD-6494,Sunglasses,Accessories,7,78.03,546.21,0.0,188.69,3,0.04,Returning,Chicago,Snowy
2024-08-01,TRX-13465,PROD-6494,Sunglasses,Accessories,3,129.98,370.44,0.05,197.46,9,0.21,VIP,New York,Rainy
2024-08-01,TRX-13466,PROD-8390,Smart Watch,Electronics,10,136.38,1159.23,0.15,431.54,10,0.11,VIP,Los Angeles,Cloudy
2024-08-01,TRX-13467,PROD-4539,Portable Charger,Electronics,9,121.01,1089.09,0.0,94.96,13,0.1,VIP,Chicago,Cloudy
2024-08-02,TRX-13468,PROD-5616,Denim Jeans,Apparel,5,101.53,507.65,0.0,255.08,8,0.06,VIP,Chicago,Cloudy
2024-08-02,TRX-13469,PROD-6494,Sunglasses,Accessories,18,19.1,275.04,0.2,330.01,6,0.08,VIP,New York,Cloudy
2024-08-02,TRX-13470,PROD-9497,Ceramic Mug,Home Goods,13,16.42,213.46,0.0,402.95,7,0.12,New,Los Angeles,Sunny
2024-08-02,TRX-13471,PROD-4539,Portable Charger,Electronics,1,78.84,74.9,0.05,395.93,11,0.15,VIP,Online,Rainy
2024-08-02,TRX-13472,PROD-0847,Winter Jacket,Apparel,6,93.78,478.28,0.15,406.41,4,0.14,New,Chicago,Cloudy
2024-08-02,TRX-13473,PROD-4260,Canvas Tote,Accessories,6,128.58,771.48,0.0,408.63,12,0.28,Returning,Los Angeles,Snowy
2024-08-03,TRX-13474,PROD-4260,Canvas Tote,Accessories,5,121.74,578.26,0.05,379.74,7,0.15,Returning,Los Angeles,Snowy
2024-08-03,TRX-13475,PROD-8390,Smart Watch,Electronics,10,123.78,1052.13,0.15,363.14,7,0.19,VIP,New York,Snowy
2024-08-03,TRX-13476,PROD-6494,Sunglasses,Accessories,7,30.15,211.05,0.0,395.53,3,0.14,New,New York,Cloudy
2024-08-03,TRX-13477,PROD-8390,Smart Watch,Electronics,1,67.93,67.93,0.0,182.08,5,0.27,Returning,Online,Snowy
2024-08-03,TRX-13478,PROD-6494,Sunglasses,Accessories,1,36.87,35.03,0.05,99.72,4,0.26,VIP,Online,Sunny
2024-08-03,TRX-13479,PROD-6494,Sunglasses,Accessories,1,47.76,45.37,0.05,443.01,14,0.09,VIP,Online,Rainy
2024-08-04,TRX-13480,PROD-4539,Portable Charger,Electronics,2,54.83,104.18,0.05,458.8,8,0.14,New,Los Angeles,Snowy
2024-08-04,TRX-13481,PROD-8390,Smart Watch,Electronics,2,110.35,209.66,0.05,338.16,5,0.17,Returning,Chicago,Snowy
2024-08-04,TRX-13482,PROD-9710,Scented Candle,Home Goods,5,31.5,149.62,0.05,413.1,10,0.05,VIP,New York,Rainy
2024-08-04,TRX-13483,PROD-4260,Canvas Tote,Accessories,8,18.59,148.72,0.0,369.51,13,0.11,VIP,Los Angeles,Snowy
2024-08-04,TRX-13484,PROD-8390,Smart Watch,Electronics,8,51.75,414.0,0.0,92.12,4,0.05,VIP,New York,Snowy
2024-08-04,TRX-13485,PROD-6494,Sunglasses,Accessories,5,80.72,343.06,0.15,51.91,5,0.22,New,Chicago,Rainy
2024-08-05,TRX-13486,PROD-4539,Portable Charger,Electronics,5,143.99,719.95,0.0,200.72,13,0.05,VIP,Online,Sunny
2024-08-05,TRX-13487,PROD-4260,Canvas Tote,Accessories,2,102.03,204.06,0.0,489.2,10,0.01,Returning,Online,Rainy
2024-08-05,TRX-13488,PROD-3898,Cotton T-Shirt,Apparel,8,47.68,305.15,0.2,301.06,12,0.17,Returning,Chicago,Cloudy
2024-08-05,TRX-13489,PROD-9497,Ceramic Mug,Home Goods,1,67.59,64.21,0.05,55.01,13,0.1,Returning,Online,Sunny
2024-08-05,TRX-13490,PROD-9497,Ceramic Mug,Home Goods,9,96.58,825.76,0.05,289.22,14,0.08,New,Los Angeles,Rainy
2024-08-05,TRX-13491,PROD-5960,Throw Pillow,Home Goods,9,100.56,814.54,0.1,245.31,4,0.28,Returning,Online,Rainy
2024-08-06,TRX-13492,PROD-4282,Leather Wallet,Accessories,7,51.89,308.75,0.15,134.19,12,0.1,Returning,New York,Snowy
2024-08-06,TRX-13493,PROD-4260,Canvas Tote,Accessories,10,131.35,1313.5,0.0,263.58,10,0.08,Returning,Los Angeles,Sunny
2024-08-06,TRX-13494,PROD-5616,Denim Jeans,Apparel,5,117.61,470.44,0.2,440.65,10,0.19,VIP,New York,Snowy
2024-08-06,TRX-13495,PROD-4260,Canvas Tote,Accessories,5,34.32,163.02,0.05,393.48,8,0.08,Returning,New York,Cloudy
2024-08-06,TRX-13496,PROD-0847,Winter Jacket,Apparel,6,121.92,731.52,0.0,118.03,4,0.04,VIP,Chicago,Snowy
2024-08-06,TRX-13497,PROD-4539,Portable Charger,Electronics,1,97.71,97.71,0.0,171.4,13,0.03,VIP,Online,Sunny
2024-08-07,TRX-13498,PROD-9497,Ceramic Mug,Home Goods,5,120.87,604.35,0.0,251.35,14,0.28,VIP,New York,Rainy
2024-08-07,TRX-13499,PROD-4260,Canvas Tote,Accessories,10,31.36,313.6,0.0,53.73,2,0.16,New,Chicago,Sunny
2024-08-07,TRX-13500,PROD-5960,Throw Pillow,Home Goods,9,137.94,1241.46,0.0,170.5,5,0.06,VIP,New York,Cloudy
2024-08-07,TRX-13501,PROD-4539,Portable Charger,Electronics,1,118.3,118.3,0.0,219.49,13,0.07,VIP,Online,Sunny
2024-08-07,TRX-13502,PROD-3898,Cotton T-Shirt,Apparel,2,132.01,250.82,0.05,365.74,11,0.09,New,Los Angeles,Sunny
2024-08-07,TRX-13503,PROD-5616,Denim Jeans,Apparel,7,149.98,839.89,0.2,166.23,10,0.03,VIP,Chicago,Rainy
2024-08-08,TRX-13504,PROD-4282,Leather Wallet,Accessories,13,23.36,273.31,0.1,279.16,10,0.24,Returning,Chicago,Sunny
2024-08-08,TRX-13505,PROD-5616,Denim Jeans,Apparel,5,15.85,79.25,0.0,150.84,13,0.25,VIP,Online,Cloudy
2024-08-08,TRX-13506,PROD-4260,Canvas Tote,Accessories,2,65.49,104.78,0.2,238.81,7,0.15,VIP,New York,Rainy
2024-08-08,TRX-13507,PROD-9357,Wireless Earbuds,Electronics,1,150.94,150.94,0.0,155.8,10,0.17,Returning,Chicago,Sunny
2024-08-08,TRX-13508,PROD-6494,Sunglasses,Accessories,3,62.84,160.24,0.15,367.9,11,0.26,New,Los Angeles,Rainy
2024-08-08,TRX-13509,PROD-3898,Cotton T-Shirt,Apparel,5,73.14,310.84,0.15,490.54,10,0.28,Returning,Chicago,Sunny
2024-08-09,TRX-13510,PROD-5616,Denim Jeans,Apparel,23,26.73,614.79,0.0,416.63,14,0.11,Returning,Chicago,Snowy
2024-08-09,TRX-13511,PROD-4539,Portable Charger,Electronics,9,120.04,1080.36,0.0,309.47,6,0.27,New,Los Angeles,Cloudy
2024-08-09,TRX-13512,PROD-5960,Throw Pillow,Home Goods,3,119.58,304.93,0.15,337.58,10,0.16,VIP,New York,Rainy
2024-08-09,TRX-13513,PROD-9357,Wireless Earbuds,Electronics,10,95.13,951.3,0.0,130.0,12,0.27,Returning,Los Angeles,Snowy
2024-08-09,TRX-13514,PROD-4260,Canvas Tote,Accessories,9,35.11,315.99,0.0,87.31,4,0.14,New,Chicago,Sunny
2024-08-09,TRX-13515,PROD-0847,Winter Jacket,Apparel,6,119.52,717.12,0.0,335.65,9,0.25,VIP,New York,Rainy
2024-08-10,TRX-13516,PROD-0847,Winter Jacket,Apparel,20,18.65,373.0,0.0,355.07,2,0.13,VIP,Chicago,Cloudy
2024-08-10,TRX-13517,PROD-8390,Smart Watch,Electronics,10,119.83,1198.3,0.0,170.36,5,0.23,VIP,Los Angeles,Cloudy
2024-08-10,TRX-13518,PROD-4539,Portable Charger,Electronics,2,50.37,100.74,0.0,384.34,4,0.28,VIP,New York,Snowy
2024-08-10,TRX-13519,PROD-6494,Sunglasses,Accessories,7,134.24,892.7,0.05,337.88,13,0.08,Returning,Los Angeles,Sunny
2024-08-10,TRX-13520,PROD-8390,Smart Watch,Electronics,1,95.2,85.68,0.1,153.71,6,0.07,Returning,Los Angeles,Snowy
2024-08-10,TRX-13521,PROD-8390,Smart Watch,Electronics,8,100.65,644.16,0.2,329.39,7,0.19,New,Chicago,Rainy
2024-08-11,TRX-13522,PROD-5616,Denim Jeans,Apparel,10,41.2,412.0,0.0,110.27,4,0.11,Returning,Online,Snowy
2024-08-11,TRX-13523,PROD-5616,Denim Jeans,Apparel,6,74.47,446.82,0.0,124.18,3,0.2,VIP,Chicago,Rainy
2024-08-11,TRX-13524,PROD-8390,Smart Watch,Electronics,5,135.16,642.01,0.05,497.88,5,0.21,New,Los Angeles,Snowy
2024-08-11,TRX-13525,PROD-4260,Canvas Tote,Accessories,3,136.85,328.44,0.2,402.7,14,0.22,VIP,Chicago,Snowy
2024-08-11,TRX-13526,PROD-5960,Throw Pillow,Home Goods,9,107.14,964.26,0.0,215.83,10,0.24,Returning,Online,Snowy
2024-08-11,TRX-13527,PROD-9357,Wireless Earbuds,Electronics,4,101.18,344.01,0.15,315.38,10,0.1,New,New York,Rainy
2024-08-12,TRX-13528,PROD-9710,Scented Candle,Home Goods,8,74.92,539.42,0.1,477.61,8,0.22,Returning,Online,Sunny
2024-08-12,TRX-13529,PROD-4282,Leather Wallet,Accessories,2,117.38,187.81,0.2,151.17,11,0.1,VIP,Chicago,Cloudy
2024-08-12,TRX-13530,PROD-0847,Winter Jacket,Apparel,9,135.0,1215.0,0.0,386.75,4,0.07,VIP,Chicago,Sunny
2024-08-12,TRX-13531,PROD-4539,Portable Charger,Electronics,8,49.88,359.14,0.1,240.13,8,0.2,VIP,Online,Cloudy
2024-08-12,TRX-13532,PROD-5960,Throw Pillow,Home Goods,8,153.15,1102.68,0.1,88.65,9,0.17,VIP,Los Angeles,Rainy
2024-08-12,TRX-13533,PROD-8390,Smart Watch,Electronics,1,91.85,73.48,0.2,63.57,13,0.08,VIP,Online,Snowy
2024-08-13,TRX-13534,PROD-9357,Wireless Earbuds,Electronics,8,36.32,290.56,0.0,313.78,3,0.08,VIP,New York,Snowy
2024-08-13,TRX-13535,PROD-4282,Leather Wallet,Accessories,1,106.09,90.18,0.15,280.06,2,0.21,VIP,Chicago,Snowy
2024-08-13,TRX-13536,PROD-5616,Denim Jeans,Apparel,5,33.79,143.61,0.15,361.52,8,0.13,VIP,Los Angeles,Cloudy
2024-08-13,TRX-13537,PROD-3898,Cotton T-Shirt,Apparel,8,138.8,1110.4,0.0,313.85,4,0.22,New,Los Angeles,Rainy
2024-08-13,TRX-13538,PROD-9497,Ceramic Mug,Home Goods,4,111.22,422.64,0.05,258.48,12,0.13,Returning,Online,Snowy
2024-08-13,TRX-13539,PROD-5616,Denim Jeans,Apparel,3,144.79,412.65,0.05,409.62,14,0.1,Returning,Chicago,Sunny
2024-08-14,TRX-13540,PROD-0847,Winter Jacket,Apparel,25,23.42,526.95,0.1,246.92,3,0.08,Returning,Online,Sunny
2024-08-14,TRX-13541,PROD-0847,Winter Jacket,Apparel,7,20.13,119.77,0.15,496.08,11,0.01,Returning,Online,Snowy
2024-08-14,TRX-13542,PROD-4260,Canvas Tote,Accessories,5,125.85,597.79,0.05,118.2,13,0.03,New,Los Angeles,Cloudy
2024-08-14,TRX-13543,PROD-5616,Denim Jeans,Apparel,4,67.66,216.51,0.2,495.31,2,0.07,Returning,Los Angeles,Snowy
2024-08-14,TRX-13544,PROD-5960,Throw Pillow,Home Goods,9,33.55,286.85,0.05,377.44,8,0.15,Returning,New York,Snowy
2024-08-14,TRX-13545,PROD-4539,Portable Charger,Electronics,21,22.47,401.09,0.15,150.8,11,0.09,Returning,Online,Cloudy
2024-08-15,TRX-13546,PROD-4260,Canvas Tote,Accessories,3,115.96,295.7,0.15,220.49,6,0.18,VIP,Los Angeles,Snowy
2024-08-15,TRX-13547,PROD-3898,Cotton T-Shirt,Apparel,8,116.57,932.56,0.0,227.51,6,0.08,VIP,New York,Cloudy
2024-08-15,TRX-13548,PROD-4539,Portable Charger,Electronics,7,93.54,654.78,0.0,499.48,2,0.2,New,Online,Rainy
2024-08-15,TRX-13549,PROD-8390,Smart Watch,Electronics,5,58.06,290.3,0.0,250.4,9,0.26,VIP,New York,Cloudy
2024-08-15,TRX-13550,PROD-8390,Smart Watch,Electronics,4,43.92,140.54,0.2,469.48,13,0.14,VIP,Los Angeles,Snowy
2024-08-15,TRX-13551,PROD-9497,Ceramic Mug,Home Goods,3,82.23,197.35,0.2,410.82,7,0.17,VIP,Online,Snowy
2024-08-16,TRX-13552,PROD-6494,Sunglasses,Accessories,5,105.48,474.66,0.1,316.73,13,0.23,Returning,New York,Rainy
2024-08-16,TRX-13553,PROD-4260,Canvas Tote,Accessories,6,128.54,771.24,0.0,366.71,4,0.29,Returning,New York,Sunny
2024-08-16,TRX-13554,PROD-0847,Winter Jacket,Apparel,2,51.05,102.1,0.0,491.27,8,0.15,New,Online,Cloudy
2024-08-16,TRX-13555,PROD-4282,Leather Wallet,Accessories,9,34.33,247.18,0.2,291.08,3,0.11,Returning,New York,Rainy
2024-08-16,TRX-13556,PROD-4539,Portable Charger,Electronics,6,52.94,317.64,0.0,375.09,7,0.24,New,Online,Snowy
2024-08-16,TRX-13557,PROD-9710,Scented Candle,Home Goods,4,84.12,286.01,0.15,215.87,4,0.21,Returning,Online,Sunny
2024-08-17,TRX-13558,PROD-4282,Leather Wallet,Accessories,9,16.3,132.03,0.1,400.21,13,0.05,New,Los Angeles,Cloudy
2024-08-17,TRX-13559,PROD-0847,Winter Jacket,Apparel,8,130.98,1047.84,0.0,218.55,5,0.11,VIP,Online,Cloudy
2024-08-17,TRX-13560,PROD-4282,Leather Wallet,Accessories,8,72.74,581.92,0.0,235.56,12,0.11,New,Online,Rainy
2024-08-17,TRX-13561,PROD-3898,Cotton T-Shirt,Apparel,2,127.29,229.12,0.1,477.14,13,0.21,VIP,New York,Snowy
2024-08-17,TRX-13562,PROD-9710,Scented Candle,Home Goods,6,122.23,586.7,0.2,61.5,12,0.1,New,New York,Cloudy
2024-08-17,TRX-13563,PROD-8390,Smart Watch,Electronics,22,16.43,307.24,0.15,420.66,9,0.18,Returning,Chicago,Snowy
2024-08-18,TRX-13564,PROD-4282,Leather Wallet,Accessories,9,93.41,798.66,0.05,219.62,8,0.24,Returning,Online,Cloudy
2024-08-18,TRX-13565,PROD-3898,Cotton T-Shirt,Apparel,8,49.54,396.32,0.0,384.69,8,0.29,New,Online,Rainy
2024-08-18,TRX-13566,PROD-0847,Winter Jacket,Apparel,9,78.84,709.56,0.0,327.26,3,0.1,New,Los Angeles,Snowy
2024-08-18,TRX-13567,PROD-9497,Ceramic Mug,Home Goods,4,91.65,366.6,0.0,494.12,2,0.1,New,New York,Cloudy
2024-08-18,TRX-13568,PROD-9357,Wireless Earbuds,Electronics,8,123.96,991.68,0.0,388.2,2,0.19,VIP,Online,Rainy
2024-08-18,TRX-13569,PROD-9357,Wireless Earbuds,Electronics,8,64.08,512.64,0.0,489.43,8,0.11,VIP,Chicago,Sunny
2024-08-19,TRX-13570,PROD-9357,Wireless Earbuds,Electronics,4,116.08,441.1,0.05,246.13,5,0.18,VIP,Chicago,Snowy
2024-08-19,TRX-13571,PROD-5960,Throw Pillow,Home Goods,6,120.16,612.82,0.15,442.44,9,0.03,New,Chicago,Cloudy
2024-08-19,TRX-13572,PROD-5960,Throw Pillow,Home Goods,7,94.02,658.14,0.0,429.91,7,0.05,Returning,Chicago,Snowy
2024-08-19,TRX-13573,PROD-6494,Sunglasses,Accessories,3,51.84,155.52,0.0,113.72,10,0.08,Returning,Online,Cloudy
2024-08-19,TRX-13574,PROD-4282,Leather Wallet,Accessories,2,131.14,236.05,0.1,390.18,10,0.14,Returning,Online,Rainy
2024-08-19,TRX-13575,PROD-0847,Winter Jacket,Apparel,1,41.06,41.06,0.0,195.66,2,0.1,Returning,New York,Snowy
2024-08-20,TRX-13576,PROD-5616,Denim Jeans,Apparel,1,56.89,56.89,0.0,378.21,3,0.17,Returning,Chicago,Rainy
2024-08-20,TRX-13577,PROD-9710,Scented Candle,Home Goods,8,32.98,263.84,0.0,491.3,5,0.18,New,New York,Snowy
2024-08-20,TRX-13578,PROD-9497,Ceramic Mug,Home Goods,4,45.49,154.67,0.15,215.79,9,0.09,VIP,New York,Snowy
2024-08-20,TRX-13579,PROD-0847,Winter Jacket,Apparel,10,41.73,396.43,0.05,462.3,10,0.15,Returning,Chicago,Snowy
2024-08-20,TRX-13580,PROD-0847,Winter Jacket,Apparel,8,132.95,850.88,0.2,472.75,5,0.01,Returning,Online,Rainy
2024-08-20,TRX-13581,PROD-5616,Denim Jeans,Apparel,10,126.87,1205.27,0.05,345.81,9,0.15,Returning,Chicago,Sunny
2024-08-21,TRX-13582,PROD-4539,Portable Charger,Electronics,6,97.22,495.82,0.15,70.87,13,0.04,Returning,Los Angeles,Sunny
2024-08-21,TRX-13583,PROD-8390,Smart Watch,Electronics,3,143.58,366.13,0.15,477.31,8,0.11,Returning,Los Angeles,Cloudy
2024-08-21,TRX-13584,PROD-9710,Scented Candle,Home Goods,5,45.5,193.38,0.15,85.28,7,0.13,New,New York,Snowy
2024-08-21,TRX-13585,PROD-6494,Sunglasses,Accessories,8,42.88,343.04,0.0,175.08,12,0.09,New,Online,Sunny
2024-08-21,TRX-13586,PROD-9497,Ceramic Mug,Home Goods,4,85.27,289.92,0.15,297.78,2,0.11,VIP,Online,Cloudy
2024-08-21,TRX-13587,PROD-4282,Leather Wallet,Accessories,10,69.85,698.5,0.0,64.96,9,0.22,New,Chicago,Sunny
2024-08-22,TRX-13588,PROD-3898,Cotton T-Shirt,Apparel,3,68.99,206.97,0.0,400.77,10,0.03,Returning,Los Angeles,Snowy
2024-08-22,TRX-13589,PROD-8390,Smart Watch,Electronics,6,87.41,524.46,0.0,252.41,10,0.23,New,Chicago,Rainy
2024-08-22,TRX-13590,PROD-9497,Ceramic Mug,Home Goods,4,41.49,165.96,0.0,441.86,8,0.21,VIP,New York,Cloudy
2024-08-22,TRX-13591,PROD-3898,Cotton T-Shirt,Apparel,9,66.73,600.57,0.0,490.0,8,0.23,VIP,New York,Snowy
2024-08-22,TRX-13592,PROD-4282,Leather Wallet,Accessories,6,40.98,209.0,0.15,236.19,8,0.14,Returning,Chicago,Cloudy
2024-08-22,TRX-13593,PROD-4282,Leather Wallet,Accessories,6,120.02,720.12,0.0,95.22,2,0.1,VIP,Online,Snowy
2024-08-23,TRX-13594,PROD-5616,Denim Jeans,Apparel,3,140.86,422.58,0.0,359.8,14,0.22,VIP,New York,Sunny
2024-08-23,TRX-13595,PROD-9710,Scented Candle,Home Goods,6,80.34,457.94,0.05,276.73,14,0.11,Returning,Los Angeles,Sunny
2024-08-23,TRX-13596,PROD-8390,Smart Watch,Electronics,5,49.74,248.7,0.0,216.43,14,0.14,Returning,Los Angeles,Sunny
2024-08-23,TRX-13597,PROD-6494,Sunglasses,Accessories,18,17.44,251.14,0.2,356.24,3,0.03,VIP,Chicago,Snowy
2024-08-23,TRX-13598,PROD-4282,Leather Wallet,Accessories,5,44.19,209.9,0.05,348.6,7,0.01,New,Chicago,Cloudy
2024-08-23,TRX-13599,PROD-9497,Ceramic Mug,Home Goods,3,144.65,433.95,0.0,331.79,2,0.12,VIP,New York,Snowy
2024-08-24,TRX-13600,PROD-5960,Throw Pillow,Home Goods,6,124.61,710.28,0.05,342.11,13,0.21,VIP,New York,Rainy
2024-08-24,TRX-13601,PROD-4282,Leather Wallet,Accessories,8,89.17,713.36,0.0,441.87,6,0.11,VIP,New York,Snowy
2024-08-24,TRX-13602,PROD-4539,Portable Charger,Electronics,2,107.49,171.98,0.2,393.43,6,0.26,VIP,Los Angeles,Cloudy
2024-08-24,TRX-13603,PROD-5960,Throw Pillow,Home Goods,7,106.58,708.76,0.05,366.06,12,0.18,New,New York,Cloudy
2024-08-24,TRX-13604,PROD-9497,Ceramic Mug,Home Goods,9,103.38,930.42,0.0,172.95,13,0.17,VIP,Online,Snowy
2024-08-24,TRX-13605,PROD-5616,Denim Jeans,Apparel,23,26.26,573.78,0.05,99.27,9,0.02,VIP,Online,Rainy
2024-08-25,TRX-13606,PROD-9357,Wireless Earbuds,Electronics,9,137.76,1239.84,0.0,449.39,8,0.29,VIP,New York,Rainy
2024-08-25,TRX-13607,PROD-8390,Smart Watch,Electronics,7,132.01,831.66,0.1,98.86,4,0.16,Returning,New York,Sunny
2024-08-25,TRX-13608,PROD-6494,Sunglasses,Accessories,7,63.98,447.86,0.0,216.36,5,0.03,Returning,Los Angeles,Snowy
2024-08-25,TRX-13609,PROD-8390,Smart Watch,Electronics,8,75.98,577.45,0.05,127.5,4,0.24,VIP,Chicago,Snowy
2024-08-25,TRX-13610,PROD-9710,Scented Candle,Home Goods,1,47.92,40.73,0.15,303.83,10,0.19,Returning,New York,Snowy
2024-08-25,TRX-13611,PROD-0847,Winter Jacket,Apparel,8,47.08,376.64,0.0,469.78,2,0.27,New,Online,Sunny
2024-08-26,TRX-13612,PROD-9710,Scented Candle,Home Goods,6,81.44,488.64,0.0,431.67,6,0.23,Returning,Los Angeles,Snowy
2024-08-26,TRX-13613,PROD-9710,Scented Candle,Home Goods,9,151.06,1155.61,0.15,334.79,11,0.27,Returning,Chicago,Cloudy
2024-08-26,TRX-13614,PROD-9497,Ceramic Mug,Home Goods,2,111.14,177.82,0.2,148.64,13,0.25,VIP,New York,Cloudy
2024-08-26,TRX-13615,PROD-6494,Sunglasses,Accessories,9,33.91,244.15,0.2,136.55,5,0.18,Returning,Los Angeles,Cloudy
2024-08-26,TRX-13616,PROD-5616,Denim Jeans,Apparel,8,94.97,759.76,0.0,346.95,3,0.09,Returning,Chicago,Sunny
2024-08-26,TRX-13617,PROD-5616,Denim Jeans,Apparel,4,101.93,407.72,0.0,119.72,7,0.1,New,Los Angeles,Rainy
2024-08-27,TRX-13618,PROD-4260,Canvas Tote,Accessories,9,32.65,293.85,0.0,472.48,13,0.11,New,New York,Cloudy
2024-08-27,TRX-13619,PROD-9497,Ceramic Mug,Home Goods,3,135.95,326.28,0.2,266.56,2,0.11,VIP,New York,Cloudy
2024-08-27,TRX-13620,PROD-0847,Winter Jacket,Apparel,7,15.63,109.41,0.0,226.08,5,0.09,VIP,Los Angeles,Rainy
2024-08-27,TRX-13621,PROD-4260,Canvas Tote,Accessories,4,148.0,592.0,0.0,233.02,4,0.14,New,Los Angeles,Snowy
2024-08-27,TRX-13622,PROD-5616,Denim Jeans,Apparel,8,78.7,629.6,0.0,245.49,11,0.1,VIP,New York,Cloudy
2024-08-27,TRX-13623,PROD-4260,Canvas Tote,Accessories,8,149.98,959.87,0.2,182.4,12,0.05,VIP,Chicago,Cloudy
2024-08-28,TRX-13624,PROD-3898,Cotton T-Shirt,Apparel,8,42.08,336.64,0.0,494.69,13,0.23,Returning,Online,Cloudy
2024-08-28,TRX-13625,PROD-4539,Portable Charger,Electronics,7,58.45,388.69,0.05,340.78,5,0.23,New,Los Angeles,Sunny
2024-08-28,TRX-13626,PROD-4282,Leather Wallet,Accessories,4,142.54,456.13,0.2,98.29,9,0.18,Returning,Los Angeles,Cloudy
2024-08-28,TRX-13627,PROD-8390,Smart Watch,Electronics,4,90.48,361.92,0.0,95.81,7,0.24,VIP,New York,Sunny
2024-08-28,TRX-13628,PROD-9357,Wireless Earbuds,Electronics,1,69.94,69.94,0.0,162.29,4,0.16,New,Los Angeles,Cloudy
2024-08-28,TRX-13629,PROD-3898,Cotton T-Shirt,Apparel,12,28.56,308.45,0.1,267.81,3,0.11,New,Chicago,Sunny
2024-08-29,TRX-13630,PROD-5960,Throw Pillow,Home Goods,7,111.65,625.24,0.2,241.84,10,0.13,New,Los Angeles,Snowy
2024-08-29,TRX-13631,PROD-9497,Ceramic Mug,Home Goods,3,49.11,139.96,0.05,460.78,12,0.05,New,Chicago,Snowy
2024-08-29,TRX-13632,PROD-3898,Cotton T-Shirt,Apparel,2,153.92,261.66,0.15,401.82,13,0.04,Returning,New York,Rainy
2024-08-29,TRX-13633,PROD-9497,Ceramic Mug,Home Goods,1,133.2,119.88,0.1,180.09,3,0.1,Returning,Online,Sunny
2024-08-29,TRX-13634,PROD-4282,Leather Wallet,Accessories,2,119.24,238.48,0.0,303.95,11,0.14,Returning,Los Angeles,Snowy
2024-08-29,TRX-13635,PROD-6494,Sunglasses,Accessories,9,128.23,1154.07,0.0,238.44,3,0.23,VIP,Los Angeles,Sunny
2024-08-30,TRX-13636,PROD-9497,Ceramic Mug,Home Goods,4,70.65,282.6,0.0,286.45,9,0.02,Returning,Los Angeles,Sunny
2024-08-30,TRX-13637,PROD-0847,Winter Jacket,Apparel,9,17.64,158.76,0.0,461.03,7,0.25,VIP,Online,Rainy
2024-08-30,TRX-13638,PROD-4282,Leather Wallet,Accessories,5,82.24,390.64,0.05,178.44,7,0.27,Returning,Los Angeles,Sunny
2024-08-30,TRX-13639,PROD-3898,Cotton T-Shirt,Apparel,6,77.86,467.16,0.0,118.7,14,0.25,New,Los Angeles,Snowy
2024-08-30,TRX-13640,PROD-5616,Denim Jeans,Apparel,10,45.71,388.54,0.15,434.07,5,0.17,Returning,Online,Cloudy
2024-08-30,TRX-13641,PROD-9497,Ceramic Mug,Home Goods,7,101.64,569.18,0.2,190.08,11,0.08,VIP,New York,Sunny
2024-08-31,TRX-13642,PROD-4260,Canvas Tote,Accessories,5,129.09,516.36,0.2,242.83,8,0.12,VIP,Los Angeles,Snowy
2024-08-31,TRX-13643,PROD-9710,Scented Candle,Home Goods,1,151.44,151.44,0.0,424.21,7,0.16,VIP,Online,Cloudy
2024-08-31,TRX-13644,PROD-8390,Smart Watch,Electronics,8,133.05,1064.4,0.0,327.68,2,0.22,New,Online,Rainy
2024-08-31,TRX-13645,PROD-4539,Portable Charger,Electronics,6,141.49,764.05,0.1,367.98,2,0.08,New,Los Angeles,Sunny
2024-08-31,TRX-13646,PROD-5960,Throw Pillow,Home Goods,1,70.64,70.64,0.0,71.94,6,0.12,New,Los Angeles,Rainy
2024-08-31,TRX-13647,PROD-9497,Ceramic Mug,Home Goods,10,17.35,173.5,0.0,414.25,8,0.02,VIP,Los Angeles,Sunny
2024-09-01,TRX-13648,PROD-4260,Canvas Tote,Accessories,7,55.03,308.17,0.2,471.6,5,0.04,New,Chicago,Sunny
2024-09-01,TRX-13649,PROD-3898,Cotton T-Shirt,Apparel,7,26.68,158.75,0.15,252.0,11,0.24,Returning,Chicago,Snowy
2024-09-01,TRX-13650,PROD-9497,Ceramic Mug,Home Goods,10,55.46,554.6,0.0,62.98,3,0.18,VIP,New York,Sunny
2024-09-01,TRX-13651,PROD-9710,Scented Candle,Home Goods,4,126.23,429.18,0.15,211.15,14,0.13,New,Chicago,Cloudy
2024-09-01,TRX-13652,PROD-9357,Wireless Earbuds,Electronics,3,116.54,349.62,0.0,99.24,12,0.28,New,Los Angeles,Snowy
2024-09-01,TRX-13653,PROD-4282,Leather Wallet,Accessories,18,21.95,395.1,0.0,125.84,11,0.05,New,Chicago,Snowy
2024-09-02,TRX-13654,PROD-6494,Sunglasses,Accessories,10,55.59,555.9,0.0,215.24,3,0.15,New,Los Angeles,Rainy
2024-09-02,TRX-13655,PROD-4260,Canvas Tote,Accessories,8,101.59,690.81,0.15,406.57,14,0.1,Returning,New York,Cloudy
2024-09-02,TRX-13656,PROD-4260,Canvas Tote,Accessories,9,107.45,870.35,0.1,413.25,3,0.12,VIP,Los Angeles,Sunny
2024-09-02,TRX-13657,PROD-4282,Leather Wallet,Accessories,2,63.12,126.24,0.0,166.13,13,0.08,New,Chicago,Cloudy
2024-09-02,TRX-13658,PROD-9710,Scented Candle,Home Goods,2,143.67,244.24,0.15,470.85,9,0.02,VIP,Online,Cloudy
2024-09-02,TRX-13659,PROD-4539,Portable Charger,Electronics,7,121.81,810.04,0.05,318.7,6,0.27,Returning,New York,Cloudy
2024-09-03,TRX-13660,PROD-4260,Canvas Tote,Accessories,1,117.25,117.25,0.0,342.29,14,0.03,Returning,Online,Sunny
2024-09-03,TRX-13661,PROD-4282,Leather Wallet,Accessories,1,63.29,63.29,0.0,96.59,4,0.14,VIP,Los Angeles,Sunny
2024-09-03,TRX-13662,PROD-9357,Wireless Earbuds,Electronics,6,40.15,228.85,0.05,314.21,7,0.29,Returning,Chicago,Sunny
2024-09-03,TRX-13663,PROD-8390,Smart Watch,Electronics,6,94.96,569.76,0.0,435.1,14,0.12,New,Online,Rainy
2024-09-03,TRX-13664,PROD-9497,Ceramic Mug,Home Goods,4,33.94,135.76,0.0,393.04,4,0.09,VIP,New York,Sunny
2024-09-03,TRX-13665,PROD-9710,Scented Candle,Home Goods,7,55.4,368.41,0.05,115.02,14,0.16,New,Los Angeles,Sunny
2024-09-04,TRX-13666,PROD-6494,Sunglasses,Accessories,7,29.31,194.91,0.05,464.25,6,0.12,New,Chicago,Sunny
2024-09-04,TRX-13667,PROD-5960,Throw Pillow,Home Goods,7,33.54,223.04,0.05,193.37,3,0.25,Returning,Chicago,Snowy
2024-09-04,TRX-13668,PROD-9710,Scented Candle,Home Goods,2,43.86,83.33,0.05,388.43,6,0.17,Returning,New York,Snowy
2024-09-04,TRX-13669,PROD-9357,Wireless Earbuds,Electronics,2,97.82,166.29,0.15,446.74,9,0.29,VIP,New York,Rainy
2024-09-04,TRX-13670,PROD-5960,Throw Pillow,Home Goods,4,77.99,265.17,0.15,97.33,12,0.0,Returning,New York,Snowy
2024-09-04,TRX-13671,PROD-4260,Canvas Tote,Accessories,8,134.18,912.42,0.15,219.08,3,0.17,VIP,Los Angeles,Sunny
2024-09-05,TRX-13672,PROD-9497,Ceramic Mug,Home Goods,5,105.03,446.38,0.15,177.57,6,0.25,New,Los Angeles,Cloudy
2024-09-05,TRX-13673,PROD-5616,Denim Jeans,Apparel,10,157.84,1499.48,0.05,161.87,14,0.18,New,New York,Snowy
2024-09-05,TRX-13674,PROD-9497,Ceramic Mug,Home Goods,4,124.37,497.48,0.0,349.59,13,0.15,Returning,New York,Cloudy
2024-09-05,TRX-13675,PROD-4539,Portable Charger,Electronics,2,39.7,71.46,0.1,197.36,8,0.17,VIP,Online,Cloudy
2024-09-05,TRX-13676,PROD-4539,Portable Charger,Electronics,1,92.19,92.19,0.0,375.92,12,0.28,New,Chicago,Snowy
2024-09-05,TRX-13677,PROD-0847,Winter Jacket,Apparel,9,22.98,196.48,0.05,229.2,2,0.12,New,Los Angeles,Cloudy
2024-09-06,TRX-13678,PROD-9357,Wireless Earbuds,Electronics,10,130.39,1303.9,0.0,437.83,2,0.24,VIP,Online,Rainy
2024-09-06,TRX-13679,PROD-4260,Canvas Tote,Accessories,1,110.24,99.22,0.1,489.68,13,0.22,New,Online,Rainy
2024-09-06,TRX-13680,PROD-8390,Smart Watch,Electronics,2,36.45,69.25,0.05,471.45,7,0.18,VIP,Los Angeles,Rainy
2024-09-06,TRX-13681,PROD-3898,Cotton T-Shirt,Apparel,7,134.94,897.35,0.05,274.27,7,0.0,VIP,Los Angeles,Cloudy
2024-09-06,TRX-13682,PROD-4282,Leather Wallet,Accessories,2,75.06,150.12,0.0,91.37,6,0.24,Returning,Online,Rainy
2024-09-06,TRX-13683,PROD-3898,Cotton T-Shirt,Apparel,8,57.51,368.06,0.2,164.47,14,0.03,Returning,Los Angeles,Sunny
2024-09-07,TRX-13684,PROD-9497,Ceramic Mug,Home Goods,20,20.05,401.0,0.0,100.37,12,0.15,New,Chicago,Rainy
2024-09-07,TRX-13685,PROD-9497,Ceramic Mug,Home Goods,10,151.74,1517.4,0.0,348.39,14,0.1,VIP,New York,Cloudy
2024-09-07,TRX-13686,PROD-5960,Throw Pillow,Home Goods,8,134.3,1020.68,0.05,323.51,13,0.18,Returning,Chicago,Rainy
2024-09-07,TRX-13687,PROD-4282,Leather Wallet,Accessories,3,74.8,224.4,0.0,284.26,12,0.03,VIP,New York,Rainy
2024-09-07,TRX-13688,PROD-3898,Cotton T-Shirt,Apparel,2,43.56,87.12,0.0,345.02,2,0.03,Returning,Chicago,Rainy
2024-09-07,TRX-13689,PROD-5960,Throw Pillow,Home Goods,17,22.53,344.71,0.1,175.51,10,0.25,Returning,New York,Rainy
2024-09-08,TRX-13690,PROD-3898,Cotton T-Shirt,Apparel,4,116.65,373.28,0.2,126.56,2,0.17,New,Chicago,Snowy
2024-09-08,TRX-13691,PROD-4539,Portable Charger,Electronics,2,87.27,174.54,0.0,266.02,10,0.29,VIP,Online,Rainy
2024-09-08,TRX-13692,PROD-4260,Canvas Tote,Accessories,2,35.79,68.0,0.05,417.09,13,0.17,New,Online,Sunny
2024-09-08,TRX-13693,PROD-4539,Portable Charger,Electronics,8,152.26,1218.08,0.0,217.57,11,0.07,Returning,Chicago,Cloudy
2024-09-08,TRX-13694,PROD-0847,Winter Jacket,Apparel,13,15.25,168.51,0.15,246.95,13,0.24,VIP,New York,Sunny
2024-09-08,TRX-13695,PROD-3898,Cotton T-Shirt,Apparel,10,77.7,777.0,0.0,228.06,6,0.25,Returning,Chicago,Sunny
2024-09-09,TRX-13696,PROD-6494,Sunglasses,Accessories,6,121.11,726.66,0.0,463.2,7,0.2,VIP,Los Angeles,Rainy
2024-09-09,TRX-13697,PROD-5960,Throw Pillow,Home Goods,9,116.44,1047.96,0.0,350.49,14,0.05,VIP,Los Angeles,Cloudy
2024-09-09,TRX-13698,PROD-8390,Smart Watch,Electronics,8,114.23,868.15,0.05,316.2,10,0.23,Returning,Online,Cloudy
2024-09-09,TRX-13699,PROD-5616,Denim Jeans,Apparel,14,23.84,333.76,0.0,194.51,14,0.28,New,New York,Snowy
2024-09-09,TRX-13700,PROD-9357,Wireless Earbuds,Electronics,8,73.03,584.24,0.0,340.08,12,0.21,New,Los Angeles,Sunny
2024-09-09,TRX-13701,PROD-4539,Portable Charger,Electronics,7,111.01,660.51,0.15,91.98,3,0.3,VIP,Chicago,Cloudy
2024-09-10,TRX-13702,PROD-3898,Cotton T-Shirt,Apparel,2,95.13,152.21,0.2,135.64,12,0.02,Returning,Online,Sunny
2024-09-10,TRX-13703,PROD-4282,Leather Wallet,Accessories,10,112.67,957.7,0.15,343.46,2,0.12,VIP,Los Angeles,Sunny
2024-09-10,TRX-13704,PROD-9357,Wireless Earbuds,Electronics,3,144.15,432.45,0.0,264.57,14,0.03,New,Chicago,Snowy
2024-09-10,TRX-13705,PROD-9497,Ceramic Mug,Home Goods,8,55.96,447.68,0.0,116.34,14,0.28,New,Online,Cloudy
2024-09-10,TRX-13706,PROD-0847,Winter Jacket,Apparel,4,94.26,358.19,0.05,413.18,9,0.19,New,Los Angeles,Sunny
2024-09-10,TRX-13707,PROD-4282,Leather Wallet,Accessories,1,144.2,129.78,0.1,205.51,10,0.24,VIP,New York,Rainy
2024-09-11,TRX-13708,PROD-5960,Throw Pillow,Home Goods,9,141.41,1272.69,0.0,305.77,14,0.24,Returning,Chicago,Cloudy
2024-09-11,TRX-13709,PROD-9710,Scented Candle,Home Goods,9,61.51,442.87,0.2,85.75,13,0.13,Returning,Los Angeles,Sunny
2024-09-11,TRX-13710,PROD-9710,Scented Candle,Home Goods,16,24.56,392.96,0.0,488.19,7,0.28,VIP,Chicago,Snowy
2024-09-11,TRX-13711,PROD-6494,Sunglasses,Accessories,6,17.23,103.38,0.0,378.21,12,0.15,Returning,Los Angeles,Sunny
2024-09-11,TRX-13712,PROD-8390,Smart Watch,Electronics,2,43.06,86.12,0.0,442.91,7,0.22,VIP,New York,Snowy
2024-09-11,TRX-13713,PROD-4282,Leather Wallet,Accessories,5,98.39,467.35,0.05,211.71,10,0.08,New,New York,Sunny
2024-09-12,TRX-13714,PROD-9497,Ceramic Mug,Home Goods,13,18.81,195.62,0.2,211.45,11,0.14,VIP,Los Angeles,Cloudy
2024-09-12,TRX-13715,PROD-6494,Sunglasses,Accessories,5,37.29,167.81,0.1,311.43,4,0.26,Returning,Online,Rainy
2024-09-12,TRX-13716,PROD-9710,Scented Candle,Home Goods,4,65.98,237.53,0.1,67.79,9,0.18,VIP,New York,Sunny
2024-09-12,TRX-13717,PROD-8390,Smart Watch,Electronics,7,96.86,678.02,0.0,129.6,12,0.11,VIP,New York,Cloudy
2024-09-12,TRX-13718,PROD-5960,Throw Pillow,Home Goods,15,17.1,256.5,0.0,247.64,3,0.23,Returning,New York,Snowy
2024-09-12,TRX-13719,PROD-9710,Scented Candle,Home Goods,7,142.72,999.04,0.0,418.35,3,0.19,VIP,Los Angeles,Rainy
2024-09-13,TRX-13720,PROD-3898,Cotton T-Shirt,Apparel,1,91.99,91.99,0.0,213.0,8,0.03,VIP,Chicago,Cloudy
2024-09-13,TRX-13721,PROD-9710,Scented Candle,Home Goods,9,91.02,737.26,0.1,456.15,4,0.08,Returning,New York,Rainy
2024-09-13,TRX-13722,PROD-0847,Winter Jacket,Apparel,2,124.04,198.46,0.2,409.56,5,0.26,VIP,Los Angeles,Cloudy
2024-09-13,TRX-13723,PROD-9710,Scented Candle,Home Goods,3,143.73,344.95,0.2,310.22,13,0.22,VIP,New York,Cloudy
2024-09-13,TRX-13724,PROD-5960,Throw Pillow,Home Goods,5,139.85,699.25,0.0,450.08,11,0.2,Returning,Chicago,Cloudy
2024-09-13,TRX-13725,PROD-4282,Leather Wallet,Accessories,3,141.99,362.07,0.15,386.95,10,0.22,VIP,Online,Sunny
2024-09-14,TRX-13726,PROD-4282,Leather Wallet,Accessories,8,82.23,624.95,0.05,411.26,11,0.14,New,Online,Sunny
2024-09-14,TRX-13727,PROD-9497,Ceramic Mug,Home Goods,2,48.35,87.03,0.1,94.83,10,0.14,Returning,Los Angeles,Snowy
2024-09-14,TRX-13728,PROD-9710,Scented Candle,Home Goods,7,73.13,435.12,0.15,477.68,14,0.02,VIP,New York,Sunny
2024-09-14,TRX-13729,PROD-5616,Denim Jeans,Apparel,3,39.61,118.83,0.0,309.59,12,0.18,New,Online,Snowy
2024-09-14,TRX-13730,PROD-4282,Leather Wallet,Accessories,8,84.16,673.28,0.0,308.82,2,0.19,VIP,Online,Rainy
2024-09-14,TRX-13731,PROD-6494,Sunglasses,Accessories,13,20.43,212.47,0.2,250.4,9,0.28,New,Chicago,Sunny
2024-09-15,TRX-13732,PROD-9710,Scented Candle,Home Goods,1,128.37,128.37,0.0,486.17,13,0.01,New,Chicago,Cloudy
2024-09-15,TRX-13733,PROD-9710,Scented Candle,Home Goods,10,89.25,758.62,0.15,330.34,10,0.1,Returning,Los Angeles,Cloudy
2024-09-15,TRX-13734,PROD-4260,Canvas Tote,Accessories,5,42.09,178.88,0.15,297.31,7,0.1,Returning,Online,Snowy
2024-09-15,TRX-13735,PROD-4282,Leather Wallet,Accessories,5,46.13,230.65,0.0,51.45,7,0.01,VIP,Chicago,Rainy
2024-09-15,TRX-13736,PROD-4539,Portable Charger,Electronics,8,75.21,601.68,0.0,287.59,13,0.21,New,Online,Snowy
2024-09-15,TRX-13737,PROD-5960,Throw Pillow,Home Goods,1,84.45,71.78,0.15,299.9,6,0.25,New,Online,Snowy
2024-09-16,TRX-13738,PROD-8390,Smart Watch,Electronics,10,69.24,623.16,0.1,64.0,12,0.06,Returning,Online,Cloudy
2024-09-16,TRX-13739,PROD-5960,Throw Pillow,Home Goods,10,41.38,331.04,0.2,411.79,6,0.06,Returning,New York,Sunny
2024-09-16,TRX-13740,PROD-4260,Canvas Tote,Accessories,7,134.87,944.09,0.0,150.77,9,0.26,Returning,Chicago,Rainy
2024-09-16,TRX-13741,PROD-9710,Scented Candle,Home Goods,10,32.23,322.3,0.0,313.89,8,0.06,VIP,Online,Cloudy
2024-09-16,TRX-13742,PROD-4539,Portable Charger,Electronics,10,73.42,734.2,0.0,204.92,3,0.12,New,Chicago,Snowy
2024-09-16,TRX-13743,PROD-4260,Canvas Tote,Accessories,9,23.95,215.55,0.0,74.06,12,0.01,VIP,New York,Rainy
2024-09-17,TRX-13744,PROD-0847,Winter Jacket,Apparel,1,59.24,59.24,0.0,143.83,14,0.14,New,Los Angeles,Snowy
2024-09-17,TRX-13745,PROD-5616,Denim Jeans,Apparel,1,91.19,91.19,0.0,363.52,12,0.17,Returning,New York,Sunny
2024-09-17,TRX-13746,PROD-0847,Winter Jacket,Apparel,5,127.3,636.5,0.0,161.27,3,0.16,VIP,Online,Sunny
2024-09-17,TRX-13747,PROD-9710,Scented Candle,Home Goods,2,141.0,282.0,0.0,344.09,2,0.24,New,New York,Cloudy
2024-09-17,TRX-13748,PROD-6494,Sunglasses,Accessories,5,109.92,549.6,0.0,147.58,6,0.25,VIP,Los Angeles,Snowy
2024-09-17,TRX-13749,PROD-5960,Throw Pillow,Home Goods,3,127.2,343.44,0.1,275.41,8,0.07,VIP,Online,Rainy
2024-09-18,TRX-13750,PROD-5960,Throw Pillow,Home Goods,1,94.2,80.07,0.15,159.64,13,0.05,Returning,Online,Rainy
2024-09-18,TRX-13751,PROD-9357,Wireless Earbuds,Electronics,7,98.51,689.57,0.0,210.99,7,0.11,New,Online,Snowy
2024-09-18,TRX-13752,PROD-5616,Denim Jeans,Apparel,5,135.42,575.53,0.15,398.31,10,0.07,Returning,Los Angeles,Snowy
2024-09-18,TRX-13753,PROD-4260,Canvas Tote,Accessories,9,87.02,665.7,0.15,286.92,6,0.26,New,Los Angeles,Snowy
2024-09-18,TRX-13754,PROD-4282,Leather Wallet,Accessories,8,83.04,531.46,0.2,292.27,11,0.03,Returning,New York,Snowy
2024-09-18,TRX-13755,PROD-4260,Canvas Tote,Accessories,10,140.27,1332.57,0.05,439.79,14,0.11,New,Chicago,Sunny
2024-09-19,TRX-13756,PROD-9710,Scented Candle,Home Goods,1,46.24,46.24,0.0,58.21,2,0.08,VIP,New York,Snowy
2024-09-19,TRX-13757,PROD-4539,Portable Charger,Electronics,13,24.79,322.27,0.0,404.02,5,0.14,New,Online,Cloudy
2024-09-19,TRX-13758,PROD-4260,Canvas Tote,Accessories,7,133.79,936.53,0.0,410.16,7,0.01,VIP,Los Angeles,Cloudy
2024-09-19,TRX-13759,PROD-3898,Cotton T-Shirt,Apparel,2,94.53,160.7,0.15,195.48,6,0.11,Returning,Los Angeles,Sunny
2024-09-19,TRX-13760,PROD-5616,Denim Jeans,Apparel,7,20.7,123.17,0.15,361.87,6,0.17,New,Online,Cloudy
2024-09-19,TRX-13761,PROD-4282,Leather Wallet,Accessories,1,135.56,135.56,0.0,474.67,13,0.28,Returning,Los Angeles,Snowy
2024-09-20,TRX-13762,PROD-3898,Cotton T-Shirt,Apparel,1,127.08,127.08,0.0,428.66,2,0.03,Returning,Los Angeles,Snowy
2024-09-20,TRX-13763,PROD-3898,Cotton T-Shirt,Apparel,10,138.8,1110.4,0.2,121.13,4,0.28,VIP,Chicago,Sunny
2024-09-20,TRX-13764,PROD-9357,Wireless Earbuds,Electronics,15,25.56,383.4,0.0,430.91,11,0.13,Returning,New York,Rainy
2024-09-20,TRX-13765,PROD-9497,Ceramic Mug,Home Goods,6,140.01,756.05,0.1,374.84,6,0.25,New,New York,Sunny
2024-09-20,TRX-13766,PROD-9357,Wireless Earbuds,Electronics,6,55.69,284.02,0.15,159.09,3,0.21,VIP,Chicago,Snowy
2024-09-20,TRX-13767,PROD-8390,Smart Watch,Electronics,4,81.67,261.34,0.2,449.91,6,0.24,Returning,Online,Snowy
2024-09-21,TRX-13768,PROD-4282,Leather Wallet,Accessories,9,123.09,886.25,0.2,450.93,8,0.04,Returning,Chicago,Sunny
2024-09-21,TRX-13769,PROD-9497,Ceramic Mug,Home Goods,5,38.45,153.8,0.2,75.6,11,0.26,VIP,Online,Sunny
2024-09-21,TRX-13770,PROD-6494,Sunglasses,Accessories,9,140.0,1260.0,0.0,274.39,9,0.03,New,Chicago,Sunny
2024-09-21,TRX-13771,PROD-4282,Leather Wallet,Accessories,2,65.56,118.01,0.1,274.65,14,0.26,Returning,Online,Sunny
2024-09-21,TRX-13772,PROD-5616,Denim Jeans,Apparel,6,82.2,493.2,0.0,168.19,13,0.09,Returning,Chicago,Rainy
2024-09-21,TRX-13773,PROD-9497,Ceramic Mug,Home Goods,1,115.93,104.34,0.1,292.47,13,0.1,New,New York,Cloudy
2024-09-22,TRX-13774,PROD-8390,Smart Watch,Electronics,7,74.34,416.3,0.2,446.89,8,0.15,VIP,Online,Sunny
2024-09-22,TRX-13775,PROD-9497,Ceramic Mug,Home Goods,10,48.52,412.42,0.15,277.21,6,0.04,New,Online,Snowy
2024-09-22,TRX-13776,PROD-9357,Wireless Earbuds,Electronics,9,93.8,844.2,0.0,455.75,5,0.13,VIP,Online,Rainy
2024-09-22,TRX-13777,PROD-0847,Winter Jacket,Apparel,7,122.67,815.76,0.05,381.74,12,0.01,Returning,New York,Snowy
2024-09-22,TRX-13778,PROD-9357,Wireless Earbuds,Electronics,18,21.29,383.22,0.0,86.15,9,0.1,New,New York,Sunny
2024-09-22,TRX-13779,PROD-6494,Sunglasses,Accessories,5,83.97,419.85,0.0,213.17,8,0.03,VIP,Online,Snowy
2024-09-23,TRX-13780,PROD-4282,Leather Wallet,Accessories,2,73.34,132.01,0.1,376.76,14,0.25,VIP,Los Angeles,Cloudy
2024-09-23,TRX-13781,PROD-9357,Wireless Earbuds,Electronics,10,46.57,372.56,0.2,117.97,7,0.05,New,Chicago,Snowy
2024-09-23,TRX-13782,PROD-3898,Cotton T-Shirt,Apparel,5,76.82,307.28,0.2,359.65,10,0.2,New,Los Angeles,Sunny
2024-09-23,TRX-13783,PROD-5960,Throw Pillow,Home Goods,5,89.48,380.29,0.15,259.4,14,0.12,VIP,New York,Sunny
2024-09-23,TRX-13784,PROD-0847,Winter Jacket,Apparel,7,115.75,648.2,0.2,108.07,10,0.06,New,New York,Sunny
2024-09-23,TRX-13785,PROD-5616,Denim Jeans,Apparel,2,83.84,134.14,0.2,231.54,12,0.05,New,Online,Rainy
2024-09-24,TRX-13786,PROD-4282,Leather Wallet,Accessories,6,44.41,239.81,0.1,208.28,11,0.03,New,Online,Snowy
2024-09-24,TRX-13787,PROD-4282,Leather Wallet,Accessories,10,72.53,689.03,0.05,444.18,7,0.16,Returning,Los Angeles,Snowy
2024-09-24,TRX-13788,PROD-8390,Smart Watch,Electronics,7,114.2,719.46,0.1,269.68,4,0.24,VIP,Los Angeles,Rainy
2024-09-24,TRX-13789,PROD-9710,Scented Candle,Home Goods,1,67.42,64.05,0.05,326.5,2,0.18,VIP,Online,Rainy
2024-09-24,TRX-13790,PROD-4282,Leather Wallet,Accessories,4,126.22,429.15,0.15,449.95,3,0.23,New,New York,Snowy
2024-09-24,TRX-13791,PROD-6494,Sunglasses,Accessories,4,88.16,282.11,0.2,370.18,14,0.24,New,New York,Sunny
2024-09-25,TRX-13792,PROD-9710,Scented Candle,Home Goods,15,24.31,291.72,0.2,342.55,8,0.0,VIP,Online,Sunny
2024-09-25,TRX-13793,PROD-6494,Sunglasses,Accessories,4,97.68,371.18,0.05,217.83,14,0.0,Returning,Online,Sunny
2024-09-25,TRX-13794,PROD-5960,Throw Pillow,Home Goods,5,85.22,404.8,0.05,56.64,9,0.2,VIP,New York,Rainy
2024-09-25,TRX-13795,PROD-6494,Sunglasses,Accessories,4,46.59,186.36,0.0,358.53,14,0.01,VIP,New York,Sunny
2024-09-25,TRX-13796,PROD-9710,Scented Candle,Home Goods,9,59.12,478.87,0.1,398.66,10,0.08,Returning,Chicago,Sunny
2024-09-25,TRX-13797,PROD-4282,Leather Wallet,Accessories,1,83.94,79.74,0.05,123.71,7,0.07,New,Chicago,Rainy
2024-09-26,TRX-13798,PROD-9497,Ceramic Mug,Home Goods,1,56.63,56.63,0.0,134.84,4,0.08,New,New York,Snowy
2024-09-26,TRX-13799,PROD-4260,Canvas Tote,Accessories,1,124.17,105.54,0.15,212.65,5,0.3,VIP,New York,Cloudy
2024-09-26,TRX-13800,PROD-4539,Portable Charger,Electronics,14,19.22,269.08,0.0,107.23,13,0.28,New,Online,Cloudy
2024-09-26,TRX-13801,PROD-9357,Wireless Earbuds,Electronics,6,111.34,634.64,0.05,311.21,5,0.06,New,Online,Snowy
2024-09-26,TRX-13802,PROD-5616,Denim Jeans,Apparel,10,97.98,979.8,0.0,251.63,10,0.14,VIP,Los Angeles,Sunny
2024-09-26,TRX-13803,PROD-0847,Winter Jacket,Apparel,10,69.45,694.5,0.0,218.96,2,0.11,New,Online,Sunny
2024-09-27,TRX-13804,PROD-4282,Leather Wallet,Accessories,2,37.39,74.78,0.0,264.73,11,0.25,VIP,New York,Rainy
2024-09-27,TRX-13805,PROD-5960,Throw Pillow,Home Goods,4,135.66,515.51,0.05,225.22,6,0.26,Returning,Chicago,Rainy
2024-09-27,TRX-13806,PROD-6494,Sunglasses,Accessories,5,100.03,425.13,0.15,485.93,13,0.29,Returning,Chicago,Snowy
2024-09-27,TRX-13807,PROD-9357,Wireless Earbuds,Electronics,15,19.45,291.75,0.0,462.27,8,0.21,VIP,New York,Snowy
2024-09-27,TRX-13808,PROD-6494,Sunglasses,Accessories,1,114.18,114.18,0.0,139.31,6,0.05,New,Los Angeles,Rainy
2024-09-27,TRX-13809,PROD-3898,Cotton T-Shirt,Apparel,3,101.93,305.79,0.0,62.19,13,0.21,New,Online,Sunny
2024-09-28,TRX-13810,PROD-9497,Ceramic Mug,Home Goods,22,17.58,367.42,0.05,467.99,8,0.15,Returning,New York,Snowy
2024-09-28,TRX-13811,PROD-5616,Denim Jeans,Apparel,15,19.37,276.02,0.05,380.16,11,0.13,Returning,Los Angeles,Snowy
2024-09-28,TRX-13812,PROD-9357,Wireless Earbuds,Electronics,4,46.93,168.95,0.1,76.05,10,0.23,New,Los Angeles,Rainy
2024-09-28,TRX-13813,PROD-4539,Portable Charger,Electronics,10,70.88,637.92,0.1,126.38,9,0.15,VIP,Online,Cloudy
2024-09-28,TRX-13814,PROD-4539,Portable Charger,Electronics,2,106.22,212.44,0.0,303.55,12,0.19,VIP,Online,Rainy
2024-09-28,TRX-13815,PROD-6494,Sunglasses,Accessories,3,94.56,255.31,0.1,342.01,3,0.26,VIP,Online,Sunny
2024-09-29,TRX-13816,PROD-9357,Wireless Earbuds,Electronics,9,129.17,988.15,0.15,458.63,3,0.26,New,Online,Sunny
2024-09-29,TRX-13817,PROD-5960,Throw Pillow,Home Goods,9,128.41,982.34,0.15,169.82,7,0.15,New,Online,Sunny
2024-09-29,TRX-13818,PROD-4260,Canvas Tote,Accessories,2,33.98,57.77,0.15,325.02,14,0.14,VIP,Online,Sunny
2024-09-29,TRX-13819,PROD-3898,Cotton T-Shirt,Apparel,11,18.77,206.47,0.0,301.44,2,0.19,Returning,Chicago,Cloudy
2024-09-29,TRX-13820,PROD-4260,Canvas Tote,Accessories,5,100.63,452.83,0.1,161.01,6,0.12,Returning,Online,Snowy
2024-09-29,TRX-13821,PROD-5616,Denim Jeans,Apparel,7,21.24,126.38,0.15,498.12,13,0.01,VIP,Online,Snowy
2024-09-30,TRX-13822,PROD-9497,Ceramic Mug,Home Goods,10,59.85,568.57,0.05,335.94,6,0.07,New,Online,Sunny
2024-09-30,TRX-13823,PROD-5616,Denim Jeans,Apparel,6,92.99,474.25,0.15,464.88,5,0.13,New,Online,Snowy
2024-09-30,TRX-13824,PROD-9357,Wireless Earbuds,Electronics,6,136.54,778.28,0.05,293.23,12,0.03,VIP,Online,Rainy
2024-09-30,TRX-13825,PROD-9357,Wireless Earbuds,Electronics,2,137.38,219.81,0.2,265.11,7,0.12,New,Chicago,Snowy
2024-09-30,TRX-13826,PROD-5960,Throw Pillow,Home Goods,2,46.05,87.49,0.05,489.21,4,0.13,VIP,New York,Cloudy
2024-09-30,TRX-13827,PROD-6494,Sunglasses,Accessories,5,66.79,267.16,0.2,56.32,9,0.16,VIP,Online,Cloudy
2024-10-01,TRX-13828,PROD-8390,Smart Watch,Electronics,7,59.22,393.81,0.05,112.51,11,0.18,Returning,Chicago,Snowy
2024-10-01,TRX-13829,PROD-5960,Throw Pillow,Home Goods,5,34.48,172.4,0.0,168.38,10,0.24,Returning,Online,Rainy
2024-10-01,TRX-13830,PROD-0847,Winter Jacket,Apparel,3,106.54,319.62,0.0,492.2,8,0.14,Returning,New York,Snowy
2024-10-01,TRX-13831,PROD-8390,Smart Watch,Electronics,2,60.59,121.18,0.0,282.54,9,0.22,New,Online,Rainy
2024-10-01,TRX-13832,PROD-0847,Winter Jacket,Apparel,9,31.25,239.06,0.15,387.78,10,0.12,New,Chicago,Cloudy
2024-10-01,TRX-13833,PROD-4260,Canvas Tote,Accessories,10,81.33,772.63,0.05,452.05,3,0.02,Returning,Online,Cloudy
2024-10-02,TRX-13834,PROD-6494,Sunglasses,Accessories,5,92.49,462.45,0.0,270.78,3,0.21,VIP,Los Angeles,Snowy
2024-10-02,TRX-13835,PROD-5616,Denim Jeans,Apparel,7,45.05,315.35,0.0,73.53,3,0.04,Returning,Online,Cloudy
2024-10-02,TRX-13836,PROD-4260,Canvas Tote,Accessories,7,128.94,902.58,0.0,178.13,14,0.01,New,New York,Sunny
2024-10-02,TRX-13837,PROD-9357,Wireless Earbuds,Electronics,10,72.5,580.0,0.2,195.38,7,0.28,VIP,Los Angeles,Sunny
2024-10-02,TRX-13838,PROD-8390,Smart Watch,Electronics,5,79.37,317.48,0.2,230.06,12,0.22,Returning,Chicago,Rainy
2024-10-02,TRX-13839,PROD-4539,Portable Charger,Electronics,3,61.19,183.57,0.0,349.35,10,0.17,Returning,Los Angeles,Sunny
2024-10-03,TRX-13840,PROD-4282,Leather Wallet,Accessories,7,35.67,249.69,0.0,419.43,8,0.17,New,New York,Snowy
2024-10-03,TRX-13841,PROD-4539,Portable Charger,Electronics,2,89.76,143.62,0.2,103.08,9,0.03,VIP,Chicago,Sunny
2024-10-03,TRX-13842,PROD-5616,Denim Jeans,Apparel,13,17.66,229.58,0.0,116.46,9,0.3,Returning,Los Angeles,Cloudy
2024-10-03,TRX-13843,PROD-5960,Throw Pillow,Home Goods,7,65.78,391.39,0.15,358.62,7,0.02,Returning,Los Angeles,Cloudy
2024-10-03,TRX-13844,PROD-6494,Sunglasses,Accessories,2,100.71,191.35,0.05,56.69,10,0.11,VIP,Chicago,Rainy
2024-10-03,TRX-13845,PROD-6494,Sunglasses,Accessories,9,65.25,557.89,0.05,465.37,11,0.28,New,New York,Cloudy
2024-10-04,TRX-13846,PROD-4539,Portable Charger,Electronics,9,59.3,453.64,0.15,403.05,4,0.23,New,New York,Snowy
2024-10-04,TRX-13847,PROD-5960,Throw Pillow,Home Goods,4,49.97,169.9,0.15,484.79,4,0.18,Returning,Online,Cloudy
2024-10-04,TRX-13848,PROD-5960,Throw Pillow,Home Goods,3,113.04,305.21,0.1,366.0,7,0.2,VIP,Online,Snowy
2024-10-04,TRX-13849,PROD-5960,Throw Pillow,Home Goods,20,24.48,465.12,0.05,108.27,12,0.19,Returning,Chicago,Snowy
2024-10-04,TRX-13850,PROD-0847,Winter Jacket,Apparel,5,116.59,582.95,0.0,303.31,2,0.12,VIP,New York,Sunny
2024-10-04,TRX-13851,PROD-4539,Portable Charger,Electronics,5,93.35,466.75,0.0,326.12,4,0.17,New,New York,Snowy
2024-10-05,TRX-13852,PROD-9497,Ceramic Mug,Home Goods,7,31.37,219.59,0.0,277.66,11,0.14,New,Los Angeles,Cloudy
2024-10-05,TRX-13853,PROD-8390,Smart Watch,Electronics,10,59.55,535.95,0.1,305.54,7,0.23,VIP,Chicago,Rainy
2024-10-05,TRX-13854,PROD-5960,Throw Pillow,Home Goods,6,160.02,960.12,0.0,342.8,14,0.07,New,Chicago,Cloudy
2024-10-05,TRX-13855,PROD-4539,Portable Charger,Electronics,9,137.41,989.35,0.2,59.05,12,0.06,VIP,Los Angeles,Cloudy
2024-10-05,TRX-13856,PROD-9497,Ceramic Mug,Home Goods,5,57.97,231.88,0.2,196.77,2,0.22,New,New York,Rainy
2024-10-05,TRX-13857,PROD-3898,Cotton T-Shirt,Apparel,3,106.96,304.84,0.05,188.86,4,0.03,VIP,New York,Cloudy
2024-10-06,TRX-13858,PROD-9710,Scented Candle,Home Goods,9,129.97,1052.76,0.1,147.83,9,0.19,Returning,New York,Snowy
2024-10-06,TRX-13859,PROD-9357,Wireless Earbuds,Electronics,10,129.06,1290.6,0.0,476.15,13,0.01,Returning,Los Angeles,Snowy
2024-10-06,TRX-13860,PROD-3898,Cotton T-Shirt,Apparel,5,70.11,297.97,0.15,345.55,14,0.26,New,Los Angeles,Snowy
2024-10-06,TRX-13861,PROD-9710,Scented Candle,Home Goods,8,38.91,280.15,0.1,286.37,6,0.22,New,Online,Rainy
2024-10-06,TRX-13862,PROD-4260,Canvas Tote,Accessories,6,139.79,838.74,0.0,365.17,12,0.06,VIP,Online,Rainy
2024-10-06,TRX-13863,PROD-4260,Canvas Tote,Accessories,5,131.44,657.2,0.0,174.7,3,0.26,VIP,Los Angeles,Cloudy
2024-10-07,TRX-13864,PROD-4260,Canvas Tote,Accessories,3,125.82,358.59,0.05,413.86,13,0.18,New,Online,Cloudy
2024-10-07,TRX-13865,PROD-9357,Wireless Earbuds,Electronics,3,97.93,279.1,0.05,467.83,9,0.26,VIP,Online,Sunny
2024-10-07,TRX-13866,PROD-5960,Throw Pillow,Home Goods,4,56.45,225.8,0.0,489.21,9,0.17,New,New York,Rainy
2024-10-07,TRX-13867,PROD-9710,Scented Candle,Home Goods,2,58.09,104.56,0.1,424.33,13,0.03,Returning,Online,Cloudy
2024-10-07,TRX-13868,PROD-8390,Smart Watch,Electronics,5,27.3,109.2,0.2,69.5,9,0.16,Returning,Chicago,Snowy
2024-10-07,TRX-13869,PROD-8390,Smart Watch,Electronics,6,64.09,384.54,0.0,280.73,12,0.02,VIP,Online,Rainy
2024-10-08,TRX-13870,PROD-4539,Portable Charger,Electronics,4,105.82,402.12,0.05,425.61,8,0.3,New,Los Angeles,Snowy
2024-10-08,TRX-13871,PROD-0847,Winter Jacket,Apparel,5,144.66,614.8,0.15,429.14,8,0.23,New,Online,Snowy
2024-10-08,TRX-13872,PROD-9497,Ceramic Mug,Home Goods,16,28.33,453.28,0.0,350.75,14,0.24,VIP,Online,Rainy
2024-10-08,TRX-13873,PROD-9357,Wireless Earbuds,Electronics,2,60.11,120.22,0.0,437.5,6,0.08,VIP,Chicago,Sunny
2024-10-08,TRX-13874,PROD-4260,Canvas Tote,Accessories,10,56.3,450.4,0.2,393.29,8,0.05,Returning,Los Angeles,Cloudy
2024-10-08,TRX-13875,PROD-4539,Portable Charger,Electronics,3,149.15,357.96,0.2,271.92,12,0.02,Returning,Online,Rainy
2024-10-09,TRX-13876,PROD-4260,Canvas Tote,Accessories,1,61.5,61.5,0.0,353.26,10,0.05,New,New York,Sunny
2024-10-09,TRX-13877,PROD-3898,Cotton T-Shirt,Apparel,3,101.81,305.43,0.0,264.59,11,0.03,Returning,Chicago,Snowy
2024-10-09,TRX-13878,PROD-4282,Leather Wallet,Accessories,8,104.63,711.48,0.15,219.4,2,0.29,VIP,Chicago,Sunny
2024-10-09,TRX-13879,PROD-9497,Ceramic Mug,Home Goods,2,46.58,93.16,0.0,494.26,8,0.2,Returning,Online,Snowy
2024-10-09,TRX-13880,PROD-9710,Scented Candle,Home Goods,7,69.44,486.08,0.0,385.72,5,0.22,VIP,Online,Snowy
2024-10-09,TRX-13881,PROD-9497,Ceramic Mug,Home Goods,7,114.37,720.53,0.1,195.99,2,0.24,VIP,Los Angeles,Rainy
2024-10-10,TRX-13882,PROD-3898,Cotton T-Shirt,Apparel,7,93.65,524.44,0.2,366.19,3,0.09,Returning,New York,Snowy
2024-10-10,TRX-13883,PROD-9357,Wireless Earbuds,Electronics,8,138.61,1108.88,0.0,426.36,14,0.0,New,Chicago,Rainy
2024-10-10,TRX-13884,PROD-9357,Wireless Earbuds,Electronics,7,101.24,708.68,0.0,310.45,2,0.28,VIP,Online,Sunny
2024-10-10,TRX-13885,PROD-9497,Ceramic Mug,Home Goods,1,85.38,81.11,0.05,229.14,8,0.18,New,Online,Snowy
2024-10-10,TRX-13886,PROD-9357,Wireless Earbuds,Electronics,2,88.5,168.15,0.05,345.61,11,0.19,VIP,Online,Snowy
2024-10-10,TRX-13887,PROD-4260,Canvas Tote,Accessories,5,43.17,205.06,0.05,249.42,11,0.28,Returning,New York,Snowy
2024-10-11,TRX-13888,PROD-5960,Throw Pillow,Home Goods,3,65.55,196.65,0.0,322.29,10,0.07,VIP,Online,Cloudy
2024-10-11,TRX-13889,PROD-6494,Sunglasses,Accessories,9,130.7,1176.3,0.0,165.18,5,0.14,VIP,Online,Snowy
2024-10-11,TRX-13890,PROD-4282,Leather Wallet,Accessories,9,71.63,644.67,0.0,472.47,5,0.0,New,Online,Sunny
2024-10-11,TRX-13891,PROD-9710,Scented Candle,Home Goods,6,78.19,469.14,0.0,102.05,5,0.26,New,Online,Snowy
2024-10-11,TRX-13892,PROD-0847,Winter Jacket,Apparel,6,94.79,540.3,0.05,250.73,13,0.16,New,Chicago,Sunny
2024-10-11,TRX-13893,PROD-0847,Winter Jacket,Apparel,7,38.0,266.0,0.0,472.19,12,0.25,New,Los Angeles,Snowy
2024-10-12,TRX-13894,PROD-9357,Wireless Earbuds,Electronics,5,111.11,472.22,0.15,337.94,12,0.24,New,New York,Cloudy
2024-10-12,TRX-13895,PROD-4260,Canvas Tote,Accessories,2,51.36,82.18,0.2,150.22,12,0.25,New,Chicago,Sunny
2024-10-12,TRX-13896,PROD-4539,Portable Charger,Electronics,1,50.5,50.5,0.0,174.1,9,0.18,Returning,Online,Cloudy
2024-10-12,TRX-13897,PROD-5960,Throw Pillow,Home Goods,9,53.05,477.45,0.0,197.87,11,0.23,VIP,Chicago,Rainy
2024-10-12,TRX-13898,PROD-4260,Canvas Tote,Accessories,2,83.8,150.84,0.1,489.83,4,0.13,VIP,New York,Sunny
2024-10-12,TRX-13899,PROD-4260,Canvas Tote,Accessories,21,21.41,449.61,0.0,451.64,6,0.09,New,Online,Snowy
2024-10-13,TRX-13900,PROD-4282,Leather Wallet,Accessories,3,30.38,72.91,0.2,324.19,4,0.29,Returning,Online,Sunny
2024-10-13,TRX-13901,PROD-9357,Wireless Earbuds,Electronics,6,120.56,651.02,0.1,119.11,12,0.0,VIP,Online,Snowy
2024-10-13,TRX-13902,PROD-5960,Throw Pillow,Home Goods,1,76.9,76.9,0.0,153.71,5,0.03,New,Online,Sunny
2024-10-13,TRX-13903,PROD-6494,Sunglasses,Accessories,3,96.64,231.94,0.2,118.55,6,0.18,VIP,Online,Snowy
2024-10-13,TRX-13904,PROD-5960,Throw Pillow,Home Goods,10,147.74,1181.92,0.2,205.81,10,0.28,New,Chicago,Sunny
2024-10-13,TRX-13905,PROD-8390,Smart Watch,Electronics,17,17.53,298.01,0.0,145.51,11,0.25,New,Online,Snowy
2024-10-14,TRX-13906,PROD-4282,Leather Wallet,Accessories,3,88.09,251.06,0.05,277.77,5,0.19,VIP,Chicago,Cloudy
2024-10-14,TRX-13907,PROD-9497,Ceramic Mug,Home Goods,3,103.4,310.2,0.0,158.47,12,0.0,New,Chicago,Cloudy
2024-10-14,TRX-13908,PROD-6494,Sunglasses,Accessories,6,101.64,487.87,0.2,488.33,5,0.19,Returning,Chicago,Rainy
2024-10-14,TRX-13909,PROD-3898,Cotton T-Shirt,Apparel,4,70.89,255.2,0.1,272.74,3,0.14,New,Chicago,Rainy
2024-10-14,TRX-13910,PROD-3898,Cotton T-Shirt,Apparel,3,50.01,150.03,0.0,382.44,11,0.1,VIP,Online,Snowy
2024-10-14,TRX-13911,PROD-9710,Scented Candle,Home Goods,4,33.69,134.76,0.0,218.2,2,0.13,Returning,Chicago,Cloudy
2024-10-15,TRX-13912,PROD-9357,Wireless Earbuds,Electronics,5,112.62,563.1,0.0,264.14,12,0.16,VIP,Online,Rainy
2024-10-15,TRX-13913,PROD-5960,Throw Pillow,Home Goods,3,61.15,165.1,0.1,135.17,13,0.22,New,Online,Rainy
2024-10-15,TRX-13914,PROD-5960,Throw Pillow,Home Goods,7,149.91,1049.37,0.0,285.61,7,0.11,New,Los Angeles,Snowy
2024-10-15,TRX-13915,PROD-3898,Cotton T-Shirt,Apparel,7,146.16,971.96,0.05,217.97,2,0.02,Returning,Los Angeles,Rainy
2024-10-15,TRX-13916,PROD-4260,Canvas Tote,Accessories,14,19.31,216.27,0.2,92.95,6,0.28,Returning,Online,Cloudy
2024-10-15,TRX-13917,PROD-4260,Canvas Tote,Accessories,7,92.03,644.21,0.0,381.25,3,0.07,Returning,Online,Sunny
2024-10-16,TRX-13918,PROD-4539,Portable Charger,Electronics,9,141.21,1270.89,0.0,292.83,11,0.17,New,Los Angeles,Rainy
2024-10-16,TRX-13919,PROD-0847,Winter Jacket,Apparel,6,129.4,737.58,0.05,359.57,7,0.25,VIP,Online,Snowy
2024-10-16,TRX-13920,PROD-9710,Scented Candle,Home Goods,6,55.76,317.83,0.05,119.61,4,0.05,VIP,Los Angeles,Cloudy
2024-10-16,TRX-13921,PROD-6494,Sunglasses,Accessories,3,112.72,304.34,0.1,304.6,13,0.12,New,New York,Snowy
2024-10-16,TRX-13922,PROD-4539,Portable Charger,Electronics,1,115.93,98.54,0.15,244.64,11,0.24,New,Chicago,Cloudy
2024-10-16,TRX-13923,PROD-8390,Smart Watch,Electronics,9,147.94,1331.46,0.0,283.41,4,0.18,New,Online,Rainy
2024-10-17,TRX-13924,PROD-4282,Leather Wallet,Accessories,9,52.78,475.02,0.0,365.49,14,0.24,New,Los Angeles,Snowy
2024-10-17,TRX-13925,PROD-0847,Winter Jacket,Apparel,15,16.27,207.44,0.15,479.06,14,0.12,New,Chicago,Sunny
2024-10-17,TRX-13926,PROD-4260,Canvas Tote,Accessories,6,51.52,309.12,0.0,296.2,10,0.18,VIP,New York,Snowy
2024-10-17,TRX-13927,PROD-4539,Portable Charger,Electronics,5,26.12,124.07,0.05,94.76,11,0.22,New,Online,Sunny
2024-10-17,TRX-13928,PROD-5616,Denim Jeans,Apparel,6,84.16,454.46,0.1,348.06,6,0.08,Returning,Los Angeles,Snowy
2024-10-17,TRX-13929,PROD-3898,Cotton T-Shirt,Apparel,8,120.07,912.53,0.05,434.16,5,0.26,New,New York,Sunny
2024-10-18,TRX-13930,PROD-9357,Wireless Earbuds,Electronics,4,50.09,200.36,0.0,397.01,9,0.17,Returning,Chicago,Snowy
2024-10-18,TRX-13931,PROD-9497,Ceramic Mug,Home Goods,6,28.49,170.94,0.0,414.83,13,0.14,Returning,Los Angeles,Sunny
2024-10-18,TRX-13932,PROD-3898,Cotton T-Shirt,Apparel,6,34.55,186.57,0.1,361.29,6,0.12,New,New York,Rainy
2024-10-18,TRX-13933,PROD-3898,Cotton T-Shirt,Apparel,2,32.88,62.47,0.05,403.95,2,0.09,VIP,Los Angeles,Rainy
2024-10-18,TRX-13934,PROD-6494,Sunglasses,Accessories,2,86.88,156.38,0.1,192.86,14,0.05,Returning,Los Angeles,Sunny
2024-10-18,TRX-13935,PROD-9497,Ceramic Mug,Home Goods,8,61.53,492.24,0.0,444.57,3,0.17,VIP,New York,Sunny
2024-10-19,TRX-13936,PROD-9497,Ceramic Mug,Home Goods,7,25.51,169.64,0.05,320.88,4,0.23,New,Los Angeles,Snowy
2024-10-19,TRX-13937,PROD-3898,Cotton T-Shirt,Apparel,2,42.58,85.16,0.0,348.13,2,0.05,VIP,New York,Cloudy
2024-10-19,TRX-13938,PROD-8390,Smart Watch,Electronics,7,138.59,873.12,0.1,224.38,13,0.07,Returning,New York,Snowy
2024-10-19,TRX-13939,PROD-4282,Leather Wallet,Accessories,5,126.43,632.15,0.0,71.85,13,0.17,VIP,New York,Snowy
2024-10-19,TRX-13940,PROD-0847,Winter Jacket,Apparel,4,115.78,463.12,0.0,482.27,7,0.01,Returning,Los Angeles,Snowy
2024-10-19,TRX-13941,PROD-5616,Denim Jeans,Apparel,10,132.9,1329.0,0.0,220.04,3,0.15,New,Chicago,Sunny
2024-10-20,TRX-13942,PROD-9497,Ceramic Mug,Home Goods,1,44.29,39.86,0.1,228.11,5,0.02,VIP,Los Angeles,Cloudy
2024-10-20,TRX-13943,PROD-9357,Wireless Earbuds,Electronics,4,58.33,233.32,0.0,305.18,12,0.13,Returning,Los Angeles,Rainy
2024-10-20,TRX-13944,PROD-8390,Smart Watch,Electronics,9,115.65,1040.85,0.0,266.23,5,0.07,New,Chicago,Sunny
2024-10-20,TRX-13945,PROD-8390,Smart Watch,Electronics,7,117.45,822.15,0.0,356.75,9,0.11,New,Chicago,Snowy
2024-10-20,TRX-13946,PROD-0847,Winter Jacket,Apparel,1,30.69,24.55,0.2,401.71,5,0.17,VIP,Chicago,Cloudy
2024-10-20,TRX-13947,PROD-9710,Scented Candle,Home Goods,3,125.58,376.74,0.0,93.96,3,0.23,VIP,New York,Rainy
2024-10-21,TRX-13948,PROD-3898,Cotton T-Shirt,Apparel,16,14.91,238.56,0.0,320.02,10,0.28,New,Online,Sunny
2024-10-21,TRX-13949,PROD-9357,Wireless Earbuds,Electronics,6,107.29,643.74,0.0,463.61,13,0.17,New,Online,Snowy
2024-10-21,TRX-13950,PROD-4260,Canvas Tote,Accessories,7,56.81,397.67,0.0,448.43,12,0.05,New,Chicago,Rainy
2024-10-21,TRX-13951,PROD-6494,Sunglasses,Accessories,9,77.87,560.66,0.2,391.39,9,0.24,New,New York,Rainy
2024-10-21,TRX-13952,PROD-9357,Wireless Earbuds,Electronics,8,140.63,1125.04,0.0,450.39,5,0.12,VIP,Chicago,Rainy
2024-10-21,TRX-13953,PROD-9710,Scented Candle,Home Goods,5,63.15,315.75,0.0,403.34,13,0.29,VIP,Online,Sunny
2024-10-22,TRX-13954,PROD-6494,Sunglasses,Accessories,5,55.24,276.2,0.0,311.21,7,0.0,VIP,New York,Sunny
2024-10-22,TRX-13955,PROD-0847,Winter Jacket,Apparel,7,88.85,528.66,0.15,312.23,6,0.14,Returning,Online,Cloudy
2024-10-22,TRX-13956,PROD-5616,Denim Jeans,Apparel,4,109.89,417.58,0.05,333.13,2,0.29,VIP,New York,Rainy
2024-10-22,TRX-13957,PROD-9710,Scented Candle,Home Goods,13,22.75,251.39,0.15,243.77,6,0.13,New,Los Angeles,Snowy
2024-10-22,TRX-13958,PROD-9357,Wireless Earbuds,Electronics,7,54.82,383.74,0.0,125.33,7,0.05,Returning,Los Angeles,Sunny
2024-10-22,TRX-13959,PROD-5616,Denim Jeans,Apparel,3,114.15,342.45,0.0,295.7,11,0.1,New,Online,Cloudy
2024-10-23,TRX-13960,PROD-5960,Throw Pillow,Home Goods,19,18.83,321.99,0.1,66.28,14,0.16,VIP,Los Angeles,Sunny
2024-10-23,TRX-13961,PROD-4282,Leather Wallet,Accessories,10,92.18,783.53,0.15,232.75,12,0.27,New,Los Angeles,Snowy
2024-10-23,TRX-13962,PROD-9710,Scented Candle,Home Goods,1,133.12,106.5,0.2,428.33,8,0.09,Returning,Online,Snowy
2024-10-23,TRX-13963,PROD-6494,Sunglasses,Accessories,7,82.49,577.43,0.0,198.9,2,0.17,Returning,New York,Sunny
2024-10-23,TRX-13964,PROD-9497,Ceramic Mug,Home Goods,10,130.25,1172.25,0.1,304.15,7,0.14,New,Los Angeles,Snowy
2024-10-23,TRX-13965,PROD-8390,Smart Watch,Electronics,6,33.4,160.32,0.2,424.71,6,0.07,VIP,Los Angeles,Cloudy
2024-10-24,TRX-13966,PROD-9497,Ceramic Mug,Home Goods,22,15.47,272.27,0.2,234.23,11,0.04,New,New York,Cloudy
2024-10-24,TRX-13967,PROD-0847,Winter Jacket,Apparel,1,138.67,110.94,0.2,437.39,5,0.0,Returning,Online,Rainy
2024-10-24,TRX-13968,PROD-4539,Portable Charger,Electronics,1,99.74,99.74,0.0,302.91,10,0.09,New,Online,Snowy
2024-10-24,TRX-13969,PROD-6494,Sunglasses,Accessories,2,98.71,177.68,0.1,439.28,3,0.22,Returning,New York,Snowy
2024-10-24,TRX-13970,PROD-4539,Portable Charger,Electronics,8,78.42,627.36,0.0,487.2,14,0.09,VIP,Chicago,Sunny
2024-10-24,TRX-13971,PROD-4260,Canvas Tote,Accessories,5,156.48,782.4,0.0,279.43,14,0.13,New,Chicago,Rainy
2024-10-25,TRX-13972,PROD-4539,Portable Charger,Electronics,6,134.87,768.76,0.05,272.9,11,0.09,Returning,Los Angeles,Snowy
2024-10-25,TRX-13973,PROD-0847,Winter Jacket,Apparel,8,65.49,523.92,0.0,125.33,6,0.28,Returning,New York,Rainy
2024-10-25,TRX-13974,PROD-4539,Portable Charger,Electronics,7,95.36,634.14,0.05,394.16,12,0.24,New,Chicago,Sunny
2024-10-25,TRX-13975,PROD-5616,Denim Jeans,Apparel,7,44.02,277.33,0.1,343.34,5,0.05,VIP,Online,Snowy
2024-10-25,TRX-13976,PROD-4539,Portable Charger,Electronics,6,99.09,475.63,0.2,374.44,3,0.17,Returning,New York,Rainy
2024-10-25,TRX-13977,PROD-9497,Ceramic Mug,Home Goods,4,129.96,493.85,0.05,162.66,12,0.06,New,New York,Sunny
2024-10-26,TRX-13978,PROD-3898,Cotton T-Shirt,Apparel,5,81.87,409.35,0.0,134.8,12,0.14,New,Online,Rainy
2024-10-26,TRX-13979,PROD-4282,Leather Wallet,Accessories,14,24.97,332.1,0.05,221.79,4,0.01,New,Chicago,Snowy
2024-10-26,TRX-13980,PROD-4282,Leather Wallet,Accessories,5,109.67,438.68,0.2,483.88,7,0.24,Returning,Chicago,Snowy
2024-10-26,TRX-13981,PROD-3898,Cotton T-Shirt,Apparel,9,108.74,880.79,0.1,197.07,4,0.12,New,Online,Sunny
2024-10-26,TRX-13982,PROD-4539,Portable Charger,Electronics,10,132.8,1328.0,0.0,150.62,5,0.01,Returning,Chicago,Snowy
2024-10-26,TRX-13983,PROD-9357,Wireless Earbuds,Electronics,9,64.56,522.94,0.1,485.59,12,0.24,Returning,New York,Sunny
2024-10-27,TRX-13984,PROD-5616,Denim Jeans,Apparel,3,52.34,141.32,0.1,287.09,4,0.13,Returning,Los Angeles,Cloudy
2024-10-27,TRX-13985,PROD-4282,Leather Wallet,Accessories,8,148.95,1191.6,0.0,393.85,8,0.25,New,Chicago,Rainy
2024-10-27,TRX-13986,PROD-4539,Portable Charger,Electronics,9,26.27,189.14,0.2,118.27,13,0.06,VIP,New York,Cloudy
2024-10-27,TRX-13987,PROD-9497,Ceramic Mug,Home Goods,9,92.53,666.22,0.2,382.3,6,0.17,VIP,New York,Snowy
2024-10-27,TRX-13988,PROD-9710,Scented Candle,Home Goods,8,71.82,574.56,0.0,302.39,8,0.17,New,Los Angeles,Rainy
2024-10-27,TRX-13989,PROD-4260,Canvas Tote,Accessories,8,34.05,217.92,0.2,363.02,10,0.03,New,Chicago,Cloudy
2024-10-28,TRX-13990,PROD-0847,Winter Jacket,Apparel,9,90.73,734.91,0.1,162.08,4,0.03,Returning,Online,Sunny
2024-10-28,TRX-13991,PROD-4282,Leather Wallet,Accessories,5,97.71,488.55,0.0,461.24,9,0.23,Returning,Online,Sunny
2024-10-28,TRX-13992,PROD-0847,Winter Jacket,Apparel,1,83.17,79.01,0.05,121.94,13,0.21,VIP,New York,Sunny
2024-10-28,TRX-13993,PROD-5960,Throw Pillow,Home Goods,18,19.42,332.08,0.05,291.66,4,0.16,VIP,Los Angeles,Snowy
2024-10-28,TRX-13994,PROD-0847,Winter Jacket,Apparel,10,98.99,989.9,0.0,473.8,2,0.23,New,Los Angeles,Snowy
2024-10-28,TRX-13995,PROD-9357,Wireless Earbuds,Electronics,10,70.27,702.7,0.0,160.29,14,0.13,VIP,Los Angeles,Rainy
2024-10-29,TRX-13996,PROD-3898,Cotton T-Shirt,Apparel,9,76.19,651.42,0.05,94.61,12,0.03,Returning,Los Angeles,Rainy
2024-10-29,TRX-13997,PROD-4539,Portable Charger,Electronics,2,68.2,115.94,0.15,309.2,8,0.15,New,Chicago,Sunny
2024-10-29,TRX-13998,PROD-0847,Winter Jacket,Apparel,5,121.34,576.37,0.05,97.34,4,0.01,VIP,Los Angeles,Snowy
2024-10-29,TRX-13999,PROD-5616,Denim Jeans,Apparel,6,85.62,488.03,0.05,133.62,9,0.16,VIP,Online,Sunny
2024-10-29,TRX-14000,PROD-4282,Leather Wallet,Accessories,8,114.27,868.45,0.05,485.99,2,0.21,New,Chicago,Sunny
2024-10-29,TRX-14001,PROD-5616,Denim Jeans,Apparel,1,96.73,91.89,0.05,211.88,9,0.09,VIP,Online,Cloudy
2024-10-30,TRX-14002,PROD-5616,Denim Jeans,Apparel,4,72.53,275.61,0.05,383.6,7,0.12,New,Chicago,Cloudy
2024-10-30,TRX-14003,PROD-5616,Denim Jeans,Apparel,8,79.76,574.27,0.1,212.99,4,0.21,Returning,Chicago,Rainy
2024-10-30,TRX-14004,PROD-4282,Leather Wallet,Accessories,9,90.49,692.25,0.15,136.33,6,0.09,VIP,Los Angeles,Rainy
2024-10-30,TRX-14005,PROD-4282,Leather Wallet,Accessories,6,50.62,303.72,0.0,132.09,8,0.15,New,Los Angeles,Sunny
2024-10-30,TRX-14006,PROD-4260,Canvas Tote,Accessories,10,37.08,333.72,0.1,295.95,3,0.27,New,New York,Rainy
2024-10-30,TRX-14007,PROD-4260,Canvas Tote,Accessories,10,74.21,742.1,0.0,51.15,14,0.15,VIP,New York,Cloudy
2024-10-31,TRX-14008,PROD-5616,Denim Jeans,Apparel,7,50.73,319.6,0.1,451.37,10,0.28,VIP,Online,Cloudy
2024-10-31,TRX-14009,PROD-9497,Ceramic Mug,Home Goods,8,16.75,120.6,0.1,421.49,9,0.28,New,Online,Rainy
2024-10-31,TRX-14010,PROD-0847,Winter Jacket,Apparel,14,23.89,334.46,0.0,124.91,9,0.24,VIP,Chicago,Rainy
2024-10-31,TRX-14011,PROD-9497,Ceramic Mug,Home Goods,16,26.01,395.35,0.05,214.0,7,0.14,VIP,Online,Rainy
2024-10-31,TRX-14012,PROD-0847,Winter Jacket,Apparel,20,22.21,377.57,0.15,386.7,2,0.24,Returning,New York,Cloudy
2024-10-31,TRX-14013,PROD-9710,Scented Candle,Home Goods,5,45.26,226.3,0.0,72.86,8,0.0,New,Online,Snowy
2024-11-01,TRX-14014,PROD-9357,Wireless Earbuds,Electronics,2,141.74,240.96,0.15,204.29,3,0.13,Returning,New York,Rainy
2024-11-01,TRX-14015,PROD-9710,Scented Candle,Home Goods,8,105.96,720.53,0.15,315.44,10,0.03,New,Los Angeles,Snowy
2024-11-01,TRX-14016,PROD-6494,Sunglasses,Accessories,6,82.19,493.14,0.0,226.94,2,0.12,New,Chicago,Rainy
2024-11-01,TRX-14017,PROD-4282,Leather Wallet,Accessories,9,61.86,501.07,0.1,120.83,12,0.09,VIP,Online,Snowy
2024-11-01,TRX-14018,PROD-4260,Canvas Tote,Accessories,8,22.66,163.15,0.1,259.81,7,0.16,New,Chicago,Sunny
2024-11-01,TRX-14019,PROD-5960,Throw Pillow,Home Goods,12,17.37,208.44,0.0,286.9,6,0.1,New,Online,Sunny
2024-11-02,TRX-14020,PROD-5616,Denim Jeans,Apparel,3,104.83,267.32,0.15,384.09,11,0.06,New,Chicago,Cloudy
2024-11-02,TRX-14021,PROD-3898,Cotton T-Shirt,Apparel,4,98.74,394.96,0.0,497.14,13,0.1,Returning,New York,Sunny
2024-11-02,TRX-14022,PROD-4282,Leather Wallet,Accessories,9,59.88,511.97,0.05,109.0,5,0.02,VIP,Los Angeles,Snowy
2024-11-02,TRX-14023,PROD-9710,Scented Candle,Home Goods,8,144.08,979.74,0.15,83.17,12,0.11,New,Chicago,Sunny
2024-11-02,TRX-14024,PROD-5616,Denim Jeans,Apparel,7,80.3,534.0,0.05,322.79,14,0.17,VIP,Los Angeles,Rainy
2024-11-02,TRX-14025,PROD-5616,Denim Jeans,Apparel,4,129.39,491.68,0.05,85.8,8,0.14,Returning,Online,Sunny
2024-11-03,TRX-14026,PROD-3898,Cotton T-Shirt,Apparel,5,123.09,523.13,0.15,60.76,4,0.16,VIP,Chicago,Cloudy
2024-11-03,TRX-14027,PROD-0847,Winter Jacket,Apparel,7,140.77,788.31,0.2,314.6,8,0.17,New,Los Angeles,Snowy
2024-11-03,TRX-14028,PROD-6494,Sunglasses,Accessories,7,51.86,290.42,0.2,277.79,11,0.12,New,Online,Snowy
2024-11-03,TRX-14029,PROD-0847,Winter Jacket,Apparel,5,151.71,758.55,0.0,292.65,5,0.1,New,Chicago,Sunny
2024-11-03,TRX-14030,PROD-9710,Scented Candle,Home Goods,8,47.94,383.52,0.0,253.73,7,0.09,Returning,Los Angeles,Snowy
2024-11-03,TRX-14031,PROD-4282,Leather Wallet,Accessories,19,22.45,341.24,0.2,342.15,10,0.14,New,Online,Cloudy
2024-11-04,TRX-14032,PROD-4539,Portable Charger,Electronics,5,44.54,211.56,0.05,409.03,5,0.13,New,New York,Rainy
2024-11-04,TRX-14033,PROD-9710,Scented Candle,Home Goods,2,87.32,148.44,0.15,456.83,10,0.2,Returning,Online,Snowy
2024-11-04,TRX-14034,PROD-4282,Leather Wallet,Accessories,1,134.42,134.42,0.0,136.13,12,0.2,New,Los Angeles,Cloudy
2024-11-04,TRX-14035,PROD-6494,Sunglasses,Accessories,8,139.09,945.81,0.15,397.2,14,0.2,Returning,Los Angeles,Sunny
2024-11-04,TRX-14036,PROD-6494,Sunglasses,Accessories,18,23.59,403.39,0.05,379.0,13,0.23,VIP,Online,Sunny
2024-11-04,TRX-14037,PROD-4282,Leather Wallet,Accessories,7,128.9,902.3,0.0,406.0,3,0.07,New,Los Angeles,Snowy
2024-11-05,TRX-14038,PROD-5616,Denim Jeans,Apparel,7,109.92,769.44,0.0,62.25,6,0.12,Returning,Chicago,Snowy
2024-11-05,TRX-14039,PROD-4282,Leather Wallet,Accessories,5,113.39,566.95,0.0,483.7,14,0.07,Returning,Chicago,Cloudy
2024-11-05,TRX-14040,PROD-8390,Smart Watch,Electronics,10,29.5,295.0,0.0,457.27,12,0.01,New,Los Angeles,Rainy
2024-11-05,TRX-14041,PROD-5960,Throw Pillow,Home Goods,1,33.44,26.75,0.2,353.35,4,0.25,Returning,Los Angeles,Snowy
2024-11-05,TRX-14042,PROD-9497,Ceramic Mug,Home Goods,9,52.43,448.28,0.05,328.55,11,0.01,New,Los Angeles,Rainy
2024-11-05,TRX-14043,PROD-3898,Cotton T-Shirt,Apparel,5,116.61,583.05,0.0,477.32,3,0.28,VIP,Online,Cloudy
2024-11-06,TRX-14044,PROD-5960,Throw Pillow,Home Goods,9,122.27,1045.41,0.05,489.23,3,0.2,New,Online,Snowy
2024-11-06,TRX-14045,PROD-3898,Cotton T-Shirt,Apparel,7,48.53,271.77,0.2,327.0,4,0.01,VIP,Chicago,Cloudy
2024-11-06,TRX-14046,PROD-9710,Scented Candle,Home Goods,7,66.49,372.34,0.2,421.83,12,0.28,VIP,Chicago,Sunny
2024-11-06,TRX-14047,PROD-6494,Sunglasses,Accessories,22,22.46,494.12,0.0,78.35,12,0.28,Returning,Los Angeles,Rainy
2024-11-06,TRX-14048,PROD-6494,Sunglasses,Accessories,7,119.27,834.89,0.0,365.51,7,0.08,VIP,New York,Rainy
2024-11-06,TRX-14049,PROD-8390,Smart Watch,Electronics,7,118.69,789.29,0.05,353.94,8,0.08,VIP,New York,Sunny
2024-11-07,TRX-14050,PROD-0847,Winter Jacket,Apparel,2,159.86,319.72,0.0,355.84,7,0.29,Returning,Chicago,Rainy
2024-11-07,TRX-14051,PROD-5960,Throw Pillow,Home Goods,3,118.64,284.74,0.2,493.45,12,0.26,VIP,New York,Snowy
2024-11-07,TRX-14052,PROD-8390,Smart Watch,Electronics,5,132.63,563.68,0.15,254.58,7,0.25,New,Chicago,Sunny
2024-11-07,TRX-14053,PROD-4260,Canvas Tote,Accessories,6,47.61,285.66,0.0,218.44,10,0.27,New,Chicago,Sunny
2024-11-07,TRX-14054,PROD-5960,Throw Pillow,Home Goods,7,148.64,884.41,0.15,208.09,4,0.02,VIP,New York,Snowy
2024-11-07,TRX-14055,PROD-8390,Smart Watch,Electronics,6,104.88,503.42,0.2,316.34,5,0.19,New,Chicago,Rainy
2024-11-08,TRX-14056,PROD-8390,Smart Watch,Electronics,7,31.26,218.82,0.0,152.56,14,0.18,Returning,Chicago,Rainy
2024-11-08,TRX-14057,PROD-4539,Portable Charger,Electronics,1,60.27,54.24,0.1,495.42,14,0.27,New,New York,Cloudy
2024-11-08,TRX-14058,PROD-9357,Wireless Earbuds,Electronics,6,85.97,438.45,0.15,135.03,2,0.25,New,Chicago,Rainy
2024-11-08,TRX-14059,PROD-0847,Winter Jacket,Apparel,3,106.6,319.8,0.0,452.12,12,0.11,VIP,Chicago,Cloudy
2024-11-08,TRX-14060,PROD-4282,Leather Wallet,Accessories,8,129.54,1036.32,0.0,223.05,7,0.22,Returning,Los Angeles,Rainy
2024-11-08,TRX-14061,PROD-0847,Winter Jacket,Apparel,2,89.43,178.86,0.0,310.26,7,0.02,VIP,Chicago,Snowy
2024-11-09,TRX-14062,PROD-4260,Canvas Tote,Accessories,9,147.3,1060.56,0.2,56.81,11,0.1,New,Los Angeles,Snowy
2024-11-09,TRX-14063,PROD-3898,Cotton T-Shirt,Apparel,10,97.9,881.1,0.1,244.47,7,0.19,VIP,Chicago,Snowy
2024-11-09,TRX-14064,PROD-9357,Wireless Earbuds,Electronics,7,113.05,791.35,0.0,351.19,12,0.22,VIP,Online,Sunny
2024-11-09,TRX-14065,PROD-3898,Cotton T-Shirt,Apparel,9,82.04,701.44,0.05,210.51,9,0.25,New,New York,Rainy
2024-11-09,TRX-14066,PROD-9357,Wireless Earbuds,Electronics,3,66.97,200.91,0.0,163.44,14,0.27,New,Online,Cloudy
2024-11-09,TRX-14067,PROD-0847,Winter Jacket,Apparel,13,17.46,204.28,0.1,163.13,9,0.06,New,New York,Rainy
2024-11-10,TRX-14068,PROD-5960,Throw Pillow,Home Goods,5,130.19,650.95,0.0,356.93,5,0.19,VIP,Online,Sunny
2024-11-10,TRX-14069,PROD-8390,Smart Watch,Electronics,11,21.99,193.51,0.2,228.9,4,0.18,VIP,New York,Snowy
2024-11-10,TRX-14070,PROD-9497,Ceramic Mug,Home Goods,7,124.26,826.33,0.05,348.03,6,0.15,New,Online,Rainy
2024-11-10,TRX-14071,PROD-9497,Ceramic Mug,Home Goods,3,73.61,187.71,0.15,368.26,10,0.07,VIP,Los Angeles,Sunny
2024-11-10,TRX-14072,PROD-8390,Smart Watch,Electronics,9,104.82,943.38,0.0,130.31,7,0.05,VIP,New York,Sunny
2024-11-10,TRX-14073,PROD-6494,Sunglasses,Accessories,17,25.54,369.05,0.15,363.08,5,0.28,VIP,Online,Sunny
2024-11-11,TRX-14074,PROD-9497,Ceramic Mug,Home Goods,2,93.03,176.76,0.05,270.83,5,0.04,Returning,Online,Cloudy
2024-11-11,TRX-14075,PROD-9710,Scented Candle,Home Goods,17,29.89,508.13,0.0,243.53,12,0.07,Returning,Los Angeles,Sunny
2024-11-11,TRX-14076,PROD-9497,Ceramic Mug,Home Goods,8,80.22,641.76,0.0,412.84,2,0.15,Returning,Online,Sunny
2024-11-11,TRX-14077,PROD-4539,Portable Charger,Electronics,16,25.39,324.99,0.2,225.82,9,0.19,VIP,Online,Cloudy
2024-11-11,TRX-14078,PROD-9710,Scented Candle,Home Goods,1,115.93,115.93,0.0,412.5,5,0.12,Returning,Chicago,Cloudy
2024-11-11,TRX-14079,PROD-4260,Canvas Tote,Accessories,1,156.72,125.38,0.2,312.4,11,0.21,VIP,Los Angeles,Snowy
2024-11-12,TRX-14080,PROD-5960,Throw Pillow,Home Goods,3,109.51,328.53,0.0,396.91,10,0.0,Returning,Los Angeles,Rainy
2024-11-12,TRX-14081,PROD-9497,Ceramic Mug,Home Goods,22,18.76,412.72,0.0,61.72,9,0.25,New,New York,Rainy
2024-11-12,TRX-14082,PROD-6494,Sunglasses,Accessories,6,59.22,355.32,0.0,415.6,14,0.18,Returning,New York,Snowy
2024-11-12,TRX-14083,PROD-0847,Winter Jacket,Apparel,8,31.0,198.4,0.2,418.37,12,0.06,New,Chicago,Rainy
2024-11-12,TRX-14084,PROD-9357,Wireless Earbuds,Electronics,7,115.2,806.4,0.0,358.32,2,0.16,New,Chicago,Sunny
2024-11-12,TRX-14085,PROD-4260,Canvas Tote,Accessories,16,23.96,345.02,0.1,59.31,6,0.21,New,New York,Snowy
2024-11-13,TRX-14086,PROD-5960,Throw Pillow,Home Goods,8,126.0,1008.0,0.0,91.74,4,0.13,VIP,Online,Sunny
2024-11-13,TRX-14087,PROD-4539,Portable Charger,Electronics,8,79.63,605.19,0.05,455.14,5,0.27,New,New York,Cloudy
2024-11-13,TRX-14088,PROD-5616,Denim Jeans,Apparel,8,85.61,684.88,0.0,82.71,9,0.23,Returning,Online,Snowy
2024-11-13,TRX-14089,PROD-9710,Scented Candle,Home Goods,2,158.81,317.62,0.0,262.7,5,0.1,VIP,Chicago,Snowy
2024-11-13,TRX-14090,PROD-9497,Ceramic Mug,Home Goods,3,96.63,289.89,0.0,127.58,9,0.13,Returning,Online,Snowy
2024-11-13,TRX-14091,PROD-0847,Winter Jacket,Apparel,7,123.8,736.61,0.15,455.23,2,0.07,New,Los Angeles,Snowy
2024-11-14,TRX-14092,PROD-8390,Smart Watch,Electronics,10,53.06,530.6,0.0,370.62,2,0.2,VIP,New York,Cloudy
2024-11-14,TRX-14093,PROD-4539,Portable Charger,Electronics,4,95.0,380.0,0.0,150.62,12,0.09,Returning,Los Angeles,Cloudy
2024-11-14,TRX-14094,PROD-4282,Leather Wallet,Accessories,10,106.73,907.2,0.15,205.06,12,0.19,New,Los Angeles,Cloudy
2024-11-14,TRX-14095,PROD-9357,Wireless Earbuds,Electronics,10,33.61,285.69,0.15,487.53,14,0.01,New,New York,Cloudy
2024-11-14,TRX-14096,PROD-6494,Sunglasses,Accessories,11,23.69,260.59,0.0,486.67,11,0.16,Returning,New York,Rainy
2024-11-14,TRX-14097,PROD-9497,Ceramic Mug,Home Goods,7,52.71,368.97,0.0,194.78,10,0.02,VIP,Online,Snowy
2024-11-15,TRX-14098,PROD-5616,Denim Jeans,Apparel,5,77.46,387.3,0.0,366.72,9,0.12,New,Online,Cloudy
2024-11-15,TRX-14099,PROD-3898,Cotton T-Shirt,Apparel,5,94.12,470.6,0.0,321.22,5,0.04,VIP,Los Angeles,Cloudy
2024-11-15,TRX-14100,PROD-4282,Leather Wallet,Accessories,3,105.23,284.12,0.1,431.84,3,0.13,New,New York,Cloudy
2024-11-15,TRX-14101,PROD-9710,Scented Candle,Home Goods,3,80.09,228.26,0.05,264.55,5,0.07,New,Chicago,Sunny
2024-11-15,TRX-14102,PROD-0847,Winter Jacket,Apparel,8,126.86,964.14,0.05,492.26,5,0.08,Returning,New York,Snowy
2024-11-15,TRX-14103,PROD-9710,Scented Candle,Home Goods,6,138.3,705.33,0.15,131.95,14,0.04,Returning,Online,Cloudy
2024-11-16,TRX-14104,PROD-9357,Wireless Earbuds,Electronics,6,86.78,520.68,0.0,257.62,5,0.11,VIP,Los Angeles,Cloudy
2024-11-16,TRX-14105,PROD-9710,Scented Candle,Home Goods,6,92.14,552.84,0.0,331.53,7,0.24,Returning,Chicago,Cloudy
2024-11-16,TRX-14106,PROD-9357,Wireless Earbuds,Electronics,8,68.49,493.13,0.1,184.15,5,0.16,New,New York,Rainy
2024-11-16,TRX-14107,PROD-6494,Sunglasses,Accessories,12,21.42,257.04,0.0,207.57,6,0.16,VIP,Los Angeles,Cloudy
2024-11-16,TRX-14108,PROD-9497,Ceramic Mug,Home Goods,9,58.61,474.74,0.1,103.41,2,0.2,Returning,Los Angeles,Cloudy
2024-11-16,TRX-14109,PROD-9357,Wireless Earbuds,Electronics,5,76.99,365.7,0.05,97.98,6,0.03,VIP,New York,Sunny
2024-11-17,TRX-14110,PROD-9357,Wireless Earbuds,Electronics,4,105.14,378.5,0.1,338.4,12,0.27,VIP,Los Angeles,Rainy
2024-11-17,TRX-14111,PROD-5960,Throw Pillow,Home Goods,1,49.39,41.98,0.15,94.57,9,0.14,New,Online,Snowy
2024-11-17,TRX-14112,PROD-9357,Wireless Earbuds,Electronics,6,67.02,402.12,0.0,422.41,11,0.0,VIP,New York,Snowy
2024-11-17,TRX-14113,PROD-9710,Scented Candle,Home Goods,5,87.43,437.15,0.0,460.47,2,0.2,New,Los Angeles,Rainy
2024-11-17,TRX-14114,PROD-9357,Wireless Earbuds,Electronics,10,46.24,369.92,0.2,225.08,10,0.22,New,Los Angeles,Rainy
2024-11-17,TRX-14115,PROD-6494,Sunglasses,Accessories,7,45.34,269.77,0.15,193.54,9,0.29,VIP,New York,Rainy
2024-11-18,TRX-14116,PROD-0847,Winter Jacket,Apparel,3,128.8,367.08,0.05,69.69,2,0.17,Returning,New York,Sunny
2024-11-18,TRX-14117,PROD-8390,Smart Watch,Electronics,6,98.43,590.58,0.0,255.23,4,0.16,Returning,Online,Rainy
2024-11-18,TRX-14118,PROD-3898,Cotton T-Shirt,Apparel,1,151.35,143.78,0.05,81.73,10,0.02,Returning,Los Angeles,Rainy
2024-11-18,TRX-14119,PROD-0847,Winter Jacket,Apparel,7,92.39,646.73,0.0,100.78,6,0.02,VIP,New York,Sunny
2024-11-18,TRX-14120,PROD-4282,Leather Wallet,Accessories,3,132.77,378.39,0.05,380.23,11,0.2,VIP,Chicago,Rainy
2024-11-18,TRX-14121,PROD-4282,Leather Wallet,Accessories,4,63.06,252.24,0.0,312.69,13,0.26,New,Online,Cloudy
2024-11-19,TRX-14122,PROD-9710,Scented Candle,Home Goods,3,88.53,212.47,0.2,398.24,5,0.28,Returning,Chicago,Cloudy
2024-11-19,TRX-14123,PROD-4282,Leather Wallet,Accessories,5,139.5,662.62,0.05,344.66,12,0.15,VIP,New York,Snowy
2024-11-19,TRX-14124,PROD-4539,Portable Charger,Electronics,9,93.11,796.09,0.05,214.56,2,0.21,New,Online,Sunny
2024-11-19,TRX-14125,PROD-5960,Throw Pillow,Home Goods,1,97.18,77.74,0.2,443.86,11,0.09,Returning,Online,Cloudy
2024-11-19,TRX-14126,PROD-0847,Winter Jacket,Apparel,21,20.54,388.21,0.1,357.0,13,0.03,Returning,Chicago,Sunny
2024-11-19,TRX-14127,PROD-4539,Portable Charger,Electronics,8,156.73,1065.76,0.15,122.78,6,0.1,VIP,Chicago,Snowy
2024-11-20,TRX-14128,PROD-5960,Throw Pillow,Home Goods,10,53.16,425.28,0.2,128.44,4,0.17,VIP,Online,Cloudy
2024-11-20,TRX-14129,PROD-9357,Wireless Earbuds,Electronics,1,113.77,102.39,0.1,336.98,2,0.11,New,New York,Snowy
2024-11-20,TRX-14130,PROD-9497,Ceramic Mug,Home Goods,6,149.77,853.69,0.05,194.68,4,0.2,VIP,Los Angeles,Cloudy
2024-11-20,TRX-14131,PROD-5960,Throw Pillow,Home Goods,7,126.29,795.63,0.1,61.02,13,0.16,Returning,New York,Sunny
2024-11-20,TRX-14132,PROD-9357,Wireless Earbuds,Electronics,3,110.12,264.29,0.2,144.98,4,0.08,New,Chicago,Cloudy
2024-11-20,TRX-14133,PROD-4260,Canvas Tote,Accessories,16,18.56,296.96,0.0,307.47,2,0.12,VIP,Online,Rainy
2024-11-21,TRX-14134,PROD-5960,Throw Pillow,Home Goods,10,50.59,505.9,0.0,413.97,9,0.21,New,Chicago,Snowy
2024-11-21,TRX-14135,PROD-6494,Sunglasses,Accessories,1,72.89,61.96,0.15,289.14,7,0.13,VIP,New York,Sunny
2024-11-21,TRX-14136,PROD-8390,Smart Watch,Electronics,4,119.04,476.16,0.0,338.42,6,0.19,VIP,New York,Sunny
2024-11-21,TRX-14137,PROD-9497,Ceramic Mug,Home Goods,11,19.69,216.59,0.0,192.21,11,0.14,Returning,Online,Rainy
2024-11-21,TRX-14138,PROD-5616,Denim Jeans,Apparel,3,157.19,424.41,0.1,432.04,8,0.1,Returning,Chicago,Cloudy
2024-11-21,TRX-14139,PROD-9497,Ceramic Mug,Home Goods,6,58.77,334.99,0.05,444.56,7,0.01,Returning,Online,Cloudy
2024-11-22,TRX-14140,PROD-4260,Canvas Tote,Accessories,9,36.91,315.58,0.05,100.21,2,0.02,New,Chicago,Cloudy
2024-11-22,TRX-14141,PROD-9710,Scented Candle,Home Goods,4,98.31,393.24,0.0,178.57,11,0.15,New,Chicago,Cloudy
2024-11-22,TRX-14142,PROD-9710,Scented Candle,Home Goods,14,16.82,235.48,0.0,65.85,12,0.22,New,Los Angeles,Snowy
2024-11-22,TRX-14143,PROD-9357,Wireless Earbuds,Electronics,2,93.27,149.23,0.2,79.55,3,0.18,VIP,New York,Rainy
2024-11-22,TRX-14144,PROD-6494,Sunglasses,Accessories,10,100.28,1002.8,0.0,123.59,11,0.16,New,Los Angeles,Rainy
2024-11-22,TRX-14145,PROD-5616,Denim Jeans,Apparel,19,26.19,398.09,0.2,482.8,9,0.22,New,New York,Sunny
2024-11-23,TRX-14146,PROD-6494,Sunglasses,Accessories,4,108.26,411.39,0.05,73.22,6,0.16,New,Chicago,Rainy
2024-11-23,TRX-14147,PROD-4282,Leather Wallet,Accessories,7,141.03,888.49,0.1,396.34,9,0.08,VIP,Los Angeles,Cloudy
2024-11-23,TRX-14148,PROD-6494,Sunglasses,Accessories,10,109.49,1094.9,0.0,371.9,8,0.02,VIP,New York,Snowy
2024-11-23,TRX-14149,PROD-6494,Sunglasses,Accessories,9,59.03,451.58,0.15,75.09,6,0.06,VIP,Online,Cloudy
2024-11-23,TRX-14150,PROD-0847,Winter Jacket,Apparel,23,25.03,489.34,0.15,66.33,14,0.01,Returning,Los Angeles,Sunny
2024-11-23,TRX-14151,PROD-5616,Denim Jeans,Apparel,20,17.04,340.8,0.0,77.95,12,0.3,VIP,Chicago,Cloudy
2024-11-24,TRX-14152,PROD-5960,Throw Pillow,Home Goods,7,128.38,808.79,0.1,194.45,11,0.26,New,Los Angeles,Snowy
2024-11-24,TRX-14153,PROD-8390,Smart Watch,Electronics,19,19.76,300.35,0.2,144.37,14,0.16,VIP,Los Angeles,Cloudy
2024-11-24,TRX-14154,PROD-9497,Ceramic Mug,Home Goods,5,36.08,180.4,0.0,312.35,4,0.06,Returning,New York,Rainy
2024-11-24,TRX-14155,PROD-9710,Scented Candle,Home Goods,2,58.1,92.96,0.2,222.44,4,0.24,Returning,Chicago,Rainy
2024-11-24,TRX-14156,PROD-9497,Ceramic Mug,Home Goods,3,131.92,356.18,0.1,419.73,5,0.04,VIP,New York,Rainy
2024-11-24,TRX-14157,PROD-3898,Cotton T-Shirt,Apparel,1,79.81,79.81,0.0,286.1,3,0.01,Returning,New York,Snowy
2024-11-25,TRX-14158,PROD-4282,Leather Wallet,Accessories,4,121.36,485.44,0.0,355.88,2,0.05,VIP,Online,Rainy
2024-11-25,TRX-14159,PROD-0847,Winter Jacket,Apparel,7,61.63,366.7,0.15,130.65,14,0.16,Returning,New York,Rainy
2024-11-25,TRX-14160,PROD-9497,Ceramic Mug,Home Goods,7,29.0,203.0,0.0,355.1,13,0.07,Returning,New York,Snowy
2024-11-25,TRX-14161,PROD-0847,Winter Jacket,Apparel,9,40.74,366.66,0.0,69.6,13,0.22,VIP,Chicago,Cloudy
2024-11-25,TRX-14162,PROD-5616,Denim Jeans,Apparel,9,23.61,169.99,0.2,375.09,5,0.1,VIP,Online,Rainy
2024-11-25,TRX-14163,PROD-5616,Denim Jeans,Apparel,16,19.08,244.22,0.2,415.97,5,0.01,Returning,New York,Sunny
2024-11-26,TRX-14164,PROD-0847,Winter Jacket,Apparel,25,16.49,371.02,0.1,460.73,4,0.14,VIP,Los Angeles,Rainy
2024-11-26,TRX-14165,PROD-9497,Ceramic Mug,Home Goods,6,75.65,431.2,0.05,303.08,12,0.07,Returning,Chicago,Cloudy
2024-11-26,TRX-14166,PROD-4282,Leather Wallet,Accessories,2,85.24,153.43,0.1,396.56,10,0.08,New,Online,Cloudy
2024-11-26,TRX-14167,PROD-4260,Canvas Tote,Accessories,6,82.4,420.24,0.15,211.81,13,0.29,New,New York,Snowy
2024-11-26,TRX-14168,PROD-5616,Denim Jeans,Apparel,5,90.02,450.1,0.0,186.79,9,0.27,Returning,New York,Sunny
2024-11-26,TRX-14169,PROD-6494,Sunglasses,Accessories,17,16.8,285.6,0.0,401.8,10,0.18,VIP,New York,Snowy
2024-11-27,TRX-14170,PROD-5960,Throw Pillow,Home Goods,8,151.36,968.7,0.2,405.11,13,0.21,New,Los Angeles,Rainy
2024-11-27,TRX-14171,PROD-9497,Ceramic Mug,Home Goods,6,19.61,111.78,0.05,157.59,3,0.17,New,Online,Snowy
2024-11-27,TRX-14172,PROD-4539,Portable Charger,Electronics,4,126.39,505.56,0.0,316.28,14,0.2,New,Chicago,Rainy
2024-11-27,TRX-14173,PROD-8390,Smart Watch,Electronics,3,81.97,245.91,0.0,120.97,8,0.2,New,Chicago,Sunny
2024-11-27,TRX-14174,PROD-0847,Winter Jacket,Apparel,3,51.99,155.97,0.0,167.56,11,0.05,Returning,Los Angeles,Sunny
2024-11-27,TRX-14175,PROD-3898,Cotton T-Shirt,Apparel,1,114.27,114.27,0.0,62.25,5,0.04,VIP,Los Angeles,Rainy
2024-11-28,TRX-14176,PROD-5960,Throw Pillow,Home Goods,10,42.72,341.76,0.2,269.74,3,0.21,New,Chicago,Rainy
2024-11-28,TRX-14177,PROD-0847,Winter Jacket,Apparel,8,57.17,434.49,0.05,132.71,6,0.27,VIP,Chicago,Snowy
2024-11-28,TRX-14178,PROD-6494,Sunglasses,Accessories,9,57.88,416.74,0.2,484.93,11,0.26,Returning,Chicago,Rainy
2024-11-28,TRX-14179,PROD-4282,Leather Wallet,Accessories,4,123.57,494.28,0.0,338.87,2,0.18,Returning,Los Angeles,Rainy
2024-11-28,TRX-14180,PROD-4282,Leather Wallet,Accessories,2,35.3,60.01,0.15,486.33,8,0.14,VIP,Los Angeles,Snowy
2024-11-28,TRX-14181,PROD-9357,Wireless Earbuds,Electronics,4,125.28,476.06,0.05,134.16,4,0.09,VIP,Online,Snowy
2024-11-29,TRX-14182,PROD-4282,Leather Wallet,Accessories,5,92.69,463.45,0.0,475.86,4,0.02,Returning,Los Angeles,Rainy
2024-11-29,TRX-14183,PROD-3898,Cotton T-Shirt,Apparel,4,162.15,648.6,0.0,284.92,14,0.02,VIP,Chicago,Rainy
2024-11-29,TRX-14184,PROD-3898,Cotton T-Shirt,Apparel,7,66.6,466.2,0.0,268.41,2,0.23,VIP,Chicago,Sunny
2024-11-29,TRX-14185,PROD-9357,Wireless Earbuds,Electronics,6,51.77,310.62,0.0,133.49,4,0.08,Returning,Online,Snowy
2024-11-29,TRX-14186,PROD-4539,Portable Charger,Electronics,4,107.86,388.3,0.1,367.8,13,0.19,New,Chicago,Snowy
2024-11-29,TRX-14187,PROD-0847,Winter Jacket,Apparel,4,150.9,513.06,0.15,479.5,6,0.03,New,Chicago,Rainy
2024-11-30,TRX-14188,PROD-0847,Winter Jacket,Apparel,10,85.65,856.5,0.0,404.49,3,0.22,VIP,New York,Cloudy
2024-11-30,TRX-14189,PROD-3898,Cotton T-Shirt,Apparel,6,97.77,527.96,0.1,267.0,11,0.1,VIP,Los Angeles,Cloudy
2024-11-30,TRX-14190,PROD-4282,Leather Wallet,Accessories,4,47.56,190.24,0.0,52.55,2,0.17,New,Online,Cloudy
2024-11-30,TRX-14191,PROD-9710,Scented Candle,Home Goods,6,102.37,614.22,0.0,384.42,3,0.08,New,Chicago,Snowy
2024-11-30,TRX-14192,PROD-9497,Ceramic Mug,Home Goods,10,94.94,949.4,0.0,349.06,4,0.14,VIP,New York,Rainy
2024-11-30,TRX-14193,PROD-9497,Ceramic Mug,Home Goods,5,103.67,440.6,0.15,96.49,3,0.22,New,Chicago,Cloudy
2024-12-01,TRX-14194,PROD-4282,Leather Wallet,Accessories,3,113.08,322.28,0.05,346.87,9,0.13,VIP,New York,Cloudy
2024-12-01,TRX-14195,PROD-4539,Portable Charger,Electronics,8,56.15,449.2,0.0,161.76,8,0.25,New,Chicago,Cloudy
2024-12-01,TRX-14196,PROD-0847,Winter Jacket,Apparel,5,35.54,142.16,0.2,376.91,5,0.04,Returning,New York,Cloudy
2024-12-01,TRX-14197,PROD-5616,Denim Jeans,Apparel,4,137.41,522.16,0.05,82.04,4,0.27,VIP,Chicago,Rainy
2024-12-01,TRX-14198,PROD-8390,Smart Watch,Electronics,7,93.97,592.01,0.1,161.36,2,0.19,VIP,Chicago,Rainy
2024-12-01,TRX-14199,PROD-4539,Portable Charger,Electronics,6,138.34,830.04,0.0,381.93,14,0.12,VIP,Online,Cloudy
2024-12-02,TRX-14200,PROD-4260,Canvas Tote,Accessories,7,76.57,535.99,0.0,176.81,10,0.12,New,New York,Snowy
2024-12-02,TRX-14201,PROD-9357,Wireless Earbuds,Electronics,2,89.79,152.64,0.15,66.5,4,0.09,Returning,New York,Cloudy
2024-12-02,TRX-14202,PROD-4260,Canvas Tote,Accessories,2,110.4,220.8,0.0,382.5,9,0.09,VIP,New York,Sunny
2024-12-02,TRX-14203,PROD-9710,Scented Candle,Home Goods,1,99.99,94.99,0.05,126.3,5,0.21,VIP,Chicago,Rainy
2024-12-02,TRX-14204,PROD-9357,Wireless Earbuds,Electronics,7,86.38,604.66,0.0,75.47,6,0.03,New,New York,Snowy
2024-12-02,TRX-14205,PROD-4539,Portable Charger,Electronics,4,134.19,536.76,0.0,63.15,7,0.11,New,Los Angeles,Sunny
2024-12-03,TRX-14206,PROD-5960,Throw Pillow,Home Goods,6,84.74,508.44,0.0,224.17,2,0.23,Returning,Chicago,Sunny
2024-12-03,TRX-14207,PROD-9497,Ceramic Mug,Home Goods,2,48.0,96.0,0.0,231.41,11,0.11,Returning,Los Angeles,Snowy
2024-12-03,TRX-14208,PROD-4282,Leather Wallet,Accessories,4,98.16,353.38,0.1,224.73,3,0.29,New,New York,Sunny
2024-12-03,TRX-14209,PROD-4282,Leather Wallet,Accessories,2,131.01,262.02,0.0,143.51,7,0.18,Returning,New York,Sunny
2024-12-03,TRX-14210,PROD-4282,Leather Wallet,Accessories,6,100.77,604.62,0.0,334.31,13,0.26,New,Chicago,Cloudy
2024-12-03,TRX-14211,PROD-3898,Cotton T-Shirt,Apparel,4,117.63,446.99,0.05,453.51,4,0.04,Returning,Los Angeles,Cloudy
2024-12-04,TRX-14212,PROD-4539,Portable Charger,Electronics,3,98.5,295.5,0.0,466.88,10,0.16,VIP,New York,Snowy
2024-12-04,TRX-14213,PROD-5616,Denim Jeans,Apparel,4,111.99,425.56,0.05,67.54,12,0.0,VIP,Los Angeles,Sunny
2024-12-04,TRX-14214,PROD-4539,Portable Charger,Electronics,1,135.02,108.02,0.2,317.79,12,0.15,New,Online,Sunny
2024-12-04,TRX-14215,PROD-0847,Winter Jacket,Apparel,3,116.02,313.25,0.1,284.35,6,0.22,Returning,Chicago,Rainy
2024-12-04,TRX-14216,PROD-9710,Scented Candle,Home Goods,6,96.77,464.5,0.2,69.78,8,0.13,VIP,Los Angeles,Snowy
2024-12-04,TRX-14217,PROD-0847,Winter Jacket,Apparel,10,139.59,1116.72,0.2,227.17,8,0.27,VIP,New York,Sunny
2024-12-05,TRX-14218,PROD-9357,Wireless Earbuds,Electronics,23,25.76,503.61,0.15,378.32,13,0.26,New,Chicago,Rainy
2024-12-05,TRX-14219,PROD-4539,Portable Charger,Electronics,10,72.09,648.81,0.1,155.11,8,0.14,VIP,New York,Sunny
2024-12-05,TRX-14220,PROD-4282,Leather Wallet,Accessories,5,90.5,452.5,0.0,276.49,14,0.07,Returning,New York,Rainy
2024-12-05,TRX-14221,PROD-0847,Winter Jacket,Apparel,8,129.5,932.4,0.1,130.29,10,0.05,New,Online,Snowy
2024-12-05,TRX-14222,PROD-4539,Portable Charger,Electronics,2,62.77,119.26,0.05,421.82,4,0.18,Returning,New York,Rainy
2024-12-05,TRX-14223,PROD-4260,Canvas Tote,Accessories,9,126.21,908.71,0.2,238.31,11,0.13,New,New York,Sunny
2024-12-06,TRX-14224,PROD-9497,Ceramic Mug,Home Goods,10,108.55,1085.5,0.0,346.23,12,0.28,Returning,Online,Snowy
2024-12-06,TRX-14225,PROD-5616,Denim Jeans,Apparel,12,17.89,171.74,0.2,143.05,11,0.18,Returning,New York,Snowy
2024-12-06,TRX-14226,PROD-4260,Canvas Tote,Accessories,7,76.52,535.64,0.0,406.42,7,0.11,VIP,New York,Sunny
2024-12-06,TRX-14227,PROD-9497,Ceramic Mug,Home Goods,4,97.11,388.44,0.0,237.24,11,0.06,New,New York,Cloudy
2024-12-06,TRX-14228,PROD-9710,Scented Candle,Home Goods,2,135.01,243.02,0.1,308.26,6,0.23,New,Chicago,Rainy
2024-12-06,TRX-14229,PROD-4282,Leather Wallet,Accessories,3,66.24,178.85,0.1,336.06,11,0.18,New,Online,Snowy
2024-12-07,TRX-14230,PROD-4539,Portable Charger,Electronics,2,31.69,53.87,0.15,454.21,6,0.18,VIP,Los Angeles,Snowy
2024-12-07,TRX-14231,PROD-4260,Canvas Tote,Accessories,3,45.66,109.58,0.2,475.47,9,0.13,VIP,New York,Sunny
2024-12-07,TRX-14232,PROD-6494,Sunglasses,Accessories,1,72.34,72.34,0.0,134.72,9,0.1,New,New York,Cloudy
2024-12-07,TRX-14233,PROD-6494,Sunglasses,Accessories,3,105.39,316.17,0.0,329.36,2,0.21,New,Online,Sunny
2024-12-07,TRX-14234,PROD-0847,Winter Jacket,Apparel,14,22.6,284.76,0.1,243.21,7,0.26,Returning,Chicago,Rainy
2024-12-07,TRX-14235,PROD-9497,Ceramic Mug,Home Goods,8,128.17,1025.36,0.0,140.87,4,0.15,VIP,New York,Rainy
2024-12-08,TRX-14236,PROD-9357,Wireless Earbuds,Electronics,1,93.32,93.32,0.0,271.66,3,0.26,New,New York,Rainy
2024-12-08,TRX-14237,PROD-3898,Cotton T-Shirt,Apparel,5,88.63,443.15,0.0,415.73,8,0.0,VIP,New York,Snowy
2024-12-08,TRX-14238,PROD-9710,Scented Candle,Home Goods,6,110.85,665.1,0.0,448.98,8,0.03,New,Online,Snowy
2024-12-08,TRX-14239,PROD-9710,Scented Candle,Home Goods,5,51.9,259.5,0.0,402.83,6,0.22,VIP,Online,Sunny
2024-12-08,TRX-14240,PROD-4260,Canvas Tote,Accessories,8,35.37,240.52,0.15,428.03,9,0.04,New,New York,Cloudy
2024-12-08,TRX-14241,PROD-5960,Throw Pillow,Home Goods,3,132.75,338.51,0.15,221.7,13,0.25,VIP,Chicago,Snowy
2024-12-09,TRX-14242,PROD-5960,Throw Pillow,Home Goods,2,55.42,94.21,0.15,288.68,7,0.11,VIP,Online,Cloudy
2024-12-09,TRX-14243,PROD-3898,Cotton T-Shirt,Apparel,5,104.21,521.05,0.0,135.59,11,0.29,VIP,New York,Rainy
2024-12-09,TRX-14244,PROD-0847,Winter Jacket,Apparel,2,54.05,86.48,0.2,337.55,6,0.08,VIP,Los Angeles,Snowy
2024-12-09,TRX-14245,PROD-5616,Denim Jeans,Apparel,10,122.58,980.64,0.2,77.87,7,0.13,New,Online,Cloudy
2024-12-09,TRX-14246,PROD-6494,Sunglasses,Accessories,4,107.53,365.6,0.15,164.72,13,0.17,New,Los Angeles,Cloudy
2024-12-09,TRX-14247,PROD-0847,Winter Jacket,Apparel,6,87.83,526.98,0.0,431.13,6,0.12,VIP,New York,Cloudy
2024-12-10,TRX-14248,PROD-8390,Smart Watch,Electronics,8,31.92,242.59,0.05,380.82,10,0.28,Returning,New York,Sunny
2024-12-10,TRX-14249,PROD-9357,Wireless Earbuds,Electronics,6,140.56,759.02,0.1,448.53,9,0.15,New,Chicago,Rainy
2024-12-10,TRX-14250,PROD-9710,Scented Candle,Home Goods,10,58.97,589.7,0.0,300.56,7,0.08,VIP,New York,Cloudy
2024-12-10,TRX-14251,PROD-5960,Throw Pillow,Home Goods,10,62.75,564.75,0.1,229.73,10,0.27,New,Chicago,Snowy
2024-12-10,TRX-14252,PROD-4260,Canvas Tote,Accessories,5,117.53,587.65,0.0,323.22,8,0.3,New,Online,Cloudy
2024-12-10,TRX-14253,PROD-3898,Cotton T-Shirt,Apparel,4,112.31,359.39,0.2,84.53,12,0.28,New,Online,Sunny
2024-12-11,TRX-14254,PROD-4260,Canvas Tote,Accessories,1,113.01,90.41,0.2,181.17,10,0.21,VIP,Online,Sunny
2024-12-11,TRX-14255,PROD-9357,Wireless Earbuds,Electronics,25,24.37,487.4,0.2,151.65,5,0.28,Returning,Chicago,Sunny
2024-12-11,TRX-14256,PROD-0847,Winter Jacket,Apparel,5,88.03,440.15,0.0,173.02,3,0.15,New,Online,Sunny
2024-12-11,TRX-14257,PROD-5960,Throw Pillow,Home Goods,5,87.95,439.75,0.0,447.6,2,0.14,Returning,Los Angeles,Rainy
2024-12-11,TRX-14258,PROD-8390,Smart Watch,Electronics,1,101.52,86.29,0.15,369.94,2,0.13,Returning,Online,Snowy
2024-12-11,TRX-14259,PROD-9710,Scented Candle,Home Goods,11,15.92,148.85,0.15,193.41,14,0.27,VIP,Online,Sunny
2024-12-12,TRX-14260,PROD-5616,Denim Jeans,Apparel,7,123.3,863.1,0.0,171.11,6,0.14,New,Chicago,Sunny
2024-12-12,TRX-14261,PROD-4260,Canvas Tote,Accessories,7,46.27,307.7,0.05,368.95,12,0.08,VIP,Los Angeles,Cloudy
2024-12-12,TRX-14262,PROD-5616,Denim Jeans,Apparel,8,53.97,388.58,0.1,122.88,9,0.2,VIP,Online,Snowy
2024-12-12,TRX-14263,PROD-3898,Cotton T-Shirt,Apparel,7,107.75,754.25,0.0,86.01,12,0.08,New,Online,Cloudy
2024-12-12,TRX-14264,PROD-4539,Portable Charger,Electronics,23,24.63,566.49,0.0,197.33,12,0.15,New,Chicago,Snowy
2024-12-12,TRX-14265,PROD-5616,Denim Jeans,Apparel,9,87.38,747.1,0.05,264.91,8,0.1,New,Los Angeles,Rainy
2024-12-13,TRX-14266,PROD-9710,Scented Candle,Home Goods,2,112.75,225.5,0.0,253.27,12,0.26,New,Los Angeles,Snowy
2024-12-13,TRX-14267,PROD-5960,Throw Pillow,Home Goods,3,130.21,351.57,0.1,150.24,12,0.11,Returning,Online,Rainy
2024-12-13,TRX-14268,PROD-6494,Sunglasses,Accessories,5,114.08,570.4,0.0,155.46,6,0.18,VIP,Los Angeles,Snowy
2024-12-13,TRX-14269,PROD-5960,Throw Pillow,Home Goods,5,60.0,255.0,0.15,472.6,4,0.21,VIP,Chicago,Snowy
2024-12-13,TRX-14270,PROD-9357,Wireless Earbuds,Electronics,7,47.31,331.17,0.0,276.95,13,0.21,VIP,New York,Sunny
2024-12-13,TRX-14271,PROD-6494,Sunglasses,Accessories,3,128.21,307.7,0.2,250.82,6,0.26,VIP,Chicago,Rainy
2024-12-14,TRX-14272,PROD-4282,Leather Wallet,Accessories,9,126.11,1134.99,0.0,172.14,12,0.23,New,New York,Rainy
2024-12-14,TRX-14273,PROD-4260,Canvas Tote,Accessories,5,45.68,182.72,0.2,431.26,14,0.08,New,Chicago,Sunny
2024-12-14,TRX-14274,PROD-5960,Throw Pillow,Home Goods,10,72.65,617.52,0.15,480.98,12,0.19,VIP,Online,Snowy
2024-12-14,TRX-14275,PROD-5616,Denim Jeans,Apparel,3,132.41,397.23,0.0,247.64,9,0.03,Returning,Online,Snowy
2024-12-14,TRX-14276,PROD-5616,Denim Jeans,Apparel,6,121.47,692.38,0.05,105.17,8,0.05,VIP,Online,Rainy
2024-12-14,TRX-14277,PROD-6494,Sunglasses,Accessories,9,122.19,934.75,0.15,272.86,3,0.09,VIP,Los Angeles,Sunny
2024-12-15,TRX-14278,PROD-9357,Wireless Earbuds,Electronics,2,77.71,147.65,0.05,126.33,13,0.2,Returning,Online,Snowy
2024-12-15,TRX-14279,PROD-4282,Leather Wallet,Accessories,3,129.34,388.02,0.0,190.41,11,0.29,VIP,Los Angeles,Rainy
2024-12-15,TRX-14280,PROD-9710,Scented Candle,Home Goods,9,76.27,652.11,0.05,247.98,12,0.14,Returning,Online,Sunny
2024-12-15,TRX-14281,PROD-5960,Throw Pillow,Home Goods,10,101.9,1019.0,0.0,200.29,10,0.11,New,Los Angeles,Cloudy
2024-12-15,TRX-14282,PROD-0847,Winter Jacket,Apparel,1,90.85,72.68,0.2,329.1,6,0.23,New,Online,Rainy
2024-12-15,TRX-14283,PROD-9710,Scented Candle,Home Goods,8,56.46,361.34,0.2,442.39,14,0.03,New,Chicago,Cloudy
2024-12-16,TRX-14284,PROD-3898,Cotton T-Shirt,Apparel,10,144.71,1447.1,0.0,87.91,3,0.23,New,Online,Sunny
2024-12-16,TRX-14285,PROD-6494,Sunglasses,Accessories,10,77.6,776.0,0.0,422.02,3,0.06,Returning,Chicago,Cloudy
2024-12-16,TRX-14286,PROD-0847,Winter Jacket,Apparel,5,40.69,203.45,0.0,206.95,2,0.26,Returning,Los Angeles,Rainy
2024-12-16,TRX-14287,PROD-0847,Winter Jacket,Apparel,15,24.8,372.0,0.0,364.15,9,0.1,VIP,New York,Cloudy
2024-12-16,TRX-14288,PROD-5960,Throw Pillow,Home Goods,8,124.06,992.48,0.0,154.61,13,0.24,New,Chicago,Snowy
2024-12-16,TRX-14289,PROD-5616,Denim Jeans,Apparel,2,83.89,167.78,0.0,410.73,5,0.1,Returning,Online,Rainy
2024-12-17,TRX-14290,PROD-6494,Sunglasses,Accessories,4,98.48,374.22,0.05,275.25,5,0.13,Returning,Chicago,Cloudy
2024-12-17,TRX-14291,PROD-8390,Smart Watch,Electronics,4,113.32,362.62,0.2,109.53,8,0.26,New,Los Angeles,Sunny
2024-12-17,TRX-14292,PROD-4260,Canvas Tote,Accessories,10,115.44,1154.4,0.0,116.07,11,0.26,New,New York,Rainy
2024-12-17,TRX-14293,PROD-9710,Scented Candle,Home Goods,6,47.56,285.36,0.0,243.89,12,0.14,New,New York,Rainy
2024-12-17,TRX-14294,PROD-4282,Leather Wallet,Accessories,1,122.31,122.31,0.0,280.22,13,0.18,VIP,Los Angeles,Sunny
2024-12-17,TRX-14295,PROD-9357,Wireless Earbuds,Electronics,6,142.57,769.88,0.1,207.22,6,0.15,Returning,New York,Snowy
2024-12-18,TRX-14296,PROD-4539,Portable Charger,Electronics,1,97.56,97.56,0.0,67.15,13,0.29,New,New York,Cloudy
2024-12-18,TRX-14297,PROD-9710,Scented Candle,Home Goods,4,78.13,312.52,0.0,419.05,6,0.06,New,Online,Sunny
2024-12-18,TRX-14298,PROD-9710,Scented Candle,Home Goods,2,47.2,94.4,0.0,459.51,7,0.08,Returning,Los Angeles,Sunny
2024-12-18,TRX-14299,PROD-4260,Canvas Tote,Accessories,7,105.31,589.74,0.2,496.04,11,0.24,New,New York,Rainy
2024-12-18,TRX-14300,PROD-6494,Sunglasses,Accessories,15,24.56,313.14,0.15,306.04,2,0.27,Returning,Chicago,Rainy
2024-12-18,TRX-14301,PROD-4282,Leather Wallet,Accessories,2,150.03,285.06,0.05,421.02,2,0.03,New,Chicago,Rainy
2024-12-19,TRX-14302,PROD-4282,Leather Wallet,Accessories,10,95.12,951.2,0.0,213.76,5,0.2,VIP,Online,Rainy
2024-12-19,TRX-14303,PROD-3898,Cotton T-Shirt,Apparel,6,15.66,93.96,0.0,217.23,7,0.06,VIP,New York,Cloudy
2024-12-19,TRX-14304,PROD-3898,Cotton T-Shirt,Apparel,7,118.43,704.66,0.15,127.76,6,0.2,VIP,New York,Cloudy
2024-12-19,TRX-14305,PROD-4282,Leather Wallet,Accessories,6,48.47,290.82,0.0,210.32,3,0.2,VIP,Los Angeles,Rainy
2024-12-19,TRX-14306,PROD-9497,Ceramic Mug,Home Goods,8,138.97,889.41,0.2,406.77,14,0.09,New,Los Angeles,Cloudy
2024-12-19,TRX-14307,PROD-0847,Winter Jacket,Apparel,21,25.43,453.93,0.15,399.25,3,0.21,Returning,Online,Snowy
2024-12-20,TRX-14308,PROD-4539,Portable Charger,Electronics,3,144.88,434.64,0.0,492.03,7,0.2,Returning,New York,Cloudy
2024-12-20,TRX-14309,PROD-0847,Winter Jacket,Apparel,1,51.06,40.85,0.2,281.65,12,0.16,New,Chicago,Cloudy
2024-12-20,TRX-14310,PROD-4260,Canvas Tote,Accessories,9,124.4,1119.6,0.0,136.28,2,0.06,Returning,Los Angeles,Sunny
2024-12-20,TRX-14311,PROD-3898,Cotton T-Shirt,Apparel,9,65.38,559.0,0.05,305.09,13,0.09,Returning,Los Angeles,Sunny
2024-12-20,TRX-14312,PROD-6494,Sunglasses,Accessories,2,92.9,148.64,0.2,134.99,2,0.22,Returning,New York,Cloudy
2024-12-20,TRX-14313,PROD-9357,Wireless Earbuds,Electronics,8,20.79,166.32,0.0,369.69,13,0.12,Returning,New York,Sunny
2024-12-21,TRX-14314,PROD-9357,Wireless Earbuds,Electronics,2,82.08,139.54,0.15,432.65,13,0.04,New,Chicago,Sunny
2024-12-21,TRX-14315,PROD-4539,Portable Charger,Electronics,3,97.0,291.0,0.0,197.07,5,0.21,Returning,Los Angeles,Cloudy
2024-12-21,TRX-14316,PROD-9710,Scented Candle,Home Goods,9,24.39,186.58,0.15,482.42,14,0.21,VIP,Online,Sunny
2024-12-21,TRX-14317,PROD-8390,Smart Watch,Electronics,2,100.79,201.58,0.0,115.54,6,0.03,Returning,New York,Sunny
2024-12-21,TRX-14318,PROD-9357,Wireless Earbuds,Electronics,5,80.04,320.16,0.2,366.53,11,0.12,Returning,Los Angeles,Snowy
2024-12-21,TRX-14319,PROD-8390,Smart Watch,Electronics,7,33.68,200.4,0.15,303.61,10,0.03,VIP,New York,Sunny
2024-12-22,TRX-14320,PROD-8390,Smart Watch,Electronics,1,35.05,35.05,0.0,238.89,11,0.25,Returning,Chicago,Snowy
2024-12-22,TRX-14321,PROD-4282,Leather Wallet,Accessories,4,40.6,154.28,0.05,277.22,3,0.09,Returning,Chicago,Snowy
2024-12-22,TRX-14322,PROD-3898,Cotton T-Shirt,Apparel,8,111.5,892.0,0.0,348.11,12,0.02,New,New York,Cloudy
2024-12-22,TRX-14323,PROD-9497,Ceramic Mug,Home Goods,5,105.9,529.5,0.0,286.12,3,0.13,New,Online,Rainy
2024-12-22,TRX-14324,PROD-9710,Scented Candle,Home Goods,9,74.65,638.26,0.05,133.26,6,0.29,New,New York,Cloudy
2024-12-22,TRX-14325,PROD-9357,Wireless Earbuds,Electronics,10,124.38,1119.42,0.1,386.47,13,0.26,Returning,Chicago,Cloudy
2024-12-23,TRX-14326,PROD-4539,Portable Charger,Electronics,6,55.49,332.94,0.0,330.22,6,0.07,Returning,Los Angeles,Rainy
2024-12-23,TRX-14327,PROD-9357,Wireless Earbuds,Electronics,3,42.2,126.6,0.0,399.6,9,0.28,VIP,Los Angeles,Sunny
2024-12-23,TRX-14328,PROD-3898,Cotton T-Shirt,Apparel,8,138.47,1107.76,0.0,222.78,14,0.03,VIP,Los Angeles,Cloudy
2024-12-23,TRX-14329,PROD-3898,Cotton T-Shirt,Apparel,8,55.29,398.09,0.1,389.08,5,0.03,Returning,Online,Rainy
2024-12-23,TRX-14330,PROD-9497,Ceramic Mug,Home Goods,9,21.14,190.26,0.0,432.44,5,0.0,New,New York,Rainy
2024-12-23,TRX-14331,PROD-9357,Wireless Earbuds,Electronics,3,77.09,231.27,0.0,176.9,9,0.19,VIP,New York,Cloudy
2024-12-24,TRX-14332,PROD-5960,Throw Pillow,Home Goods,3,127.67,363.86,0.05,484.6,2,0.28,New,Online,Sunny
2024-12-24,TRX-14333,PROD-5960,Throw Pillow,Home Goods,8,79.88,575.14,0.1,312.67,10,0.28,VIP,Los Angeles,Cloudy
2024-12-24,TRX-14334,PROD-4260,Canvas Tote,Accessories,5,97.68,488.4,0.0,78.64,7,0.0,Returning,Online,Cloudy
2024-12-24,TRX-14335,PROD-6494,Sunglasses,Accessories,7,37.27,260.89,0.0,147.99,8,0.15,New,Online,Sunny
2024-12-24,TRX-14336,PROD-4539,Portable Charger,Electronics,1,131.56,111.83,0.15,476.96,7,0.19,New,New York,Sunny
2024-12-24,TRX-14337,PROD-8390,Smart Watch,Electronics,8,142.14,909.7,0.2,414.84,2,0.22,New,Los Angeles,Cloudy
2024-12-25,TRX-14338,PROD-3898,Cotton T-Shirt,Apparel,4,111.02,355.26,0.2,298.36,14,0.09,New,New York,Snowy
2024-12-25,TRX-14339,PROD-9357,Wireless Earbuds,Electronics,10,155.02,1317.67,0.15,262.25,12,0.09,Returning,Online,Sunny
2024-12-25,TRX-14340,PROD-4282,Leather Wallet,Accessories,10,33.11,331.1,0.0,453.88,14,0.03,Returning,Online,Snowy
2024-12-25,TRX-14341,PROD-3898,Cotton T-Shirt,Apparel,8,101.44,811.52,0.0,194.88,7,0.28,VIP,Online,Sunny
2024-12-25,TRX-14342,PROD-5616,Denim Jeans,Apparel,3,52.46,133.77,0.15,428.24,7,0.24,VIP,Chicago,Snowy
2024-12-25,TRX-14343,PROD-5616,Denim Jeans,Apparel,25,23.28,523.8,0.1,273.59,2,0.16,New,Chicago,Snowy
2024-12-26,TRX-14344,PROD-8390,Smart Watch,Electronics,8,143.63,1034.14,0.1,166.18,6,0.08,New,Los Angeles,Snowy
2024-12-26,TRX-14345,PROD-5960,Throw Pillow,Home Goods,5,89.96,449.8,0.0,248.7,5,0.12,Returning,New York,Cloudy
2024-12-26,TRX-14346,PROD-5960,Throw Pillow,Home Goods,8,123.72,989.76,0.0,103.79,10,0.02,New,Los Angeles,Snowy
2024-12-26,TRX-14347,PROD-4260,Canvas Tote,Accessories,8,47.63,381.04,0.0,314.65,9,0.29,VIP,Chicago,Cloudy
2024-12-26,TRX-14348,PROD-5616,Denim Jeans,Apparel,4,141.17,479.98,0.15,335.3,3,0.19,VIP,New York,Cloudy
2024-12-26,TRX-14349,PROD-6494,Sunglasses,Accessories,4,56.61,181.15,0.2,200.81,12,0.23,VIP,Chicago,Cloudy
2024-12-27,TRX-14350,PROD-4260,Canvas Tote,Accessories,8,81.37,585.86,0.1,402.66,2,0.14,Returning,New York,Cloudy
2024-12-27,TRX-14351,PROD-9710,Scented Candle,Home Goods,1,131.98,131.98,0.0,268.22,3,0.23,Returning,New York,Rainy
2024-12-27,TRX-14352,PROD-4282,Leather Wallet,Accessories,2,147.35,250.49,0.15,132.55,12,0.17,Returning,Online,Rainy
2024-12-27,TRX-14353,PROD-9497,Ceramic Mug,Home Goods,3,62.47,187.41,0.0,433.07,3,0.15,Returning,Chicago,Snowy
2024-12-27,TRX-14354,PROD-9497,Ceramic Mug,Home Goods,3,136.93,328.63,0.2,445.63,6,0.06,Returning,Los Angeles,Rainy
2024-12-27,TRX-14355,PROD-3898,Cotton T-Shirt,Apparel,2,36.37,72.74,0.0,238.27,11,0.12,Returning,Los Angeles,Snowy
2024-12-28,TRX-14356,PROD-9497,Ceramic Mug,Home Goods,2,121.51,206.57,0.15,175.37,9,0.13,VIP,Online,Snowy
2024-12-28,TRX-14357,PROD-5616,Denim Jeans,Apparel,10,34.44,344.4,0.0,496.09,3,0.22,Returning,Online,Rainy
2024-12-28,TRX-14358,PROD-3898,Cotton T-Shirt,Apparel,6,59.01,354.06,0.0,228.63,11,0.12,VIP,New York,Cloudy
2024-12-28,TRX-14359,PROD-9710,Scented Candle,Home Goods,7,97.51,682.57,0.0,311.17,6,0.02,VIP,New York,Sunny
2024-12-28,TRX-14360,PROD-3898,Cotton T-Shirt,Apparel,7,85.41,508.19,0.15,65.34,2,0.28,Returning,Los Angeles,Rainy
2024-12-28,TRX-14361,PROD-3898,Cotton T-Shirt,Apparel,8,118.2,945.6,0.0,106.07,8,0.14,New,Online,Sunny
2024-12-29,TRX-14362,PROD-5960,Throw Pillow,Home Goods,5,69.22,294.19,0.15,408.46,6,0.27,New,New York,Snowy
2024-12-29,TRX-14363,PROD-9357,Wireless Earbuds,Electronics,1,46.86,44.52,0.05,255.84,4,0.04,Returning,Chicago,Cloudy
2024-12-29,TRX-14364,PROD-0847,Winter Jacket,Apparel,3,75.0,202.5,0.1,377.43,2,0.02,Returning,Online,Snowy
2024-12-29,TRX-14365,PROD-0847,Winter Jacket,Apparel,2,118.38,236.76,0.0,78.68,5,0.01,Returning,Los Angeles,Rainy
2024-12-29,TRX-14366,PROD-0847,Winter Jacket,Apparel,3,48.86,146.58,0.0,144.67,9,0.1,Returning,Chicago,Sunny
2024-12-29,TRX-14367,PROD-4260,Canvas Tote,Accessories,5,44.71,201.2,0.1,356.57,8,0.16,Returning,New York,Cloudy
2024-12-30,TRX-14368,PROD-4539,Portable Charger,Electronics,6,34.87,209.22,0.0,333.95,4,0.14,New,Los Angeles,Snowy
2024-12-30,TRX-14369,PROD-8390,Smart Watch,Electronics,7,33.71,235.97,0.0,383.57,11,0.25,New,Chicago,Snowy
2024-12-30,TRX-14370,PROD-4282,Leather Wallet,Accessories,18,23.84,364.75,0.15,391.03,12,0.3,Returning,Chicago,Sunny
2024-12-30,TRX-14371,PROD-9357,Wireless Earbuds,Electronics,1,41.49,41.49,0.0,328.08,8,0.14,New,Chicago,Sunny
2024-12-30,TRX-14372,PROD-5616,Denim Jeans,Apparel,3,75.46,226.38,0.0,477.2,4,0.29,Returning,Online,Cloudy
2024-12-30,TRX-14373,PROD-9710,Scented Candle,Home Goods,16,16.42,210.18,0.2,88.89,11,0.18,Returning,Chicago,Snowy
2024-12-31,TRX-14374,PROD-3898,Cotton T-Shirt,Apparel,8,135.85,978.12,0.1,82.08,3,0.02,Returning,Chicago,Sunny
2024-12-31,TRX-14375,PROD-5616,Denim Jeans,Apparel,8,90.04,720.32,0.0,408.43,11,0.02,VIP,Chicago,Rainy
2024-12-31,TRX-14376,PROD-3898,Cotton T-Shirt,Apparel,6,136.71,820.26,0.0,295.83,3,0.17,Returning,Online,Snowy
2024-12-31,TRX-14377,PROD-9357,Wireless Earbuds,Electronics,3,72.21,216.63,0.0,351.45,7,0.25,VIP,Los Angeles,Snowy
2024-12-31,TRX-14378,PROD-4282,Leather Wallet,Accessories,4,83.44,283.7,0.15,177.19,10,0.06,New,Online,Rainy
2024-12-31,TRX-14379,PROD-4260,Canvas Tote,Accessories,10,32.18,321.8,0.0,433.35,8,0.16,Returning,New York,Sunny
2025-01-01,TRX-14380,PROD-4260,Canvas Tote,Accessories,1,62.72,62.72,0.0,72.26,14,0.04,Returning,New York,Rainy
2025-01-01,TRX-14381,PROD-4260,Canvas Tote,Accessories,1,119.45,107.51,0.1,119.92,2,0.07,New,Online,Sunny
2025-01-01,TRX-14382,PROD-9497,Ceramic Mug,Home Goods,8,101.01,808.08,0.0,252.31,4,0.15,VIP,Los Angeles,Rainy
2025-01-01,TRX-14383,PROD-0847,Winter Jacket,Apparel,9,73.17,592.68,0.1,175.24,11,0.1,New,Online,Snowy
2025-01-01,TRX-14384,PROD-0847,Winter Jacket,Apparel,4,50.47,191.79,0.05,378.93,10,0.06,Returning,New York,Snowy
2025-01-01,TRX-14385,PROD-0847,Winter Jacket,Apparel,16,29.15,419.76,0.1,276.05,12,0.27,Returning,New York,Sunny
2025-01-02,TRX-14386,PROD-4539,Portable Charger,Electronics,5,91.03,455.15,0.0,331.24,5,0.12,New,Online,Rainy
2025-01-02,TRX-14387,PROD-9710,Scented Candle,Home Goods,8,55.02,440.16,0.0,321.03,4,0.12,New,Los Angeles,Snowy
2025-01-02,TRX-14388,PROD-3898,Cotton T-Shirt,Apparel,6,125.09,750.54,0.0,157.15,7,0.02,New,Online,Rainy
2025-01-02,TRX-14389,PROD-0847,Winter Jacket,Apparel,6,139.25,835.5,0.0,88.41,12,0.12,VIP,New York,Snowy
2025-01-02,TRX-14390,PROD-4539,Portable Charger,Electronics,5,72.65,290.6,0.2,316.8,7,0.26,New,Los Angeles,Snowy
2025-01-02,TRX-14391,PROD-4260,Canvas Tote,Accessories,15,16.36,196.32,0.2,258.93,4,0.19,Returning,Online,Cloudy
2025-01-03,TRX-14392,PROD-4282,Leather Wallet,Accessories,2,134.85,269.7,0.0,460.66,4,0.2,Returning,Los Angeles,Rainy
2025-01-03,TRX-14393,PROD-4539,Portable Charger,Electronics,7,111.65,781.55,0.0,466.89,2,0.23,New,Online,Cloudy
2025-01-03,TRX-14394,PROD-9357,Wireless Earbuds,Electronics,7,80.5,478.97,0.15,443.3,7,0.19,VIP,New York,Snowy
2025-01-03,TRX-14395,PROD-4260,Canvas Tote,Accessories,3,68.22,204.66,0.0,138.79,6,0.3,VIP,Chicago,Sunny
2025-01-03,TRX-14396,PROD-9497,Ceramic Mug,Home Goods,5,68.28,341.4,0.0,449.32,6,0.29,Returning,New York,Snowy
2025-01-03,TRX-14397,PROD-5616,Denim Jeans,Apparel,8,41.65,266.56,0.2,172.21,6,0.04,New,New York,Rainy
2025-01-04,TRX-14398,PROD-9497,Ceramic Mug,Home Goods,10,134.13,1073.04,0.2,265.81,10,0.03,VIP,New York,Rainy
2025-01-04,TRX-14399,PROD-9710,Scented Candle,Home Goods,2,42.15,84.3,0.0,347.74,11,0.28,VIP,Los Angeles,Cloudy
2025-01-04,TRX-14400,PROD-4539,Portable Charger,Electronics,8,108.24,865.92,0.0,60.98,7,0.06,Returning,New York,Rainy
2025-01-04,TRX-14401,PROD-5960,Throw Pillow,Home Goods,5,68.25,341.25,0.0,79.45,9,0.29,VIP,New York,Snowy
2025-01-04,TRX-14402,PROD-3898,Cotton T-Shirt,Apparel,2,111.94,190.3,0.15,211.33,6,0.26,New,Los Angeles,Rainy
2025-01-04,TRX-14403,PROD-9710,Scented Candle,Home Goods,9,31.32,253.69,0.1,483.76,13,0.2,New,Online,Rainy
2025-01-05,TRX-14404,PROD-9710,Scented Candle,Home Goods,3,123.77,334.18,0.1,469.04,7,0.14,VIP,Online,Sunny
2025-01-05,TRX-14405,PROD-9357,Wireless Earbuds,Electronics,5,112.36,505.62,0.1,322.27,3,0.28,Returning,Los Angeles,Snowy
2025-01-05,TRX-14406,PROD-9497,Ceramic Mug,Home Goods,7,45.58,319.06,0.0,404.01,8,0.14,Returning,Online,Sunny
2025-01-05,TRX-14407,PROD-4282,Leather Wallet,Accessories,5,65.82,329.1,0.0,151.93,12,0.01,VIP,Los Angeles,Snowy
2025-01-05,TRX-14408,PROD-4282,Leather Wallet,Accessories,8,33.44,267.52,0.0,237.92,14,0.27,Returning,Los Angeles,Sunny
2025-01-05,TRX-14409,PROD-3898,Cotton T-Shirt,Apparel,10,76.65,766.5,0.0,435.32,12,0.21,VIP,Online,Rainy
2025-01-06,TRX-14410,PROD-6494,Sunglasses,Accessories,5,158.59,792.95,0.0,299.58,4,0.18,New,New York,Snowy
2025-01-06,TRX-14411,PROD-4260,Canvas Tote,Accessories,6,143.67,732.72,0.15,360.28,10,0.12,Returning,Online,Cloudy
2025-01-06,TRX-14412,PROD-8390,Smart Watch,Electronics,6,90.11,540.66,0.0,161.04,3,0.14,Returning,Chicago,Sunny
2025-01-06,TRX-14413,PROD-9710,Scented Candle,Home Goods,5,126.44,537.37,0.15,155.29,13,0.27,Returning,New York,Rainy
2025-01-06,TRX-14414,PROD-4282,Leather Wallet,Accessories,5,128.53,642.65,0.0,248.0,11,0.19,VIP,Chicago,Sunny
2025-01-06,TRX-14415,PROD-9497,Ceramic Mug,Home Goods,1,65.05,58.55,0.1,208.69,5,0.12,VIP,New York,Rainy
2025-01-07,TRX-14416,PROD-5960,Throw Pillow,Home Goods,9,58.57,527.13,0.0,135.42,5,0.04,VIP,Online,Snowy
2025-01-07,TRX-14417,PROD-5616,Denim Jeans,Apparel,6,41.17,222.32,0.1,310.53,11,0.14,Returning,Online,Rainy
2025-01-07,TRX-14418,PROD-5960,Throw Pillow,Home Goods,10,146.44,1464.4,0.0,113.79,13,0.19,Returning,Los Angeles,Snowy
2025-01-07,TRX-14419,PROD-4282,Leather Wallet,Accessories,8,67.18,537.44,0.0,84.57,14,0.03,Returning,Chicago,Rainy
2025-01-07,TRX-14420,PROD-5960,Throw Pillow,Home Goods,4,113.66,409.18,0.1,171.21,7,0.24,Returning,Chicago,Rainy
2025-01-07,TRX-14421,PROD-5960,Throw Pillow,Home Goods,1,74.74,67.27,0.1,308.18,9,0.21,VIP,Chicago,Cloudy
2025-01-08,TRX-14422,PROD-9497,Ceramic Mug,Home Goods,10,70.85,708.5,0.0,460.57,3,0.09,VIP,New York,Cloudy
2025-01-08,TRX-14423,PROD-3898,Cotton T-Shirt,Apparel,1,60.69,54.62,0.1,230.62,8,0.04,New,Chicago,Snowy
2025-01-08,TRX-14424,PROD-9497,Ceramic Mug,Home Goods,6,61.84,371.04,0.0,385.07,13,0.15,VIP,Online,Sunny
2025-01-08,TRX-14425,PROD-5616,Denim Jeans,Apparel,7,48.58,272.05,0.2,409.95,5,0.01,Returning,Online,Snowy
2025-01-08,TRX-14426,PROD-9497,Ceramic Mug,Home Goods,1,94.56,89.83,0.05,366.8,7,0.23,New,Chicago,Sunny
2025-01-08,TRX-14427,PROD-4282,Leather Wallet,Accessories,5,138.39,553.56,0.2,233.66,7,0.22,Returning,New York,Sunny
2025-01-09,TRX-14428,PROD-4282,Leather Wallet,Accessories,3,85.38,256.14,0.0,314.39,7,0.03,VIP,Los Angeles,Sunny
2025-01-09,TRX-14429,PROD-8390,Smart Watch,Electronics,2,91.29,146.06,0.2,381.24,6,0.13,VIP,Online,Rainy
2025-01-09,TRX-14430,PROD-4539,Portable Charger,Electronics,3,60.3,180.9,0.0,266.71,5,0.21,New,Chicago,Snowy
2025-01-09,TRX-14431,PROD-9710,Scented Candle,Home Goods,7,105.26,663.14,0.1,177.44,4,0.25,New,Los Angeles,Rainy
2025-01-09,TRX-14432,PROD-0847,Winter Jacket,Apparel,7,97.42,681.94,0.0,79.79,2,0.06,Returning,Los Angeles,Sunny
2025-01-09,TRX-14433,PROD-5616,Denim Jeans,Apparel,18,24.56,353.66,0.2,72.07,12,0.23,Returning,Chicago,Sunny
2025-01-10,TRX-14434,PROD-5616,Denim Jeans,Apparel,5,102.58,512.9,0.0,484.34,12,0.15,VIP,Los Angeles,Rainy
2025-01-10,TRX-14435,PROD-5960,Throw Pillow,Home Goods,1,102.04,81.63,0.2,366.59,9,0.03,VIP,Los Angeles,Sunny
2025-01-10,TRX-14436,PROD-3898,Cotton T-Shirt,Apparel,7,127.31,757.49,0.15,134.76,4,0.29,New,Online,Snowy
2025-01-10,TRX-14437,PROD-4539,Portable Charger,Electronics,5,28.09,126.4,0.1,411.09,2,0.05,New,Los Angeles,Snowy
2025-01-10,TRX-14438,PROD-4282,Leather Wallet,Accessories,6,110.44,629.51,0.05,323.67,7,0.07,Returning,Online,Cloudy
2025-01-10,TRX-14439,PROD-5960,Throw Pillow,Home Goods,25,21.58,458.57,0.15,135.16,6,0.27,Returning,Los Angeles,Snowy
2025-01-11,TRX-14440,PROD-0847,Winter Jacket,Apparel,3,153.2,459.6,0.0,413.26,12,0.05,VIP,Chicago,Rainy
2025-01-11,TRX-14441,PROD-8390,Smart Watch,Electronics,24,25.15,603.6,0.0,167.61,2,0.18,VIP,New York,Rainy
2025-01-11,TRX-14442,PROD-9710,Scented Candle,Home Goods,10,36.35,363.5,0.0,326.69,5,0.17,VIP,New York,Sunny
2025-01-11,TRX-14443,PROD-4260,Canvas Tote,Accessories,9,75.44,678.96,0.0,250.09,7,0.25,Returning,New York,Rainy
2025-01-11,TRX-14444,PROD-5960,Throw Pillow,Home Goods,10,67.83,576.55,0.15,127.07,10,0.11,Returning,Chicago,Rainy
2025-01-11,TRX-14445,PROD-8390,Smart Watch,Electronics,25,16.5,350.62,0.15,477.86,13,0.28,VIP,Chicago,Cloudy
2025-01-12,TRX-14446,PROD-9710,Scented Candle,Home Goods,10,85.93,859.3,0.0,51.76,6,0.02,New,Online,Sunny
2025-01-12,TRX-14447,PROD-0847,Winter Jacket,Apparel,8,30.54,232.1,0.05,197.69,11,0.02,Returning,Chicago,Rainy
2025-01-12,TRX-14448,PROD-8390,Smart Watch,Electronics,1,136.33,115.88,0.15,173.44,13,0.02,VIP,Online,Rainy
2025-01-12,TRX-14449,PROD-8390,Smart Watch,Electronics,10,160.41,1523.89,0.05,127.55,7,0.25,Returning,Chicago,Cloudy
2025-01-12,TRX-14450,PROD-8390,Smart Watch,Electronics,1,72.69,69.06,0.05,393.18,8,0.23,VIP,Los Angeles,Rainy
2025-01-12,TRX-14451,PROD-8390,Smart Watch,Electronics,7,33.49,222.71,0.05,246.61,10,0.19,New,New York,Rainy
2025-01-13,TRX-14452,PROD-6494,Sunglasses,Accessories,4,65.68,262.72,0.0,186.3,11,0.27,Returning,Los Angeles,Cloudy
2025-01-13,TRX-14453,PROD-6494,Sunglasses,Accessories,3,62.71,169.32,0.1,470.75,7,0.25,New,Chicago,Cloudy
2025-01-13,TRX-14454,PROD-9357,Wireless Earbuds,Electronics,8,89.18,677.77,0.05,430.69,14,0.14,VIP,Los Angeles,Cloudy
2025-01-13,TRX-14455,PROD-6494,Sunglasses,Accessories,7,115.43,808.01,0.0,497.81,8,0.13,Returning,Chicago,Snowy
2025-01-13,TRX-14456,PROD-4260,Canvas Tote,Accessories,18,14.41,207.5,0.2,214.41,2,0.12,VIP,Online,Cloudy
2025-01-13,TRX-14457,PROD-9497,Ceramic Mug,Home Goods,5,28.91,144.55,0.0,327.31,7,0.12,Returning,New York,Cloudy
2025-01-14,TRX-14458,PROD-5616,Denim Jeans,Apparel,8,55.03,396.22,0.1,210.7,13,0.16,Returning,Online,Snowy
2025-01-14,TRX-14459,PROD-4539,Portable Charger,Electronics,9,140.35,1073.68,0.15,401.99,4,0.15,New,Chicago,Sunny
2025-01-14,TRX-14460,PROD-4282,Leather Wallet,Accessories,3,114.0,342.0,0.0,337.73,4,0.05,New,New York,Rainy
2025-01-14,TRX-14461,PROD-0847,Winter Jacket,Apparel,14,16.96,237.44,0.0,364.97,8,0.29,New,Online,Snowy
2025-01-14,TRX-14462,PROD-5616,Denim Jeans,Apparel,5,132.46,596.07,0.1,258.82,11,0.26,VIP,New York,Cloudy
2025-01-14,TRX-14463,PROD-8390,Smart Watch,Electronics,5,115.33,576.65,0.0,389.21,10,0.18,VIP,Chicago,Rainy
2025-01-15,TRX-14464,PROD-5616,Denim Jeans,Apparel,10,85.18,766.62,0.1,332.29,11,0.2,New,Online,Cloudy
2025-01-15,TRX-14465,PROD-5616,Denim Jeans,Apparel,10,143.55,1220.17,0.15,202.89,4,0.17,Returning,Chicago,Sunny
2025-01-15,TRX-14466,PROD-3898,Cotton T-Shirt,Apparel,9,83.73,753.57,0.0,273.44,6,0.23,Returning,Los Angeles,Sunny
2025-01-15,TRX-14467,PROD-8390,Smart Watch,Electronics,4,54.92,219.68,0.0,240.63,2,0.17,VIP,New York,Sunny
2025-01-15,TRX-14468,PROD-5960,Throw Pillow,Home Goods,15,15.93,215.06,0.1,388.36,12,0.25,VIP,Online,Cloudy
2025-01-15,TRX-14469,PROD-8390,Smart Watch,Electronics,8,125.77,1006.16,0.0,399.44,5,0.08,VIP,Chicago,Cloudy
2025-01-16,TRX-14470,PROD-9497,Ceramic Mug,Home Goods,10,28.18,281.8,0.0,354.16,6,0.24,VIP,Los Angeles,Snowy
2025-01-16,TRX-14471,PROD-9710,Scented Candle,Home Goods,9,98.12,838.93,0.05,128.33,7,0.01,Returning,Chicago,Sunny
2025-01-16,TRX-14472,PROD-9497,Ceramic Mug,Home Goods,8,98.27,786.16,0.0,425.71,14,0.14,New,Online,Snowy
2025-01-16,TRX-14473,PROD-4539,Portable Charger,Electronics,7,74.91,471.93,0.1,174.02,5,0.23,New,Los Angeles,Cloudy
2025-01-16,TRX-14474,PROD-5616,Denim Jeans,Apparel,6,124.62,672.95,0.1,423.4,10,0.29,Returning,Online,Sunny
2025-01-16,TRX-14475,PROD-4260,Canvas Tote,Accessories,3,91.35,260.35,0.05,319.57,12,0.03,Returning,Online,Cloudy
2025-01-17,TRX-14476,PROD-9357,Wireless Earbuds,Electronics,3,144.12,410.74,0.05,241.12,2,0.0,VIP,Los Angeles,Cloudy
2025-01-17,TRX-14477,PROD-4539,Portable Charger,Electronics,5,36.4,182.0,0.0,496.71,13,0.23,VIP,New York,Cloudy
2025-01-17,TRX-14478,PROD-4282,Leather Wallet,Accessories,4,112.25,404.1,0.1,205.74,12,0.2,New,Los Angeles,Snowy
2025-01-17,TRX-14479,PROD-5960,Throw Pillow,Home Goods,5,137.14,617.13,0.1,361.72,5,0.22,VIP,Online,Snowy
2025-01-17,TRX-14480,PROD-8390,Smart Watch,Electronics,2,83.29,166.58,0.0,374.39,5,0.24,VIP,Chicago,Rainy
2025-01-17,TRX-14481,PROD-3898,Cotton T-Shirt,Apparel,13,26.19,340.47,0.0,333.27,9,0.0,Returning,New York,Rainy
2025-01-18,TRX-14482,PROD-4260,Canvas Tote,Accessories,4,82.13,328.52,0.0,385.56,9,0.23,VIP,New York,Sunny
2025-01-18,TRX-14483,PROD-0847,Winter Jacket,Apparel,1,133.56,106.85,0.2,278.37,4,0.05,New,Chicago,Cloudy
2025-01-18,TRX-14484,PROD-5960,Throw Pillow,Home Goods,6,118.39,710.34,0.0,321.68,10,0.23,VIP,New York,Snowy
2025-01-18,TRX-14485,PROD-5960,Throw Pillow,Home Goods,1,57.82,46.26,0.2,180.91,4,0.2,Returning,New York,Sunny
2025-01-18,TRX-14486,PROD-0847,Winter Jacket,Apparel,2,50.76,96.44,0.05,69.67,3,0.16,VIP,Los Angeles,Sunny
2025-01-18,TRX-14487,PROD-5616,Denim Jeans,Apparel,5,77.79,388.95,0.0,150.87,2,0.25,VIP,Online,Rainy
2025-01-19,TRX-14488,PROD-5960,Throw Pillow,Home Goods,4,113.78,455.12,0.0,160.67,7,0.16,New,Online,Rainy
2025-01-19,TRX-14489,PROD-3898,Cotton T-Shirt,Apparel,9,28.0,226.8,0.1,480.19,13,0.15,Returning,Chicago,Cloudy
2025-01-19,TRX-14490,PROD-4282,Leather Wallet,Accessories,19,25.38,482.22,0.0,335.24,8,0.05,VIP,Los Angeles,Sunny
2025-01-19,TRX-14491,PROD-5616,Denim Jeans,Apparel,17,17.44,281.66,0.05,178.02,12,0.19,VIP,Los Angeles,Snowy
2025-01-19,TRX-14492,PROD-0847,Winter Jacket,Apparel,4,33.92,115.33,0.15,199.71,12,0.26,New,Los Angeles,Cloudy
2025-01-19,TRX-14493,PROD-5960,Throw Pillow,Home Goods,10,71.41,714.1,0.0,62.18,4,0.25,New,Chicago,Cloudy
2025-01-20,TRX-14494,PROD-9710,Scented Candle,Home Goods,5,109.92,467.16,0.15,317.21,4,0.11,Returning,Los Angeles,Sunny
2025-01-20,TRX-14495,PROD-9710,Scented Candle,Home Goods,3,52.11,132.88,0.15,98.49,7,0.12,VIP,Chicago,Sunny
2025-01-20,TRX-14496,PROD-9710,Scented Candle,Home Goods,5,63.35,316.75,0.0,187.32,13,0.24,Returning,Chicago,Sunny
2025-01-20,TRX-14497,PROD-5960,Throw Pillow,Home Goods,9,55.84,402.05,0.2,279.86,12,0.24,Returning,Online,Cloudy
2025-01-20,TRX-14498,PROD-4539,Portable Charger,Electronics,5,105.1,525.5,0.0,491.54,9,0.28,Returning,Los Angeles,Sunny
2025-01-20,TRX-14499,PROD-0847,Winter Jacket,Apparel,24,29.78,643.25,0.1,476.79,7,0.08,New,Los Angeles,Snowy
2025-01-21,TRX-14500,PROD-6494,Sunglasses,Accessories,8,125.9,856.12,0.15,104.89,7,0.08,New,Los Angeles,Cloudy
2025-01-21,TRX-14501,PROD-8390,Smart Watch,Electronics,1,163.46,138.94,0.15,141.6,10,0.2,Returning,New York,Rainy
2025-01-21,TRX-14502,PROD-9710,Scented Candle,Home Goods,8,31.74,253.92,0.0,69.61,6,0.27,VIP,Online,Cloudy
2025-01-21,TRX-14503,PROD-5616,Denim Jeans,Apparel,18,22.41,403.38,0.0,122.54,11,0.28,VIP,Online,Snowy
2025-01-21,TRX-14504,PROD-3898,Cotton T-Shirt,Apparel,1,134.25,120.83,0.1,203.66,10,0.06,VIP,Online,Cloudy
2025-01-21,TRX-14505,PROD-5960,Throw Pillow,Home Goods,3,151.42,431.55,0.05,474.88,4,0.28,VIP,Chicago,Cloudy
2025-01-22,TRX-14506,PROD-4539,Portable Charger,Electronics,21,23.33,440.94,0.1,367.62,11,0.15,VIP,New York,Sunny
2025-01-22,TRX-14507,PROD-4539,Portable Charger,Electronics,2,92.45,175.66,0.05,418.06,13,0.17,Returning,Los Angeles,Sunny
2025-01-22,TRX-14508,PROD-6494,Sunglasses,Accessories,10,41.89,356.06,0.15,345.16,7,0.1,Returning,Los Angeles,Rainy
2025-01-22,TRX-14509,PROD-5960,Throw Pillow,Home Goods,10,110.94,1053.93,0.05,107.43,2,0.08,VIP,Los Angeles,Rainy
2025-01-22,TRX-14510,PROD-9497,Ceramic Mug,Home Goods,1,49.21,39.37,0.2,60.99,12,0.02,VIP,Online,Rainy
2025-01-22,TRX-14511,PROD-9357,Wireless Earbuds,Electronics,4,38.01,152.04,0.0,345.95,12,0.24,Returning,Los Angeles,Cloudy
2025-01-23,TRX-14512,PROD-9710,Scented Candle,Home Goods,1,88.49,84.07,0.05,103.47,4,0.03,New,Chicago,Snowy
2025-01-23,TRX-14513,PROD-4260,Canvas Tote,Accessories,5,134.61,538.44,0.2,100.17,10,0.25,VIP,Los Angeles,Snowy
2025-01-23,TRX-14514,PROD-5616,Denim Jeans,Apparel,3,55.61,166.83,0.0,248.29,11,0.17,New,Chicago,Rainy
2025-01-23,TRX-14515,PROD-3898,Cotton T-Shirt,Apparel,19,28.64,516.95,0.05,278.03,7,0.03,Returning,Chicago,Sunny
2025-01-23,TRX-14516,PROD-4539,Portable Charger,Electronics,14,20.97,293.58,0.0,388.14,9,0.13,New,New York,Rainy
2025-01-23,TRX-14517,PROD-3898,Cotton T-Shirt,Apparel,8,65.34,522.72,0.0,91.45,2,0.01,Returning,Online,Cloudy
2025-01-24,TRX-14518,PROD-6494,Sunglasses,Accessories,8,49.92,339.46,0.15,156.55,6,0.26,Returning,New York,Cloudy
2025-01-24,TRX-14519,PROD-5960,Throw Pillow,Home Goods,6,24.5,147.0,0.0,98.22,11,0.24,VIP,Los Angeles,Rainy
2025-01-24,TRX-14520,PROD-4282,Leather Wallet,Accessories,3,146.86,440.58,0.0,421.42,3,0.04,VIP,New York,Rainy
2025-01-24,TRX-14521,PROD-8390,Smart Watch,Electronics,8,33.33,266.64,0.0,213.32,8,0.23,VIP,Chicago,Rainy
2025-01-24,TRX-14522,PROD-9497,Ceramic Mug,Home Goods,3,122.46,367.38,0.0,176.61,14,0.12,VIP,Chicago,Snowy
2025-01-24,TRX-14523,PROD-4282,Leather Wallet,Accessories,2,122.9,245.8,0.0,216.76,11,0.29,New,Los Angeles,Snowy
2025-01-25,TRX-14524,PROD-9497,Ceramic Mug,Home Goods,5,66.04,330.2,0.0,424.85,5,0.13,Returning,Online,Snowy
2025-01-25,TRX-14525,PROD-6494,Sunglasses,Accessories,7,106.97,636.47,0.15,266.83,3,0.15,VIP,Online,Sunny
2025-01-25,TRX-14526,PROD-9710,Scented Candle,Home Goods,3,144.41,346.58,0.2,114.27,13,0.23,VIP,New York,Cloudy
2025-01-25,TRX-14527,PROD-6494,Sunglasses,Accessories,5,135.67,610.51,0.1,252.45,2,0.11,New,Online,Sunny
2025-01-25,TRX-14528,PROD-4282,Leather Wallet,Accessories,9,102.01,826.28,0.1,268.62,5,0.02,Returning,New York,Sunny
2025-01-25,TRX-14529,PROD-9710,Scented Candle,Home Goods,10,122.33,1100.97,0.1,216.73,3,0.03,VIP,Chicago,Cloudy
2025-01-26,TRX-14530,PROD-5616,Denim Jeans,Apparel,13,15.17,197.21,0.0,428.28,9,0.18,New,Online,Sunny
2025-01-26,TRX-14531,PROD-5616,Denim Jeans,Apparel,6,90.47,488.54,0.1,340.2,5,0.13,Returning,Chicago,Snowy
2025-01-26,TRX-14532,PROD-5960,Throw Pillow,Home Goods,8,76.59,612.72,0.0,109.84,13,0.09,New,New York,Cloudy
2025-01-26,TRX-14533,PROD-5616,Denim Jeans,Apparel,6,91.72,522.8,0.05,281.81,11,0.29,VIP,Chicago,Sunny
2025-01-26,TRX-14534,PROD-4260,Canvas Tote,Accessories,8,141.17,1129.36,0.0,393.33,5,0.02,VIP,New York,Cloudy
2025-01-26,TRX-14535,PROD-4539,Portable Charger,Electronics,9,143.03,1094.18,0.15,399.98,11,0.08,New,New York,Rainy
2025-01-27,TRX-14536,PROD-5616,Denim Jeans,Apparel,10,64.65,581.85,0.1,317.04,9,0.1,New,Online,Sunny
2025-01-27,TRX-14537,PROD-8390,Smart Watch,Electronics,10,117.86,942.88,0.2,215.67,11,0.19,New,Chicago,Sunny
2025-01-27,TRX-14538,PROD-6494,Sunglasses,Accessories,3,74.04,222.12,0.0,303.22,5,0.11,New,New York,Sunny
2025-01-27,TRX-14539,PROD-9710,Scented Candle,Home Goods,2,118.33,212.99,0.1,481.01,4,0.21,VIP,Chicago,Sunny
2025-01-27,TRX-14540,PROD-8390,Smart Watch,Electronics,1,70.2,66.69,0.05,305.73,13,0.07,VIP,Chicago,Sunny
2025-01-27,TRX-14541,PROD-8390,Smart Watch,Electronics,1,81.66,65.33,0.2,161.79,13,0.15,VIP,Online,Sunny
2025-01-28,TRX-14542,PROD-9710,Scented Candle,Home Goods,9,129.85,1110.22,0.05,264.24,13,0.07,New,New York,Snowy
2025-01-28,TRX-14543,PROD-5616,Denim Jeans,Apparel,5,57.51,273.17,0.05,466.91,3,0.01,Returning,Online,Snowy
2025-01-28,TRX-14544,PROD-9497,Ceramic Mug,Home Goods,6,15.79,94.74,0.0,281.14,4,0.11,VIP,Online,Snowy
2025-01-28,TRX-14545,PROD-4539,Portable Charger,Electronics,21,14.86,312.06,0.0,403.9,14,0.14,New,Online,Sunny
2025-01-28,TRX-14546,PROD-8390,Smart Watch,Electronics,9,14.72,132.48,0.0,376.21,4,0.21,VIP,Los Angeles,Sunny
2025-01-28,TRX-14547,PROD-9497,Ceramic Mug,Home Goods,2,117.07,187.31,0.2,461.51,10,0.27,VIP,Online,Rainy
2025-01-29,TRX-14548,PROD-5960,Throw Pillow,Home Goods,7,85.04,565.52,0.05,246.37,10,0.27,New,New York,Sunny
2025-01-29,TRX-14549,PROD-5960,Throw Pillow,Home Goods,7,51.46,360.22,0.0,426.18,10,0.04,New,Chicago,Sunny
2025-01-29,TRX-14550,PROD-6494,Sunglasses,Accessories,10,129.19,1291.9,0.0,278.09,8,0.04,Returning,Los Angeles,Sunny
2025-01-29,TRX-14551,PROD-9357,Wireless Earbuds,Electronics,15,18.67,280.05,0.0,434.21,14,0.24,Returning,Chicago,Cloudy
2025-01-29,TRX-14552,PROD-8390,Smart Watch,Electronics,3,119.67,305.16,0.15,87.63,10,0.2,New,Chicago,Cloudy
2025-01-29,TRX-14553,PROD-9357,Wireless Earbuds,Electronics,10,118.61,948.88,0.2,486.91,2,0.29,New,Chicago,Rainy
2025-01-30,TRX-14554,PROD-5960,Throw Pillow,Home Goods,4,116.67,466.68,0.0,130.75,3,0.2,VIP,Chicago,Cloudy
2025-01-30,TRX-14555,PROD-6494,Sunglasses,Accessories,4,152.1,608.4,0.0,51.07,2,0.12,VIP,Los Angeles,Rainy
2025-01-30,TRX-14556,PROD-8390,Smart Watch,Electronics,19,29.43,531.21,0.05,424.27,14,0.24,Returning,Chicago,Rainy
2025-01-30,TRX-14557,PROD-0847,Winter Jacket,Apparel,8,116.91,935.28,0.0,326.72,2,0.28,Returning,Online,Rainy
2025-01-30,TRX-14558,PROD-4539,Portable Charger,Electronics,7,91.0,509.6,0.2,252.1,8,0.05,Returning,New York,Rainy
2025-01-30,TRX-14559,PROD-4260,Canvas Tote,Accessories,2,58.36,99.21,0.15,68.7,14,0.21,New,Online,Cloudy
2025-01-31,TRX-14560,PROD-9710,Scented Candle,Home Goods,9,162.25,1168.2,0.2,169.11,6,0.27,Returning,Online,Snowy
2025-01-31,TRX-14561,PROD-8390,Smart Watch,Electronics,8,116.5,932.0,0.0,205.06,6,0.05,VIP,Los Angeles,Rainy
2025-01-31,TRX-14562,PROD-4282,Leather Wallet,Accessories,3,36.68,88.03,0.2,260.8,8,0.13,Returning,Chicago,Cloudy
2025-01-31,TRX-14563,PROD-5616,Denim Jeans,Apparel,5,138.32,657.02,0.05,359.87,7,0.19,VIP,New York,Rainy
2025-01-31,TRX-14564,PROD-4539,Portable Charger,Electronics,14,19.31,270.34,0.0,223.14,7,0.23,VIP,Chicago,Cloudy
2025-01-31,TRX-14565,PROD-0847,Winter Jacket,Apparel,4,138.91,555.64,0.0,491.1,6,0.24,Returning,Los Angeles,Rainy
2025-02-01,TRX-14566,PROD-9710,Scented Candle,Home Goods,3,75.74,181.78,0.2,392.62,11,0.29,Returning,Chicago,Snowy
2025-02-01,TRX-14567,PROD-9710,Scented Candle,Home Goods,1,99.24,79.39,0.2,490.0,13,0.18,New,New York,Rainy
2025-02-01,TRX-14568,PROD-0847,Winter Jacket,Apparel,10,76.4,764.0,0.0,455.09,12,0.14,New,New York,Cloudy
2025-02-01,TRX-14569,PROD-8390,Smart Watch,Electronics,9,135.9,1223.1,0.0,336.52,4,0.06,Returning,Los Angeles,Cloudy
2025-02-01,TRX-14570,PROD-0847,Winter Jacket,Apparel,19,24.19,390.67,0.15,463.75,7,0.01,New,Online,Rainy
2025-02-01,TRX-14571,PROD-4260,Canvas Tote,Accessories,8,62.5,400.0,0.2,384.06,14,0.24,New,New York,Cloudy
2025-02-02,TRX-14572,PROD-8390,Smart Watch,Electronics,2,105.64,211.28,0.0,63.69,11,0.26,Returning,Los Angeles,Sunny
2025-02-02,TRX-14573,PROD-8390,Smart Watch,Electronics,1,72.79,61.87,0.15,218.78,8,0.17,New,Online,Snowy
2025-02-02,TRX-14574,PROD-0847,Winter Jacket,Apparel,10,16.58,157.51,0.05,438.58,4,0.26,Returning,Online,Rainy
2025-02-02,TRX-14575,PROD-8390,Smart Watch,Electronics,1,51.99,49.39,0.05,202.87,11,0.15,Returning,New York,Cloudy
2025-02-02,TRX-14576,PROD-9357,Wireless Earbuds,Electronics,7,141.89,844.25,0.15,452.83,4,0.18,New,Online,Cloudy
2025-02-02,TRX-14577,PROD-4282,Leather Wallet,Accessories,4,49.78,159.3,0.2,457.32,10,0.26,New,Online,Snowy
2025-02-03,TRX-14578,PROD-5960,Throw Pillow,Home Goods,10,117.07,936.56,0.2,190.84,6,0.26,Returning,Chicago,Snowy
2025-02-03,TRX-14579,PROD-9497,Ceramic Mug,Home Goods,8,91.8,734.4,0.0,110.11,10,0.28,Returning,Los Angeles,Cloudy
2025-02-03,TRX-14580,PROD-5960,Throw Pillow,Home Goods,10,77.85,700.65,0.1,130.33,14,0.09,Returning,Chicago,Sunny
2025-02-03,TRX-14581,PROD-9497,Ceramic Mug,Home Goods,14,28.4,337.96,0.15,316.2,8,0.04,Returning,Online,Cloudy
2025-02-03,TRX-14582,PROD-9710,Scented Candle,Home Goods,1,45.24,38.45,0.15,205.88,13,0.19,Returning,Online,Rainy
2025-02-03,TRX-14583,PROD-4260,Canvas Tote,Accessories,4,41.07,147.85,0.1,202.28,5,0.28,VIP,New York,Sunny
2025-02-04,TRX-14584,PROD-0847,Winter Jacket,Apparel,4,59.93,215.75,0.1,200.6,12,0.05,VIP,Chicago,Snowy
2025-02-04,TRX-14585,PROD-5616,Denim Jeans,Apparel,4,128.44,513.76,0.0,129.07,7,0.05,Returning,Online,Sunny
2025-02-04,TRX-14586,PROD-8390,Smart Watch,Electronics,2,157.12,314.24,0.0,250.21,3,0.15,VIP,Los Angeles,Cloudy
2025-02-04,TRX-14587,PROD-5616,Denim Jeans,Apparel,10,32.77,278.55,0.15,129.36,7,0.03,Returning,Chicago,Cloudy
2025-02-04,TRX-14588,PROD-0847,Winter Jacket,Apparel,2,82.67,157.07,0.05,469.31,5,0.1,VIP,Los Angeles,Cloudy
2025-02-04,TRX-14589,PROD-8390,Smart Watch,Electronics,5,146.23,658.03,0.1,453.47,14,0.3,Returning,Online,Rainy
2025-02-05,TRX-14590,PROD-4282,Leather Wallet,Accessories,4,103.05,350.37,0.15,400.44,3,0.13,New,New York,Rainy
2025-02-05,TRX-14591,PROD-4260,Canvas Tote,Accessories,8,90.9,654.48,0.1,181.97,12,0.21,Returning,Chicago,Sunny
2025-02-05,TRX-14592,PROD-9497,Ceramic Mug,Home Goods,3,67.77,203.31,0.0,361.85,9,0.26,VIP,Chicago,Sunny
2025-02-05,TRX-14593,PROD-6494,Sunglasses,Accessories,3,90.38,230.47,0.15,295.94,13,0.12,Returning,Chicago,Cloudy
2025-02-05,TRX-14594,PROD-9357,Wireless Earbuds,Electronics,4,54.33,217.32,0.0,394.64,3,0.03,Returning,Chicago,Cloudy
2025-02-05,TRX-14595,PROD-8390,Smart Watch,Electronics,2,71.84,129.31,0.1,68.58,13,0.21,New,Los Angeles,Snowy
2025-02-06,TRX-14596,PROD-3898,Cotton T-Shirt,Apparel,2,44.96,80.93,0.1,196.4,4,0.04,VIP,New York,Snowy
2025-02-06,TRX-14597,PROD-9710,Scented Candle,Home Goods,6,28.67,137.62,0.2,248.1,14,0.07,VIP,Online,Sunny
2025-02-06,TRX-14598,PROD-5960,Throw Pillow,Home Goods,5,52.1,260.5,0.0,465.68,5,0.01,Returning,Chicago,Cloudy
2025-02-06,TRX-14599,PROD-4260,Canvas Tote,Accessories,2,87.77,149.21,0.15,449.89,8,0.25,VIP,Chicago,Sunny
2025-02-06,TRX-14600,PROD-3898,Cotton T-Shirt,Apparel,3,65.04,195.12,0.0,149.76,14,0.29,New,Online,Rainy
2025-02-06,TRX-14601,PROD-9357,Wireless Earbuds,Electronics,9,74.41,535.75,0.2,220.89,2,0.14,New,Los Angeles,Cloudy
2025-02-07,TRX-14602,PROD-9357,Wireless Earbuds,Electronics,7,109.42,765.94,0.0,471.35,11,0.19,Returning,New York,Cloudy
2025-02-07,TRX-14603,PROD-5616,Denim Jeans,Apparel,21,23.69,447.74,0.1,234.39,7,0.26,VIP,Los Angeles,Rainy
2025-02-07,TRX-14604,PROD-6494,Sunglasses,Accessories,5,88.02,440.1,0.0,131.29,6,0.0,Returning,Los Angeles,Snowy
2025-02-07,TRX-14605,PROD-5960,Throw Pillow,Home Goods,7,124.23,869.61,0.0,53.21,3,0.17,VIP,Los Angeles,Sunny
2025-02-07,TRX-14606,PROD-4282,Leather Wallet,Accessories,9,63.5,571.5,0.0,316.59,13,0.2,VIP,Los Angeles,Snowy
2025-02-07,TRX-14607,PROD-4539,Portable Charger,Electronics,12,28.35,306.18,0.1,428.45,3,0.29,VIP,Online,Rainy
2025-02-08,TRX-14608,PROD-9357,Wireless Earbuds,Electronics,9,55.06,495.54,0.0,259.41,7,0.14,VIP,New York,Sunny
2025-02-08,TRX-14609,PROD-4539,Portable Charger,Electronics,6,72.31,368.78,0.15,106.31,8,0.04,VIP,New York,Cloudy
2025-02-08,TRX-14610,PROD-0847,Winter Jacket,Apparel,9,80.3,722.7,0.0,458.14,8,0.26,Returning,New York,Snowy
2025-02-08,TRX-14611,PROD-4282,Leather Wallet,Accessories,24,23.37,448.7,0.2,411.73,6,0.17,New,Los Angeles,Cloudy
2025-02-08,TRX-14612,PROD-0847,Winter Jacket,Apparel,7,153.27,858.31,0.2,132.06,14,0.1,VIP,Los Angeles,Snowy
2025-02-08,TRX-14613,PROD-4260,Canvas Tote,Accessories,9,59.65,536.85,0.0,194.22,14,0.26,VIP,Chicago,Sunny
2025-02-09,TRX-14614,PROD-4282,Leather Wallet,Accessories,8,94.63,757.04,0.0,395.27,6,0.16,New,Online,Rainy
2025-02-09,TRX-14615,PROD-4539,Portable Charger,Electronics,2,139.2,278.4,0.0,402.9,2,0.06,Returning,Online,Sunny
2025-02-09,TRX-14616,PROD-6494,Sunglasses,Accessories,9,146.38,1251.55,0.05,196.59,6,0.19,Returning,Online,Cloudy
2025-02-09,TRX-14617,PROD-5960,Throw Pillow,Home Goods,9,45.63,328.54,0.2,449.98,9,0.07,VIP,Los Angeles,Sunny
2025-02-09,TRX-14618,PROD-5616,Denim Jeans,Apparel,8,137.52,1045.15,0.05,175.77,2,0.27,Returning,New York,Rainy
2025-02-09,TRX-14619,PROD-9357,Wireless Earbuds,Electronics,17,23.04,391.68,0.0,74.25,13,0.2,Returning,Online,Snowy
2025-02-10,TRX-14620,PROD-0847,Winter Jacket,Apparel,8,77.41,588.32,0.05,85.2,6,0.03,Returning,Los Angeles,Rainy
2025-02-10,TRX-14621,PROD-9497,Ceramic Mug,Home Goods,19,17.96,272.99,0.2,453.77,11,0.22,VIP,Online,Snowy
2025-02-10,TRX-14622,PROD-6494,Sunglasses,Accessories,1,67.01,63.66,0.05,418.1,12,0.01,New,Los Angeles,Rainy
2025-02-10,TRX-14623,PROD-6494,Sunglasses,Accessories,5,130.08,650.4,0.0,431.1,2,0.26,VIP,Chicago,Rainy
2025-02-10,TRX-14624,PROD-4282,Leather Wallet,Accessories,9,122.25,1100.25,0.0,493.81,2,0.27,New,Chicago,Sunny
2025-02-10,TRX-14625,PROD-5616,Denim Jeans,Apparel,8,114.76,780.37,0.15,357.88,9,0.06,VIP,Los Angeles,Sunny
2025-02-11,TRX-14626,PROD-3898,Cotton T-Shirt,Apparel,7,103.37,723.59,0.0,455.51,13,0.11,VIP,Chicago,Snowy
2025-02-11,TRX-14627,PROD-4260,Canvas Tote,Accessories,9,140.66,1139.35,0.1,280.4,6,0.1,VIP,Online,Cloudy
2025-02-11,TRX-14628,PROD-4260,Canvas Tote,Accessories,5,85.68,342.72,0.2,319.46,9,0.28,VIP,Chicago,Snowy
2025-02-11,TRX-14629,PROD-4539,Portable Charger,Electronics,7,120.34,758.14,0.1,368.81,4,0.24,VIP,Chicago,Sunny
2025-02-11,TRX-14630,PROD-4539,Portable Charger,Electronics,4,143.28,573.12,0.0,392.87,12,0.16,Returning,Online,Snowy
2025-02-11,TRX-14631,PROD-9497,Ceramic Mug,Home Goods,17,16.45,223.72,0.2,198.93,12,0.07,New,Chicago,Rainy
2025-02-12,TRX-14632,PROD-9497,Ceramic Mug,Home Goods,6,29.48,150.35,0.15,249.34,8,0.11,New,Los Angeles,Rainy
2025-02-12,TRX-14633,PROD-9497,Ceramic Mug,Home Goods,6,122.7,699.39,0.05,246.76,5,0.21,VIP,Online,Sunny
2025-02-12,TRX-14634,PROD-4539,Portable Charger,Electronics,10,56.4,564.0,0.0,389.83,11,0.14,Returning,Chicago,Rainy
2025-02-12,TRX-14635,PROD-4260,Canvas Tote,Accessories,10,68.52,650.94,0.05,235.03,8,0.05,VIP,Los Angeles,Cloudy
2025-02-12,TRX-14636,PROD-5960,Throw Pillow,Home Goods,5,61.24,260.27,0.15,152.01,3,0.1,New,Los Angeles,Cloudy
2025-02-12,TRX-14637,PROD-9497,Ceramic Mug,Home Goods,1,134.51,134.51,0.0,283.91,7,0.17,New,Chicago,Sunny
2025-02-13,TRX-14638,PROD-8390,Smart Watch,Electronics,8,57.79,462.32,0.0,146.72,13,0.08,New,Online,Rainy
2025-02-13,TRX-14639,PROD-3898,Cotton T-Shirt,Apparel,3,45.32,135.96,0.0,78.17,12,0.13,VIP,Online,Snowy
2025-02-13,TRX-14640,PROD-3898,Cotton T-Shirt,Apparel,8,124.22,894.38,0.1,434.1,12,0.24,VIP,Chicago,Rainy
2025-02-13,TRX-14641,PROD-3898,Cotton T-Shirt,Apparel,9,18.17,155.35,0.05,451.55,10,0.23,New,Chicago,Sunny
2025-02-13,TRX-14642,PROD-6494,Sunglasses,Accessories,8,154.78,1052.5,0.15,305.34,5,0.02,New,Chicago,Sunny
2025-02-13,TRX-14643,PROD-5960,Throw Pillow,Home Goods,7,61.91,368.36,0.15,339.74,12,0.1,VIP,Online,Snowy
2025-02-14,TRX-14644,PROD-5616,Denim Jeans,Apparel,6,26.59,151.56,0.05,192.39,13,0.16,VIP,Online,Snowy
2025-02-14,TRX-14645,PROD-3898,Cotton T-Shirt,Apparel,8,72.72,552.67,0.05,93.44,9,0.04,New,Los Angeles,Sunny
2025-02-14,TRX-14646,PROD-6494,Sunglasses,Accessories,8,111.89,760.85,0.15,55.09,4,0.05,Returning,Online,Rainy
2025-02-14,TRX-14647,PROD-9710,Scented Candle,Home Goods,5,59.78,298.9,0.0,50.04,2,0.07,VIP,Online,Sunny
2025-02-14,TRX-14648,PROD-6494,Sunglasses,Accessories,10,78.71,787.1,0.0,382.0,3,0.2,VIP,Online,Cloudy
2025-02-14,TRX-14649,PROD-4260,Canvas Tote,Accessories,3,53.86,161.58,0.0,144.28,11,0.04,Returning,Online,Snowy
2025-02-15,TRX-14650,PROD-4539,Portable Charger,Electronics,6,106.85,544.93,0.15,406.64,10,0.11,Returning,Chicago,Snowy
2025-02-15,TRX-14651,PROD-6494,Sunglasses,Accessories,5,44.64,189.72,0.15,478.99,6,0.06,VIP,New York,Rainy
2025-02-15,TRX-14652,PROD-3898,Cotton T-Shirt,Apparel,6,42.07,252.42,0.0,166.41,4,0.05,Returning,Chicago,Rainy
2025-02-15,TRX-14653,PROD-5960,Throw Pillow,Home Goods,6,119.34,716.04,0.0,485.46,12,0.19,New,New York,Cloudy
2025-02-15,TRX-14654,PROD-0847,Winter Jacket,Apparel,3,141.97,340.73,0.2,345.96,9,0.13,New,Los Angeles,Rainy
2025-02-15,TRX-14655,PROD-9357,Wireless Earbuds,Electronics,3,132.12,396.36,0.0,192.26,14,0.25,VIP,Online,Cloudy
2025-02-16,TRX-14656,PROD-4539,Portable Charger,Electronics,10,78.43,705.87,0.1,427.07,11,0.14,New,Los Angeles,Rainy
2025-02-16,TRX-14657,PROD-0847,Winter Jacket,Apparel,8,38.9,248.96,0.2,243.31,10,0.06,VIP,Online,Rainy
2025-02-16,TRX-14658,PROD-5960,Throw Pillow,Home Goods,9,31.24,224.93,0.2,373.96,10,0.03,Returning,Chicago,Rainy
2025-02-16,TRX-14659,PROD-3898,Cotton T-Shirt,Apparel,10,59.8,478.4,0.2,369.88,11,0.07,VIP,Online,Rainy
2025-02-16,TRX-14660,PROD-9497,Ceramic Mug,Home Goods,1,31.02,29.47,0.05,473.9,6,0.28,VIP,Online,Sunny
2025-02-16,TRX-14661,PROD-3898,Cotton T-Shirt,Apparel,10,131.35,1116.47,0.15,207.89,10,0.12,New,Los Angeles,Snowy
2025-02-17,TRX-14662,PROD-4282,Leather Wallet,Accessories,8,94.12,715.31,0.05,248.17,13,0.29,VIP,Online,Snowy
2025-02-17,TRX-14663,PROD-0847,Winter Jacket,Apparel,2,88.06,158.51,0.1,70.43,12,0.17,Returning,Online,Rainy
2025-02-17,TRX-14664,PROD-3898,Cotton T-Shirt,Apparel,5,66.26,331.3,0.0,350.88,4,0.29,New,Online,Sunny
2025-02-17,TRX-14665,PROD-4539,Portable Charger,Electronics,9,43.52,332.93,0.15,262.51,5,0.12,New,Chicago,Sunny
2025-02-17,TRX-14666,PROD-6494,Sunglasses,Accessories,14,24.08,337.12,0.0,230.1,7,0.29,New,Chicago,Snowy
2025-02-17,TRX-14667,PROD-4282,Leather Wallet,Accessories,3,93.01,223.22,0.2,228.53,13,0.16,New,New York,Snowy
2025-02-18,TRX-14668,PROD-0847,Winter Jacket,Apparel,4,146.19,526.28,0.1,341.75,13,0.11,New,New York,Snowy
2025-02-18,TRX-14669,PROD-4260,Canvas Tote,Accessories,5,142.86,607.16,0.15,408.83,7,0.21,Returning,New York,Cloudy
2025-02-18,TRX-14670,PROD-9357,Wireless Earbuds,Electronics,4,82.39,329.56,0.0,374.38,9,0.11,New,Chicago,Cloudy
2025-02-18,TRX-14671,PROD-5616,Denim Jeans,Apparel,7,131.57,920.99,0.0,372.12,9,0.15,VIP,Online,Snowy
2025-02-18,TRX-14672,PROD-3898,Cotton T-Shirt,Apparel,5,38.15,152.6,0.2,458.35,13,0.2,Returning,Los Angeles,Rainy
2025-02-18,TRX-14673,PROD-8390,Smart Watch,Electronics,8,31.53,201.79,0.2,213.49,2,0.26,Returning,Online,Snowy
2025-02-19,TRX-14674,PROD-4260,Canvas Tote,Accessories,1,97.49,97.49,0.0,98.72,7,0.07,VIP,Online,Sunny
2025-02-19,TRX-14675,PROD-9357,Wireless Earbuds,Electronics,3,90.93,218.23,0.2,480.46,2,0.15,New,New York,Sunny
2025-02-19,TRX-14676,PROD-4260,Canvas Tote,Accessories,2,141.52,283.04,0.0,214.68,7,0.28,New,Los Angeles,Rainy
2025-02-19,TRX-14677,PROD-9710,Scented Candle,Home Goods,6,63.19,379.14,0.0,145.46,4,0.03,VIP,Chicago,Cloudy
2025-02-19,TRX-14678,PROD-8390,Smart Watch,Electronics,10,104.37,1043.7,0.0,345.18,9,0.12,VIP,Los Angeles,Rainy
2025-02-19,TRX-14679,PROD-8390,Smart Watch,Electronics,10,86.19,861.9,0.0,314.27,2,0.14,Returning,Online,Cloudy
2025-02-20,TRX-14680,PROD-8390,Smart Watch,Electronics,4,136.6,519.08,0.05,456.55,12,0.24,New,Online,Cloudy
2025-02-20,TRX-14681,PROD-4539,Portable Charger,Electronics,2,127.61,242.46,0.05,422.35,2,0.21,VIP,Los Angeles,Rainy
2025-02-20,TRX-14682,PROD-9357,Wireless Earbuds,Electronics,9,57.91,469.07,0.1,321.12,11,0.27,Returning,Los Angeles,Rainy
2025-02-20,TRX-14683,PROD-4539,Portable Charger,Electronics,6,38.54,231.24,0.0,83.62,7,0.01,Returning,New York,Rainy
2025-02-20,TRX-14684,PROD-4539,Portable Charger,Electronics,6,28.81,172.86,0.0,365.76,10,0.11,VIP,Online,Cloudy
2025-02-20,TRX-14685,PROD-5960,Throw Pillow,Home Goods,5,129.11,645.55,0.0,482.6,11,0.26,VIP,Online,Cloudy
2025-02-21,TRX-14686,PROD-9710,Scented Candle,Home Goods,20,25.69,436.73,0.15,430.0,2,0.21,Returning,Chicago,Snowy
2025-02-21,TRX-14687,PROD-5960,Throw Pillow,Home Goods,7,76.13,532.91,0.0,151.27,14,0.28,New,Chicago,Snowy
2025-02-21,TRX-14688,PROD-4539,Portable Charger,Electronics,7,98.65,552.44,0.2,98.63,2,0.26,New,Los Angeles,Cloudy
2025-02-21,TRX-14689,PROD-9357,Wireless Earbuds,Electronics,7,66.58,442.76,0.05,426.35,7,0.01,Returning,New York,Cloudy
2025-02-21,TRX-14690,PROD-5960,Throw Pillow,Home Goods,9,74.18,600.86,0.1,145.74,14,0.14,VIP,Los Angeles,Sunny
2025-02-21,TRX-14691,PROD-9710,Scented Candle,Home Goods,10,50.59,404.72,0.2,317.11,13,0.06,New,New York,Snowy
2025-02-22,TRX-14692,PROD-4539,Portable Charger,Electronics,18,29.54,425.38,0.2,172.4,3,0.27,Returning,Los Angeles,Cloudy
2025-02-22,TRX-14693,PROD-3898,Cotton T-Shirt,Apparel,25,23.68,532.8,0.1,72.13,8,0.19,VIP,Los Angeles,Rainy
2025-02-22,TRX-14694,PROD-6494,Sunglasses,Accessories,9,42.02,378.18,0.0,402.25,14,0.07,VIP,Los Angeles,Sunny
2025-02-22,TRX-14695,PROD-9710,Scented Candle,Home Goods,9,139.71,1005.91,0.2,407.89,5,0.09,New,Los Angeles,Rainy
2025-02-22,TRX-14696,PROD-6494,Sunglasses,Accessories,7,106.56,745.92,0.0,231.54,10,0.12,VIP,New York,Cloudy
2025-02-22,TRX-14697,PROD-8390,Smart Watch,Electronics,22,21.09,417.58,0.1,345.92,13,0.23,VIP,New York,Cloudy
2025-02-23,TRX-14698,PROD-6494,Sunglasses,Accessories,2,120.02,192.03,0.2,191.29,5,0.21,VIP,Chicago,Snowy
2025-02-23,TRX-14699,PROD-4539,Portable Charger,Electronics,8,110.12,792.86,0.1,484.98,13,0.24,VIP,New York,Cloudy
2025-02-23,TRX-14700,PROD-9357,Wireless Earbuds,Electronics,2,112.64,225.28,0.0,171.99,8,0.03,VIP,Chicago,Cloudy
2025-02-23,TRX-14701,PROD-9357,Wireless Earbuds,Electronics,18,24.84,447.12,0.0,236.76,4,0.27,Returning,Online,Cloudy
2025-02-23,TRX-14702,PROD-9710,Scented Candle,Home Goods,7,99.48,696.36,0.0,273.93,14,0.15,Returning,Chicago,Cloudy
2025-02-23,TRX-14703,PROD-8390,Smart Watch,Electronics,3,99.78,299.34,0.0,452.33,10,0.03,Returning,Los Angeles,Rainy
2025-02-24,TRX-14704,PROD-6494,Sunglasses,Accessories,5,146.59,659.66,0.1,340.8,10,0.19,New,Chicago,Snowy
2025-02-24,TRX-14705,PROD-0847,Winter Jacket,Apparel,6,83.13,448.9,0.1,473.21,12,0.11,New,Los Angeles,Sunny
2025-02-24,TRX-14706,PROD-9497,Ceramic Mug,Home Goods,4,91.58,366.32,0.0,243.94,3,0.28,New,Los Angeles,Snowy
2025-02-24,TRX-14707,PROD-9710,Scented Candle,Home Goods,10,38.77,310.16,0.2,136.15,4,0.22,New,New York,Snowy
2025-02-24,TRX-14708,PROD-4282,Leather Wallet,Accessories,7,106.56,671.33,0.1,122.22,4,0.1,VIP,Chicago,Cloudy
2025-02-24,TRX-14709,PROD-3898,Cotton T-Shirt,Apparel,6,45.9,234.09,0.15,356.67,9,0.09,VIP,Online,Cloudy
2025-02-25,TRX-14710,PROD-6494,Sunglasses,Accessories,24,18.55,422.94,0.05,118.17,12,0.13,VIP,Online,Cloudy
2025-02-25,TRX-14711,PROD-6494,Sunglasses,Accessories,1,75.64,71.86,0.05,106.12,5,0.22,Returning,Los Angeles,Cloudy
2025-02-25,TRX-14712,PROD-8390,Smart Watch,Electronics,5,84.94,424.7,0.0,190.95,11,0.27,VIP,Los Angeles,Cloudy
2025-02-25,TRX-14713,PROD-9357,Wireless Earbuds,Electronics,7,139.84,978.88,0.0,190.07,6,0.0,Returning,New York,Snowy
2025-02-25,TRX-14714,PROD-4539,Portable Charger,Electronics,2,99.9,199.8,0.0,187.67,5,0.3,Returning,Chicago,Rainy
2025-02-25,TRX-14715,PROD-8390,Smart Watch,Electronics,2,122.58,245.16,0.0,245.92,12,0.03,VIP,Chicago,Sunny
2025-02-26,TRX-14716,PROD-9710,Scented Candle,Home Goods,9,45.54,409.86,0.0,53.24,11,0.03,Returning,New York,Snowy
2025-02-26,TRX-14717,PROD-8390,Smart Watch,Electronics,10,98.26,982.6,0.0,266.87,3,0.2,Returning,Chicago,Sunny
2025-02-26,TRX-14718,PROD-5960,Throw Pillow,Home Goods,6,60.6,363.6,0.0,289.5,5,0.16,New,Online,Sunny
2025-02-26,TRX-14719,PROD-4282,Leather Wallet,Accessories,2,93.89,150.22,0.2,441.02,2,0.16,New,New York,Snowy
2025-02-26,TRX-14720,PROD-5960,Throw Pillow,Home Goods,3,33.68,101.04,0.0,343.46,2,0.25,VIP,New York,Snowy
2025-02-26,TRX-14721,PROD-9357,Wireless Earbuds,Electronics,5,110.08,550.4,0.0,51.44,2,0.2,Returning,New York,Cloudy
2025-02-27,TRX-14722,PROD-5960,Throw Pillow,Home Goods,10,116.63,1166.3,0.0,280.23,10,0.14,New,New York,Sunny
2025-02-27,TRX-14723,PROD-5616,Denim Jeans,Apparel,3,98.67,236.81,0.2,499.46,4,0.05,Returning,Los Angeles,Snowy
2025-02-27,TRX-14724,PROD-9497,Ceramic Mug,Home Goods,7,47.39,331.73,0.0,199.38,2,0.08,New,Chicago,Rainy
2025-02-27,TRX-14725,PROD-9497,Ceramic Mug,Home Goods,6,39.1,234.6,0.0,315.37,2,0.29,Returning,Los Angeles,Snowy
2025-02-27,TRX-14726,PROD-5616,Denim Jeans,Apparel,6,118.47,568.66,0.2,326.56,8,0.09,Returning,New York,Snowy
2025-02-27,TRX-14727,PROD-4539,Portable Charger,Electronics,19,18.67,354.73,0.0,260.17,2,0.21,New,Chicago,Rainy
2025-02-28,TRX-14728,PROD-9357,Wireless Earbuds,Electronics,10,57.44,516.96,0.1,434.58,13,0.06,Returning,Online,Cloudy
2025-02-28,TRX-14729,PROD-4539,Portable Charger,Electronics,6,136.93,821.58,0.0,448.35,4,0.13,New,Online,Rainy
2025-02-28,TRX-14730,PROD-3898,Cotton T-Shirt,Apparel,6,38.61,185.33,0.2,258.12,11,0.06,VIP,Chicago,Cloudy
2025-02-28,TRX-14731,PROD-5960,Throw Pillow,Home Goods,2,85.02,144.53,0.15,267.16,9,0.1,VIP,Chicago,Snowy
2025-02-28,TRX-14732,PROD-6494,Sunglasses,Accessories,3,66.2,178.74,0.1,430.7,14,0.15,VIP,Chicago,Snowy
2025-02-28,TRX-14733,PROD-0847,Winter Jacket,Apparel,7,40.32,282.24,0.0,397.61,2,0.06,VIP,New York,Sunny
2025-03-01,TRX-14734,PROD-3898,Cotton T-Shirt,Apparel,9,94.62,809.0,0.05,210.4,5,0.19,VIP,Chicago,Rainy
2025-03-01,TRX-14735,PROD-9357,Wireless Earbuds,Electronics,6,53.9,323.4,0.0,354.15,14,0.1,Returning,Chicago,Rainy
2025-03-01,TRX-14736,PROD-4260,Canvas Tote,Accessories,3,147.84,443.52,0.0,117.81,6,0.06,VIP,Los Angeles,Cloudy
2025-03-01,TRX-14737,PROD-5616,Denim Jeans,Apparel,2,35.0,66.5,0.05,138.06,6,0.24,Returning,New York,Snowy
2025-03-01,TRX-14738,PROD-0847,Winter Jacket,Apparel,6,45.58,259.81,0.05,400.78,8,0.27,New,New York,Sunny
2025-03-01,TRX-14739,PROD-8390,Smart Watch,Electronics,2,117.12,199.1,0.15,112.95,11,0.1,Returning,New York,Rainy
2025-03-02,TRX-14740,PROD-9357,Wireless Earbuds,Electronics,4,90.24,360.96,0.0,299.97,6,0.03,New,Los Angeles,Snowy
2025-03-02,TRX-14741,PROD-0847,Winter Jacket,Apparel,3,34.57,103.71,0.0,182.74,7,0.06,Returning,New York,Cloudy
2025-03-02,TRX-14742,PROD-9357,Wireless Earbuds,Electronics,7,62.36,414.69,0.05,294.6,9,0.15,VIP,New York,Sunny
2025-03-02,TRX-14743,PROD-4539,Portable Charger,Electronics,4,63.97,255.88,0.0,240.22,6,0.06,New,Online,Rainy
2025-03-02,TRX-14744,PROD-9710,Scented Candle,Home Goods,1,119.98,119.98,0.0,136.51,8,0.25,VIP,Los Angeles,Sunny
2025-03-02,TRX-14745,PROD-9357,Wireless Earbuds,Electronics,4,76.01,304.04,0.0,140.11,10,0.03,Returning,Chicago,Cloudy
2025-03-03,TRX-14746,PROD-5616,Denim Jeans,Apparel,8,158.34,1203.38,0.05,337.48,4,0.19,New,Los Angeles,Rainy
2025-03-03,TRX-14747,PROD-9710,Scented Candle,Home Goods,10,58.57,585.7,0.0,56.54,11,0.23,VIP,Online,Sunny
2025-03-03,TRX-14748,PROD-9497,Ceramic Mug,Home Goods,8,81.0,583.2,0.1,496.04,11,0.17,VIP,Los Angeles,Sunny
2025-03-03,TRX-14749,PROD-4539,Portable Charger,Electronics,8,92.84,742.72,0.0,224.95,4,0.07,VIP,New York,Sunny
2025-03-03,TRX-14750,PROD-8390,Smart Watch,Electronics,2,52.54,99.83,0.05,431.64,7,0.16,Returning,Los Angeles,Snowy
2025-03-03,TRX-14751,PROD-5616,Denim Jeans,Apparel,8,39.74,317.92,0.0,108.75,14,0.24,VIP,Online,Snowy
2025-03-04,TRX-14752,PROD-4260,Canvas Tote,Accessories,9,79.11,711.99,0.0,416.06,13,0.08,New,New York,Snowy
2025-03-04,TRX-14753,PROD-3898,Cotton T-Shirt,Apparel,17,23.8,404.6,0.0,438.45,14,0.03,VIP,Chicago,Snowy
2025-03-04,TRX-14754,PROD-0847,Winter Jacket,Apparel,5,147.82,628.23,0.15,140.43,2,0.1,Returning,Online,Sunny
2025-03-04,TRX-14755,PROD-8390,Smart Watch,Electronics,3,117.49,334.85,0.05,198.74,8,0.01,VIP,Chicago,Snowy
2025-03-04,TRX-14756,PROD-4260,Canvas Tote,Accessories,9,39.16,352.44,0.0,141.71,4,0.06,Returning,Chicago,Cloudy
2025-03-04,TRX-14757,PROD-0847,Winter Jacket,Apparel,22,27.81,581.23,0.05,70.42,4,0.19,New,New York,Sunny
2025-03-05,TRX-14758,PROD-9497,Ceramic Mug,Home Goods,10,110.89,998.01,0.1,101.95,3,0.24,Returning,New York,Cloudy
2025-03-05,TRX-14759,PROD-9357,Wireless Earbuds,Electronics,1,122.74,104.33,0.15,85.64,5,0.2,Returning,Chicago,Rainy
2025-03-05,TRX-14760,PROD-4282,Leather Wallet,Accessories,3,114.86,344.58,0.0,411.69,6,0.14,Returning,Chicago,Rainy
2025-03-05,TRX-14761,PROD-5616,Denim Jeans,Apparel,7,62.19,435.33,0.0,431.26,4,0.08,VIP,New York,Snowy
2025-03-05,TRX-14762,PROD-5960,Throw Pillow,Home Goods,4,92.7,333.72,0.1,364.68,13,0.24,Returning,Chicago,Rainy
2025-03-05,TRX-14763,PROD-6494,Sunglasses,Accessories,10,77.56,775.6,0.0,296.64,10,0.03,New,Chicago,Snowy
2025-03-06,TRX-14764,PROD-4282,Leather Wallet,Accessories,9,152.17,1369.53,0.0,322.45,9,0.0,New,Online,Sunny
2025-03-06,TRX-14765,PROD-4260,Canvas Tote,Accessories,2,51.87,82.99,0.2,423.79,7,0.19,New,Online,Cloudy
2025-03-06,TRX-14766,PROD-3898,Cotton T-Shirt,Apparel,16,28.09,449.44,0.0,157.66,11,0.14,VIP,Online,Sunny
2025-03-06,TRX-14767,PROD-5960,Throw Pillow,Home Goods,6,49.28,266.11,0.1,257.34,14,0.11,Returning,New York,Snowy
2025-03-06,TRX-14768,PROD-3898,Cotton T-Shirt,Apparel,4,103.63,414.52,0.0,61.17,5,0.28,New,Chicago,Snowy
2025-03-06,TRX-14769,PROD-6494,Sunglasses,Accessories,2,71.35,142.7,0.0,465.78,5,0.02,New,Chicago,Sunny
2025-03-07,TRX-14770,PROD-4260,Canvas Tote,Accessories,9,43.71,314.71,0.2,405.32,6,0.05,Returning,Online,Rainy
2025-03-07,TRX-14771,PROD-9357,Wireless Earbuds,Electronics,10,52.64,421.12,0.2,326.7,5,0.19,VIP,Chicago,Sunny
2025-03-07,TRX-14772,PROD-3898,Cotton T-Shirt,Apparel,6,61.53,369.18,0.0,436.49,13,0.11,Returning,New York,Rainy
2025-03-07,TRX-14773,PROD-6494,Sunglasses,Accessories,4,77.35,309.4,0.0,87.56,6,0.1,New,Los Angeles,Rainy
2025-03-07,TRX-14774,PROD-5616,Denim Jeans,Apparel,9,114.86,878.68,0.15,194.45,4,0.25,VIP,Online,Rainy
2025-03-07,TRX-14775,PROD-5960,Throw Pillow,Home Goods,8,125.84,956.38,0.05,191.88,5,0.3,New,Chicago,Rainy
2025-03-08,TRX-14776,PROD-4539,Portable Charger,Electronics,7,87.3,611.1,0.0,52.93,8,0.09,New,Los Angeles,Sunny
2025-03-08,TRX-14777,PROD-9710,Scented Candle,Home Goods,19,19.74,337.55,0.1,141.97,9,0.27,New,New York,Snowy
2025-03-08,TRX-14778,PROD-3898,Cotton T-Shirt,Apparel,4,74.28,252.55,0.15,171.2,3,0.08,New,Chicago,Rainy
2025-03-08,TRX-14779,PROD-4260,Canvas Tote,Accessories,7,93.88,657.16,0.0,125.21,4,0.22,New,Online,Cloudy
2025-03-08,TRX-14780,PROD-9710,Scented Candle,Home Goods,9,42.25,323.21,0.15,474.97,9,0.18,Returning,Online,Cloudy
2025-03-08,TRX-14781,PROD-6494,Sunglasses,Accessories,7,108.53,683.74,0.1,281.22,13,0.06,New,Los Angeles,Rainy
2025-03-09,TRX-14782,PROD-3898,Cotton T-Shirt,Apparel,9,85.35,768.15,0.0,415.3,9,0.0,VIP,Online,Snowy
2025-03-09,TRX-14783,PROD-4539,Portable Charger,Electronics,10,83.64,836.4,0.0,330.39,10,0.11,Returning,Online,Cloudy
2025-03-09,TRX-14784,PROD-4282,Leather Wallet,Accessories,4,153.59,552.92,0.1,177.42,7,0.29,New,Online,Sunny
2025-03-09,TRX-14785,PROD-4260,Canvas Tote,Accessories,9,143.01,1222.74,0.05,304.84,13,0.12,Returning,New York,Sunny
2025-03-09,TRX-14786,PROD-6494,Sunglasses,Accessories,24,26.57,637.68,0.0,329.29,5,0.05,Returning,Online,Sunny
2025-03-09,TRX-14787,PROD-9497,Ceramic Mug,Home Goods,1,65.18,52.14,0.2,366.55,14,0.07,VIP,Online,Sunny
2025-03-10,TRX-14788,PROD-8390,Smart Watch,Electronics,5,21.52,86.08,0.2,429.34,4,0.27,VIP,Chicago,Cloudy
2025-03-10,TRX-14789,PROD-4539,Portable Charger,Electronics,3,109.75,329.25,0.0,259.11,4,0.06,New,Los Angeles,Cloudy
2025-03-10,TRX-14790,PROD-3898,Cotton T-Shirt,Apparel,6,45.65,273.9,0.0,97.5,3,0.29,VIP,Online,Snowy
2025-03-10,TRX-14791,PROD-0847,Winter Jacket,Apparel,3,125.13,356.62,0.05,298.08,9,0.12,Returning,Los Angeles,Rainy
2025-03-10,TRX-14792,PROD-4282,Leather Wallet,Accessories,3,105.02,315.06,0.0,316.92,8,0.24,Returning,Chicago,Sunny
2025-03-10,TRX-14793,PROD-9710,Scented Candle,Home Goods,7,114.03,798.21,0.0,256.78,5,0.01,Returning,Los Angeles,Sunny
2025-03-11,TRX-14794,PROD-4260,Canvas Tote,Accessories,22,24.55,459.08,0.15,184.44,11,0.18,New,Online,Rainy
2025-03-11,TRX-14795,PROD-8390,Smart Watch,Electronics,2,129.16,258.32,0.0,54.54,2,0.16,New,Los Angeles,Sunny
2025-03-11,TRX-14796,PROD-9497,Ceramic Mug,Home Goods,2,94.12,160.0,0.15,482.04,9,0.18,New,Los Angeles,Sunny
2025-03-11,TRX-14797,PROD-9497,Ceramic Mug,Home Goods,5,157.4,708.3,0.1,481.77,2,0.26,Returning,Los Angeles,Rainy
2025-03-11,TRX-14798,PROD-4282,Leather Wallet,Accessories,10,128.77,1158.93,0.1,449.08,2,0.04,VIP,Chicago,Cloudy
2025-03-11,TRX-14799,PROD-9357,Wireless Earbuds,Electronics,11,26.02,243.29,0.15,482.7,14,0.05,New,Chicago,Sunny
2025-03-12,TRX-14800,PROD-4282,Leather Wallet,Accessories,4,32.96,125.25,0.05,56.28,13,0.1,VIP,Chicago,Sunny
2025-03-12,TRX-14801,PROD-8390,Smart Watch,Electronics,3,86.01,245.13,0.05,433.86,7,0.18,New,Chicago,Rainy
2025-03-12,TRX-14802,PROD-5960,Throw Pillow,Home Goods,7,42.09,294.63,0.0,191.67,10,0.02,New,Online,Cloudy
2025-03-12,TRX-14803,PROD-5960,Throw Pillow,Home Goods,5,78.3,313.2,0.2,265.49,5,0.05,VIP,New York,Sunny
2025-03-12,TRX-14804,PROD-8390,Smart Watch,Electronics,6,131.12,708.05,0.1,397.56,12,0.26,VIP,New York,Sunny
2025-03-12,TRX-14805,PROD-5960,Throw Pillow,Home Goods,6,23.99,143.94,0.0,178.36,2,0.04,VIP,Chicago,Rainy
2025-03-13,TRX-14806,PROD-5960,Throw Pillow,Home Goods,9,132.45,1192.05,0.0,279.61,2,0.03,Returning,New York,Sunny
2025-03-13,TRX-14807,PROD-0847,Winter Jacket,Apparel,2,47.04,89.38,0.05,272.83,8,0.12,New,Online,Sunny
2025-03-13,TRX-14808,PROD-4260,Canvas Tote,Accessories,9,93.02,753.46,0.1,173.59,9,0.15,VIP,Online,Sunny
2025-03-13,TRX-14809,PROD-4539,Portable Charger,Electronics,4,45.63,182.52,0.0,274.39,9,0.22,Returning,New York,Sunny
2025-03-13,TRX-14810,PROD-9710,Scented Candle,Home Goods,9,41.78,376.02,0.0,133.14,10,0.05,New,Los Angeles,Sunny
2025-03-13,TRX-14811,PROD-4539,Portable Charger,Electronics,5,55.36,235.28,0.15,448.68,3,0.25,Returning,Los Angeles,Sunny
2025-03-14,TRX-14812,PROD-9710,Scented Candle,Home Goods,9,57.49,439.8,0.15,314.92,4,0.24,VIP,Online,Rainy
2025-03-14,TRX-14813,PROD-5960,Throw Pillow,Home Goods,1,147.89,147.89,0.0,315.84,8,0.16,VIP,Los Angeles,Rainy
2025-03-14,TRX-14814,PROD-9710,Scented Candle,Home Goods,24,15.2,364.8,0.0,90.18,3,0.06,New,Los Angeles,Sunny
2025-03-14,TRX-14815,PROD-6494,Sunglasses,Accessories,1,119.71,113.72,0.05,366.28,3,0.12,VIP,Online,Cloudy
2025-03-14,TRX-14816,PROD-6494,Sunglasses,Accessories,3,123.43,296.23,0.2,338.44,2,0.28,VIP,Online,Rainy
2025-03-14,TRX-14817,PROD-5960,Throw Pillow,Home Goods,9,149.73,1347.57,0.0,290.55,11,0.12,New,Los Angeles,Cloudy
2025-03-15,TRX-14818,PROD-9710,Scented Candle,Home Goods,9,21.94,157.97,0.2,465.76,9,0.23,New,New York,Rainy
2025-03-15,TRX-14819,PROD-4282,Leather Wallet,Accessories,1,100.79,85.67,0.15,487.39,3,0.12,VIP,Chicago,Cloudy
2025-03-15,TRX-14820,PROD-9357,Wireless Earbuds,Electronics,4,106.48,425.92,0.0,452.42,2,0.02,New,Online,Snowy
2025-03-15,TRX-14821,PROD-4282,Leather Wallet,Accessories,9,116.22,836.78,0.2,213.36,10,0.17,Returning,Chicago,Sunny
2025-03-15,TRX-14822,PROD-9710,Scented Candle,Home Goods,16,21.8,296.48,0.15,255.47,14,0.05,Returning,Chicago,Snowy
2025-03-15,TRX-14823,PROD-9710,Scented Candle,Home Goods,2,135.73,230.74,0.15,242.77,8,0.12,Returning,New York,Cloudy
2025-03-16,TRX-14824,PROD-4282,Leather Wallet,Accessories,3,155.52,466.56,0.0,471.74,2,0.03,VIP,New York,Cloudy
2025-03-16,TRX-14825,PROD-5616,Denim Jeans,Apparel,10,91.73,733.84,0.2,133.59,8,0.05,VIP,Chicago,Rainy
2025-03-16,TRX-14826,PROD-9710,Scented Candle,Home Goods,4,69.68,278.72,0.0,206.25,11,0.24,VIP,Chicago,Sunny
2025-03-16,TRX-14827,PROD-4282,Leather Wallet,Accessories,9,85.9,657.13,0.15,480.33,14,0.0,Returning,Los Angeles,Cloudy
2025-03-16,TRX-14828,PROD-3898,Cotton T-Shirt,Apparel,8,102.12,735.26,0.1,218.14,4,0.25,New,New York,Sunny
2025-03-16,TRX-14829,PROD-3898,Cotton T-Shirt,Apparel,4,137.84,551.36,0.0,304.3,6,0.0,New,Online,Snowy
2025-03-17,TRX-14830,PROD-5960,Throw Pillow,Home Goods,10,59.42,505.07,0.15,424.76,3,0.27,New,Chicago,Snowy
2025-03-17,TRX-14831,PROD-5960,Throw Pillow,Home Goods,19,16.06,274.63,0.1,269.8,12,0.22,VIP,New York,Cloudy
2025-03-17,TRX-14832,PROD-8390,Smart Watch,Electronics,10,106.26,956.34,0.1,53.12,8,0.06,VIP,New York,Sunny
2025-03-17,TRX-14833,PROD-0847,Winter Jacket,Apparel,9,68.35,615.15,0.0,221.18,8,0.18,Returning,New York,Snowy
2025-03-17,TRX-14834,PROD-5616,Denim Jeans,Apparel,8,148.67,1189.36,0.0,254.94,13,0.14,New,Online,Cloudy
2025-03-17,TRX-14835,PROD-0847,Winter Jacket,Apparel,5,61.57,261.67,0.15,293.11,11,0.14,VIP,New York,Cloudy
2025-03-18,TRX-14836,PROD-4539,Portable Charger,Electronics,3,32.51,78.02,0.2,250.09,9,0.01,New,Online,Cloudy
2025-03-18,TRX-14837,PROD-9497,Ceramic Mug,Home Goods,5,54.54,218.16,0.2,420.38,3,0.16,VIP,Online,Snowy
2025-03-18,TRX-14838,PROD-9497,Ceramic Mug,Home Goods,2,30.91,55.64,0.1,140.41,9,0.02,Returning,New York,Cloudy
2025-03-18,TRX-14839,PROD-3898,Cotton T-Shirt,Apparel,24,27.38,525.7,0.2,345.33,10,0.26,New,Los Angeles,Sunny
2025-03-18,TRX-14840,PROD-9497,Ceramic Mug,Home Goods,8,51.02,367.34,0.1,246.86,13,0.06,Returning,Online,Rainy
2025-03-18,TRX-14841,PROD-5616,Denim Jeans,Apparel,4,104.15,416.6,0.0,71.34,12,0.17,New,Chicago,Cloudy
2025-03-19,TRX-14842,PROD-9710,Scented Candle,Home Goods,4,68.56,219.39,0.2,130.39,3,0.29,New,Chicago,Cloudy
2025-03-19,TRX-14843,PROD-4260,Canvas Tote,Accessories,4,71.33,285.32,0.0,401.82,9,0.17,New,New York,Cloudy
2025-03-19,TRX-14844,PROD-6494,Sunglasses,Accessories,10,71.12,640.08,0.1,217.5,3,0.23,New,Chicago,Snowy
2025-03-19,TRX-14845,PROD-5616,Denim Jeans,Apparel,2,78.49,156.98,0.0,490.68,13,0.19,New,Los Angeles,Sunny
2025-03-19,TRX-14846,PROD-9710,Scented Candle,Home Goods,6,125.81,754.86,0.0,60.49,14,0.02,Returning,Chicago,Cloudy
2025-03-19,TRX-14847,PROD-9357,Wireless Earbuds,Electronics,7,77.54,461.36,0.15,157.21,7,0.22,New,Online,Cloudy
2025-03-20,TRX-14848,PROD-4282,Leather Wallet,Accessories,3,133.25,399.75,0.0,123.69,9,0.1,VIP,Los Angeles,Rainy
2025-03-20,TRX-14849,PROD-9357,Wireless Earbuds,Electronics,4,37.3,126.82,0.15,265.15,8,0.21,New,Online,Rainy
2025-03-20,TRX-14850,PROD-4539,Portable Charger,Electronics,5,118.66,533.97,0.1,491.17,5,0.25,New,Los Angeles,Snowy
2025-03-20,TRX-14851,PROD-6494,Sunglasses,Accessories,5,71.41,339.2,0.05,224.59,10,0.1,New,Chicago,Sunny
2025-03-20,TRX-14852,PROD-5960,Throw Pillow,Home Goods,9,52.33,423.87,0.1,278.73,10,0.22,Returning,Online,Cloudy
2025-03-20,TRX-14853,PROD-4260,Canvas Tote,Accessories,6,139.49,753.25,0.1,202.44,13,0.13,Returning,Online,Cloudy
2025-03-21,TRX-14854,PROD-9497,Ceramic Mug,Home Goods,5,121.68,608.4,0.0,251.8,5,0.08,VIP,Los Angeles,Cloudy
2025-03-21,TRX-14855,PROD-9357,Wireless Earbuds,Electronics,9,57.79,494.1,0.05,488.91,5,0.1,New,Online,Snowy
2025-03-21,TRX-14856,PROD-4282,Leather Wallet,Accessories,5,51.32,256.6,0.0,301.91,9,0.2,Returning,Chicago,Snowy
2025-03-21,TRX-14857,PROD-4282,Leather Wallet,Accessories,2,96.85,193.7,0.0,136.97,10,0.16,New,Online,Snowy
2025-03-21,TRX-14858,PROD-4282,Leather Wallet,Accessories,9,137.57,990.5,0.2,284.87,8,0.13,VIP,Chicago,Rainy
2025-03-21,TRX-14859,PROD-9357,Wireless Earbuds,Electronics,6,97.51,555.81,0.05,290.74,6,0.12,New,New York,Snowy
2025-03-22,TRX-14860,PROD-5616,Denim Jeans,Apparel,9,115.13,880.74,0.15,232.11,7,0.23,Returning,Los Angeles,Sunny
2025-03-22,TRX-14861,PROD-3898,Cotton T-Shirt,Apparel,4,49.89,169.63,0.15,284.57,12,0.18,VIP,Online,Sunny
2025-03-22,TRX-14862,PROD-4260,Canvas Tote,Accessories,2,80.62,137.05,0.15,164.06,8,0.24,New,Online,Sunny
2025-03-22,TRX-14863,PROD-5960,Throw Pillow,Home Goods,1,46.18,46.18,0.0,498.09,13,0.1,VIP,Los Angeles,Rainy
2025-03-22,TRX-14864,PROD-6494,Sunglasses,Accessories,17,23.64,401.88,0.0,200.68,13,0.2,VIP,Chicago,Snowy
2025-03-22,TRX-14865,PROD-4282,Leather Wallet,Accessories,9,128.42,1155.78,0.0,112.81,4,0.05,Returning,New York,Sunny
2025-03-23,TRX-14866,PROD-0847,Winter Jacket,Apparel,9,23.57,212.13,0.0,386.02,11,0.16,New,Chicago,Snowy
2025-03-23,TRX-14867,PROD-9710,Scented Candle,Home Goods,4,65.93,263.72,0.0,358.99,5,0.04,New,Los Angeles,Sunny
2025-03-23,TRX-14868,PROD-3898,Cotton T-Shirt,Apparel,2,155.38,279.68,0.1,406.41,12,0.07,Returning,Chicago,Rainy
2025-03-23,TRX-14869,PROD-5960,Throw Pillow,Home Goods,5,75.99,360.95,0.05,320.19,14,0.15,New,Online,Cloudy
2025-03-23,TRX-14870,PROD-9710,Scented Candle,Home Goods,4,72.27,274.63,0.05,74.0,4,0.08,Returning,Online,Cloudy
2025-03-23,TRX-14871,PROD-5960,Throw Pillow,Home Goods,1,90.16,81.14,0.1,77.58,8,0.28,New,Chicago,Snowy
2025-03-24,TRX-14872,PROD-3898,Cotton T-Shirt,Apparel,7,116.37,814.59,0.0,232.47,7,0.15,VIP,Online,Rainy
2025-03-24,TRX-14873,PROD-9710,Scented Candle,Home Goods,4,114.87,459.48,0.0,114.04,10,0.21,New,New York,Rainy
2025-03-24,TRX-14874,PROD-6494,Sunglasses,Accessories,1,97.59,87.83,0.1,282.05,12,0.02,New,New York,Rainy
2025-03-24,TRX-14875,PROD-9357,Wireless Earbuds,Electronics,9,113.64,1022.76,0.0,85.22,8,0.15,New,Chicago,Cloudy
2025-03-24,TRX-14876,PROD-4539,Portable Charger,Electronics,4,65.08,247.3,0.05,53.53,14,0.16,Returning,Online,Snowy
2025-03-24,TRX-14877,PROD-9497,Ceramic Mug,Home Goods,4,102.87,411.48,0.0,121.29,13,0.13,Returning,Los Angeles,Cloudy
2025-03-25,TRX-14878,PROD-4260,Canvas Tote,Accessories,7,109.81,730.24,0.05,479.81,10,0.09,Returning,Los Angeles,Sunny
2025-03-25,TRX-14879,PROD-8390,Smart Watch,Electronics,9,37.23,284.81,0.15,413.62,14,0.08,Returning,Online,Snowy
2025-03-25,TRX-14880,PROD-3898,Cotton T-Shirt,Apparel,9,116.96,1052.64,0.0,84.72,8,0.27,Returning,Chicago,Snowy
2025-03-25,TRX-14881,PROD-3898,Cotton T-Shirt,Apparel,3,47.44,120.97,0.15,349.39,3,0.04,Returning,Los Angeles,Rainy
2025-03-25,TRX-14882,PROD-3898,Cotton T-Shirt,Apparel,2,73.38,146.76,0.0,465.41,14,0.1,New,Online,Snowy
2025-03-25,TRX-14883,PROD-9357,Wireless Earbuds,Electronics,3,84.23,202.15,0.2,428.83,6,0.27,Returning,Chicago,Snowy
2025-03-26,TRX-14884,PROD-5960,Throw Pillow,Home Goods,2,95.14,190.28,0.0,427.84,7,0.24,VIP,Online,Snowy
2025-03-26,TRX-14885,PROD-3898,Cotton T-Shirt,Apparel,3,98.13,279.67,0.05,411.95,7,0.18,Returning,Los Angeles,Cloudy
2025-03-26,TRX-14886,PROD-4260,Canvas Tote,Accessories,2,53.85,86.16,0.2,55.65,11,0.0,Returning,Chicago,Snowy
2025-03-26,TRX-14887,PROD-5616,Denim Jeans,Apparel,8,38.16,305.28,0.0,65.51,4,0.15,New,Los Angeles,Snowy
2025-03-26,TRX-14888,PROD-9497,Ceramic Mug,Home Goods,12,26.96,291.17,0.1,401.56,4,0.28,VIP,New York,Snowy
2025-03-26,TRX-14889,PROD-5616,Denim Jeans,Apparel,5,159.47,717.62,0.1,483.94,2,0.11,VIP,Chicago,Sunny
2025-03-27,TRX-14890,PROD-4539,Portable Charger,Electronics,5,130.03,650.15,0.0,385.3,13,0.07,Returning,Los Angeles,Rainy
2025-03-27,TRX-14891,PROD-9497,Ceramic Mug,Home Goods,2,41.22,74.2,0.1,262.22,12,0.01,New,New York,Rainy
2025-03-27,TRX-14892,PROD-3898,Cotton T-Shirt,Apparel,3,144.21,367.74,0.15,125.06,10,0.18,VIP,Chicago,Snowy
2025-03-27,TRX-14893,PROD-4539,Portable Charger,Electronics,7,83.47,555.08,0.05,81.9,9,0.03,New,New York,Cloudy
2025-03-27,TRX-14894,PROD-4260,Canvas Tote,Accessories,6,41.92,226.37,0.1,326.23,3,0.23,Returning,Los Angeles,Sunny
2025-03-27,TRX-14895,PROD-6494,Sunglasses,Accessories,9,61.54,498.47,0.1,333.31,10,0.11,VIP,Online,Sunny
2025-03-28,TRX-14896,PROD-5616,Denim Jeans,Apparel,7,134.33,940.31,0.0,157.38,7,0.02,VIP,Chicago,Cloudy
2025-03-28,TRX-14897,PROD-9357,Wireless Earbuds,Electronics,3,137.41,350.4,0.15,258.36,2,0.28,VIP,Chicago,Rainy
2025-03-28,TRX-14898,PROD-9497,Ceramic Mug,Home Goods,10,113.49,907.92,0.2,165.72,14,0.19,Returning,Online,Cloudy
2025-03-28,TRX-14899,PROD-4260,Canvas Tote,Accessories,5,70.65,335.59,0.05,326.31,3,0.08,VIP,Chicago,Sunny
2025-03-28,TRX-14900,PROD-8390,Smart Watch,Electronics,2,150.63,301.26,0.0,392.02,9,0.08,Returning,Chicago,Snowy
2025-03-28,TRX-14901,PROD-8390,Smart Watch,Electronics,3,111.23,333.69,0.0,481.47,4,0.1,VIP,Los Angeles,Rainy
2025-03-29,TRX-14902,PROD-6494,Sunglasses,Accessories,3,130.07,312.17,0.2,498.42,13,0.07,Returning,New York,Sunny
2025-03-29,TRX-14903,PROD-9710,Scented Candle,Home Goods,6,30.97,176.53,0.05,292.55,8,0.3,Returning,New York,Sunny
2025-03-29,TRX-14904,PROD-8390,Smart Watch,Electronics,7,17.04,95.42,0.2,494.21,10,0.27,New,Chicago,Snowy
2025-03-29,TRX-14905,PROD-0847,Winter Jacket,Apparel,5,48.06,216.27,0.1,349.12,3,0.09,New,Online,Snowy
2025-03-29,TRX-14906,PROD-3898,Cotton T-Shirt,Apparel,6,158.06,806.11,0.15,207.94,10,0.01,New,Online,Cloudy
2025-03-29,TRX-14907,PROD-6494,Sunglasses,Accessories,4,71.02,284.08,0.0,279.03,14,0.07,VIP,Los Angeles,Rainy
2025-03-30,TRX-14908,PROD-4282,Leather Wallet,Accessories,5,105.6,528.0,0.0,224.67,12,0.1,New,Los Angeles,Sunny
2025-03-30,TRX-14909,PROD-0847,Winter Jacket,Apparel,5,70.82,283.28,0.2,99.12,6,0.05,New,Los Angeles,Snowy
2025-03-30,TRX-14910,PROD-9710,Scented Candle,Home Goods,8,69.61,556.88,0.0,152.84,9,0.2,New,New York,Snowy
2025-03-30,TRX-14911,PROD-9497,Ceramic Mug,Home Goods,10,67.09,637.36,0.05,87.31,9,0.17,New,New York,Rainy
2025-03-30,TRX-14912,PROD-4282,Leather Wallet,Accessories,6,101.98,581.29,0.05,432.19,13,0.18,VIP,New York,Snowy
2025-03-30,TRX-14913,PROD-9357,Wireless Earbuds,Electronics,7,30.23,211.61,0.0,324.83,7,0.12,New,New York,Rainy
2025-03-31,TRX-14914,PROD-3898,Cotton T-Shirt,Apparel,6,121.08,653.83,0.1,243.85,5,0.11,New,New York,Snowy
2025-03-31,TRX-14915,PROD-9497,Ceramic Mug,Home Goods,4,154.14,616.56,0.0,481.0,11,0.26,New,Online,Sunny
2025-03-31,TRX-14916,PROD-4282,Leather Wallet,Accessories,7,100.25,631.58,0.1,244.39,6,0.27,VIP,Chicago,Snowy
2025-03-31,TRX-14917,PROD-5960,Throw Pillow,Home Goods,7,100.32,561.79,0.2,422.3,11,0.27,VIP,Los Angeles,Cloudy
2025-03-31,TRX-14918,PROD-5960,Throw Pillow,Home Goods,4,108.82,348.22,0.2,424.89,10,0.02,VIP,Online,Cloudy
2025-03-31,TRX-14919,PROD-4260,Canvas Tote,Accessories,5,140.55,632.48,0.1,93.59,2,0.15,Returning,Los Angeles,Cloudy
2025-04-01,TRX-14920,PROD-3898,Cotton T-Shirt,Apparel,3,144.7,412.39,0.05,376.14,4,0.28,Returning,Los Angeles,Cloudy
2025-04-01,TRX-14921,PROD-9357,Wireless Earbuds,Electronics,4,97.18,388.72,0.0,472.89,10,0.02,VIP,New York,Snowy
2025-04-01,TRX-14922,PROD-4282,Leather Wallet,Accessories,2,136.07,272.14,0.0,53.05,6,0.01,New,Online,Rainy
2025-04-01,TRX-14923,PROD-4282,Leather Wallet,Accessories,5,79.27,396.35,0.0,263.18,11,0.02,Returning,New York,Sunny
2025-04-01,TRX-14924,PROD-8390,Smart Watch,Electronics,2,125.24,250.48,0.0,157.46,12,0.19,VIP,New York,Cloudy
2025-04-01,TRX-14925,PROD-9357,Wireless Earbuds,Electronics,4,126.97,406.3,0.2,404.25,12,0.17,New,Chicago,Sunny
2025-04-02,TRX-14926,PROD-5616,Denim Jeans,Apparel,5,129.08,645.4,0.0,162.41,9,0.21,Returning,Chicago,Snowy
2025-04-02,TRX-14927,PROD-4539,Portable Charger,Electronics,5,119.24,566.39,0.05,302.39,3,0.11,VIP,Los Angeles,Rainy
2025-04-02,TRX-14928,PROD-6494,Sunglasses,Accessories,8,97.72,781.76,0.0,468.71,12,0.29,New,Chicago,Snowy
2025-04-02,TRX-14929,PROD-4539,Portable Charger,Electronics,1,41.38,33.1,0.2,279.91,5,0.07,VIP,Los Angeles,Snowy
2025-04-02,TRX-14930,PROD-9710,Scented Candle,Home Goods,10,31.19,296.31,0.05,294.55,3,0.04,Returning,Online,Sunny
2025-04-02,TRX-14931,PROD-4260,Canvas Tote,Accessories,3,138.07,352.08,0.15,372.7,9,0.26,VIP,New York,Snowy
2025-04-03,TRX-14932,PROD-6494,Sunglasses,Accessories,5,82.76,372.42,0.1,380.0,7,0.25,Returning,Online,Cloudy
2025-04-03,TRX-14933,PROD-6494,Sunglasses,Accessories,9,69.34,624.06,0.0,67.66,9,0.1,VIP,Online,Rainy
2025-04-03,TRX-14934,PROD-0847,Winter Jacket,Apparel,4,120.06,384.19,0.2,455.4,11,0.07,Returning,Chicago,Sunny
2025-04-03,TRX-14935,PROD-5616,Denim Jeans,Apparel,6,82.33,469.28,0.05,73.49,5,0.19,VIP,Chicago,Cloudy
2025-04-03,TRX-14936,PROD-4282,Leather Wallet,Accessories,3,121.32,363.96,0.0,487.87,5,0.04,New,Los Angeles,Sunny
2025-04-03,TRX-14937,PROD-5960,Throw Pillow,Home Goods,10,127.18,1271.8,0.0,409.51,10,0.16,New,Los Angeles,Rainy
2025-04-04,TRX-14938,PROD-9710,Scented Candle,Home Goods,8,128.81,978.96,0.05,328.32,5,0.02,VIP,Los Angeles,Snowy
2025-04-04,TRX-14939,PROD-9357,Wireless Earbuds,Electronics,2,97.36,155.78,0.2,362.73,11,0.24,New,Online,Rainy
2025-04-04,TRX-14940,PROD-0847,Winter Jacket,Apparel,5,95.7,478.5,0.0,397.82,6,0.19,VIP,Online,Cloudy
2025-04-04,TRX-14941,PROD-4282,Leather Wallet,Accessories,5,110.69,498.11,0.1,384.15,9,0.04,VIP,Online,Rainy
2025-04-04,TRX-14942,PROD-5960,Throw Pillow,Home Goods,10,83.16,790.02,0.05,157.82,5,0.13,VIP,New York,Cloudy
2025-04-04,TRX-14943,PROD-9357,Wireless Earbuds,Electronics,7,144.72,962.39,0.05,130.32,2,0.15,Returning,Los Angeles,Snowy
2025-04-05,TRX-14944,PROD-8390,Smart Watch,Electronics,2,128.35,256.7,0.0,443.55,8,0.13,New,New York,Sunny
2025-04-05,TRX-14945,PROD-4282,Leather Wallet,Accessories,6,70.08,357.41,0.15,324.55,14,0.18,VIP,New York,Snowy
2025-04-05,TRX-14946,PROD-4539,Portable Charger,Electronics,1,133.29,133.29,0.0,127.61,5,0.03,VIP,Online,Sunny
2025-04-05,TRX-14947,PROD-9497,Ceramic Mug,Home Goods,2,39.23,62.77,0.2,465.56,3,0.14,Returning,New York,Snowy
2025-04-05,TRX-14948,PROD-9497,Ceramic Mug,Home Goods,6,56.17,337.02,0.0,185.01,3,0.24,New,Los Angeles,Rainy
2025-04-05,TRX-14949,PROD-9710,Scented Candle,Home Goods,5,92.64,393.72,0.15,328.86,7,0.2,Returning,Los Angeles,Sunny
2025-04-06,TRX-14950,PROD-5616,Denim Jeans,Apparel,5,42.08,189.36,0.1,229.83,2,0.02,Returning,Chicago,Rainy
2025-04-06,TRX-14951,PROD-9497,Ceramic Mug,Home Goods,1,131.42,131.42,0.0,492.18,3,0.12,New,Online,Cloudy
2025-04-06,TRX-14952,PROD-4282,Leather Wallet,Accessories,10,127.7,1213.15,0.05,429.88,12,0.23,Returning,Online,Sunny
2025-04-06,TRX-14953,PROD-5616,Denim Jeans,Apparel,9,25.12,226.08,0.0,476.7,6,0.16,Returning,Chicago,Sunny
2025-04-06,TRX-14954,PROD-9497,Ceramic Mug,Home Goods,1,55.85,47.47,0.15,169.47,7,0.22,New,Chicago,Sunny
2025-04-06,TRX-14955,PROD-4282,Leather Wallet,Accessories,5,97.74,415.39,0.15,379.31,7,0.03,New,Los Angeles,Snowy
2025-04-07,TRX-14956,PROD-8390,Smart Watch,Electronics,23,20.13,462.99,0.0,439.53,8,0.23,Returning,Los Angeles,Cloudy
2025-04-07,TRX-14957,PROD-4260,Canvas Tote,Accessories,8,18.9,136.08,0.1,410.38,12,0.01,New,New York,Snowy
2025-04-07,TRX-14958,PROD-3898,Cotton T-Shirt,Apparel,3,95.78,244.24,0.15,159.74,14,0.12,Returning,Los Angeles,Rainy
2025-04-07,TRX-14959,PROD-6494,Sunglasses,Accessories,2,85.72,145.72,0.15,438.27,11,0.05,Returning,New York,Rainy
2025-04-07,TRX-14960,PROD-3898,Cotton T-Shirt,Apparel,4,132.37,423.58,0.2,289.4,10,0.06,VIP,Los Angeles,Cloudy
2025-04-07,TRX-14961,PROD-9497,Ceramic Mug,Home Goods,8,71.95,546.82,0.05,229.99,12,0.21,Returning,New York,Snowy
2025-04-08,TRX-14962,PROD-8390,Smart Watch,Electronics,3,80.55,241.65,0.0,152.78,13,0.1,New,Los Angeles,Rainy
2025-04-08,TRX-14963,PROD-9497,Ceramic Mug,Home Goods,16,25.45,386.84,0.05,125.41,14,0.16,Returning,Los Angeles,Cloudy
2025-04-08,TRX-14964,PROD-5960,Throw Pillow,Home Goods,5,114.78,487.81,0.15,468.3,13,0.01,Returning,New York,Cloudy
2025-04-08,TRX-14965,PROD-4260,Canvas Tote,Accessories,7,86.22,543.19,0.1,124.61,12,0.18,New,New York,Rainy
2025-04-08,TRX-14966,PROD-9710,Scented Candle,Home Goods,2,62.58,118.9,0.05,137.57,4,0.18,New,Los Angeles,Snowy
2025-04-08,TRX-14967,PROD-5960,Throw Pillow,Home Goods,8,144.15,1153.2,0.0,113.68,13,0.05,New,Los Angeles,Cloudy
2025-04-09,TRX-14968,PROD-5616,Denim Jeans,Apparel,9,46.07,352.44,0.15,146.68,10,0.22,New,Chicago,Cloudy
2025-04-09,TRX-14969,PROD-9357,Wireless Earbuds,Electronics,9,56.77,408.74,0.2,268.31,10,0.08,Returning,New York,Cloudy
2025-04-09,TRX-14970,PROD-9710,Scented Candle,Home Goods,7,48.85,341.95,0.0,146.67,6,0.02,Returning,Online,Cloudy
2025-04-09,TRX-14971,PROD-9357,Wireless Earbuds,Electronics,6,101.46,608.76,0.0,129.47,5,0.19,Returning,Chicago,Cloudy
2025-04-09,TRX-14972,PROD-5616,Denim Jeans,Apparel,10,104.5,1045.0,0.0,193.66,2,0.23,VIP,Online,Snowy
2025-04-09,TRX-14973,PROD-9710,Scented Candle,Home Goods,2,85.25,144.92,0.15,195.01,9,0.01,Returning,Online,Rainy
2025-04-10,TRX-14974,PROD-5960,Throw Pillow,Home Goods,10,15.69,156.9,0.0,61.82,5,0.2,Returning,Online,Sunny
2025-04-10,TRX-14975,PROD-5960,Throw Pillow,Home Goods,8,133.16,1065.28,0.0,176.79,6,0.18,New,Online,Sunny
2025-04-10,TRX-14976,PROD-9497,Ceramic Mug,Home Goods,4,150.36,601.44,0.0,195.22,8,0.16,VIP,New York,Sunny
2025-04-10,TRX-14977,PROD-3898,Cotton T-Shirt,Apparel,1,116.01,104.41,0.1,275.69,4,0.05,New,Los Angeles,Cloudy
2025-04-10,TRX-14978,PROD-0847,Winter Jacket,Apparel,10,31.42,314.2,0.0,395.29,5,0.19,VIP,Chicago,Snowy
2025-04-10,TRX-14979,PROD-8390,Smart Watch,Electronics,23,20.21,464.83,0.0,314.37,11,0.0,Returning,New York,Sunny
2025-04-11,TRX-14980,PROD-4539,Portable Charger,Electronics,10,129.2,1162.8,0.1,466.02,4,0.25,Returning,Los Angeles,Cloudy
2025-04-11,TRX-14981,PROD-9497,Ceramic Mug,Home Goods,4,39.98,159.92,0.0,428.33,6,0.01,New,Online,Snowy
2025-04-11,TRX-14982,PROD-8390,Smart Watch,Electronics,2,48.98,93.06,0.05,97.61,7,0.01,Returning,Chicago,Rainy
2025-04-11,TRX-14983,PROD-9710,Scented Candle,Home Goods,22,16.86,296.74,0.2,313.49,11,0.05,VIP,New York,Cloudy
2025-04-11,TRX-14984,PROD-9357,Wireless Earbuds,Electronics,25,24.72,494.4,0.2,279.6,8,0.29,New,Online,Cloudy
2025-04-11,TRX-14985,PROD-9497,Ceramic Mug,Home Goods,16,28.54,410.98,0.1,454.13,5,0.12,VIP,Online,Rainy
2025-04-12,TRX-14986,PROD-4282,Leather Wallet,Accessories,1,111.56,89.25,0.2,97.55,7,0.18,Returning,Chicago,Rainy
2025-04-12,TRX-14987,PROD-9497,Ceramic Mug,Home Goods,8,119.94,863.57,0.1,464.49,8,0.19,New,Chicago,Cloudy
2025-04-12,TRX-14988,PROD-0847,Winter Jacket,Apparel,6,130.73,666.72,0.15,329.38,11,0.23,Returning,Online,Sunny
2025-04-12,TRX-14989,PROD-9710,Scented Candle,Home Goods,1,108.93,108.93,0.0,260.48,3,0.18,New,New York,Rainy
2025-04-12,TRX-14990,PROD-9497,Ceramic Mug,Home Goods,6,47.36,255.74,0.1,116.85,12,0.28,New,Los Angeles,Cloudy
2025-04-12,TRX-14991,PROD-9357,Wireless Earbuds,Electronics,6,107.05,578.07,0.1,483.03,10,0.19,Returning,Online,Rainy
2025-04-13,TRX-14992,PROD-4539,Portable Charger,Electronics,9,106.04,906.64,0.05,75.41,3,0.02,Returning,Los Angeles,Sunny
2025-04-13,TRX-14993,PROD-4539,Portable Charger,Electronics,6,85.46,461.48,0.1,165.56,13,0.27,VIP,Los Angeles,Snowy
2025-04-13,TRX-14994,PROD-5960,Throw Pillow,Home Goods,4,86.25,345.0,0.0,227.26,8,0.13,VIP,New York,Cloudy
2025-04-13,TRX-14995,PROD-3898,Cotton T-Shirt,Apparel,5,43.99,219.95,0.0,496.05,13,0.0,New,New York,Sunny
2025-04-13,TRX-14996,PROD-8390,Smart Watch,Electronics,3,129.25,387.75,0.0,173.17,6,0.07,Returning,Chicago,Cloudy
2025-04-13,TRX-14997,PROD-9497,Ceramic Mug,Home Goods,9,107.18,964.62,0.0,338.78,9,0.15,VIP,Chicago,Cloudy
2025-04-14,TRX-14998,PROD-9357,Wireless Earbuds,Electronics,4,92.8,352.64,0.05,310.6,14,0.01,VIP,Los Angeles,Cloudy
2025-04-14,TRX-14999,PROD-5960,Throw Pillow,Home Goods,10,112.1,1121.0,0.0,62.88,6,0.19,New,New York,Sunny
