date,sku_name,product_category,sales_channel,region,customer_segment,units_sold,unit_price,discount_pct,competitor_discount_pct,marketing_spend,supplier_lead_time_days,customer_satisfaction_score,cogs,net_revenue,gross_profit
2024-01-01,NeuroEdge Core T3,Edge AI Devices,E-Commerce Portal,North America,Fortune 500,8,1176.51,0.0,4.3,6322.11,5,4.21,4743.32,9412.08,4668.76
2024-01-01,AgileCobot Arm 600,Smart Robotics,Direct Sales,EMEA,Fortune 500,6,9293.56,0.0,9.3,4567.52,17,4.62,28445.33,55761.36,27316.03
2024-01-02,Autonomous Cloud Seat,Cloud Subscriptions,E-Commerce Portal,EMEA,Mid-Market Enterprise,10,889.91,0.0,4.9,3320.33,6,4.48,4841.3,8899.1,4057.8
2024-01-02,Cryo-Temp Probe A9,Quantum Sensors,Direct Sales,Latin America,Mid-Market Enterprise,8,5899.69,5.0,10.3,4928.68,10,3.62,21869.3,44837.64,22968.34
2024-01-02,AgileCobot Arm 600,Smart Robotics,Direct Sales,North America,Mid-Market Enterprise,8,8981.26,10.0,14.3,8922.0,7,4.48,30001.71,64665.07,34663.36
2024-01-03,OmniVision Sensor Unit,Edge AI Devices,Enterprise Partner,APAC,Fortune 500,9,1247.49,0.0,13.4,4188.72,12,4.64,5569.46,11227.41,5657.95
2024-01-03,Quantum Flux Magnetometer,Quantum Sensors,E-Commerce Portal,Latin America,Fortune 500,12,6031.32,10.0,5.7,5809.02,9,4.08,31809.44,65138.26,33328.82
2024-01-04,OmniVision Sensor Unit,Edge AI Devices,E-Commerce Portal,North America,Fortune 500,8,1170.47,0.0,17.1,2758.59,11,4.2,4302.65,9363.76,5061.11
2024-01-04,Precision Laser Resonator,Quantum Sensors,E-Commerce Portal,North America,Fortune 500,4,6119.19,5.0,10.0,1887.31,7,4.89,10667.17,23252.92,12585.75
2024-01-04,Neural API Pro,Cloud Subscriptions,Direct Sales,EMEA,High-Growth Tech,10,867.95,0.0,15.4,7125.63,8,3.83,4769.56,8679.5,3909.94
2024-01-05,Autonomous Cloud Seat,Cloud Subscriptions,Government Contract,North America,Fortune 500,25,882.52,15.0,16.0,2691.47,5,4.15,8442.72,18753.55,10310.83
2024-01-05,NeuroEdge Core T3,Edge AI Devices,Direct Sales,APAC,Mid-Market Enterprise,25,1184.67,10.0,12.3,10814.41,13,4.19,15204.62,26655.07,11450.45
2024-01-05,AgileCobot Arm 600,Smart Robotics,Direct Sales,North America,High-Growth Tech,9,8907.84,10.0,5.6,8764.9,3,4.4,37650.65,72153.5,34502.85
2024-01-06,HyperRack 800,Enterprise Hardware,E-Commerce Portal,North America,High-Growth Tech,4,4354.7,15.0,5.7,8523.7,18,4.25,8446.42,14805.98,6359.56
2024-01-06,Quantum Flux Magnetometer,Quantum Sensors,Direct Sales,APAC,Mid-Market Enterprise,10,6019.53,0.0,10.8,11507.25,5,4.02,31745.98,60195.3,28449.32
2024-01-06,EdgeGateway X1,Edge AI Devices,Direct Sales,EMEA,Mid-Market Enterprise,21,1190.37,10.0,13.2,9278.07,18,4.16,10371.42,22497.99,12126.57
2024-01-07,CogniTwin Enterprise Tier,Cloud Subscriptions,E-Commerce Portal,North America,Fortune 500,16,847.08,0.0,16.2,5666.23,17,4.09,6869.12,13553.28,6684.16
2024-01-07,PowerNode V4 Blade,Enterprise Hardware,Enterprise Partner,APAC,Fortune 500,3,4298.26,0.0,10.6,1907.76,7,4.31,6512.08,12894.78,6382.7
2024-01-07,EdgeGateway X1,Edge AI Devices,E-Commerce Portal,North America,Fortune 500,21,1151.26,10.0,2.7,11680.14,7,5.0,9775.33,21758.81,11983.48
2024-01-08,EdgeGateway X1,Edge AI Devices,E-Commerce Portal,APAC,Fortune 500,6,1177.37,0.0,3.9,7443.39,16,4.13,4074.09,7064.22,2990.13
2024-01-08,CogniTwin Enterprise Tier,Cloud Subscriptions,E-Commerce Portal,North America,High-Growth Tech,12,859.85,0.0,8.9,6471.45,12,4.4,5891.93,10318.2,4426.27
2024-01-09,Automated Guided Rover,Smart Robotics,E-Commerce Portal,North America,Mid-Market Enterprise,4,8471.22,5.0,15.1,10116.71,10,4.7,14006.5,32190.64,18184.14
2024-01-09,EdgeGateway X1,Edge AI Devices,Direct Sales,EMEA,High-Growth Tech,15,1228.21,0.0,6.2,8656.94,9,4.54,10106.15,18423.15,8317.0
2024-01-09,CogniTwin Enterprise Tier,Cloud Subscriptions,E-Commerce Portal,North America,High-Growth Tech,19,886.61,10.0,4.0,7547.21,19,4.12,8449.94,15161.03,6711.09
2024-01-10,NeuroEdge Core T3,Edge AI Devices,Direct Sales,EMEA,High-Growth Tech,13,1193.81,0.0,3.6,5590.99,6,4.29,7246.28,15519.53,8273.25
2024-01-10,Quantum Flux Magnetometer,Quantum Sensors,E-Commerce Portal,North America,Research Institute,10,6154.18,0.0,16.9,9703.61,9,4.15,28039.2,61541.8,33502.6
2024-01-11,PowerNode V4 Blade,Enterprise Hardware,E-Commerce Portal,North America,High-Growth Tech,9,4485.9,15.0,5.8,10562.95,9,4.11,14722.35,34317.14,19594.79
2024-01-11,Quantum Flux Magnetometer,Quantum Sensors,Enterprise Partner,APAC,High-Growth Tech,2,6491.32,5.0,9.6,3993.82,3,4.31,5265.24,12333.51,7068.27
2024-01-12,Precision Laser Resonator,Quantum Sensors,E-Commerce Portal,North America,Fortune 500,4,6251.87,0.0,17.9,3776.5,5,4.36,10814.17,25007.48,14193.31
2024-01-12,NeuroEdge Core T3,Edge AI Devices,Direct Sales,EMEA,Fortune 500,17,1190.19,5.0,11.6,4437.52,18,4.79,10941.62,19221.57,8279.95
2024-01-13,NeuroEdge Core T3,Edge AI Devices,Enterprise Partner,EMEA,Research Institute,16,1146.77,10.0,8.3,5455.76,19,4.35,9220.4,16513.49,7293.09
2024-01-13,AgileCobot Arm 600,Smart Robotics,E-Commerce Portal,APAC,Research Institute,5,8639.43,10.0,14.1,7644.07,19,4.9,21791.39,38877.43,17086.04
2024-01-13,Cryo-Temp Probe A9,Quantum Sensors,Direct Sales,North America,High-Growth Tech,16,6340.37,10.0,10.3,6963.23,14,4.17,46343.77,91301.33,44957.56
2024-01-14,HyperRack 800,Enterprise Hardware,E-Commerce Portal,APAC,High-Growth Tech,9,4333.0,10.0,3.1,10341.96,7,5.0,15459.92,35097.3,19637.38
2024-01-14,VisionSorter 2.0,Smart Robotics,E-Commerce Portal,EMEA,Fortune 500,5,8943.36,5.0,16.0,8813.27,20,3.85,21474.45,42480.96,21006.51
2024-01-15,Neural API Pro,Cloud Subscriptions,Direct Sales,North America,Fortune 500,21,831.03,10.0,10.2,6552.03,13,4.6,8622.73,15706.47,7083.74
2024-01-15,PowerNode V4 Blade,Enterprise Hardware,E-Commerce Portal,Latin America,High-Growth Tech,2,4677.84,0.0,14.2,11202.44,16,5.0,4695.32,9355.68,4660.36
2024-01-15,Precision Laser Resonator,Quantum Sensors,Direct Sales,APAC,High-Growth Tech,4,6102.61,0.0,13.8,5670.22,12,4.3,12103.56,24410.44,12306.88
2024-01-16,VisionSorter 2.0,Smart Robotics,E-Commerce Portal,APAC,High-Growth Tech,6,8591.04,5.0,8.1,7658.62,7,4.96,22494.04,48968.93,26474.89
2024-01-16,OmniVision Sensor Unit,Edge AI Devices,Direct Sales,North America,Fortune 500,20,1250.09,0.0,10.4,10916.04,10,3.88,10521.96,25001.8,14479.84
2024-01-16,Cryo-Temp Probe A9,Quantum Sensors,Direct Sales,North America,High-Growth Tech,5,6268.58,5.0,11.1,11258.45,15,4.13,13880.89,29775.75,15894.86
2024-01-17,EdgeGateway X1,Edge AI Devices,Direct Sales,North America,Fortune 500,5,1140.33,20.0,7.2,2165.44,4,4.63,2000.92,4561.32,2560.4
2024-01-17,Precision Laser Resonator,Quantum Sensors,E-Commerce Portal,North America,Fortune 500,11,6036.13,10.0,17.4,11260.06,16,4.2,31157.74,59757.69,28599.95
2024-01-18,CogniTwin Enterprise Tier,Cloud Subscriptions,E-Commerce Portal,EMEA,Mid-Market Enterprise,17,840.78,5.0,10.6,10946.51,17,3.9,6858.51,13578.6,6720.09
2024-01-18,NeuroEdge Core T3,Edge AI Devices,Government Contract,EMEA,Fortune 500,20,1259.72,5.0,7.4,11368.24,17,4.39,12933.93,23934.68,11000.75
2024-01-18,AgileCobot Arm 600,Smart Robotics,Direct Sales,APAC,Fortune 500,5,8902.04,10.0,16.0,7483.84,3,4.82,20285.08,40059.18,19774.1
2024-01-19,Autonomous Cloud Seat,Cloud Subscriptions,E-Commerce Portal,EMEA,High-Growth Tech,13,859.77,0.0,4.9,4143.89,12,3.93,6325.03,11177.01,4851.98
2024-01-19,OmniVision Sensor Unit,Edge AI Devices,Direct Sales,North America,Mid-Market Enterprise,25,1158.3,0.0,16.7,7726.11,7,4.13,14832.21,28957.5,14125.29
2024-01-20,Cryo-Temp Probe A9,Quantum Sensors,Government Contract,Latin America,High-Growth Tech,4,6387.77,20.0,15.4,2689.0,3,4.42,8600.31,20440.86,11840.55
2024-01-20,AgileCobot Arm 600,Smart Robotics,Direct Sales,North America,Mid-Market Enterprise,5,8969.09,5.0,9.7,11191.08,19,4.84,19021.56,42603.18,23581.62
2024-01-20,CogniTwin Enterprise Tier,Cloud Subscriptions,Government Contract,North America,High-Growth Tech,17,832.97,0.0,12.6,8138.78,9,4.39,6649.62,14160.49,7510.87
2024-01-21,Apex Server Cluster,Enterprise Hardware,Direct Sales,North America,High-Growth Tech,7,4425.46,0.0,14.4,7430.83,17,4.57,13385.09,30978.22,17593.13
2024-01-21,EdgeGateway X1,Edge AI Devices,Direct Sales,North America,High-Growth Tech,16,1163.53,0.0,4.5,5791.71,20,4.3,9324.65,18616.48,9291.83
2024-01-21,Cryo-Temp Probe A9,Quantum Sensors,Direct Sales,EMEA,Mid-Market Enterprise,11,6282.61,10.0,14.9,7345.58,16,4.81,33446.56,62197.84,28751.28
2024-01-22,NeuroEdge Core T3,Edge AI Devices,E-Commerce Portal,APAC,Mid-Market Enterprise,14,1243.33,0.0,8.1,5089.08,14,4.21,7922.13,17406.62,9484.49
2024-01-22,Automated Guided Rover,Smart Robotics,Enterprise Partner,North America,Mid-Market Enterprise,9,8572.73,15.0,14.8,6618.03,19,4.81,36993.9,65581.38,28587.48
2024-01-23,PowerNode V4 Blade,Enterprise Hardware,Enterprise Partner,EMEA,Fortune 500,7,4621.91,5.0,13.5,5755.1,12,4.23,14984.45,30735.7,15751.25
2024-01-23,Cryo-Temp Probe A9,Quantum Sensors,Direct Sales,APAC,Fortune 500,9,6057.34,0.0,8.2,7833.1,10,4.14,27605.56,54516.06,26910.5
2024-01-23,EdgeGateway X1,Edge AI Devices,E-Commerce Portal,North America,High-Growth Tech,13,1192.18,0.0,14.3,7766.85,11,4.47,7120.31,15498.34,8378.03
2024-01-24,Cryo-Temp Probe A9,Quantum Sensors,E-Commerce Portal,North America,Fortune 500,9,6193.44,0.0,17.2,11131.79,19,4.27,25384.07,55740.96,30356.89
2024-01-24,Automated Guided Rover,Smart Robotics,Direct Sales,EMEA,Fortune 500,10,8985.68,20.0,10.9,7676.77,9,4.58,32837.37,71885.44,39048.07
2024-01-25,Precision Laser Resonator,Quantum Sensors,Direct Sales,APAC,Fortune 500,4,6429.46,5.0,14.7,4810.55,15,4.31,10344.56,24431.95,14087.39
2024-01-25,HyperRack 800,Enterprise Hardware,Direct Sales,North America,Research Institute,6,4434.58,0.0,2.8,2235.31,19,4.2,12397.97,26607.48,14209.51
2024-01-25,Neural API Pro,Cloud Subscriptions,Direct Sales,North America,Fortune 500,20,842.99,5.0,8.1,11871.09,6,3.41,8979.97,16016.81,7036.84
2024-01-26,AgileCobot Arm 600,Smart Robotics,Enterprise Partner,North America,High-Growth Tech,6,9317.5,0.0,15.3,10297.17,16,4.14,31385.39,55905.0,24519.61
2024-01-26,Precision Laser Resonator,Quantum Sensors,E-Commerce Portal,EMEA,Fortune 500,9,6434.03,5.0,17.9,6910.1,5,4.19,25442.35,55010.96,29568.61
2024-01-26,PowerNode V4 Blade,Enterprise Hardware,Enterprise Partner,Latin America,Mid-Market Enterprise,7,4582.47,10.0,10.8,9999.92,4,3.7,12476.87,28869.56,16392.69
2024-01-27,Neural API Pro,Cloud Subscriptions,E-Commerce Portal,APAC,Fortune 500,19,828.35,5.0,6.3,8619.17,8,3.9,6656.12,14951.72,8295.6
2024-01-27,AgileCobot Arm 600,Smart Robotics,Direct Sales,North America,Research Institute,6,8710.46,10.0,5.0,2611.26,7,4.25,24398.21,47036.48,22638.27
2024-01-28,Quantum Flux Magnetometer,Quantum Sensors,Enterprise Partner,North America,Mid-Market Enterprise,7,6076.6,20.0,7.5,7183.3,17,4.07,18147.9,34028.96,15881.06
2024-01-28,OmniVision Sensor Unit,Edge AI Devices,Enterprise Partner,EMEA,Fortune 500,11,1232.45,15.0,17.8,2284.29,17,4.55,6099.66,11523.41,5423.75
2024-01-29,CogniTwin Enterprise Tier,Cloud Subscriptions,Direct Sales,APAC,High-Growth Tech,16,830.73,0.0,15.4,10172.17,17,4.19,7604.68,13291.68,5687.0
2024-01-29,PowerNode V4 Blade,Enterprise Hardware,Government Contract,North America,High-Growth Tech,7,4366.67,0.0,17.7,5674.74,3,4.87,13283.87,30566.69,17282.82
2024-01-29,Precision Laser Resonator,Quantum Sensors,E-Commerce Portal,EMEA,Fortune 500,2,6260.96,0.0,16.6,9866.38,5,4.03,6475.95,12521.92,6045.97
2024-01-30,AgileCobot Arm 600,Smart Robotics,Direct Sales,EMEA,Fortune 500,6,8882.65,5.0,17.7,7697.77,19,4.22,22115.1,50631.1,28516.0
2024-01-30,CogniTwin Enterprise Tier,Cloud Subscriptions,Direct Sales,EMEA,Fortune 500,12,837.3,0.0,7.5,6564.74,10,3.43,4273.37,10047.6,5774.23
2024-01-30,OmniVision Sensor Unit,Edge AI Devices,Direct Sales,North America,High-Growth Tech,19,1252.35,10.0,5.2,8739.38,14,4.51,9172.45,21415.18,12242.73
2024-01-31,Automated Guided Rover,Smart Robotics,Enterprise Partner,EMEA,High-Growth Tech,1,8845.36,5.0,11.6,8438.61,5,4.08,4503.82,8403.09,3899.27
2024-01-31,Autonomous Cloud Seat,Cloud Subscriptions,E-Commerce Portal,EMEA,High-Growth Tech,8,813.64,5.0,13.9,4954.68,14,5.0,2627.46,6183.66,3556.2
2024-01-31,Quantum Flux Magnetometer,Quantum Sensors,Enterprise Partner,North America,Research Institute,6,6135.22,10.0,12.1,5867.03,14,4.57,17127.98,33130.19,16002.21
2024-02-01,Neural API Pro,Cloud Subscriptions,Government Contract,North America,High-Growth Tech,18,827.69,5.0,15.4,5530.4,3,4.56,8144.25,14153.5,6009.25
2024-02-01,HyperRack 800,Enterprise Hardware,E-Commerce Portal,North America,High-Growth Tech,4,4570.53,5.0,11.5,2522.63,9,4.13,8198.23,17368.01,9169.78
2024-02-02,EdgeGateway X1,Edge AI Devices,Direct Sales,APAC,High-Growth Tech,17,1160.05,5.0,12.7,4974.34,11,3.78,8371.07,18734.81,10363.74
2024-02-02,CogniTwin Enterprise Tier,Cloud Subscriptions,E-Commerce Portal,North America,High-Growth Tech,30,817.01,10.0,9.1,9708.8,17,4.23,10216.97,22059.27,11842.3
2024-02-02,Apex Server Cluster,Enterprise Hardware,Direct Sales,North America,Fortune 500,6,4420.41,0.0,4.9,8220.03,7,4.48,15268.86,26522.46,11253.6
2024-02-03,Apex Server Cluster,Enterprise Hardware,Direct Sales,North America,Fortune 500,4,4708.51,0.0,12.8,8899.15,20,4.04,8679.65,18834.04,10154.39
2024-02-03,Quantum Flux Magnetometer,Quantum Sensors,Enterprise Partner,Latin America,High-Growth Tech,13,6087.23,5.0,15.9,6720.34,10,4.24,41996.3,75177.29,33180.99
2024-02-04,EdgeGateway X1,Edge AI Devices,Enterprise Partner,APAC,High-Growth Tech,23,1244.27,10.0,14.9,4933.85,20,4.51,12365.84,25756.39,13390.55
2024-02-04,Neural API Pro,Cloud Subscriptions,E-Commerce Portal,North America,Fortune 500,11,858.79,0.0,13.1,5347.85,3,4.14,4977.59,9446.69,4469.1
2024-02-05,Quantum Flux Magnetometer,Quantum Sensors,Enterprise Partner,EMEA,High-Growth Tech,5,6399.88,0.0,8.1,1769.24,4,3.87,15645.72,31999.4,16353.68
2024-02-05,Autonomous Cloud Seat,Cloud Subscriptions,Direct Sales,Latin America,High-Growth Tech,12,886.52,0.0,9.7,5490.78,4,4.56,5374.03,10638.24,5264.21
2024-02-05,Apex Server Cluster,Enterprise Hardware,E-Commerce Portal,APAC,Fortune 500,4,4390.45,0.0,4.9,5842.27,14,3.96,10081.67,17561.8,7480.13
2024-02-06,Autonomous Cloud Seat,Cloud Subscriptions,Government Contract,EMEA,Mid-Market Enterprise,21,854.81,0.0,5.4,10784.17,12,4.21,8273.68,17951.01,9677.33
2024-02-06,OmniVision Sensor Unit,Edge AI Devices,Enterprise Partner,APAC,High-Growth Tech,11,1244.31,10.0,4.4,10000.06,20,3.97,6105.91,12318.67,6212.76
2024-02-06,AgileCobot Arm 600,Smart Robotics,Direct Sales,North America,High-Growth Tech,6,9099.82,5.0,5.7,7874.49,16,4.18,21916.27,51868.97,29952.7
2024-02-07,Apex Server Cluster,Enterprise Hardware,Direct Sales,Latin America,Mid-Market Enterprise,3,4508.58,5.0,11.5,4281.4,11,4.47,5535.77,12849.45,7313.68
2024-02-07,AgileCobot Arm 600,Smart Robotics,Direct Sales,EMEA,Fortune 500,8,9126.81,10.0,5.7,7724.53,5,3.8,29391.89,65713.03,36321.14
2024-02-07,Neural API Pro,Cloud Subscriptions,Direct Sales,EMEA,Mid-Market Enterprise,12,890.3,10.0,14.7,5149.5,18,3.87,4069.21,9615.24,5546.03
2024-02-08,CogniTwin Enterprise Tier,Cloud Subscriptions,Direct Sales,North America,Mid-Market Enterprise,14,827.82,5.0,10.1,10579.21,4,4.13,5522.14,11010.01,5487.87
2024-02-08,EdgeGateway X1,Edge AI Devices,Direct Sales,North America,High-Growth Tech,14,1187.66,15.0,10.0,6914.63,7,3.93,7156.42,14133.15,6976.73
2024-02-08,AgileCobot Arm 600,Smart Robotics,Direct Sales,APAC,Mid-Market Enterprise,10,9254.45,10.0,6.9,9962.22,11,4.23,46033.84,83290.05,37256.21
2024-02-09,Quantum Flux Magnetometer,Quantum Sensors,E-Commerce Portal,North America,High-Growth Tech,7,6287.31,0.0,3.3,6814.13,14,4.18,20005.99,44011.17,24005.18
2024-02-09,OmniVision Sensor Unit,Edge AI Devices,E-Commerce Portal,North America,High-Growth Tech,14,1160.48,0.0,5.4,7426.63,13,4.66,7017.62,16246.72,9229.1
2024-02-09,Apex Server Cluster,Enterprise Hardware,Direct Sales,North America,High-Growth Tech,8,4673.97,5.0,5.7,7989.54,7,4.95,17475.68,35522.17,18046.49
2024-02-10,Apex Server Cluster,Enterprise Hardware,Enterprise Partner,APAC,Mid-Market Enterprise,3,4383.54,5.0,9.7,1615.83,8,4.75,7197.77,12493.09,5295.32
2024-02-10,OmniVision Sensor Unit,Edge AI Devices,Direct Sales,North America,High-Growth Tech,20,1218.21,5.0,10.0,4291.44,6,4.08,12723.58,23145.99,10422.41
2024-02-11,AgileCobot Arm 600,Smart Robotics,Government Contract,North America,Fortune 500,7,9251.65,15.0,14.9,8416.27,18,4.67,28727.39,55047.32,26319.93
2024-02-11,Autonomous Cloud Seat,Cloud Subscriptions,Enterprise Partner,EMEA,Mid-Market Enterprise,4,868.39,20.0,9.1,2609.78,10,4.2,1199.17,2778.85,1579.68
2024-02-12,NeuroEdge Core T3,Edge AI Devices,Direct Sales,EMEA,Research Institute,24,1190.92,15.0,14.5,11692.87,13,4.9,10524.95,24294.77,13769.82
2024-02-12,AgileCobot Arm 600,Smart Robotics,Direct Sales,APAC,High-Growth Tech,6,9327.17,0.0,3.9,5510.37,6,3.52,28893.77,55963.02,27069.25
2024-02-12,PowerNode V4 Blade,Enterprise Hardware,Government Contract,EMEA,High-Growth Tech,4,4363.86,0.0,3.8,3144.7,20,4.16,9808.35,17455.44,7647.09
2024-02-13,Apex Server Cluster,Enterprise Hardware,Enterprise Partner,APAC,Research Institute,3,4419.03,10.0,9.4,4148.53,10,3.89,6449.03,11931.38,5482.35
2024-02-13,Quantum Flux Magnetometer,Quantum Sensors,Government Contract,North America,Fortune 500,8,5989.24,10.0,15.1,2883.15,17,4.9,21296.03,43122.53,21826.5
2024-02-13,NeuroEdge Core T3,Edge AI Devices,Enterprise Partner,APAC,Fortune 500,13,1185.03,15.0,12.5,3536.52,12,4.41,6628.36,13094.58,6466.22
2024-02-14,PowerNode V4 Blade,Enterprise Hardware,Direct Sales,APAC,Mid-Market Enterprise,8,4553.82,10.0,15.5,8622.98,8,4.07,15635.67,32787.5,17151.83
2024-02-14,CogniTwin Enterprise Tier,Cloud Subscriptions,Direct Sales,North America,Mid-Market Enterprise,6,858.45,10.0,3.7,6856.15,6,3.56,2393.58,4635.63,2242.05
2024-02-14,Precision Laser Resonator,Quantum Sensors,E-Commerce Portal,North America,Fortune 500,3,6026.78,10.0,13.3,5009.5,6,3.29,8391.89,16272.31,7880.42
2024-02-15,AgileCobot Arm 600,Smart Robotics,E-Commerce Portal,EMEA,Mid-Market Enterprise,6,8976.97,5.0,15.4,2742.53,13,4.72,27202.69,51168.73,23966.04
2024-02-15,Precision Laser Resonator,Quantum Sensors,Direct Sales,Latin America,Fortune 500,8,5925.51,15.0,15.5,6011.4,7,3.31,18375.26,40293.47,21918.21
2024-02-16,AgileCobot Arm 600,Smart Robotics,Government Contract,North America,Fortune 500,6,8888.94,0.0,6.0,4462.96,16,4.08,22686.97,53333.64,30646.67
2024-02-16,OmniVision Sensor Unit,Edge AI Devices,Government Contract,North America,High-Growth Tech,14,1234.53,0.0,16.4,5816.5,20,4.54,8985.79,17283.42,8297.63
2024-02-16,CogniTwin Enterprise Tier,Cloud Subscriptions,Government Contract,North America,High-Growth Tech,12,820.36,5.0,9.4,3580.03,14,5.0,4265.03,9352.1,5087.07
2024-02-17,Quantum Flux Magnetometer,Quantum Sensors,E-Commerce Portal,North America,Mid-Market Enterprise,7,6424.43,0.0,13.3,9089.55,19,3.86,22198.86,44971.01,22772.15
2024-02-17,VisionSorter 2.0,Smart Robotics,E-Commerce Portal,North America,High-Growth Tech,5,9128.51,5.0,2.8,9967.24,19,4.62,21814.7,43360.42,21545.72
2024-02-17,NeuroEdge Core T3,Edge AI Devices,E-Commerce Portal,North America,Fortune 500,21,1152.66,5.0,14.0,11439.7,19,4.75,12074.62,22995.57,10920.95
2024-02-18,Quantum Flux Magnetometer,Quantum Sensors,Government Contract,North America,High-Growth Tech,10,6421.45,10.0,11.2,4514.95,10,4.37,32652.09,57793.05,25140.96
2024-02-18,Apex Server Cluster,Enterprise Hardware,Direct Sales,EMEA,High-Growth Tech,7,4560.6,0.0,13.7,1850.53,18,4.32,14255.84,31924.2,17668.36
2024-02-19,VisionSorter 2.0,Smart Robotics,E-Commerce Portal,North America,Fortune 500,8,8863.75,0.0,8.1,10141.06,5,3.93,33841.64,70910.0,37068.36
2024-02-19,Apex Server Cluster,Enterprise Hardware,Enterprise Partner,APAC,High-Growth Tech,6,4715.6,0.0,3.4,4065.57,3,4.17,14754.06,28293.6,13539.54
2024-02-19,Quantum Flux Magnetometer,Quantum Sensors,E-Commerce Portal,North America,High-Growth Tech,4,5910.58,0.0,15.7,2231.23,3,4.24,11079.53,23642.32,12562.79
2024-02-20,AgileCobot Arm 600,Smart Robotics,Enterprise Partner,EMEA,Fortune 500,9,9113.51,10.0,11.0,11025.55,4,3.72,41847.66,73819.43,31971.77
2024-02-20,Autonomous Cloud Seat,Cloud Subscriptions,Direct Sales,APAC,Research Institute,14,831.43,10.0,15.4,10173.41,15,3.49,5862.81,10476.02,4613.21
2024-02-20,Apex Server Cluster,Enterprise Hardware,Direct Sales,North America,Fortune 500,4,4541.95,0.0,11.1,4264.82,16,3.76,10224.26,18167.8,7943.54
2024-02-21,Neural API Pro,Cloud Subscriptions,E-Commerce Portal,North America,Mid-Market Enterprise,17,815.48,10.0,6.0,7520.17,7,4.71,7056.16,12476.84,5420.68
2024-02-21,Precision Laser Resonator,Quantum Sensors,Enterprise Partner,APAC,High-Growth Tech,5,6379.06,5.0,7.1,6933.19,14,3.95,15827.08,30300.53,14473.45
2024-02-22,PowerNode V4 Blade,Enterprise Hardware,Government Contract,North America,Fortune 500,3,4487.62,20.0,6.3,6465.42,8,4.36,4602.19,10770.29,6168.1
2024-02-22,Autonomous Cloud Seat,Cloud Subscriptions,Direct Sales,Latin America,Fortune 500,12,811.71,0.0,11.8,6561.43,15,5.0,5389.73,9740.52,4350.79
2024-02-23,CogniTwin Enterprise Tier,Cloud Subscriptions,E-Commerce Portal,North America,High-Growth Tech,11,836.84,0.0,15.1,1966.07,19,4.12,4613.54,9205.24,4591.7
2024-02-23,AgileCobot Arm 600,Smart Robotics,Direct Sales,EMEA,Fortune 500,12,9021.4,15.0,4.6,6231.27,10,3.68,39400.54,92018.28,52617.74
2024-02-23,NeuroEdge Core T3,Edge AI Devices,Enterprise Partner,North America,Mid-Market Enterprise,14,1190.27,10.0,14.8,4195.29,6,3.77,8101.42,14997.4,6895.98
2024-02-24,AgileCobot Arm 600,Smart Robotics,Government Contract,EMEA,High-Growth Tech,13,8810.44,5.0,2.2,5300.16,20,4.28,61544.67,108808.93,47264.26
2024-02-24,Apex Server Cluster,Enterprise Hardware,E-Commerce Portal,North America,Mid-Market Enterprise,8,4447.91,10.0,13.1,8349.06,20,4.27,15756.91,32024.95,16268.04
2024-02-25,VisionSorter 2.0,Smart Robotics,E-Commerce Portal,North America,High-Growth Tech,9,8798.43,10.0,8.0,8908.65,7,4.24,38960.06,71267.28,32307.22
2024-02-25,EdgeGateway X1,Edge AI Devices,Direct Sales,EMEA,High-Growth Tech,9,1256.64,0.0,17.8,5328.23,3,4.45,5163.56,11309.76,6146.2
2024-02-25,Precision Laser Resonator,Quantum Sensors,E-Commerce Portal,North America,Fortune 500,7,6165.36,15.0,8.6,3693.07,20,4.06,21246.48,36683.89,15437.41
2024-02-26,EdgeGateway X1,Edge AI Devices,Direct Sales,North America,Research Institute,19,1240.04,20.0,9.6,9622.16,15,4.22,9244.69,18848.61,9603.92
2024-02-26,Neural API Pro,Cloud Subscriptions,Enterprise Partner,APAC,Fortune 500,16,845.24,10.0,5.8,6828.19,13,3.61,6331.56,12171.46,5839.9
2024-02-27,EdgeGateway X1,Edge AI Devices,Enterprise Partner,EMEA,High-Growth Tech,13,1167.33,0.0,8.3,8016.94,7,4.7,8714.33,15175.29,6460.96
2024-02-27,AgileCobot Arm 600,Smart Robotics,E-Commerce Portal,North America,High-Growth Tech,6,8709.35,10.0,10.8,1898.81,7,4.13,21282.03,47030.49,25748.46
2024-02-28,OmniVision Sensor Unit,Edge AI Devices,Enterprise Partner,APAC,High-Growth Tech,22,1153.11,5.0,11.5,6156.29,9,4.75,13414.88,24100.0,10685.12
2024-02-28,Quantum Flux Magnetometer,Quantum Sensors,E-Commerce Portal,North America,Fortune 500,2,6338.08,0.0,2.5,4774.94,17,4.66,6728.57,12676.16,5947.59
2024-02-28,Apex Server Cluster,Enterprise Hardware,E-Commerce Portal,EMEA,Mid-Market Enterprise,4,4294.87,10.0,10.5,5000.78,17,4.48,7339.36,15461.53,8122.17
2024-02-29,NeuroEdge Core T3,Edge AI Devices,Enterprise Partner,APAC,Mid-Market Enterprise,13,1181.86,0.0,8.4,8850.36,4,4.33,6725.82,15364.18,8638.36
2024-02-29,Quantum Flux Magnetometer,Quantum Sensors,Government Contract,North America,Research Institute,3,6139.78,0.0,3.2,6987.05,4,4.1,8606.37,18419.34,9812.97
2024-03-01,HyperRack 800,Enterprise Hardware,Government Contract,North America,Research Institute,11,4483.43,5.0,5.6,4875.7,11,4.24,21436.8,46851.84,25415.04
2024-03-01,AgileCobot Arm 600,Smart Robotics,Enterprise Partner,EMEA,High-Growth Tech,6,8623.25,10.0,6.3,3000.2,16,3.85,25391.39,46565.55,21174.16
2024-03-01,Cryo-Temp Probe A9,Quantum Sensors,Direct Sales,APAC,Fortune 500,15,5916.22,0.0,5.9,10313.05,13,4.33,45289.31,88743.3,43453.99
2024-03-02,Precision Laser Resonator,Quantum Sensors,Direct Sales,APAC,High-Growth Tech,11,6128.77,10.0,17.2,11643.5,17,4.46,33888.78,60674.82,26786.04
2024-03-02,EdgeGateway X1,Edge AI Devices,E-Commerce Portal,North America,High-Growth Tech,17,1244.37,0.0,14.3,5383.04,20,3.53,11357.3,21154.29,9796.99
2024-03-02,Automated Guided Rover,Smart Robotics,Direct Sales,EMEA,High-Growth Tech,7,8493.28,0.0,12.4,4600.67,20,4.94,31313.79,59452.96,28139.17
2024-03-03,Automated Guided Rover,Smart Robotics,Direct Sales,North America,Fortune 500,1,8868.04,0.0,8.6,1702.94,5,4.71,5091.67,8868.04,3776.37
2024-03-03,Cryo-Temp Probe A9,Quantum Sensors,E-Commerce Portal,North America,Mid-Market Enterprise,6,6071.85,5.0,17.6,9615.68,12,3.44,18817.3,34609.54,15792.24
2024-03-04,VisionSorter 2.0,Smart Robotics,E-Commerce Portal,EMEA,Mid-Market Enterprise,8,9336.29,5.0,15.3,8593.59,10,4.21,32516.59,70955.8,38439.21
2024-03-04,Neural API Pro,Cloud Subscriptions,E-Commerce Portal,EMEA,Mid-Market Enterprise,10,890.94,10.0,11.9,3652.3,12,4.24,4044.21,8018.46,3974.25
2024-03-04,EdgeGateway X1,Edge AI Devices,Direct Sales,EMEA,Mid-Market Enterprise,15,1145.35,0.0,13.6,11447.65,17,4.47,8358.24,17180.25,8822.01
2024-03-05,PowerNode V4 Blade,Enterprise Hardware,Government Contract,Latin America,High-Growth Tech,3,4475.49,10.0,10.7,11250.93,16,4.25,5479.65,12083.82,6604.17
2024-03-05,Precision Laser Resonator,Quantum Sensors,E-Commerce Portal,North America,Research Institute,3,6275.85,0.0,12.5,7035.94,11,4.42,10863.28,18827.55,7964.27
2024-03-05,VisionSorter 2.0,Smart Robotics,Enterprise Partner,North America,High-Growth Tech,6,8599.8,20.0,17.5,5649.66,10,4.53,21069.39,41279.04,20209.65
2024-03-06,Cryo-Temp Probe A9,Quantum Sensors,Enterprise Partner,North America,High-Growth Tech,2,6188.15,0.0,14.9,9949.91,10,4.59,6509.8,12376.3,5866.5
2024-03-06,Neural API Pro,Cloud Subscriptions,Government Contract,North America,Research Institute,15,871.61,5.0,10.2,11525.89,9,4.69,7041.75,12420.44,5378.69
2024-03-06,PowerNode V4 Blade,Enterprise Hardware,E-Commerce Portal,North America,High-Growth Tech,5,4292.52,0.0,11.2,11920.64,20,3.92,9137.98,21462.6,12324.62
2024-03-07,AgileCobot Arm 600,Smart Robotics,E-Commerce Portal,APAC,High-Growth Tech,8,8981.11,0.0,15.4,5988.77,15,4.69,32316.31,71848.88,39532.57
2024-03-07,Autonomous Cloud Seat,Cloud Subscriptions,E-Commerce Portal,North America,High-Growth Tech,15,866.46,0.0,16.1,5325.72,3,4.91,7062.25,12996.9,5934.65
2024-03-08,AgileCobot Arm 600,Smart Robotics,E-Commerce Portal,North America,High-Growth Tech,3,8725.51,0.0,14.2,1894.5,8,4.25,11959.18,26176.53,14217.35
2024-03-08,HyperRack 800,Enterprise Hardware,Direct Sales,North America,Fortune 500,15,4540.79,5.0,8.7,9183.11,15,3.71,34020.11,64706.26,30686.15
2024-03-08,EdgeGateway X1,Edge AI Devices,E-Commerce Portal,APAC,Fortune 500,15,1253.91,5.0,6.3,4324.71,12,4.13,9311.94,17868.22,8556.28
2024-03-09,CogniTwin Enterprise Tier,Cloud Subscriptions,Enterprise Partner,North America,Research Institute,19,880.74,0.0,4.9,6212.54,9,4.73,7762.12,16734.06,8971.94
2024-03-09,Precision Laser Resonator,Quantum Sensors,Direct Sales,North America,Fortune 500,12,5905.62,0.0,3.9,8484.04,19,4.37,39277.54,70867.44,31589.9
2024-03-10,Quantum Flux Magnetometer,Quantum Sensors,Direct Sales,EMEA,High-Growth Tech,13,6086.26,5.0,10.7,8915.03,3,4.33,41387.95,75165.31,33777.36
2024-03-10,CogniTwin Enterprise Tier,Cloud Subscriptions,Enterprise Partner,North America,High-Growth Tech,15,823.39,10.0,16.5,7503.33,20,3.62,4703.83,11115.76,6411.93
2024-03-10,AgileCobot Arm 600,Smart Robotics,Direct Sales,North America,High-Growth Tech,4,9295.56,10.0,8.5,5007.52,3,4.19,17490.89,33464.02,15973.13
2024-03-11,AgileCobot Arm 600,Smart Robotics,Direct Sales,Latin America,Research Institute,4,8808.88,5.0,17.6,1620.55,4,3.72,15474.38,33473.74,17999.36
2024-03-11,Apex Server Cluster,Enterprise Hardware,E-Commerce Portal,APAC,High-Growth Tech,8,4528.65,10.0,4.3,7270.87,9,4.35,16045.87,32606.28,16560.41
2024-03-11,OmniVision Sensor Unit,Edge AI Devices,Direct Sales,North America,High-Growth Tech,20,1252.69,15.0,3.7,10594.0,12,4.11,8966.97,21295.73,12328.76
2024-03-12,CogniTwin Enterprise Tier,Cloud Subscriptions,E-Commerce Portal,North America,High-Growth Tech,14,864.02,5.0,17.3,4157.57,6,4.7,5742.13,11491.47,5749.34
2024-03-12,HyperRack 800,Enterprise Hardware,E-Commerce Portal,North America,Mid-Market Enterprise,8,4569.3,5.0,6.1,11102.76,11,4.98,19132.29,34726.68,15594.39
2024-03-12,VisionSorter 2.0,Smart Robotics,Enterprise Partner,North America,Fortune 500,5,8894.22,0.0,6.0,3751.27,10,4.01,20693.68,44471.1,23777.42
2024-03-13,VisionSorter 2.0,Smart Robotics,Enterprise Partner,EMEA,Fortune 500,8,9082.86,15.0,11.4,5396.69,9,3.65,30166.27,61763.45,31597.18
2024-03-13,Apex Server Cluster,Enterprise Hardware,E-Commerce Portal,Latin America,Fortune 500,4,4619.0,0.0,9.1,10159.8,15,4.41,8970.97,18476.0,9505.03
2024-03-13,Cryo-Temp Probe A9,Quantum Sensors,E-Commerce Portal,Latin America,Fortune 500,6,6044.97,10.0,17.1,6922.46,20,3.63,16399.79,32642.84,16243.05
2024-03-14,OmniVision Sensor Unit,Edge AI Devices,Enterprise Partner,APAC,Fortune 500,15,1248.43,20.0,7.2,11094.78,12,3.84,6478.19,14981.16,8502.97
2024-03-14,CogniTwin Enterprise Tier,Cloud Subscriptions,E-Commerce Portal,North America,Mid-Market Enterprise,14,832.66,10.0,15.7,8607.88,5,4.09,5177.25,10491.52,5314.27
2024-03-15,HyperRack 800,Enterprise Hardware,E-Commerce Portal,North America,Mid-Market Enterprise,9,4370.35,5.0,14.6,10561.21,3,4.0,17553.3,37366.49,19813.19
2024-03-15,Autonomous Cloud Seat,Cloud Subscriptions,Direct Sales,North America,Fortune 500,16,853.48,20.0,11.9,3805.32,11,3.69,5805.61,10924.54,5118.93
2024-03-16,Neural API Pro,Cloud Subscriptions,E-Commerce Portal,APAC,High-Growth Tech,13,883.63,0.0,11.7,7091.29,9,4.57,5200.14,11487.19,6287.05
2024-03-16,AgileCobot Arm 600,Smart Robotics,Government Contract,APAC,High-Growth Tech,4,9098.86,10.0,8.5,10501.74,13,4.08,16564.82,32755.9,16191.08
2024-03-17,Quantum Flux Magnetometer,Quantum Sensors,E-Commerce Portal,North America,Mid-Market Enterprise,3,6064.15,0.0,15.7,6238.59,15,4.27,8246.15,18192.45,9946.3
2024-03-17,Neural API Pro,Cloud Subscriptions,E-Commerce Portal,North America,Mid-Market Enterprise,18,844.35,5.0,17.7,10403.24,20,4.4,8367.76,14438.39,6070.63
2024-03-18,VisionSorter 2.0,Smart Robotics,Direct Sales,North America,Fortune 500,5,8498.31,5.0,13.6,5380.53,13,4.33,20706.74,40366.97,19660.23
2024-03-18,Quantum Flux Magnetometer,Quantum Sensors,E-Commerce Portal,APAC,Mid-Market Enterprise,7,5988.38,5.0,4.2,9931.52,7,4.66,18370.9,39822.73,21451.83
2024-03-19,Cryo-Temp Probe A9,Quantum Sensors,E-Commerce Portal,EMEA,Fortune 500,10,6169.48,10.0,6.3,6476.17,10,3.9,31835.98,55525.32,23689.34
2024-03-19,AgileCobot Arm 600,Smart Robotics,Direct Sales,EMEA,Fortune 500,7,9146.34,5.0,7.2,11360.22,15,4.54,33541.76,60823.16,27281.4
2024-03-20,CogniTwin Enterprise Tier,Cloud Subscriptions,E-Commerce Portal,North America,Fortune 500,13,824.59,15.0,5.9,1853.6,7,4.79,4576.56,9111.72,4535.16
2024-03-20,VisionSorter 2.0,Smart Robotics,Government Contract,Latin America,Mid-Market Enterprise,9,8490.91,0.0,11.2,10371.15,8,4.54,37123.24,76418.19,39294.95
2024-03-20,PowerNode V4 Blade,Enterprise Hardware,Government Contract,APAC,Mid-Market Enterprise,3,4697.29,0.0,3.3,5763.12,5,4.5,6853.87,14091.87,7238.0
2024-03-21,Quantum Flux Magnetometer,Quantum Sensors,E-Commerce Portal,APAC,High-Growth Tech,8,6171.95,5.0,11.1,2953.57,13,4.59,24765.2,46906.82,22141.62
2024-03-21,VisionSorter 2.0,Smart Robotics,Enterprise Partner,North America,Research Institute,4,8970.96,0.0,12.3,8132.26,11,4.44,17671.56,35883.84,18212.28
2024-03-22,PowerNode V4 Blade,Enterprise Hardware,E-Commerce Portal,EMEA,Mid-Market Enterprise,13,4298.4,20.0,10.6,9929.51,15,4.1,19002.46,44703.36,25700.9
2024-03-22,Neural API Pro,Cloud Subscriptions,Direct Sales,EMEA,Mid-Market Enterprise,33,824.55,10.0,5.4,10770.61,15,4.89,11132.67,24489.13,13356.46
2024-03-22,AgileCobot Arm 600,Smart Robotics,E-Commerce Portal,Latin America,High-Growth Tech,11,8604.63,0.0,7.4,10397.57,9,4.2,46946.12,94650.93,47704.81
2024-03-23,VisionSorter 2.0,Smart Robotics,Government Contract,North America,Fortune 500,5,9333.19,0.0,5.3,1591.41,10,4.22,21625.87,46665.95,25040.08
2024-03-23,Apex Server Cluster,Enterprise Hardware,E-Commerce Portal,North America,High-Growth Tech,3,4353.41,0.0,11.3,9939.95,10,4.84,7314.58,13060.23,5745.65
2024-03-23,CogniTwin Enterprise Tier,Cloud Subscriptions,E-Commerce Portal,North America,Mid-Market Enterprise,8,818.24,5.0,9.3,2098.28,15,4.65,3171.55,6218.62,3047.07
2024-03-24,CogniTwin Enterprise Tier,Cloud Subscriptions,E-Commerce Portal,APAC,High-Growth Tech,24,866.88,10.0,7.8,6573.4,5,3.58,9111.08,18724.61,9613.53
2024-03-24,Automated Guided Rover,Smart Robotics,Government Contract,APAC,Mid-Market Enterprise,8,8702.99,10.0,10.2,6856.56,16,3.91,28510.59,62661.53,34150.94
2024-03-24,NeuroEdge Core T3,Edge AI Devices,E-Commerce Portal,Latin America,High-Growth Tech,17,1184.09,5.0,7.9,7554.45,8,4.66,8297.93,19123.05,10825.12
2024-03-25,NeuroEdge Core T3,Edge AI Devices,Direct Sales,EMEA,Fortune 500,16,1195.0,15.0,6.0,3791.18,6,4.61,7739.12,16252.0,8512.88
2024-03-25,Quantum Flux Magnetometer,Quantum Sensors,Direct Sales,North America,Research Institute,8,6260.08,5.0,16.8,11418.99,17,4.89,27591.07,47576.61,19985.54
2024-03-26,Cryo-Temp Probe A9,Quantum Sensors,Direct Sales,North America,Fortune 500,8,6098.32,5.0,11.8,5074.32,11,5.0,22919.13,46347.23,23428.1
2024-03-26,CogniTwin Enterprise Tier,Cloud Subscriptions,Direct Sales,EMEA,Fortune 500,10,825.42,0.0,14.8,3321.71,13,4.33,4201.66,8254.2,4052.54
2024-03-26,AgileCobot Arm 600,Smart Robotics,E-Commerce Portal,Latin America,High-Growth Tech,2,9285.55,0.0,15.2,2194.73,10,4.11,8588.75,18571.1,9982.35
2024-03-27,Apex Server Cluster,Enterprise Hardware,E-Commerce Portal,EMEA,High-Growth Tech,2,4555.21,15.0,7.4,5179.34,15,4.7,4479.18,7743.86,3264.68
2024-03-27,Automated Guided Rover,Smart Robotics,Direct Sales,North America,Fortune 500,1,8599.88,0.0,17.9,10420.11,3,4.66,4430.95,8599.88,4168.93
2024-03-28,Precision Laser Resonator,Quantum Sensors,Direct Sales,EMEA,High-Growth Tech,8,6334.61,10.0,11.2,9387.36,5,4.32,25403.46,45609.19,20205.73
2024-03-28,OmniVision Sensor Unit,Edge AI Devices,Enterprise Partner,Latin America,Fortune 500,19,1228.19,0.0,5.0,8756.09,5,4.07,11785.25,23335.61,11550.36
2024-03-28,Neural API Pro,Cloud Subscriptions,E-Commerce Portal,Latin America,Fortune 500,13,826.02,5.0,11.3,9205.77,7,3.65,4309.34,10201.35,5892.01
2024-03-29,Precision Laser Resonator,Quantum Sensors,E-Commerce Portal,North America,High-Growth Tech,15,6353.86,0.0,6.1,11397.92,7,4.11,48588.05,95307.9,46719.85
2024-03-29,AgileCobot Arm 600,Smart Robotics,Enterprise Partner,Latin America,Fortune 500,9,9253.99,5.0,7.6,11682.1,14,4.3,42664.64,79121.61,36456.97
2024-03-30,AgileCobot Arm 600,Smart Robotics,Direct Sales,North America,Fortune 500,7,9059.49,5.0,15.5,6400.28,16,4.28,26041.22,60245.61,34204.39
2024-03-30,Precision Laser Resonator,Quantum Sensors,E-Commerce Portal,North America,High-Growth Tech,8,5917.31,0.0,12.5,5781.36,20,4.29,25133.59,47338.48,22204.89
2024-03-30,EdgeGateway X1,Edge AI Devices,Direct Sales,EMEA,High-Growth Tech,22,1173.37,10.0,11.8,10253.26,19,5.0,10564.22,23232.73,12668.51
2024-03-31,Apex Server Cluster,Enterprise Hardware,Direct Sales,North America,High-Growth Tech,17,4467.81,0.0,7.1,8956.21,17,4.26,40789.63,75952.77,35163.14
2024-03-31,EdgeGateway X1,Edge AI Devices,Enterprise Partner,EMEA,Fortune 500,21,1177.02,0.0,3.7,11403.34,8,4.66,12647.58,24717.42,12069.84
2024-03-31,Autonomous Cloud Seat,Cloud Subscriptions,E-Commerce Portal,APAC,Mid-Market Enterprise,17,839.99,0.0,5.7,8815.3,7,4.21,7412.59,14279.83,6867.24
2024-04-01,Precision Laser Resonator,Quantum Sensors,E-Commerce Portal,North America,Fortune 500,2,6359.52,0.0,16.2,3580.0,7,4.58,7169.4,12719.04,5549.64
2024-04-01,PowerNode V4 Blade,Enterprise Hardware,E-Commerce Portal,North America,Mid-Market Enterprise,1,4650.73,0.0,7.4,2050.11,12,3.65,2678.59,4650.73,1972.14
2024-04-02,Automated Guided Rover,Smart Robotics,Government Contract,North America,Fortune 500,4,9259.78,5.0,8.3,1913.61,18,4.36,16888.27,35187.16,18298.89
2024-04-02,Neural API Pro,Cloud Subscriptions,Direct Sales,North America,High-Growth Tech,5,836.18,0.0,7.1,3215.03,6,4.38,2338.42,4180.9,1842.48
2024-04-03,Quantum Flux Magnetometer,Quantum Sensors,E-Commerce Portal,North America,High-Growth Tech,3,6311.41,0.0,11.2,7064.38,7,4.16,8124.09,18934.23,10810.14
2024-04-03,Automated Guided Rover,Smart Robotics,Direct Sales,EMEA,Fortune 500,4,9190.2,0.0,16.2,8235.8,17,4.58,19398.48,36760.8,17362.32
2024-04-03,Apex Server Cluster,Enterprise Hardware,Direct Sales,North America,Mid-Market Enterprise,3,4617.75,10.0,6.3,5284.98,4,4.38,6248.09,12467.92,6219.83
2024-04-04,Cryo-Temp Probe A9,Quantum Sensors,E-Commerce Portal,North America,High-Growth Tech,6,6397.4,5.0,12.3,8486.33,9,4.21,15549.56,36465.18,20915.62
2024-04-04,NeuroEdge Core T3,Edge AI Devices,E-Commerce Portal,North America,High-Growth Tech,19,1212.38,10.0,11.6,9699.65,6,4.22,10971.32,20731.7,9760.38
2024-04-05,CogniTwin Enterprise Tier,Cloud Subscriptions,E-Commerce Portal,Latin America,Fortune 500,16,867.12,10.0,6.0,8441.98,18,4.76,5470.98,12486.53,7015.55
2024-04-05,Automated Guided Rover,Smart Robotics,Direct Sales,EMEA,High-Growth Tech,9,8476.97,0.0,12.0,2827.06,4,4.38,36471.02,76292.73,39821.71
2024-04-05,Apex Server Cluster,Enterprise Hardware,Direct Sales,EMEA,Fortune 500,18,4311.75,5.0,4.3,11131.31,6,4.89,41870.75,73730.92,31860.17
2024-04-06,Cryo-Temp Probe A9,Quantum Sensors,Enterprise Partner,North America,High-Growth Tech,10,6090.09,0.0,4.2,7344.07,14,4.37,30980.11,60900.9,29920.79
2024-04-06,Apex Server Cluster,Enterprise Hardware,Direct Sales,EMEA,Mid-Market Enterprise,13,4311.47,5.0,10.2,11555.13,8,4.72,29432.39,53246.65,23814.26
2024-04-07,Precision Laser Resonator,Quantum Sensors,Enterprise Partner,EMEA,Fortune 500,7,6388.54,0.0,9.8,6502.84,8,5.0,21829.96,44719.78,22889.82
2024-04-07,VisionSorter 2.0,Smart Robotics,Enterprise Partner,EMEA,Fortune 500,4,8880.86,0.0,9.1,1769.74,15,4.71,18248.04,35523.44,17275.4
2024-04-07,NeuroEdge Core T3,Edge AI Devices,Direct Sales,North America,Fortune 500,14,1213.64,5.0,5.7,7648.67,12,5.0,9098.42,16141.41,7042.99
2024-04-08,VisionSorter 2.0,Smart Robotics,E-Commerce Portal,EMEA,Fortune 500,1,8505.62,5.0,7.7,8868.25,7,4.39,4384.75,8080.34,3695.59
2024-04-08,Apex Server Cluster,Enterprise Hardware,Direct Sales,Latin America,High-Growth Tech,6,4502.67,10.0,6.9,11271.75,11,4.19,10841.99,24314.42,13472.43
2024-04-08,OmniVision Sensor Unit,Edge AI Devices,E-Commerce Portal,North America,Fortune 500,17,1193.04,15.0,9.2,11381.01,8,4.26,9028.59,17239.43,8210.84
2024-04-09,AgileCobot Arm 600,Smart Robotics,Government Contract,North America,High-Growth Tech,4,8946.61,5.0,8.4,7818.97,3,4.29,17516.57,33997.12,16480.55
2024-04-09,Quantum Flux Magnetometer,Quantum Sensors,Direct Sales,North America,Fortune 500,5,6270.93,5.0,12.9,4602.41,16,4.01,15006.24,29786.92,14780.68
2024-04-09,Neural API Pro,Cloud Subscriptions,Enterprise Partner,EMEA,Mid-Market Enterprise,15,881.89,5.0,12.1,2341.96,6,4.12,7230.39,12566.93,5336.54
2024-04-10,CogniTwin Enterprise Tier,Cloud Subscriptions,E-Commerce Portal,Latin America,Fortune 500,20,818.74,0.0,14.6,10898.19,9,4.76,8029.82,16374.8,8344.98
2024-04-10,HyperRack 800,Enterprise Hardware,Direct Sales,North America,High-Growth Tech,5,4373.18,0.0,5.5,10975.23,3,4.23,12456.14,21865.9,9409.76
2024-04-11,EdgeGateway X1,Edge AI Devices,Direct Sales,APAC,Fortune 500,15,1240.47,0.0,9.7,5858.81,15,4.59,9431.54,18607.05,9175.51
2024-04-11,Cryo-Temp Probe A9,Quantum Sensors,Direct Sales,North America,Fortune 500,4,5906.0,0.0,8.2,3436.82,8,4.81,12013.43,23624.0,11610.57
2024-04-11,AgileCobot Arm 600,Smart Robotics,Government Contract,North America,Fortune 500,3,9296.91,15.0,14.4,2692.18,4,4.27,13151.44,23707.12,10555.68
2024-04-12,Quantum Flux Magnetometer,Quantum Sensors,Direct Sales,North America,High-Growth Tech,2,6364.9,0.0,17.8,4081.4,17,4.79,6189.08,12729.8,6540.72
2024-04-12,CogniTwin Enterprise Tier,Cloud Subscriptions,Direct Sales,Latin America,Fortune 500,19,815.74,5.0,17.4,11661.93,9,3.92,6605.9,14724.11,8118.21
2024-04-12,EdgeGateway X1,Edge AI Devices,Direct Sales,EMEA,Fortune 500,13,1189.16,10.0,9.0,4985.86,17,4.87,8021.16,13913.17,5892.01
2024-04-13,HyperRack 800,Enterprise Hardware,Direct Sales,EMEA,Fortune 500,6,4559.76,20.0,16.2,3402.87,5,4.15,11885.16,21886.85,10001.69
2024-04-13,Quantum Flux Magnetometer,Quantum Sensors,Direct Sales,North America,Research Institute,14,6085.31,15.0,17.9,10735.82,3,3.86,33016.72,72415.19,39398.47
2024-04-14,HyperRack 800,Enterprise Hardware,Enterprise Partner,EMEA,Fortune 500,7,4544.68,5.0,14.7,8797.01,10,4.0,15177.34,30222.12,15044.78
2024-04-14,NeuroEdge Core T3,Edge AI Devices,Direct Sales,North America,Research Institute,15,1188.88,0.0,7.1,4047.07,4,4.04,8977.6,17833.2,8855.6
2024-04-14,Cryo-Temp Probe A9,Quantum Sensors,E-Commerce Portal,North America,High-Growth Tech,3,6002.33,5.0,7.1,2777.8,18,4.38,9348.96,17106.64,7757.68
2024-04-15,Automated Guided Rover,Smart Robotics,E-Commerce Portal,North America,Mid-Market Enterprise,3,9165.8,10.0,14.4,3361.93,20,4.11,14087.37,24747.66,10660.29
2024-04-15,Autonomous Cloud Seat,Cloud Subscriptions,Direct Sales,APAC,High-Growth Tech,11,861.77,10.0,12.9,7428.2,15,3.77,4019.7,8531.52,4511.82
2024-04-15,Quantum Flux Magnetometer,Quantum Sensors,Direct Sales,North America,Research Institute,5,6374.77,0.0,8.7,1758.49,7,4.71,17292.76,31873.85,14581.09
2024-04-16,AgileCobot Arm 600,Smart Robotics,E-Commerce Portal,APAC,High-Growth Tech,4,8920.83,5.0,7.0,3671.59,20,4.08,19235.81,33899.15,14663.34
2024-04-16,PowerNode V4 Blade,Enterprise Hardware,Direct Sales,APAC,Mid-Market Enterprise,10,4685.32,0.0,17.3,10384.3,9,4.29,20409.31,46853.2,26443.89
2024-04-17,Quantum Flux Magnetometer,Quantum Sensors,E-Commerce Portal,North America,Fortune 500,3,6475.02,0.0,4.8,4713.5,16,4.59,10866.38,19425.06,8558.68
2024-04-17,Neural API Pro,Cloud Subscriptions,Enterprise Partner,North America,Mid-Market Enterprise,22,821.8,10.0,6.0,9290.77,5,4.32,9011.73,16271.64,7259.91
2024-04-17,PowerNode V4 Blade,Enterprise Hardware,E-Commerce Portal,North America,High-Growth Tech,8,4325.67,5.0,14.7,4732.68,18,5.0,15952.46,32875.09,16922.63
2024-04-18,HyperRack 800,Enterprise Hardware,E-Commerce Portal,EMEA,Fortune 500,1,4714.1,15.0,6.8,4112.31,10,3.99,1919.59,4006.98,2087.39
2024-04-18,Automated Guided Rover,Smart Robotics,Direct Sales,EMEA,High-Growth Tech,4,9228.57,5.0,10.1,10739.1,8,4.28,17702.96,35068.57,17365.61
2024-04-18,Quantum Flux Magnetometer,Quantum Sensors,E-Commerce Portal,APAC,Mid-Market Enterprise,10,6016.63,10.0,4.2,10459.05,18,4.74,26370.41,54149.67,27779.26
2024-04-19,Cryo-Temp Probe A9,Quantum Sensors,Enterprise Partner,APAC,Fortune 500,4,6351.3,0.0,13.6,2763.82,3,4.07,13560.28,25405.2,11844.92
2024-04-19,Automated Guided Rover,Smart Robotics,Direct Sales,North America,Research Institute,7,9147.46,0.0,5.0,3943.65,19,4.9,31613.82,64032.22,32418.4
2024-04-20,Apex Server Cluster,Enterprise Hardware,Direct Sales,EMEA,Research Institute,6,4681.86,0.0,13.3,10504.07,16,4.22,12106.83,28091.16,15984.33
2024-04-20,Quantum Flux Magnetometer,Quantum Sensors,Government Contract,North America,High-Growth Tech,16,6092.29,5.0,3.0,3441.66,5,4.04,39200.74,92602.81,53402.07
2024-04-21,OmniVision Sensor Unit,Edge AI Devices,Direct Sales,Latin America,Fortune 500,14,1240.37,0.0,15.7,10526.28,10,3.6,8689.44,17365.18,8675.74
2024-04-21,CogniTwin Enterprise Tier,Cloud Subscriptions,Enterprise Partner,APAC,Fortune 500,16,824.01,0.0,8.0,4483.94,6,4.26,6480.7,13184.16,6703.46
2024-04-21,Cryo-Temp Probe A9,Quantum Sensors,E-Commerce Portal,North America,High-Growth Tech,2,6482.5,5.0,14.7,2741.34,8,5.0,7052.34,12316.75,5264.41
2024-04-22,EdgeGateway X1,Edge AI Devices,Government Contract,North America,Mid-Market Enterprise,13,1194.03,20.0,8.1,2641.17,16,5.0,6270.77,12417.91,6147.14
2024-04-22,Precision Laser Resonator,Quantum Sensors,Enterprise Partner,EMEA,Mid-Market Enterprise,4,6011.95,0.0,7.0,2224.89,8,4.35,11013.83,24047.8,13033.97
2024-04-22,Automated Guided Rover,Smart Robotics,E-Commerce Portal,Latin America,High-Growth Tech,5,8519.33,10.0,13.4,7023.87,16,3.52,19633.36,38336.99,18703.63
2024-04-23,Autonomous Cloud Seat,Cloud Subscriptions,Direct Sales,North America,High-Growth Tech,10,876.55,5.0,5.7,3674.1,4,3.48,3954.22,8327.22,4373.0
2024-04-23,AgileCobot Arm 600,Smart Robotics,Direct Sales,Latin America,Fortune 500,6,9302.34,5.0,16.2,9286.44,12,3.84,28530.19,53023.34,24493.15
2024-04-24,EdgeGateway X1,Edge AI Devices,E-Commerce Portal,North America,Mid-Market Enterprise,17,1198.69,5.0,13.1,2414.65,16,4.46,9219.92,19358.84,10138.92
2024-04-24,Automated Guided Rover,Smart Robotics,E-Commerce Portal,North America,High-Growth Tech,4,8510.63,10.0,14.7,4778.01,5,3.73,14767.48,30638.27,15870.79
2024-04-24,PowerNode V4 Blade,Enterprise Hardware,E-Commerce Portal,EMEA,High-Growth Tech,8,4488.8,0.0,3.8,8447.89,16,4.82,20241.72,35910.4,15668.68
2024-04-25,Cryo-Temp Probe A9,Quantum Sensors,E-Commerce Portal,North America,Fortune 500,5,6470.77,0.0,17.6,1509.91,17,3.97,16258.08,32353.85,16095.77
2024-04-25,CogniTwin Enterprise Tier,Cloud Subscriptions,Enterprise Partner,North America,Fortune 500,17,825.09,5.0,8.3,10065.33,9,3.77,7411.81,13325.2,5913.39
2024-04-25,NeuroEdge Core T3,Edge AI Devices,Enterprise Partner,APAC,Fortune 500,15,1171.81,0.0,13.3,6018.64,7,4.46,9340.34,17577.15,8236.81
2024-04-26,PowerNode V4 Blade,Enterprise Hardware,Enterprise Partner,North America,Mid-Market Enterprise,14,4575.01,5.0,2.9,10021.51,12,3.67,31624.99,60847.63,29222.64
2024-04-26,VisionSorter 2.0,Smart Robotics,Direct Sales,North America,Fortune 500,8,9111.05,10.0,15.0,2931.89,18,5.0,27937.15,65599.56,37662.41
2024-04-26,OmniVision Sensor Unit,Edge AI Devices,Direct Sales,Latin America,Fortune 500,24,1161.55,10.0,9.8,7304.56,12,4.09,11667.01,25089.48,13422.47
2024-04-27,AgileCobot Arm 600,Smart Robotics,E-Commerce Portal,APAC,Fortune 500,1,9197.41,10.0,8.0,4181.21,12,4.01,3632.87,8277.67,4644.8
2024-04-27,Precision Laser Resonator,Quantum Sensors,E-Commerce Portal,APAC,Fortune 500,8,6505.82,0.0,9.2,5927.98,20,4.48,29092.42,52046.56,22954.14
2024-04-28,NeuroEdge Core T3,Edge AI Devices,Direct Sales,EMEA,High-Growth Tech,11,1205.68,10.0,6.5,6561.18,3,4.33,5327.57,11936.23,6608.66
2024-04-28,Automated Guided Rover,Smart Robotics,Direct Sales,North America,Mid-Market Enterprise,6,8805.74,5.0,3.6,7371.79,13,4.06,27914.8,50192.72,22277.92
2024-04-28,Autonomous Cloud Seat,Cloud Subscriptions,E-Commerce Portal,APAC,High-Growth Tech,28,864.43,5.0,16.4,10738.3,15,4.03,11137.75,22993.84,11856.09
2024-04-29,Autonomous Cloud Seat,Cloud Subscriptions,E-Commerce Portal,Latin America,Research Institute,9,824.8,0.0,9.1,6227.91,9,3.94,4031.17,7423.2,3392.03
2024-04-29,VisionSorter 2.0,Smart Robotics,Direct Sales,North America,High-Growth Tech,6,8889.42,15.0,3.4,10074.88,14,5.0,24938.9,45336.04,20397.14
2024-04-30,Precision Laser Resonator,Quantum Sensors,Enterprise Partner,APAC,Research Institute,5,6100.06,10.0,13.8,3650.43,7,3.91,13308.54,27450.27,14141.73
2024-04-30,Neural API Pro,Cloud Subscriptions,Enterprise Partner,North America,Mid-Market Enterprise,14,870.6,15.0,5.5,3396.9,4,4.16,4729.75,10360.14,5630.39
2024-05-01,AgileCobot Arm 600,Smart Robotics,Direct Sales,North America,High-Growth Tech,1,9163.14,5.0,16.1,2102.61,9,4.97,3764.01,8704.98,4940.97
2024-05-01,Autonomous Cloud Seat,Cloud Subscriptions,E-Commerce Portal,EMEA,Fortune 500,17,868.47,10.0,2.6,8763.06,17,4.38,6818.28,13287.59,6469.31
2024-05-01,EdgeGateway X1,Edge AI Devices,Enterprise Partner,North America,Research Institute,12,1205.97,5.0,14.1,4596.93,19,4.54,6691.82,13748.06,7056.24
2024-05-02,Automated Guided Rover,Smart Robotics,E-Commerce Portal,North America,Research Institute,5,8522.02,0.0,9.5,6882.46,15,4.88,20458.66,42610.1,22151.44
2024-05-02,Apex Server Cluster,Enterprise Hardware,Direct Sales,Latin America,High-Growth Tech,7,4296.18,15.0,9.4,3381.22,8,5.0,10815.7,25562.27,14746.57
2024-05-03,Autonomous Cloud Seat,Cloud Subscriptions,Direct Sales,EMEA,Fortune 500,16,886.29,5.0,14.7,7899.81,6,3.45,7731.75,13471.61,5739.86
2024-05-03,VisionSorter 2.0,Smart Robotics,Direct Sales,EMEA,Mid-Market Enterprise,4,8592.52,5.0,7.2,4258.57,3,4.2,16010.05,32651.58,16641.53
2024-05-03,OmniVision Sensor Unit,Edge AI Devices,Direct Sales,North America,Fortune 500,32,1237.28,5.0,13.4,10631.65,8,4.72,21505.0,37613.31,16108.31
2024-05-04,PowerNode V4 Blade,Enterprise Hardware,Direct Sales,North America,High-Growth Tech,12,4519.7,10.0,17.9,8775.54,9,3.66,25929.1,48812.76,22883.66
2024-05-04,Cryo-Temp Probe A9,Quantum Sensors,Direct Sales,EMEA,Fortune 500,14,6202.79,10.0,2.2,10444.38,3,4.06,36087.04,78155.15,42068.11
2024-05-05,Apex Server Cluster,Enterprise Hardware,Direct Sales,APAC,High-Growth Tech,5,4665.18,0.0,9.2,10661.46,4,3.64,10707.5,23325.9,12618.4
2024-05-05,Autonomous Cloud Seat,Cloud Subscriptions,E-Commerce Portal,EMEA,High-Growth Tech,16,827.08,10.0,7.2,8746.29,14,4.26,5204.96,11909.95,6704.99
2024-05-06,EdgeGateway X1,Edge AI Devices,E-Commerce Portal,North America,Fortune 500,15,1234.36,20.0,8.6,4749.43,12,4.26,7181.27,14812.32,7631.05
2024-05-06,Quantum Flux Magnetometer,Quantum Sensors,Enterprise Partner,EMEA,Fortune 500,3,6013.44,0.0,11.5,8607.16,4,4.34,8580.91,18040.32,9459.41
2024-05-07,Apex Server Cluster,Enterprise Hardware,Direct Sales,North America,Fortune 500,6,4395.06,10.0,5.5,5817.02,8,4.88,11889.16,23733.32,11844.16
2024-05-07,CogniTwin Enterprise Tier,Cloud Subscriptions,Enterprise Partner,APAC,High-Growth Tech,19,819.15,0.0,3.0,8715.96,11,4.15,8683.91,15563.85,6879.94
2024-05-08,Autonomous Cloud Seat,Cloud Subscriptions,Government Contract,North America,High-Growth Tech,16,807.68,15.0,4.5,7901.66,10,4.19,5071.67,10984.45,5912.78
2024-05-08,Automated Guided Rover,Smart Robotics,E-Commerce Portal,APAC,High-Growth Tech,4,8852.09,5.0,2.8,8133.09,13,3.68,17109.49,33637.94,16528.45
2024-05-08,HyperRack 800,Enterprise Hardware,Government Contract,APAC,Mid-Market Enterprise,5,4562.53,10.0,14.9,2615.25,17,4.22,8890.74,20531.38,11640.64
2024-05-09,Cryo-Temp Probe A9,Quantum Sensors,E-Commerce Portal,Latin America,Fortune 500,4,5959.69,5.0,9.8,2583.77,4,3.45,9690.34,22646.82,12956.48
2024-05-09,HyperRack 800,Enterprise Hardware,Direct Sales,North America,High-Growth Tech,5,4723.95,5.0,15.4,11401.32,18,5.0,10370.48,22438.76,12068.28
2024-05-09,NeuroEdge Core T3,Edge AI Devices,Government Contract,North America,High-Growth Tech,16,1170.61,10.0,17.6,9115.93,16,4.7,9150.88,16856.78,7705.9
2024-05-10,OmniVision Sensor Unit,Edge AI Devices,Enterprise Partner,APAC,High-Growth Tech,9,1251.78,5.0,9.5,2078.57,12,4.54,5074.34,10702.72,5628.38
2024-05-10,PowerNode V4 Blade,Enterprise Hardware,Government Contract,EMEA,Mid-Market Enterprise,2,4337.86,10.0,6.9,9370.23,10,4.91,4173.59,7808.15,3634.56
2024-05-11,Precision Laser Resonator,Quantum Sensors,Enterprise Partner,North America,High-Growth Tech,10,6413.11,15.0,5.9,10307.81,9,3.92,26715.35,54511.44,27796.09
2024-05-11,AgileCobot Arm 600,Smart Robotics,E-Commerce Portal,EMEA,High-Growth Tech,2,8964.77,10.0,15.9,9407.75,15,4.86,8893.19,16136.59,7243.4
2024-05-12,EdgeGateway X1,Edge AI Devices,Direct Sales,North America,Mid-Market Enterprise,27,1174.06,5.0,13.9,8069.32,7,4.52,15991.42,30114.64,14123.22
2024-05-12,Neural API Pro,Cloud Subscriptions,E-Commerce Portal,APAC,Research Institute,23,863.63,0.0,3.7,8097.64,5,3.75,10914.42,19863.49,8949.07
2024-05-13,PowerNode V4 Blade,Enterprise Hardware,Direct Sales,North America,Fortune 500,3,4492.61,0.0,14.6,11516.34,13,4.78,5692.27,13477.83,7785.56
2024-05-13,OmniVision Sensor Unit,Edge AI Devices,Enterprise Partner,EMEA,Research Institute,14,1249.4,5.0,5.7,3039.45,18,3.65,9446.48,16617.02,7170.54
2024-05-13,CogniTwin Enterprise Tier,Cloud Subscriptions,Government Contract,North America,Fortune 500,10,826.46,5.0,6.0,5222.76,5,4.77,3983.05,7851.37,3868.32
2024-05-14,EdgeGateway X1,Edge AI Devices,Direct Sales,North America,Fortune 500,10,1168.42,5.0,14.7,2598.93,13,4.69,4954.92,11099.99,6145.07
2024-05-14,CogniTwin Enterprise Tier,Cloud Subscriptions,Direct Sales,North America,Fortune 500,12,878.25,0.0,3.6,2074.28,19,4.6,6098.5,10539.0,4440.5
2024-05-15,HyperRack 800,Enterprise Hardware,E-Commerce Portal,North America,Fortune 500,4,4319.26,0.0,5.6,10813.95,7,4.31,8498.3,17277.04,8778.74
2024-05-15,Autonomous Cloud Seat,Cloud Subscriptions,Direct Sales,APAC,Mid-Market Enterprise,13,868.65,0.0,6.3,4154.79,20,4.93,4793.64,11292.45,6498.81
2024-05-16,CogniTwin Enterprise Tier,Cloud Subscriptions,Enterprise Partner,North America,High-Growth Tech,9,875.97,5.0,3.7,5754.57,15,4.73,3237.63,7489.54,4251.91
2024-05-16,HyperRack 800,Enterprise Hardware,E-Commerce Portal,Latin America,Research Institute,4,4397.27,10.0,4.2,6780.19,15,4.46,8715.35,15830.17,7114.82
2024-05-17,Neural API Pro,Cloud Subscriptions,Government Contract,EMEA,High-Growth Tech,21,833.5,20.0,15.1,3248.65,11,4.91,6963.61,14002.8,7039.19
2024-05-17,Cryo-Temp Probe A9,Quantum Sensors,Enterprise Partner,APAC,Fortune 500,3,6283.66,5.0,3.1,5292.77,8,4.75,9982.68,17908.43,7925.75
2024-05-18,Automated Guided Rover,Smart Robotics,Enterprise Partner,APAC,Fortune 500,10,9093.46,0.0,12.0,11057.27,16,3.86,47858.36,90934.6,43076.24
2024-05-18,HyperRack 800,Enterprise Hardware,Enterprise Partner,North America,Fortune 500,1,4598.13,5.0,9.3,1709.72,20,4.75,2144.06,4368.22,2224.16
2024-05-18,EdgeGateway X1,Edge AI Devices,Direct Sales,Latin America,High-Growth Tech,17,1204.95,0.0,9.0,3367.78,7,5.0,8776.75,20484.15,11707.4
2024-05-19,Quantum Flux Magnetometer,Quantum Sensors,Government Contract,EMEA,High-Growth Tech,1,6258.36,15.0,14.8,7441.44,8,4.99,2846.46,5319.61,2473.15
2024-05-19,Neural API Pro,Cloud Subscriptions,Direct Sales,North America,Fortune 500,12,815.93,5.0,9.8,10233.11,14,4.68,4833.79,9301.6,4467.81
2024-05-19,AgileCobot Arm 600,Smart Robotics,Direct Sales,North America,Fortune 500,3,9216.1,15.0,16.9,6417.16,4,5.0,11219.43,23501.06,12281.63
2024-05-20,VisionSorter 2.0,Smart Robotics,Direct Sales,Latin America,Research Institute,2,8929.64,5.0,17.6,4539.08,20,4.41,9829.59,16966.32,7136.73
2024-05-20,OmniVision Sensor Unit,Edge AI Devices,Direct Sales,North America,Fortune 500,7,1175.93,0.0,2.3,5816.84,12,4.02,3811.33,8231.51,4420.18
2024-05-20,Cryo-Temp Probe A9,Quantum Sensors,E-Commerce Portal,APAC,Fortune 500,5,6212.54,10.0,11.9,3176.5,3,4.52,11907.71,27956.43,16048.72
2024-05-21,OmniVision Sensor Unit,Edge AI Devices,Government Contract,APAC,Mid-Market Enterprise,19,1208.09,10.0,15.6,3609.57,11,4.05,9922.64,20658.34,10735.7
2024-05-21,Precision Laser Resonator,Quantum Sensors,E-Commerce Portal,EMEA,Fortune 500,11,6090.53,0.0,4.3,11583.85,4,4.45,36919.89,66995.83,30075.94
2024-05-21,CogniTwin Enterprise Tier,Cloud Subscriptions,Direct Sales,APAC,High-Growth Tech,14,810.16,20.0,10.3,3150.64,7,4.18,3984.41,9073.79,5089.38
2024-05-22,OmniVision Sensor Unit,Edge AI Devices,Enterprise Partner,EMEA,High-Growth Tech,21,1226.4,0.0,6.8,10057.66,12,4.31,11233.72,25754.4,14520.68
2024-05-22,PowerNode V4 Blade,Enterprise Hardware,Government Contract,Latin America,High-Growth Tech,4,4347.39,0.0,7.1,2514.73,12,4.24,9252.21,17389.56,8137.35
2024-05-22,Autonomous Cloud Seat,Cloud Subscriptions,Enterprise Partner,EMEA,Fortune 500,14,875.96,5.0,7.8,3512.55,16,5.0,5524.3,11650.27,6125.97
2024-05-23,CogniTwin Enterprise Tier,Cloud Subscriptions,Enterprise Partner,Latin America,Research Institute,12,846.66,5.0,10.9,7848.03,12,4.74,4528.04,9651.92,5123.88
2024-05-23,VisionSorter 2.0,Smart Robotics,Direct Sales,EMEA,High-Growth Tech,4,8666.43,5.0,17.4,5243.87,6,4.07,16409.73,32932.43,16522.7
2024-05-24,OmniVision Sensor Unit,Edge AI Devices,Government Contract,EMEA,High-Growth Tech,17,1168.12,10.0,4.9,10092.16,12,4.17,7859.69,17872.24,10012.55
2024-05-24,Quantum Flux Magnetometer,Quantum Sensors,E-Commerce Portal,APAC,Fortune 500,1,5892.43,0.0,16.6,1863.83,11,4.75,3417.1,5892.43,2475.33
2024-05-25,Automated Guided Rover,Smart Robotics,Direct Sales,North America,Fortune 500,2,8820.34,10.0,10.6,5447.7,14,3.93,9038.73,15876.61,6837.88
2024-05-25,EdgeGateway X1,Edge AI Devices,Enterprise Partner,EMEA,High-Growth Tech,25,1253.54,10.0,3.9,11801.53,20,4.42,14462.31,28204.65,13742.34
2024-05-26,Precision Laser Resonator,Quantum Sensors,Direct Sales,APAC,Mid-Market Enterprise,4,6169.04,10.0,4.5,2928.59,14,3.89,10055.03,22208.54,12153.51
2024-05-26,EdgeGateway X1,Edge AI Devices,Direct Sales,North America,Fortune 500,15,1200.93,0.0,15.4,8071.33,4,4.47,9004.41,18013.95,9009.54
2024-05-26,Automated Guided Rover,Smart Robotics,Government Contract,North America,Mid-Market Enterprise,3,9344.87,0.0,4.2,9774.37,20,4.79,11784.33,28034.61,16250.28
2024-05-27,Precision Laser Resonator,Quantum Sensors,E-Commerce Portal,Latin America,High-Growth Tech,6,6212.52,15.0,6.1,2449.4,20,4.81,16175.2,31683.85,15508.65
2024-05-27,Neural API Pro,Cloud Subscriptions,Direct Sales,APAC,Mid-Market Enterprise,5,850.27,0.0,3.7,3499.01,16,4.14,2121.1,4251.35,2130.25
2024-05-27,AgileCobot Arm 600,Smart Robotics,E-Commerce Portal,North America,High-Growth Tech,7,8621.9,5.0,12.4,10353.02,5,5.0,24177.76,57335.63,33157.87
2024-05-28,EdgeGateway X1,Edge AI Devices,Direct Sales,North America,Fortune 500,12,1162.87,0.0,16.7,5580.62,17,3.98,6892.46,13954.44,7061.98
2024-05-28,Automated Guided Rover,Smart Robotics,Direct Sales,APAC,Fortune 500,8,9190.91,15.0,12.7,10944.88,17,4.43,31875.63,62498.19,30622.56
2024-05-28,Autonomous Cloud Seat,Cloud Subscriptions,Direct Sales,North America,High-Growth Tech,9,840.6,0.0,10.6,2986.98,12,4.11,4329.47,7565.4,3235.93
2024-05-29,Automated Guided Rover,Smart Robotics,Direct Sales,APAC,Fortune 500,3,8989.97,5.0,9.8,9720.7,19,4.49,14239.79,25621.41,11381.62
2024-05-29,CogniTwin Enterprise Tier,Cloud Subscriptions,E-Commerce Portal,EMEA,Fortune 500,14,838.05,15.0,13.6,4413.99,7,3.92,4318.58,9972.8,5654.22
2024-05-30,EdgeGateway X1,Edge AI Devices,E-Commerce Portal,North America,Fortune 500,10,1174.35,5.0,10.1,9030.41,16,4.12,5127.38,11156.32,6028.94
2024-05-30,CogniTwin Enterprise Tier,Cloud Subscriptions,E-Commerce Portal,EMEA,Mid-Market Enterprise,13,820.15,15.0,8.6,10165.11,3,4.61,4931.35,9062.66,4131.31
2024-05-30,Cryo-Temp Probe A9,Quantum Sensors,Government Contract,EMEA,High-Growth Tech,8,6301.69,10.0,3.0,11422.68,14,4.33,21512.71,45372.17,23859.46
2024-05-31,NeuroEdge Core T3,Edge AI Devices,E-Commerce Portal,Latin America,Fortune 500,17,1201.0,0.0,13.0,2615.58,5,3.76,11815.18,20417.0,8601.82
2024-05-31,VisionSorter 2.0,Smart Robotics,Direct Sales,EMEA,Fortune 500,16,8823.22,10.0,13.1,5843.49,12,5.0,59446.17,127054.37,67608.2
2024-05-31,Cryo-Temp Probe A9,Quantum Sensors,Direct Sales,North America,Fortune 500,5,6160.36,0.0,16.2,2818.96,9,3.67,13710.02,30801.8,17091.78
2024-06-01,Automated Guided Rover,Smart Robotics,Enterprise Partner,North America,High-Growth Tech,3,9344.53,5.0,12.7,2293.1,11,4.81,13837.41,26631.91,12794.5
2024-06-01,CogniTwin Enterprise Tier,Cloud Subscriptions,Direct Sales,EMEA,Mid-Market Enterprise,25,868.8,5.0,7.1,11966.92,16,4.8,9426.92,20634.0,11207.08
2024-06-01,OmniVision Sensor Unit,Edge AI Devices,Government Contract,EMEA,Mid-Market Enterprise,22,1203.38,5.0,13.2,11456.08,15,4.09,11073.82,25150.64,14076.82
2024-06-02,Precision Laser Resonator,Quantum Sensors,Government Contract,North America,Fortune 500,8,6120.54,10.0,4.6,6670.22,19,4.43,18690.7,44067.89,25377.19
2024-06-02,VisionSorter 2.0,Smart Robotics,E-Commerce Portal,Latin America,High-Growth Tech,17,9207.34,10.0,2.6,11825.57,5,4.64,75556.3,140872.3,65316.0
2024-06-03,Precision Laser Resonator,Quantum Sensors,E-Commerce Portal,Latin America,High-Growth Tech,7,5936.76,10.0,13.8,11031.38,9,4.67,17206.88,37401.59,20194.71
2024-06-03,Automated Guided Rover,Smart Robotics,E-Commerce Portal,North America,Mid-Market Enterprise,8,8478.05,20.0,10.9,8045.82,9,3.94,25265.07,54259.52,28994.45
2024-06-04,CogniTwin Enterprise Tier,Cloud Subscriptions,E-Commerce Portal,EMEA,High-Growth Tech,16,871.04,0.0,15.1,8602.96,15,4.7,7079.29,13936.64,6857.35
2024-06-04,NeuroEdge Core T3,Edge AI Devices,Direct Sales,APAC,Fortune 500,29,1150.39,15.0,6.3,8921.44,10,4.8,14946.03,28357.11,13411.08
2024-06-05,NeuroEdge Core T3,Edge AI Devices,Direct Sales,APAC,High-Growth Tech,8,1170.24,0.0,15.7,4667.45,5,4.47,5311.21,9361.92,4050.71
2024-06-05,Quantum Flux Magnetometer,Quantum Sensors,E-Commerce Portal,EMEA,Research Institute,5,5953.15,5.0,9.6,3728.91,12,4.44,15172.53,28277.46,13104.93
2024-06-05,AgileCobot Arm 600,Smart Robotics,Direct Sales,EMEA,Mid-Market Enterprise,3,9116.53,5.0,9.8,2688.93,12,3.97,12733.78,25982.11,13248.33
2024-06-06,OmniVision Sensor Unit,Edge AI Devices,Government Contract,North America,High-Growth Tech,14,1172.12,0.0,8.5,7901.74,4,4.7,7970.11,16409.68,8439.57
2024-06-06,Automated Guided Rover,Smart Robotics,Direct Sales,APAC,High-Growth Tech,4,8718.6,5.0,8.5,3579.03,4,4.66,16948.51,33130.68,16182.17
2024-06-06,PowerNode V4 Blade,Enterprise Hardware,Enterprise Partner,North America,Mid-Market Enterprise,6,4668.51,0.0,16.9,4710.44,20,4.13,11959.3,28011.06,16051.76
2024-06-07,EdgeGateway X1,Edge AI Devices,Direct Sales,EMEA,Fortune 500,20,1221.24,0.0,10.7,5412.9,12,4.76,13397.34,24424.8,11027.46
2024-06-07,Cryo-Temp Probe A9,Quantum Sensors,Enterprise Partner,EMEA,High-Growth Tech,7,6198.88,0.0,11.1,9993.01,9,4.84,21270.27,43392.16,22121.89
2024-06-07,Neural API Pro,Cloud Subscriptions,Enterprise Partner,APAC,High-Growth Tech,17,854.22,5.0,5.7,2438.07,7,4.28,7687.52,13795.65,6108.13
2024-06-08,CogniTwin Enterprise Tier,Cloud Subscriptions,E-Commerce Portal,North America,High-Growth Tech,23,880.04,0.0,16.2,8942.39,4,4.56,10889.2,20240.92,9351.72
2024-06-08,Apex Server Cluster,Enterprise Hardware,E-Commerce Portal,North America,Research Institute,5,4686.83,0.0,10.9,5782.89,11,4.18,11586.61,23434.15,11847.54
2024-06-09,Cryo-Temp Probe A9,Quantum Sensors,Direct Sales,Latin America,High-Growth Tech,10,6503.35,5.0,11.8,7377.86,10,4.1,26489.52,61781.82,35292.3
2024-06-09,OmniVision Sensor Unit,Edge AI Devices,E-Commerce Portal,EMEA,High-Growth Tech,16,1176.42,5.0,14.5,4381.32,4,4.27,8650.33,17881.58,9231.25
2024-06-10,EdgeGateway X1,Edge AI Devices,Government Contract,North America,Fortune 500,13,1161.56,5.0,12.0,2536.19,5,4.98,6254.0,14345.27,8091.27
2024-06-10,HyperRack 800,Enterprise Hardware,Direct Sales,APAC,High-Growth Tech,6,4371.09,0.0,16.9,2874.25,5,4.47,13852.2,26226.54,12374.34
2024-06-11,Automated Guided Rover,Smart Robotics,Government Contract,North America,High-Growth Tech,3,9284.03,0.0,17.5,8000.77,20,4.26,15746.06,27852.09,12106.03
2024-06-11,Quantum Flux Magnetometer,Quantum Sensors,E-Commerce Portal,North America,High-Growth Tech,5,6220.06,20.0,12.1,9222.52,9,3.88,11657.34,24880.24,13222.9
2024-06-12,AgileCobot Arm 600,Smart Robotics,Government Contract,EMEA,Fortune 500,3,8521.86,0.0,15.7,8010.01,11,3.87,12928.66,25565.58,12636.92
2024-06-12,Neural API Pro,Cloud Subscriptions,Government Contract,Latin America,Fortune 500,11,883.68,0.0,10.2,5261.3,11,4.36,5337.26,9720.48,4383.22
2024-06-13,PowerNode V4 Blade,Enterprise Hardware,Direct Sales,North America,Fortune 500,4,4692.15,0.0,2.8,8255.38,19,4.74,9830.11,18768.6,8938.49
2024-06-13,Neural API Pro,Cloud Subscriptions,Direct Sales,North America,Research Institute,21,863.28,5.0,17.0,7961.15,18,4.14,8286.71,17222.44,8935.73
2024-06-13,AgileCobot Arm 600,Smart Robotics,E-Commerce Portal,EMEA,Fortune 500,5,8959.03,5.0,4.1,2481.96,19,3.61,23070.43,42555.39,19484.96
2024-06-14,Cryo-Temp Probe A9,Quantum Sensors,Direct Sales,Latin America,Fortune 500,12,6412.38,15.0,12.3,6415.49,19,4.29,31260.87,65406.28,34145.41
2024-06-14,Apex Server Cluster,Enterprise Hardware,E-Commerce Portal,North America,Fortune 500,5,4516.47,5.0,15.6,7559.17,14,5.0,12219.15,21453.23,9234.08
2024-06-14,Neural API Pro,Cloud Subscriptions,Direct Sales,EMEA,Mid-Market Enterprise,21,827.9,10.0,7.9,1922.95,15,4.24,6780.62,15647.31,8866.69
2024-06-15,Automated Guided Rover,Smart Robotics,Government Contract,North America,High-Growth Tech,4,8468.79,0.0,15.3,1907.39,9,4.03,15131.43,33875.16,18743.73
2024-06-15,Apex Server Cluster,Enterprise Hardware,Direct Sales,EMEA,Mid-Market Enterprise,7,4717.94,0.0,7.7,4034.17,19,5.0,15897.09,33025.58,17128.49
2024-06-15,Autonomous Cloud Seat,Cloud Subscriptions,E-Commerce Portal,North America,High-Growth Tech,21,809.03,5.0,15.4,7661.06,20,4.23,9187.67,16140.15,6952.48
2024-06-16,Quantum Flux Magnetometer,Quantum Sensors,Direct Sales,North America,Mid-Market Enterprise,7,6065.92,5.0,6.4,4678.13,20,4.66,19759.87,40338.37,20578.5
2024-06-16,NeuroEdge Core T3,Edge AI Devices,Direct Sales,EMEA,Fortune 500,13,1195.21,0.0,4.9,6724.44,19,4.33,7265.89,15537.73,8271.84
2024-06-17,OmniVision Sensor Unit,Edge AI Devices,Direct Sales,North America,Fortune 500,16,1240.6,10.0,4.0,11193.85,14,4.41,9373.16,17864.64,8491.48
2024-06-17,HyperRack 800,Enterprise Hardware,Enterprise Partner,North America,Fortune 500,10,4586.66,5.0,6.2,11569.75,9,4.31,22287.88,43573.27,21285.39
2024-06-18,Precision Laser Resonator,Quantum Sensors,E-Commerce Portal,EMEA,Fortune 500,4,6459.01,0.0,17.1,4420.51,9,4.79,11667.34,25836.04,14168.7
2024-06-18,Autonomous Cloud Seat,Cloud Subscriptions,E-Commerce Portal,North America,Research Institute,12,833.53,10.0,6.2,2892.03,5,4.74,4725.22,9002.12,4276.9
2024-06-19,HyperRack 800,Enterprise Hardware,Enterprise Partner,EMEA,High-Growth Tech,5,4393.09,5.0,13.7,4801.56,20,4.51,9571.41,20867.18,11295.77
2024-06-19,CogniTwin Enterprise Tier,Cloud Subscriptions,Enterprise Partner,North America,Mid-Market Enterprise,12,842.31,0.0,17.4,5242.1,16,4.12,5506.82,10107.72,4600.9
2024-06-19,Quantum Flux Magnetometer,Quantum Sensors,E-Commerce Portal,EMEA,High-Growth Tech,5,6365.02,0.0,6.1,3345.73,10,4.66,18114.56,31825.1,13710.54
2024-06-20,HyperRack 800,Enterprise Hardware,E-Commerce Portal,North America,Research Institute,4,4696.97,0.0,8.5,3427.59,9,3.89,10633.2,18787.88,8154.68
2024-06-20,NeuroEdge Core T3,Edge AI Devices,Government Contract,North America,High-Growth Tech,14,1193.09,0.0,15.7,11663.68,12,4.33,7138.49,16703.26,9564.77
2024-06-20,AgileCobot Arm 600,Smart Robotics,Enterprise Partner,North America,Fortune 500,5,9178.05,0.0,14.1,8806.76,4,4.43,25539.91,45890.25,20350.34
2024-06-21,HyperRack 800,Enterprise Hardware,Direct Sales,EMEA,Fortune 500,5,4296.85,10.0,9.1,1960.75,13,3.99,9506.89,19335.82,9828.93
2024-06-21,VisionSorter 2.0,Smart Robotics,Enterprise Partner,North America,Fortune 500,4,9009.07,0.0,3.1,3048.25,19,4.17,16333.51,36036.28,19702.77
2024-06-22,NeuroEdge Core T3,Edge AI Devices,Direct Sales,Latin America,High-Growth Tech,8,1183.69,5.0,11.4,2174.65,5,4.29,4698.65,8996.04,4297.39
2024-06-22,CogniTwin Enterprise Tier,Cloud Subscriptions,E-Commerce Portal,North America,Mid-Market Enterprise,11,813.14,15.0,15.3,1926.15,20,4.41,4396.7,7602.86,3206.16
2024-06-22,Cryo-Temp Probe A9,Quantum Sensors,E-Commerce Portal,North America,Fortune 500,3,6347.65,0.0,11.7,10610.24,17,4.61,8574.32,19042.95,10468.63
2024-06-23,NeuroEdge Core T3,Edge AI Devices,Direct Sales,Latin America,Mid-Market Enterprise,23,1201.51,0.0,17.4,11180.87,13,4.34,12790.57,27634.73,14844.16
2024-06-23,Quantum Flux Magnetometer,Quantum Sensors,E-Commerce Portal,EMEA,Mid-Market Enterprise,13,6225.18,5.0,2.2,7345.16,18,4.64,42740.9,76880.97,34140.07
2024-06-23,AgileCobot Arm 600,Smart Robotics,Enterprise Partner,North America,Mid-Market Enterprise,3,8924.31,0.0,13.1,6904.03,12,4.09,12970.03,26772.93,13802.9
2024-06-24,Cryo-Temp Probe A9,Quantum Sensors,Government Contract,EMEA,High-Growth Tech,3,6255.36,0.0,17.6,4916.89,3,4.5,9563.18,18766.08,9202.9
2024-06-24,NeuroEdge Core T3,Edge AI Devices,Direct Sales,North America,Mid-Market Enterprise,12,1220.35,0.0,3.0,8703.25,14,3.64,8424.91,14644.2,6219.29
2024-06-25,Precision Laser Resonator,Quantum Sensors,Direct Sales,EMEA,Fortune 500,6,6147.78,15.0,6.8,8723.06,19,4.98,15522.22,31353.68,15831.46
2024-06-25,EdgeGateway X1,Edge AI Devices,Direct Sales,North America,High-Growth Tech,19,1144.22,0.0,9.4,8490.74,14,4.43,12302.58,21740.18,9437.6
2024-06-26,VisionSorter 2.0,Smart Robotics,Government Contract,APAC,Mid-Market Enterprise,5,9330.52,0.0,15.3,9486.37,11,4.89,26765.27,46652.6,19887.33
2024-06-26,Neural API Pro,Cloud Subscriptions,Direct Sales,EMEA,High-Growth Tech,13,833.72,0.0,8.0,11095.05,15,4.44,4586.87,10838.36,6251.49
2024-06-26,OmniVision Sensor Unit,Edge AI Devices,E-Commerce Portal,APAC,Fortune 500,16,1225.97,0.0,3.5,7213.92,4,4.44,9021.96,19615.52,10593.56
2024-06-27,Autonomous Cloud Seat,Cloud Subscriptions,Enterprise Partner,Latin America,Mid-Market Enterprise,24,850.54,0.0,6.3,8780.51,9,4.84,11746.49,20412.96,8666.47
2024-06-27,NeuroEdge Core T3,Edge AI Devices,Direct Sales,EMEA,Research Institute,8,1199.26,0.0,11.7,5857.48,3,4.4,5505.62,9594.08,4088.46
2024-06-27,Automated Guided Rover,Smart Robotics,E-Commerce Portal,APAC,Fortune 500,8,9198.98,10.0,2.9,4011.72,11,4.53,29392.82,66232.66,36839.84
2024-06-28,Quantum Flux Magnetometer,Quantum Sensors,Direct Sales,APAC,Mid-Market Enterprise,14,6006.95,10.0,17.4,5888.03,19,4.44,37939.42,75687.57,37748.15
2024-06-28,Apex Server Cluster,Enterprise Hardware,E-Commerce Portal,APAC,Fortune 500,9,4460.44,0.0,6.7,8123.94,14,4.8,18297.8,40143.96,21846.16
2024-06-29,PowerNode V4 Blade,Enterprise Hardware,E-Commerce Portal,North America,Fortune 500,6,4657.58,5.0,12.8,2761.67,10,4.21,15387.69,26548.21,11160.52
2024-06-29,NeuroEdge Core T3,Edge AI Devices,Government Contract,North America,Fortune 500,23,1246.59,0.0,12.7,11972.94,20,4.13,15898.29,28671.57,12773.28
2024-06-29,Cryo-Temp Probe A9,Quantum Sensors,Direct Sales,North America,Fortune 500,11,5980.25,20.0,9.0,9316.4,10,4.81,25522.53,52626.2,27103.67
2024-06-30,OmniVision Sensor Unit,Edge AI Devices,Enterprise Partner,APAC,Mid-Market Enterprise,19,1159.77,0.0,4.1,11181.51,12,3.61,11684.68,22035.63,10350.95
2024-06-30,VisionSorter 2.0,Smart Robotics,Direct Sales,EMEA,High-Growth Tech,11,9008.1,0.0,16.2,9679.56,13,4.17,53950.09,99089.1,45139.01
2024-07-01,Quantum Flux Magnetometer,Quantum Sensors,E-Commerce Portal,APAC,Fortune 500,7,6249.37,5.0,16.1,9582.61,13,4.4,21148.36,41558.31,20409.95
2024-07-01,Autonomous Cloud Seat,Cloud Subscriptions,Direct Sales,APAC,Mid-Market Enterprise,14,882.51,0.0,15.4,4772.88,12,4.53,6340.45,12355.14,6014.69
2024-07-02,OmniVision Sensor Unit,Edge AI Devices,Enterprise Partner,North America,Mid-Market Enterprise,9,1144.01,0.0,11.0,2549.85,10,5.0,4928.54,10296.09,5367.55
2024-07-02,Automated Guided Rover,Smart Robotics,E-Commerce Portal,North America,Research Institute,2,8552.58,15.0,8.8,3844.18,15,4.53,7425.63,14539.39,7113.76
2024-07-03,EdgeGateway X1,Edge AI Devices,Enterprise Partner,North America,Research Institute,8,1176.15,0.0,16.0,5544.21,10,4.47,4649.49,9409.2,4759.71
2024-07-03,Quantum Flux Magnetometer,Quantum Sensors,E-Commerce Portal,North America,Fortune 500,5,6436.66,0.0,9.1,11174.9,6,4.11,18109.26,32183.3,14074.04
2024-07-03,VisionSorter 2.0,Smart Robotics,Direct Sales,EMEA,Research Institute,7,8758.53,20.0,10.4,10600.26,15,4.41,26904.11,49047.77,22143.66
2024-07-04,Cryo-Temp Probe A9,Quantum Sensors,Direct Sales,APAC,Fortune 500,4,6155.91,5.0,7.5,11419.88,15,5.0,12266.12,23392.46,11126.34
2024-07-04,CogniTwin Enterprise Tier,Cloud Subscriptions,Direct Sales,Latin America,Fortune 500,8,826.46,0.0,2.6,3952.59,7,4.69,2836.69,6611.68,3774.99
2024-07-05,Autonomous Cloud Seat,Cloud Subscriptions,E-Commerce Portal,North America,Research Institute,23,854.82,5.0,7.7,11012.41,19,4.58,10399.04,18677.82,8278.78
2024-07-05,VisionSorter 2.0,Smart Robotics,Direct Sales,North America,High-Growth Tech,8,8572.25,0.0,15.0,5754.76,8,5.0,36266.66,68578.0,32311.34
2024-07-05,Quantum Flux Magnetometer,Quantum Sensors,E-Commerce Portal,APAC,High-Growth Tech,5,6300.1,0.0,6.9,2743.85,11,4.54,17675.07,31500.5,13825.43
2024-07-06,Quantum Flux Magnetometer,Quantum Sensors,Direct Sales,Latin America,Fortune 500,4,6160.16,0.0,2.1,5131.2,10,4.69,11233.27,24640.64,13407.37
2024-07-06,PowerNode V4 Blade,Enterprise Hardware,Direct Sales,North America,High-Growth Tech,8,4501.61,15.0,3.7,7271.03,5,4.72,16782.85,30610.95,13828.1
2024-07-07,HyperRack 800,Enterprise Hardware,Enterprise Partner,EMEA,Fortune 500,6,4637.55,5.0,5.5,10791.73,15,4.16,13932.57,26434.03,12501.46
2024-07-07,Precision Laser Resonator,Quantum Sensors,E-Commerce Portal,North America,Fortune 500,6,6085.92,10.0,3.9,4070.4,13,4.39,15454.53,32863.97,17409.44
2024-07-07,Autonomous Cloud Seat,Cloud Subscriptions,Enterprise Partner,APAC,Mid-Market Enterprise,22,855.38,10.0,14.3,3272.75,15,4.01,8868.84,16936.52,8067.68
2024-07-08,CogniTwin Enterprise Tier,Cloud Subscriptions,E-Commerce Portal,APAC,Research Institute,18,877.75,20.0,3.0,4428.16,17,4.34,7156.57,12639.6,5483.03
2024-07-08,EdgeGateway X1,Edge AI Devices,Enterprise Partner,North America,Fortune 500,12,1171.11,0.0,4.1,10728.25,6,4.66,5944.95,14053.32,8108.37
2024-07-09,NeuroEdge Core T3,Edge AI Devices,E-Commerce Portal,North America,Fortune 500,13,1178.77,5.0,14.1,9949.62,10,4.46,8068.45,14557.81,6489.36
2024-07-09,Quantum Flux Magnetometer,Quantum Sensors,Enterprise Partner,APAC,High-Growth Tech,5,6504.46,0.0,7.0,3898.47,11,4.44,14189.88,32522.3,18332.42
2024-07-09,HyperRack 800,Enterprise Hardware,Direct Sales,APAC,Fortune 500,7,4600.32,0.0,15.4,8781.85,6,4.56,14587.34,32202.24,17614.9
2024-07-10,AgileCobot Arm 600,Smart Robotics,Direct Sales,North America,Mid-Market Enterprise,3,9216.05,5.0,14.9,3890.14,14,3.89,12487.65,26265.74,13778.09
2024-07-10,HyperRack 800,Enterprise Hardware,Government Contract,North America,Fortune 500,5,4592.65,5.0,3.6,8903.16,17,4.69,12344.33,21815.09,9470.76
2024-07-11,OmniVision Sensor Unit,Edge AI Devices,Direct Sales,EMEA,Fortune 500,13,1208.48,0.0,8.9,10530.77,17,4.39,7693.21,15710.24,8017.03
2024-07-11,Neural API Pro,Cloud Subscriptions,Enterprise Partner,North America,Fortune 500,11,834.17,5.0,13.7,4466.24,12,4.26,3859.01,8717.08,4858.07
2024-07-12,Autonomous Cloud Seat,Cloud Subscriptions,Government Contract,APAC,Fortune 500,38,871.1,15.0,9.1,10784.57,8,4.24,12328.13,28136.53,15808.4
2024-07-12,VisionSorter 2.0,Smart Robotics,Enterprise Partner,APAC,High-Growth Tech,15,9105.68,15.0,17.4,11521.17,6,4.08,53259.62,116097.42,62837.8
2024-07-13,CogniTwin Enterprise Tier,Cloud Subscriptions,E-Commerce Portal,Latin America,Fortune 500,15,812.9,0.0,6.2,5050.47,6,4.7,5894.33,12193.5,6299.17
2024-07-13,AgileCobot Arm 600,Smart Robotics,E-Commerce Portal,North America,Mid-Market Enterprise,8,9053.26,5.0,2.6,5862.68,19,4.12,31064.08,68804.78,37740.7
2024-07-13,EdgeGateway X1,Edge AI Devices,Government Contract,APAC,Fortune 500,19,1252.53,0.0,8.4,8976.08,18,4.11,10342.65,23798.07,13455.42
2024-07-14,Precision Laser Resonator,Quantum Sensors,E-Commerce Portal,EMEA,Fortune 500,4,5894.21,10.0,16.6,4023.28,3,5.0,9431.3,21219.16,11787.86
2024-07-14,HyperRack 800,Enterprise Hardware,Direct Sales,North America,Research Institute,10,4693.9,0.0,7.4,6997.19,12,4.12,20547.42,46939.0,26391.58
2024-07-14,Automated Guided Rover,Smart Robotics,E-Commerce Portal,North America,Fortune 500,2,8792.72,0.0,4.5,2114.63,9,4.55,8811.15,17585.44,8774.29
2024-07-15,PowerNode V4 Blade,Enterprise Hardware,Enterprise Partner,APAC,Fortune 500,2,4415.97,15.0,7.6,2525.0,5,4.55,3785.72,7507.15,3721.43
2024-07-15,Quantum Flux Magnetometer,Quantum Sensors,E-Commerce Portal,North America,High-Growth Tech,1,6093.4,10.0,12.1,8878.75,20,4.43,2882.76,5484.06,2601.3
2024-07-15,Automated Guided Rover,Smart Robotics,E-Commerce Portal,North America,High-Growth Tech,3,8746.61,5.0,16.6,3769.43,20,4.14,11307.97,24927.84,13619.87
2024-07-16,HyperRack 800,Enterprise Hardware,Direct Sales,EMEA,High-Growth Tech,5,4290.14,10.0,7.5,7920.7,16,4.1,8544.24,19305.63,10761.39
2024-07-16,Quantum Flux Magnetometer,Quantum Sensors,Direct Sales,North America,Research Institute,6,6404.72,0.0,11.4,10672.33,13,4.68,22018.71,38428.32,16409.61
2024-07-16,Automated Guided Rover,Smart Robotics,Direct Sales,APAC,Mid-Market Enterprise,13,8607.97,10.0,5.4,4219.87,14,4.52,43253.9,100713.25,57459.35
2024-07-17,CogniTwin Enterprise Tier,Cloud Subscriptions,Direct Sales,APAC,Fortune 500,21,831.69,15.0,9.4,10982.52,8,3.99,6638.96,14845.67,8206.71
2024-07-17,Quantum Flux Magnetometer,Quantum Sensors,E-Commerce Portal,APAC,Mid-Market Enterprise,5,6404.62,0.0,9.5,7322.14,3,4.32,13702.17,32023.1,18320.93
2024-07-17,AgileCobot Arm 600,Smart Robotics,E-Commerce Portal,APAC,Mid-Market Enterprise,8,8843.96,15.0,9.5,5154.28,18,4.29,29077.31,60138.93,31061.62
2024-07-18,Apex Server Cluster,Enterprise Hardware,Direct Sales,North America,High-Growth Tech,12,4304.04,5.0,4.7,5946.11,14,3.78,25142.72,49066.06,23923.34
2024-07-18,Precision Laser Resonator,Quantum Sensors,Direct Sales,APAC,High-Growth Tech,1,6039.73,10.0,15.5,4828.51,16,3.82,2726.34,5435.76,2709.42
2024-07-19,Precision Laser Resonator,Quantum Sensors,Enterprise Partner,APAC,Research Institute,5,5897.15,0.0,4.7,10821.11,11,4.31,12998.93,29485.75,16486.82
2024-07-19,EdgeGateway X1,Edge AI Devices,E-Commerce Portal,North America,Mid-Market Enterprise,9,1227.32,10.0,2.7,1818.99,10,3.32,5239.87,9941.29,4701.42
2024-07-19,VisionSorter 2.0,Smart Robotics,Direct Sales,North America,High-Growth Tech,12,8631.06,0.0,13.0,5870.28,16,4.36,57476.62,103572.72,46096.1
2024-07-20,NeuroEdge Core T3,Edge AI Devices,E-Commerce Portal,EMEA,Research Institute,14,1233.83,0.0,11.8,2561.43,8,4.5,7685.1,17273.62,9588.52
2024-07-20,Quantum Flux Magnetometer,Quantum Sensors,Direct Sales,North America,Research Institute,6,6385.53,10.0,14.3,11287.41,9,4.59,19440.14,34481.86,15041.72
2024-07-20,PowerNode V4 Blade,Enterprise Hardware,Government Contract,North America,Research Institute,20,4660.74,5.0,4.7,11940.02,11,4.46,37878.41,88554.06,50675.65
2024-07-21,Autonomous Cloud Seat,Cloud Subscriptions,E-Commerce Portal,APAC,High-Growth Tech,21,861.49,0.0,8.8,5956.08,12,4.83,10231.15,18091.29,7860.14
2024-07-21,NeuroEdge Core T3,Edge AI Devices,Direct Sales,North America,High-Growth Tech,16,1201.64,0.0,6.6,3097.83,4,4.49,10545.35,19226.24,8680.89
2024-07-21,Cryo-Temp Probe A9,Quantum Sensors,Enterprise Partner,North America,Research Institute,11,6446.4,0.0,3.1,11576.07,17,4.79,37226.78,70910.4,33683.62
2024-07-22,NeuroEdge Core T3,Edge AI Devices,Government Contract,APAC,High-Growth Tech,10,1175.28,0.0,8.2,4381.33,6,4.14,5341.98,11752.8,6410.82
2024-07-22,Apex Server Cluster,Enterprise Hardware,Enterprise Partner,APAC,Fortune 500,7,4278.9,5.0,16.0,6367.25,11,4.05,16173.72,28454.68,12280.96
2024-07-22,AgileCobot Arm 600,Smart Robotics,Direct Sales,EMEA,High-Growth Tech,4,8783.98,10.0,15.8,5892.81,12,4.39,14947.52,31622.33,16674.81
2024-07-23,Neural API Pro,Cloud Subscriptions,Direct Sales,Latin America,Mid-Market Enterprise,16,875.48,5.0,3.6,6870.55,13,4.82,6324.61,13307.3,6982.69
2024-07-23,Automated Guided Rover,Smart Robotics,Direct Sales,EMEA,High-Growth Tech,7,8727.34,0.0,8.5,3825.68,16,4.5,34721.47,61091.38,26369.91
2024-07-24,VisionSorter 2.0,Smart Robotics,Government Contract,EMEA,Fortune 500,3,9254.95,5.0,16.4,6128.04,18,4.94,15007.74,26376.61,11368.87
2024-07-24,Neural API Pro,Cloud Subscriptions,E-Commerce Portal,APAC,Fortune 500,13,820.11,10.0,17.2,4148.34,12,5.0,4642.34,9595.29,4952.95
2024-07-25,EdgeGateway X1,Edge AI Devices,Enterprise Partner,North America,High-Growth Tech,9,1218.99,5.0,7.0,5874.22,9,4.72,4817.31,10422.36,5605.05
2024-07-25,Autonomous Cloud Seat,Cloud Subscriptions,Direct Sales,North America,High-Growth Tech,8,870.74,15.0,8.7,2163.19,19,3.95,2963.56,5921.03,2957.47
2024-07-26,Automated Guided Rover,Smart Robotics,E-Commerce Portal,North America,Mid-Market Enterprise,20,8591.14,5.0,13.1,10374.87,7,4.1,89618.17,163231.66,73613.49
2024-07-26,NeuroEdge Core T3,Edge AI Devices,Government Contract,North America,Fortune 500,13,1157.95,5.0,11.6,2443.17,16,4.15,6243.88,14300.68,8056.8
2024-07-26,HyperRack 800,Enterprise Hardware,Government Contract,APAC,Mid-Market Enterprise,7,4637.71,10.0,15.3,3567.8,12,4.36,13455.08,29217.57,15762.49
2024-07-27,Quantum Flux Magnetometer,Quantum Sensors,Direct Sales,North America,High-Growth Tech,8,6393.43,10.0,9.8,11029.97,14,5.0,21687.08,46032.7,24345.62
2024-07-27,PowerNode V4 Blade,Enterprise Hardware,E-Commerce Portal,EMEA,High-Growth Tech,9,4500.15,10.0,3.4,6706.1,7,4.53,18130.01,36451.21,18321.2
2024-07-27,Automated Guided Rover,Smart Robotics,E-Commerce Portal,APAC,Fortune 500,13,8759.62,20.0,13.0,6548.25,16,4.3,39484.57,91100.05,51615.48
2024-07-28,PowerNode V4 Blade,Enterprise Hardware,E-Commerce Portal,APAC,High-Growth Tech,6,4533.07,10.0,2.1,2146.35,20,4.27,13624.31,24478.58,10854.27
2024-07-28,Automated Guided Rover,Smart Robotics,Direct Sales,North America,Fortune 500,4,8645.7,5.0,17.9,3446.82,12,4.38,14137.54,32853.66,18716.12
2024-07-28,Neural API Pro,Cloud Subscriptions,E-Commerce Portal,EMEA,Mid-Market Enterprise,31,845.92,5.0,2.2,10540.59,16,4.73,13220.87,24912.34,11691.47
2024-07-29,Precision Laser Resonator,Quantum Sensors,Direct Sales,Latin America,High-Growth Tech,1,6155.88,10.0,16.6,3115.17,15,3.57,2680.9,5540.29,2859.39
2024-07-29,OmniVision Sensor Unit,Edge AI Devices,Enterprise Partner,Latin America,High-Growth Tech,13,1179.01,0.0,7.2,1601.85,16,4.67,6825.17,15327.13,8501.96
2024-07-29,Apex Server Cluster,Enterprise Hardware,Enterprise Partner,APAC,High-Growth Tech,1,4637.26,5.0,12.1,8081.23,11,4.31,1864.03,4405.4,2541.37
2024-07-30,CogniTwin Enterprise Tier,Cloud Subscriptions,Enterprise Partner,North America,Mid-Market Enterprise,20,821.46,10.0,10.0,10311.52,13,3.95,6502.33,14786.28,8283.95
2024-07-30,EdgeGateway X1,Edge AI Devices,Direct Sales,North America,Fortune 500,14,1255.73,5.0,12.3,8509.82,10,4.47,7320.6,16701.21,9380.61
2024-07-30,Cryo-Temp Probe A9,Quantum Sensors,Government Contract,North America,Mid-Market Enterprise,3,6240.19,15.0,5.9,9705.99,3,4.23,7546.85,15912.48,8365.63
2024-07-31,Neural API Pro,Cloud Subscriptions,Direct Sales,APAC,Fortune 500,17,817.4,10.0,17.3,8202.59,19,5.0,6446.16,12506.22,6060.06
2024-07-31,PowerNode V4 Blade,Enterprise Hardware,Direct Sales,North America,Fortune 500,7,4588.43,5.0,13.0,8785.38,10,4.64,14651.35,30513.06,15861.71
2024-07-31,Cryo-Temp Probe A9,Quantum Sensors,E-Commerce Portal,EMEA,High-Growth Tech,1,6045.49,5.0,12.0,8638.01,14,4.8,3045.93,5743.22,2697.29
2024-08-01,CogniTwin Enterprise Tier,Cloud Subscriptions,E-Commerce Portal,North America,Fortune 500,34,872.99,15.0,9.3,10910.21,3,3.59,13086.26,25229.41,12143.15
2024-08-01,Cryo-Temp Probe A9,Quantum Sensors,Direct Sales,EMEA,Fortune 500,5,6064.54,5.0,6.9,12248.91,12,4.41,13224.44,28806.56,15582.12
2024-08-02,Neural API Pro,Cloud Subscriptions,Direct Sales,APAC,Mid-Market Enterprise,13,810.05,0.0,7.1,4281.48,20,4.83,5092.16,10530.65,5438.49
2024-08-02,Cryo-Temp Probe A9,Quantum Sensors,E-Commerce Portal,Latin America,Research Institute,9,6133.5,0.0,15.4,5440.77,10,4.64,27639.44,55201.5,27562.06
2024-08-03,Autonomous Cloud Seat,Cloud Subscriptions,Direct Sales,APAC,Fortune 500,25,811.33,0.0,12.6,7937.91,9,4.44,11548.28,20283.25,8734.97
2024-08-03,Quantum Flux Magnetometer,Quantum Sensors,Direct Sales,EMEA,Fortune 500,4,5953.29,0.0,4.2,10840.9,15,4.54,12292.97,23813.16,11520.19
2024-08-04,EdgeGateway X1,Edge AI Devices,E-Commerce Portal,APAC,High-Growth Tech,14,1237.35,0.0,5.0,3633.96,18,4.56,7892.73,17322.9,9430.17
2024-08-04,CogniTwin Enterprise Tier,Cloud Subscriptions,Direct Sales,APAC,Mid-Market Enterprise,25,889.25,0.0,12.0,4609.77,14,5.0,10816.08,22231.25,11415.17
2024-08-04,Precision Laser Resonator,Quantum Sensors,E-Commerce Portal,Latin America,Fortune 500,15,6486.22,10.0,12.9,8186.58,12,4.23,43942.65,87563.97,43621.32
2024-08-05,PowerNode V4 Blade,Enterprise Hardware,Direct Sales,APAC,Mid-Market Enterprise,12,4396.93,5.0,15.1,3963.15,6,4.38,23343.23,50125.0,26781.77
2024-08-05,EdgeGateway X1,Edge AI Devices,E-Commerce Portal,North America,Mid-Market Enterprise,23,1140.69,5.0,10.7,9233.53,17,4.38,12180.19,24924.08,12743.89
2024-08-05,VisionSorter 2.0,Smart Robotics,Direct Sales,North America,High-Growth Tech,11,9066.39,20.0,5.6,7273.26,11,4.69,43618.44,79784.23,36165.79
2024-08-06,Quantum Flux Magnetometer,Quantum Sensors,Direct Sales,EMEA,High-Growth Tech,9,6167.99,5.0,6.0,5566.69,15,5.0,24310.08,52736.31,28426.23
2024-08-06,CogniTwin Enterprise Tier,Cloud Subscriptions,E-Commerce Portal,North America,Research Institute,11,808.76,10.0,7.9,7208.22,8,3.8,4440.26,8006.72,3566.46
2024-08-06,HyperRack 800,Enterprise Hardware,Enterprise Partner,EMEA,Research Institute,12,4389.66,5.0,5.2,7632.05,10,4.86,27200.97,50042.12,22841.15
2024-08-07,PowerNode V4 Blade,Enterprise Hardware,Direct Sales,North America,Fortune 500,7,4646.39,0.0,7.0,3488.15,7,4.09,17905.88,32524.73,14618.85
2024-08-07,Cryo-Temp Probe A9,Quantum Sensors,Enterprise Partner,EMEA,High-Growth Tech,13,6196.93,5.0,14.7,7368.34,15,4.69,42509.41,76532.09,34022.68
2024-08-08,Apex Server Cluster,Enterprise Hardware,Direct Sales,North America,Fortune 500,9,4699.04,10.0,7.9,5949.58,13,4.2,20584.46,38062.22,17477.76
2024-08-08,Autonomous Cloud Seat,Cloud Subscriptions,Direct Sales,Latin America,Fortune 500,14,890.46,15.0,10.5,6278.63,7,4.87,4977.12,10596.47,5619.35
2024-08-08,Cryo-Temp Probe A9,Quantum Sensors,Direct Sales,EMEA,Mid-Market Enterprise,7,6327.32,0.0,6.0,7425.81,6,4.26,22239.27,44291.24,22051.97
2024-08-09,Neural API Pro,Cloud Subscriptions,E-Commerce Portal,APAC,High-Growth Tech,23,859.79,0.0,10.1,4067.48,17,4.71,9707.81,19775.17,10067.36
2024-08-09,HyperRack 800,Enterprise Hardware,Direct Sales,North America,Mid-Market Enterprise,6,4598.86,0.0,13.1,2637.32,16,4.2,12005.19,27593.16,15587.97
2024-08-10,AgileCobot Arm 600,Smart Robotics,Direct Sales,EMEA,High-Growth Tech,2,8719.42,10.0,2.2,3902.8,12,4.45,6728.17,15694.96,8966.79
2024-08-10,Precision Laser Resonator,Quantum Sensors,E-Commerce Portal,North America,High-Growth Tech,18,6158.09,0.0,9.5,10828.8,15,3.79,61251.82,110845.62,49593.8
2024-08-10,Neural API Pro,Cloud Subscriptions,Government Contract,North America,High-Growth Tech,17,846.29,0.0,11.2,13793.92,18,4.65,6930.62,14386.93,7456.31
2024-08-11,AgileCobot Arm 600,Smart Robotics,E-Commerce Portal,North America,Fortune 500,15,9109.72,15.0,6.5,11296.58,18,4.54,57833.17,116148.93,58315.76
2024-08-11,NeuroEdge Core T3,Edge AI Devices,Government Contract,Latin America,Research Institute,13,1177.9,0.0,9.4,7909.45,10,4.28,7886.34,15312.7,7426.36
2024-08-12,AgileCobot Arm 600,Smart Robotics,E-Commerce Portal,EMEA,Fortune 500,3,9030.89,10.0,3.7,1818.99,17,4.29,12052.31,24383.4,12331.09
2024-08-12,EdgeGateway X1,Edge AI Devices,Direct Sales,North America,High-Growth Tech,25,1195.64,0.0,17.2,9158.51,16,4.09,12977.58,29891.0,16913.42
2024-08-13,Precision Laser Resonator,Quantum Sensors,Government Contract,North America,Fortune 500,10,6496.94,0.0,5.9,11656.9,18,4.04,29079.16,64969.4,35890.24
2024-08-13,AgileCobot Arm 600,Smart Robotics,Government Contract,North America,Research Institute,6,8762.9,10.0,8.7,6109.83,13,4.12,22508.78,47319.66,24810.88
2024-08-13,Neural API Pro,Cloud Subscriptions,Direct Sales,North America,Fortune 500,8,830.89,5.0,17.3,2128.76,17,4.0,3164.6,6314.76,3150.16
2024-08-14,PowerNode V4 Blade,Enterprise Hardware,E-Commerce Portal,EMEA,High-Growth Tech,5,4584.32,5.0,16.3,5833.82,10,4.91,10373.63,21775.52,11401.89
2024-08-14,Cryo-Temp Probe A9,Quantum Sensors,Enterprise Partner,APAC,Fortune 500,8,5985.04,0.0,10.8,4395.06,11,4.12,27117.51,47880.32,20762.81
2024-08-14,CogniTwin Enterprise Tier,Cloud Subscriptions,Direct Sales,North America,High-Growth Tech,12,877.87,10.0,4.7,1956.51,4,4.35,4016.31,9481.0,5464.69
2024-08-15,PowerNode V4 Blade,Enterprise Hardware,E-Commerce Portal,North America,High-Growth Tech,18,4584.77,15.0,13.3,13460.99,8,3.74,32771.16,70146.98,37375.82
2024-08-15,Quantum Flux Magnetometer,Quantum Sensors,Direct Sales,North America,Research Institute,3,6148.14,5.0,2.3,1948.68,19,4.17,9694.63,17522.2,7827.57
2024-08-15,AgileCobot Arm 600,Smart Robotics,E-Commerce Portal,North America,Fortune 500,3,8726.85,0.0,5.6,3679.89,17,4.84,14114.89,26180.55,12065.66
2024-08-16,Automated Guided Rover,Smart Robotics,Enterprise Partner,EMEA,High-Growth Tech,7,8476.34,0.0,8.4,6409.52,4,4.6,27892.15,59334.38,31442.23
2024-08-16,NeuroEdge Core T3,Edge AI Devices,Government Contract,EMEA,High-Growth Tech,25,1206.24,0.0,6.4,4821.56,5,3.58,13779.8,30156.0,16376.2
2024-08-17,Precision Laser Resonator,Quantum Sensors,Enterprise Partner,North America,Mid-Market Enterprise,13,5981.02,0.0,4.8,11385.66,16,3.93,38615.3,77753.26,39137.96
2024-08-17,OmniVision Sensor Unit,Edge AI Devices,Direct Sales,North America,Fortune 500,18,1206.56,10.0,9.4,10400.41,20,4.11,10008.56,19546.27,9537.71
2024-08-17,HyperRack 800,Enterprise Hardware,Enterprise Partner,EMEA,Mid-Market Enterprise,17,4576.64,5.0,13.0,10736.03,7,4.74,38640.71,73912.74,35272.03
2024-08-18,Automated Guided Rover,Smart Robotics,E-Commerce Portal,APAC,Fortune 500,1,9100.94,0.0,17.9,4979.09,18,4.62,4779.18,9100.94,4321.76
2024-08-18,Autonomous Cloud Seat,Cloud Subscriptions,Enterprise Partner,North America,High-Growth Tech,43,823.24,20.0,4.9,10912.76,20,4.47,14981.28,28319.46,13338.18
2024-08-19,CogniTwin Enterprise Tier,Cloud Subscriptions,E-Commerce Portal,North America,Research Institute,9,809.2,5.0,2.8,2223.1,20,4.31,3185.74,6918.66,3732.92
2024-08-19,PowerNode V4 Blade,Enterprise Hardware,E-Commerce Portal,North America,High-Growth Tech,9,4526.95,15.0,16.9,10322.75,7,4.46,18920.66,34631.17,15710.51
2024-08-20,CogniTwin Enterprise Tier,Cloud Subscriptions,Direct Sales,APAC,Fortune 500,18,868.83,20.0,13.1,11110.92,14,4.4,6981.95,12511.15,5529.2
2024-08-20,Cryo-Temp Probe A9,Quantum Sensors,Direct Sales,EMEA,Mid-Market Enterprise,1,6335.66,5.0,14.3,7469.13,18,4.23,3109.24,6018.88,2909.64
2024-08-21,CogniTwin Enterprise Tier,Cloud Subscriptions,Enterprise Partner,North America,Fortune 500,21,838.75,10.0,8.5,13757.14,12,4.15,8157.24,15852.37,7695.13
2024-08-21,Apex Server Cluster,Enterprise Hardware,Direct Sales,Latin America,High-Growth Tech,7,4526.81,10.0,17.2,10611.02,16,4.54,15014.67,28518.9,13504.23
2024-08-21,OmniVision Sensor Unit,Edge AI Devices,E-Commerce Portal,North America,High-Growth Tech,11,1199.56,15.0,4.8,4109.65,20,4.65,5461.46,11215.89,5754.43
2024-08-22,AgileCobot Arm 600,Smart Robotics,Enterprise Partner,EMEA,Research Institute,4,9177.56,10.0,7.9,4347.98,9,5.0,17676.81,33039.22,15362.41
2024-08-22,CogniTwin Enterprise Tier,Cloud Subscriptions,Enterprise Partner,EMEA,Mid-Market Enterprise,10,807.52,0.0,8.0,2227.27,14,4.73,3609.31,8075.2,4465.89
2024-08-23,VisionSorter 2.0,Smart Robotics,E-Commerce Portal,North America,Fortune 500,10,8851.07,0.0,16.5,13170.13,18,4.45,51329.2,88510.7,37181.5
2024-08-23,CogniTwin Enterprise Tier,Cloud Subscriptions,Enterprise Partner,North America,High-Growth Tech,37,814.28,15.0,17.2,13577.57,17,4.61,14185.49,25609.11,11423.62
2024-08-23,NeuroEdge Core T3,Edge AI Devices,Direct Sales,North America,Fortune 500,30,1182.43,5.0,9.0,4982.79,17,4.91,18451.85,33699.25,15247.4
2024-08-24,PowerNode V4 Blade,Enterprise Hardware,Enterprise Partner,APAC,Research Institute,9,4649.22,10.0,15.7,11224.0,8,4.94,21435.27,37658.68,16223.41
2024-08-24,AgileCobot Arm 600,Smart Robotics,E-Commerce Portal,North America,High-Growth Tech,22,8525.88,20.0,12.1,11749.39,6,4.09,77030.94,150055.49,73024.55
2024-08-24,NeuroEdge Core T3,Edge AI Devices,E-Commerce Portal,APAC,Fortune 500,38,1249.73,15.0,17.1,12081.2,7,4.73,21805.2,40366.28,18561.08
2024-08-25,Quantum Flux Magnetometer,Quantum Sensors,Enterprise Partner,APAC,Research Institute,11,5911.26,5.0,2.2,5741.83,8,3.96,32886.17,61772.67,28886.5
2024-08-25,CogniTwin Enterprise Tier,Cloud Subscriptions,Enterprise Partner,EMEA,High-Growth Tech,18,817.41,20.0,16.0,1789.47,15,4.14,5636.35,11770.7,6134.35
2024-08-26,AgileCobot Arm 600,Smart Robotics,E-Commerce Portal,Latin America,High-Growth Tech,12,9235.86,5.0,9.2,8063.58,18,4.0,56736.49,105288.8,48552.31
2024-08-26,EdgeGateway X1,Edge AI Devices,Enterprise Partner,Latin America,Mid-Market Enterprise,18,1218.7,0.0,17.7,9399.79,9,4.29,10957.85,21936.6,10978.75
2024-08-27,AgileCobot Arm 600,Smart Robotics,E-Commerce Portal,North America,Fortune 500,9,8818.11,20.0,17.4,7603.2,12,3.84,28812.29,63490.39,34678.1
2024-08-27,Cryo-Temp Probe A9,Quantum Sensors,Direct Sales,EMEA,High-Growth Tech,5,6357.66,5.0,10.9,9372.24,17,4.03,12782.64,30198.89,17416.25
2024-08-27,CogniTwin Enterprise Tier,Cloud Subscriptions,E-Commerce Portal,EMEA,Fortune 500,20,824.57,0.0,15.4,12124.39,8,4.39,7210.2,16491.4,9281.2
2024-08-28,Neural API Pro,Cloud Subscriptions,E-Commerce Portal,EMEA,Fortune 500,20,848.09,15.0,8.4,7391.83,16,4.46,7196.3,14417.53,7221.23
2024-08-28,NeuroEdge Core T3,Edge AI Devices,Direct Sales,North America,High-Growth Tech,13,1249.86,5.0,15.0,3308.29,20,4.46,6793.25,15435.77,8642.52
2024-08-29,Neural API Pro,Cloud Subscriptions,Direct Sales,North America,High-Growth Tech,23,847.49,15.0,10.7,6849.59,9,5.0,7987.04,16568.43,8581.39
2024-08-29,VisionSorter 2.0,Smart Robotics,Enterprise Partner,North America,Fortune 500,2,9245.89,0.0,8.8,2890.85,15,3.96,8437.88,18491.78,10053.9
2024-08-29,Precision Laser Resonator,Quantum Sensors,Enterprise Partner,Latin America,High-Growth Tech,4,5907.64,10.0,11.6,4681.44,10,3.97,11073.92,21267.5,10193.58
2024-08-30,VisionSorter 2.0,Smart Robotics,E-Commerce Portal,Latin America,Mid-Market Enterprise,11,9053.18,0.0,10.7,9241.88,20,3.93,51501.04,99584.98,48083.94
2024-08-30,Quantum Flux Magnetometer,Quantum Sensors,Direct Sales,EMEA,Fortune 500,4,6059.7,5.0,14.8,12115.68,15,4.3,11535.67,23026.86,11491.19
2024-08-31,VisionSorter 2.0,Smart Robotics,Direct Sales,APAC,Fortune 500,5,8978.22,15.0,7.2,11856.52,14,4.14,19087.25,38157.44,19070.19
2024-08-31,HyperRack 800,Enterprise Hardware,Direct Sales,North America,Fortune 500,10,4537.92,10.0,16.8,7937.34,5,4.34,17470.7,40841.28,23370.58
2024-09-01,VisionSorter 2.0,Smart Robotics,E-Commerce Portal,APAC,High-Growth Tech,5,8736.77,10.0,4.6,13696.54,16,4.2,20772.34,39315.46,18543.12
2024-09-01,Neural API Pro,Cloud Subscriptions,Enterprise Partner,APAC,High-Growth Tech,14,812.05,0.0,13.8,3588.92,13,4.32,6065.01,11368.7,5303.69
2024-09-02,AgileCobot Arm 600,Smart Robotics,Direct Sales,EMEA,Fortune 500,7,9000.97,0.0,5.2,13264.13,9,4.47,30029.57,63006.79,32977.22
2024-09-02,Neural API Pro,Cloud Subscriptions,E-Commerce Portal,North America,Mid-Market Enterprise,11,849.33,5.0,7.6,4744.44,8,4.91,4482.28,8875.5,4393.22
2024-09-03,PowerNode V4 Blade,Enterprise Hardware,E-Commerce Portal,North America,Mid-Market Enterprise,6,4638.63,0.0,12.1,6276.67,9,4.33,12243.78,27831.78,15588.0
2024-09-03,VisionSorter 2.0,Smart Robotics,Government Contract,EMEA,High-Growth Tech,11,9323.29,5.0,4.9,13769.98,6,4.62,54455.82,97428.38,42972.56
2024-09-04,OmniVision Sensor Unit,Edge AI Devices,E-Commerce Portal,Latin America,Mid-Market Enterprise,14,1187.45,0.0,8.8,5746.45,3,4.65,9157.45,16624.3,7466.85
2024-09-04,Cryo-Temp Probe A9,Quantum Sensors,Direct Sales,North America,Mid-Market Enterprise,10,6374.19,20.0,3.2,8522.02,6,4.2,28274.48,50993.52,22719.04
2024-09-04,HyperRack 800,Enterprise Hardware,Enterprise Partner,North America,Mid-Market Enterprise,8,4429.64,0.0,12.3,3569.46,13,4.5,15756.85,35437.12,19680.27
2024-09-05,OmniVision Sensor Unit,Edge AI Devices,E-Commerce Portal,Latin America,Mid-Market Enterprise,20,1202.88,10.0,16.4,13226.33,12,3.75,10843.44,21651.84,10808.4
2024-09-05,Apex Server Cluster,Enterprise Hardware,Direct Sales,North America,High-Growth Tech,10,4482.8,15.0,4.9,10129.62,9,4.29,21553.62,38103.8,16550.18
2024-09-05,Cryo-Temp Probe A9,Quantum Sensors,Direct Sales,EMEA,High-Growth Tech,5,5905.86,10.0,14.3,4762.02,13,4.48,14549.86,26576.37,12026.51
2024-09-06,Precision Laser Resonator,Quantum Sensors,E-Commerce Portal,APAC,High-Growth Tech,13,5965.38,10.0,5.4,8986.71,11,4.1,35523.48,69794.95,34271.47
2024-09-06,HyperRack 800,Enterprise Hardware,E-Commerce Portal,APAC,Fortune 500,10,4676.45,5.0,15.8,5616.74,15,4.52,18877.85,44426.28,25548.43
2024-09-06,NeuroEdge Core T3,Edge AI Devices,E-Commerce Portal,APAC,High-Growth Tech,11,1197.48,10.0,7.4,5376.28,11,5.0,5177.44,11855.05,6677.61
2024-09-07,OmniVision Sensor Unit,Edge AI Devices,E-Commerce Portal,Latin America,Mid-Market Enterprise,22,1208.4,0.0,9.0,5305.26,9,4.32,12588.52,26584.8,13996.28
2024-09-07,Autonomous Cloud Seat,Cloud Subscriptions,Direct Sales,Latin America,High-Growth Tech,43,861.05,5.0,10.7,13766.52,15,4.13,19530.9,35173.89,15642.99
2024-09-08,Neural API Pro,Cloud Subscriptions,E-Commerce Portal,EMEA,Mid-Market Enterprise,19,813.88,0.0,8.1,5192.12,10,5.0,8710.78,15463.72,6752.94
2024-09-08,VisionSorter 2.0,Smart Robotics,Direct Sales,APAC,High-Growth Tech,5,9043.56,0.0,15.8,6665.41,6,3.87,25584.28,45217.8,19633.52
2024-09-08,HyperRack 800,Enterprise Hardware,Government Contract,North America,Research Institute,7,4435.94,0.0,12.7,2016.86,17,4.16,14486.15,31051.58,16565.43
2024-09-09,PowerNode V4 Blade,Enterprise Hardware,Enterprise Partner,EMEA,Fortune 500,12,4493.27,5.0,13.9,8060.61,7,4.56,23614.29,51223.28,27608.99
2024-09-09,OmniVision Sensor Unit,Edge AI Devices,Direct Sales,North America,Mid-Market Enterprise,35,1212.0,20.0,12.9,11960.75,4,3.83,15234.92,33936.0,18701.08
2024-09-09,VisionSorter 2.0,Smart Robotics,E-Commerce Portal,North America,High-Growth Tech,5,8822.99,0.0,16.1,7406.35,4,3.97,21787.69,44114.95,22327.26
2024-09-10,EdgeGateway X1,Edge AI Devices,Direct Sales,APAC,Mid-Market Enterprise,15,1148.54,0.0,6.6,9141.01,11,4.23,9437.38,17228.1,7790.72
2024-09-10,Automated Guided Rover,Smart Robotics,Direct Sales,North America,Fortune 500,6,9329.02,15.0,3.1,11519.11,16,5.0,20715.43,47578.0,26862.57
2024-09-11,HyperRack 800,Enterprise Hardware,E-Commerce Portal,North America,High-Growth Tech,6,4723.58,15.0,14.2,5193.09,16,4.58,11150.3,24090.26,12939.96
2024-09-11,Cryo-Temp Probe A9,Quantum Sensors,Direct Sales,APAC,High-Growth Tech,11,6011.01,5.0,2.4,13569.45,4,4.34,28044.67,62815.05,34770.38
2024-09-12,Autonomous Cloud Seat,Cloud Subscriptions,Direct Sales,APAC,Fortune 500,11,823.03,0.0,13.6,7949.63,12,5.0,4889.56,9053.33,4163.77
2024-09-12,Quantum Flux Magnetometer,Quantum Sensors,Direct Sales,North America,Research Institute,12,5891.35,10.0,6.0,13520.27,9,4.7,35770.83,63626.58,27855.75
2024-09-12,Automated Guided Rover,Smart Robotics,E-Commerce Portal,APAC,Fortune 500,10,9084.47,5.0,7.0,7068.3,5,3.97,45521.67,86302.47,40780.8
2024-09-13,VisionSorter 2.0,Smart Robotics,Direct Sales,EMEA,High-Growth Tech,9,9028.49,5.0,17.2,6685.52,17,3.84,41777.29,77193.59,35416.3
2024-09-13,Autonomous Cloud Seat,Cloud Subscriptions,Direct Sales,North America,Research Institute,38,866.78,0.0,13.6,9398.15,12,4.13,16501.66,32937.64,16435.98
2024-09-13,Quantum Flux Magnetometer,Quantum Sensors,Government Contract,APAC,High-Growth Tech,15,6420.29,0.0,7.8,4489.48,20,4.4,49499.13,96304.35,46805.22
2024-09-14,HyperRack 800,Enterprise Hardware,E-Commerce Portal,North America,High-Growth Tech,10,4642.55,0.0,10.9,11307.61,19,4.43,20956.75,46425.5,25468.75
2024-09-14,Cryo-Temp Probe A9,Quantum Sensors,Enterprise Partner,EMEA,High-Growth Tech,8,6160.22,5.0,11.4,2520.04,14,5.0,23827.13,46817.67,22990.54
2024-09-14,Neural API Pro,Cloud Subscriptions,E-Commerce Portal,EMEA,High-Growth Tech,9,825.85,0.0,15.1,2394.97,15,4.91,3273.76,7432.65,4158.89
2024-09-15,OmniVision Sensor Unit,Edge AI Devices,Enterprise Partner,EMEA,High-Growth Tech,15,1192.03,5.0,8.6,6697.27,7,3.77,9327.31,16986.43,7659.12
2024-09-15,PowerNode V4 Blade,Enterprise Hardware,Enterprise Partner,APAC,Fortune 500,3,4461.5,5.0,11.7,3009.64,16,4.59,5557.52,12715.27,7157.75
2024-09-16,Autonomous Cloud Seat,Cloud Subscriptions,Direct Sales,North America,Fortune 500,26,809.69,5.0,17.5,8784.31,4,4.39,8464.62,19999.34,11534.72
2024-09-16,Cryo-Temp Probe A9,Quantum Sensors,Direct Sales,North America,Research Institute,4,6476.42,15.0,15.2,12734.66,5,3.89,12509.87,22019.83,9509.96
2024-09-17,Apex Server Cluster,Enterprise Hardware,Direct Sales,EMEA,High-Growth Tech,8,4575.76,15.0,4.7,5998.41,20,4.08,16753.15,31115.17,14362.02
2024-09-17,Neural API Pro,Cloud Subscriptions,Government Contract,APAC,High-Growth Tech,15,811.16,10.0,11.5,8599.72,14,3.85,6123.71,10950.66,4826.95
2024-09-18,PowerNode V4 Blade,Enterprise Hardware,Direct Sales,EMEA,Mid-Market Enterprise,9,4701.9,10.0,10.3,10842.6,9,4.01,19904.89,38085.39,18180.5
2024-09-18,EdgeGateway X1,Edge AI Devices,E-Commerce Portal,Latin America,Fortune 500,20,1248.82,15.0,8.3,4631.12,9,4.6,10562.23,21229.94,10667.71
2024-09-19,Quantum Flux Magnetometer,Quantum Sensors,Direct Sales,APAC,High-Growth Tech,12,5914.97,0.0,8.7,4030.71,14,4.48,34199.87,70979.64,36779.77
2024-09-19,Autonomous Cloud Seat,Cloud Subscriptions,Direct Sales,APAC,Mid-Market Enterprise,16,816.69,15.0,4.1,8237.63,12,3.53,5112.05,11106.98,5994.93
2024-09-20,Precision Laser Resonator,Quantum Sensors,Direct Sales,North America,Fortune 500,8,6229.64,5.0,6.3,7874.66,6,3.83,25515.68,47345.26,21829.58
2024-09-20,PowerNode V4 Blade,Enterprise Hardware,Enterprise Partner,Latin America,Fortune 500,11,4516.48,5.0,13.5,6333.07,6,5.0,27057.09,47197.22,20140.13
2024-09-20,Neural API Pro,Cloud Subscriptions,Enterprise Partner,APAC,Research Institute,19,861.4,15.0,14.3,5016.01,8,4.33,5896.55,13911.61,8015.06
2024-09-21,AgileCobot Arm 600,Smart Robotics,Direct Sales,North America,High-Growth Tech,8,9097.99,15.0,10.5,12310.01,15,5.0,34254.5,61866.33,27611.83
2024-09-21,NeuroEdge Core T3,Edge AI Devices,Government Contract,EMEA,High-Growth Tech,31,1177.19,10.0,17.2,12183.5,8,4.24,18523.7,32843.6,14319.9
2024-09-21,Neural API Pro,Cloud Subscriptions,Enterprise Partner,North America,Fortune 500,16,878.22,0.0,11.9,4193.8,19,3.55,6598.23,14051.52,7453.29
2024-09-22,CogniTwin Enterprise Tier,Cloud Subscriptions,Direct Sales,EMEA,Research Institute,6,848.79,5.0,7.6,1868.75,16,4.23,2098.55,4838.1,2739.55
2024-09-22,Precision Laser Resonator,Quantum Sensors,E-Commerce Portal,North America,Fortune 500,10,6503.92,5.0,8.0,8507.3,13,4.42,26846.92,61787.24,34940.32
2024-09-23,Cryo-Temp Probe A9,Quantum Sensors,E-Commerce Portal,North America,Fortune 500,12,6161.24,0.0,6.2,9231.18,6,4.45,34081.55,73934.88,39853.33
2024-09-23,PowerNode V4 Blade,Enterprise Hardware,Direct Sales,North America,Fortune 500,7,4619.18,10.0,2.7,10302.93,15,4.23,16483.53,29100.83,12617.3
2024-09-23,Autonomous Cloud Seat,Cloud Subscriptions,E-Commerce Portal,APAC,Research Institute,16,846.72,5.0,14.7,4949.76,19,3.78,6358.38,12870.14,6511.76
2024-09-24,HyperRack 800,Enterprise Hardware,E-Commerce Portal,EMEA,Fortune 500,8,4444.58,0.0,7.1,9795.51,16,4.47,20030.04,35556.64,15526.6
2024-09-24,AgileCobot Arm 600,Smart Robotics,Direct Sales,APAC,High-Growth Tech,5,8535.07,0.0,11.5,5808.08,14,4.86,21770.46,42675.35,20904.89
2024-09-24,Autonomous Cloud Seat,Cloud Subscriptions,Direct Sales,North America,Fortune 500,28,826.39,10.0,14.2,9021.19,16,4.58,8924.49,20825.03,11900.54
2024-09-25,Apex Server Cluster,Enterprise Hardware,Direct Sales,Latin America,High-Growth Tech,6,4292.5,15.0,6.1,4429.06,11,4.07,11732.37,21891.75,10159.38
2024-09-25,Precision Laser Resonator,Quantum Sensors,Direct Sales,North America,Research Institute,11,5918.95,10.0,3.1,3443.11,10,3.14,33472.72,58597.6,25124.88
2024-09-25,Neural API Pro,Cloud Subscriptions,E-Commerce Portal,North America,Mid-Market Enterprise,9,834.08,10.0,6.2,2550.3,18,4.72,3030.21,6756.05,3725.84
2024-09-26,Apex Server Cluster,Enterprise Hardware,Enterprise Partner,APAC,High-Growth Tech,5,4621.13,5.0,15.5,3118.79,7,4.67,10725.32,21950.37,11225.05
2024-09-26,Precision Laser Resonator,Quantum Sensors,Direct Sales,APAC,Research Institute,10,6013.6,5.0,6.1,2780.95,19,3.78,27882.99,57129.2,29246.21
2024-09-27,Neural API Pro,Cloud Subscriptions,Direct Sales,EMEA,Fortune 500,25,882.57,20.0,8.5,11596.7,14,5.0,10154.65,17651.4,7496.75
2024-09-27,Apex Server Cluster,Enterprise Hardware,Enterprise Partner,North America,Mid-Market Enterprise,6,4319.45,5.0,16.2,9326.34,11,4.06,11979.2,24620.86,12641.66
2024-09-28,EdgeGateway X1,Edge AI Devices,Enterprise Partner,EMEA,Mid-Market Enterprise,25,1184.39,15.0,10.5,4865.9,4,4.47,12378.69,25168.29,12789.6
2024-09-28,Quantum Flux Magnetometer,Quantum Sensors,Government Contract,EMEA,Mid-Market Enterprise,4,6485.06,5.0,16.9,7856.49,7,4.1,12846.29,24643.23,11796.94
2024-09-28,HyperRack 800,Enterprise Hardware,Enterprise Partner,North America,Fortune 500,11,4525.52,0.0,12.0,12130.92,9,3.34,23450.75,49780.72,26329.97
2024-09-29,CogniTwin Enterprise Tier,Cloud Subscriptions,E-Commerce Portal,North America,High-Growth Tech,25,823.03,5.0,15.3,11971.51,11,4.74,10117.1,19546.96,9429.86
2024-09-29,VisionSorter 2.0,Smart Robotics,Enterprise Partner,EMEA,Fortune 500,14,8502.47,0.0,3.1,6770.07,6,3.72,57586.07,119034.58,61448.51
2024-09-29,OmniVision Sensor Unit,Edge AI Devices,E-Commerce Portal,EMEA,Research Institute,33,1200.33,5.0,16.1,5636.16,16,3.98,19544.9,37630.35,18085.45
2024-09-30,Autonomous Cloud Seat,Cloud Subscriptions,Direct Sales,North America,High-Growth Tech,27,838.77,10.0,17.0,11432.62,6,4.43,9658.43,20382.11,10723.68
2024-09-30,HyperRack 800,Enterprise Hardware,Enterprise Partner,EMEA,High-Growth Tech,10,4478.41,0.0,16.4,13454.68,4,5.0,19539.97,44784.1,25244.13
2024-10-01,CogniTwin Enterprise Tier,Cloud Subscriptions,Government Contract,EMEA,Research Institute,9,849.18,10.0,15.0,3393.05,16,4.46,3237.66,6878.36,3640.7
2024-10-01,AgileCobot Arm 600,Smart Robotics,E-Commerce Portal,North America,Mid-Market Enterprise,9,9259.86,10.0,6.2,6036.26,5,5.0,33035.67,75004.87,41969.2
2024-10-01,NeuroEdge Core T3,Edge AI Devices,Government Contract,EMEA,Mid-Market Enterprise,9,1234.13,0.0,16.3,2644.2,7,4.96,5871.18,11107.17,5235.99
2024-10-02,Precision Laser Resonator,Quantum Sensors,Direct Sales,APAC,Mid-Market Enterprise,2,6326.05,0.0,5.4,6907.29,18,4.88,7118.1,12652.1,5534.0
2024-10-02,CogniTwin Enterprise Tier,Cloud Subscriptions,Direct Sales,North America,Fortune 500,14,866.96,15.0,5.8,5550.03,7,4.18,4817.3,10316.82,5499.52
2024-10-03,VisionSorter 2.0,Smart Robotics,E-Commerce Portal,EMEA,Fortune 500,10,9332.7,5.0,11.3,6372.74,10,4.87,48885.69,88660.65,39774.96
2024-10-03,EdgeGateway X1,Edge AI Devices,Enterprise Partner,North America,Fortune 500,13,1160.22,5.0,2.3,5200.53,12,4.41,7063.31,14328.72,7265.41
2024-10-04,EdgeGateway X1,Edge AI Devices,Government Contract,North America,Fortune 500,12,1248.66,10.0,17.2,4706.81,5,3.44,5743.53,13485.53,7742.0
2024-10-04,Apex Server Cluster,Enterprise Hardware,Direct Sales,North America,High-Growth Tech,5,4605.3,0.0,16.2,5324.99,11,4.06,10309.31,23026.5,12717.19
2024-10-05,PowerNode V4 Blade,Enterprise Hardware,Direct Sales,North America,Fortune 500,5,4561.22,20.0,10.8,3386.78,5,4.79,10434.6,18244.88,7810.28
2024-10-05,Neural API Pro,Cloud Subscriptions,Direct Sales,North America,Fortune 500,6,828.98,5.0,11.0,1666.88,13,4.23,2220.01,4725.19,2505.18
2024-10-06,Cryo-Temp Probe A9,Quantum Sensors,Direct Sales,Latin America,Fortune 500,11,6289.53,5.0,6.2,10132.46,13,3.87,35113.81,65725.59,30611.78
2024-10-06,Automated Guided Rover,Smart Robotics,E-Commerce Portal,APAC,High-Growth Tech,16,8554.5,20.0,2.6,4760.28,17,4.43,55892.64,109497.6,53604.96
2024-10-06,Autonomous Cloud Seat,Cloud Subscriptions,E-Commerce Portal,North America,High-Growth Tech,18,891.38,15.0,17.3,8920.18,13,4.0,6395.74,13638.11,7242.37
2024-10-07,Neural API Pro,Cloud Subscriptions,E-Commerce Portal,North America,High-Growth Tech,16,877.05,10.0,12.7,9005.99,14,4.49,5315.82,12629.52,7313.7
2024-10-07,OmniVision Sensor Unit,Edge AI Devices,Enterprise Partner,EMEA,High-Growth Tech,19,1173.34,0.0,12.8,9470.05,6,4.81,11743.19,22293.46,10550.27
2024-10-08,VisionSorter 2.0,Smart Robotics,Direct Sales,APAC,Mid-Market Enterprise,10,9158.02,0.0,14.1,11652.99,14,4.21,50448.45,91580.2,41131.75
2024-10-08,PowerNode V4 Blade,Enterprise Hardware,Direct Sales,North America,Fortune 500,11,4470.61,0.0,14.6,10713.53,12,4.15,24009.57,49176.71,25167.14
2024-10-09,OmniVision Sensor Unit,Edge AI Devices,Direct Sales,Latin America,Fortune 500,22,1172.76,15.0,14.1,10837.7,17,4.23,11409.0,21930.61,10521.61
2024-10-09,PowerNode V4 Blade,Enterprise Hardware,Direct Sales,APAC,Research Institute,7,4383.48,0.0,3.3,9787.65,4,4.94,13646.26,30684.36,17038.1
2024-10-10,Neural API Pro,Cloud Subscriptions,E-Commerce Portal,North America,High-Growth Tech,12,845.25,10.0,17.3,2748.15,6,5.0,3928.0,9128.7,5200.7
2024-10-10,Quantum Flux Magnetometer,Quantum Sensors,Direct Sales,North America,Fortune 500,13,6464.47,10.0,3.9,10905.05,13,4.08,39067.33,75634.3,36566.97
2024-10-11,Apex Server Cluster,Enterprise Hardware,Government Contract,APAC,Research Institute,13,4622.25,10.0,15.2,4069.2,6,4.51,27195.11,54080.32,26885.21
2024-10-11,CogniTwin Enterprise Tier,Cloud Subscriptions,Direct Sales,EMEA,Fortune 500,9,835.32,0.0,15.8,2853.84,9,4.21,3321.26,7517.88,4196.62
2024-10-11,OmniVision Sensor Unit,Edge AI Devices,Government Contract,North America,Fortune 500,19,1158.94,10.0,15.5,8790.74,7,4.5,8758.59,19817.87,11059.28
2024-10-12,VisionSorter 2.0,Smart Robotics,E-Commerce Portal,EMEA,High-Growth Tech,4,9073.8,10.0,16.0,4084.04,6,4.19,17940.0,32665.68,14725.68
2024-10-12,NeuroEdge Core T3,Edge AI Devices,Direct Sales,North America,High-Growth Tech,28,1158.67,5.0,17.5,5715.92,5,4.61,17678.77,30820.62,13141.85
2024-10-13,Neural API Pro,Cloud Subscriptions,Enterprise Partner,EMEA,Mid-Market Enterprise,18,890.74,0.0,4.0,2392.18,12,4.15,9196.29,16033.32,6837.03
2024-10-13,Apex Server Cluster,Enterprise Hardware,Enterprise Partner,North America,Mid-Market Enterprise,8,4414.17,0.0,6.2,4266.15,15,4.97,17670.23,35313.36,17643.13
2024-10-14,EdgeGateway X1,Edge AI Devices,Direct Sales,North America,Mid-Market Enterprise,21,1227.17,0.0,5.1,9400.64,9,3.66,11217.56,25770.57,14553.01
2024-10-14,AgileCobot Arm 600,Smart Robotics,Government Contract,APAC,Fortune 500,3,8966.67,0.0,12.4,4416.52,12,4.43,12212.24,26900.01,14687.77
2024-10-14,Autonomous Cloud Seat,Cloud Subscriptions,E-Commerce Portal,EMEA,Research Institute,5,828.4,0.0,17.6,5997.6,8,5.0,2055.57,4142.0,2086.43
2024-10-15,PowerNode V4 Blade,Enterprise Hardware,E-Commerce Portal,North America,High-Growth Tech,6,4657.08,0.0,5.2,7314.65,5,4.75,14492.0,27942.48,13450.48
2024-10-15,Autonomous Cloud Seat,Cloud Subscriptions,Direct Sales,North America,Mid-Market Enterprise,8,872.01,0.0,3.9,2022.8,20,3.82,3261.55,6976.08,3714.53
2024-10-16,Autonomous Cloud Seat,Cloud Subscriptions,Enterprise Partner,APAC,Fortune 500,13,890.28,10.0,8.8,5126.91,16,4.11,4920.73,10416.28,5495.55
2024-10-16,Precision Laser Resonator,Quantum Sensors,Direct Sales,EMEA,High-Growth Tech,4,6388.81,10.0,12.1,3672.48,12,4.89,11924.93,22999.72,11074.79
2024-10-17,Apex Server Cluster,Enterprise Hardware,Enterprise Partner,North America,High-Growth Tech,6,4309.94,20.0,14.5,3140.56,11,4.22,9985.36,20687.71,10702.35
2024-10-17,Neural API Pro,Cloud Subscriptions,E-Commerce Portal,North America,Research Institute,18,854.54,10.0,11.8,4088.47,18,3.77,6616.76,13843.55,7226.79
2024-10-18,Precision Laser Resonator,Quantum Sensors,Direct Sales,EMEA,Mid-Market Enterprise,14,6168.8,10.0,10.3,7313.27,7,4.48,42665.03,77726.88,35061.85
2024-10-18,VisionSorter 2.0,Smart Robotics,E-Commerce Portal,Latin America,Research Institute,17,8459.43,0.0,12.5,6776.95,10,4.25,75997.95,143810.31,67812.36
2024-10-18,Neural API Pro,Cloud Subscriptions,Direct Sales,North America,Fortune 500,15,859.77,5.0,14.6,3556.31,18,4.16,7061.28,12251.72,5190.44
2024-10-19,Precision Laser Resonator,Quantum Sensors,Government Contract,APAC,Mid-Market Enterprise,7,5941.02,20.0,3.6,5004.01,6,4.3,17256.2,33269.71,16013.51
2024-10-19,Autonomous Cloud Seat,Cloud Subscriptions,Government Contract,EMEA,Mid-Market Enterprise,36,891.67,5.0,14.8,9649.46,18,4.69,15895.17,30495.11,14599.94
2024-10-19,HyperRack 800,Enterprise Hardware,Enterprise Partner,North America,Mid-Market Enterprise,7,4310.11,0.0,7.8,5399.88,4,3.67,16942.57,30170.77,13228.2
2024-10-20,VisionSorter 2.0,Smart Robotics,Direct Sales,APAC,High-Growth Tech,2,8820.2,0.0,11.6,11850.32,8,4.21,10198.66,17640.4,7441.74
2024-10-20,OmniVision Sensor Unit,Edge AI Devices,Direct Sales,Latin America,Mid-Market Enterprise,30,1181.34,5.0,17.3,6709.28,7,4.31,17511.05,33668.19,16157.14
2024-10-21,PowerNode V4 Blade,Enterprise Hardware,E-Commerce Portal,EMEA,Fortune 500,10,4563.66,15.0,15.7,10111.61,7,4.28,16715.79,38791.11,22075.32
2024-10-21,Automated Guided Rover,Smart Robotics,E-Commerce Portal,APAC,High-Growth Tech,4,9321.22,0.0,4.1,2015.11,14,4.39,17747.59,37284.88,19537.29
2024-10-22,EdgeGateway X1,Edge AI Devices,Direct Sales,EMEA,Fortune 500,7,1165.39,0.0,16.7,1559.46,13,4.23,4485.0,8157.73,3672.73
2024-10-22,Automated Guided Rover,Smart Robotics,Direct Sales,EMEA,Mid-Market Enterprise,10,9287.5,5.0,2.8,5041.96,10,4.65,49317.8,88231.25,38913.45
2024-10-23,Precision Laser Resonator,Quantum Sensors,Direct Sales,EMEA,High-Growth Tech,6,6126.74,5.0,5.3,6640.39,3,4.43,17938.86,34922.42,16983.56
2024-10-23,AgileCobot Arm 600,Smart Robotics,Direct Sales,North America,High-Growth Tech,3,8648.36,5.0,6.9,7095.17,20,4.43,14181.66,24647.83,10466.17
2024-10-23,PowerNode V4 Blade,Enterprise Hardware,Direct Sales,EMEA,Fortune 500,7,4649.5,5.0,4.9,5620.19,18,4.47,15255.61,30919.17,15663.56
2024-10-24,HyperRack 800,Enterprise Hardware,Direct Sales,APAC,High-Growth Tech,5,4344.15,20.0,9.7,4147.04,10,4.02,9011.63,17376.6,8364.97
2024-10-24,Quantum Flux Magnetometer,Quantum Sensors,Direct Sales,EMEA,Research Institute,10,6288.95,0.0,16.0,8797.14,17,5.0,34276.89,62889.5,28612.61
2024-10-25,Precision Laser Resonator,Quantum Sensors,E-Commerce Portal,EMEA,Mid-Market Enterprise,5,6383.18,0.0,7.3,8642.24,6,3.93,15385.95,31915.9,16529.95
2024-10-25,Neural API Pro,Cloud Subscriptions,Direct Sales,North America,Mid-Market Enterprise,18,860.29,0.0,3.0,3721.05,7,4.47,8774.86,15485.22,6710.36
2024-10-26,Autonomous Cloud Seat,Cloud Subscriptions,Enterprise Partner,APAC,Fortune 500,17,814.31,10.0,8.0,3461.48,17,3.59,6036.57,12458.94,6422.37
2024-10-26,EdgeGateway X1,Edge AI Devices,Government Contract,North America,High-Growth Tech,32,1195.74,5.0,9.5,9824.87,20,4.53,20479.74,36350.5,15870.76
2024-10-27,Cryo-Temp Probe A9,Quantum Sensors,Direct Sales,North America,Fortune 500,7,6441.32,0.0,11.0,11523.82,15,4.76,23738.39,45089.24,21350.85
2024-10-27,Apex Server Cluster,Enterprise Hardware,Government Contract,North America,Fortune 500,7,4615.17,5.0,12.9,2559.33,10,4.71,14768.46,30690.88,15922.42
2024-10-27,Autonomous Cloud Seat,Cloud Subscriptions,E-Commerce Portal,Latin America,High-Growth Tech,14,854.05,10.0,3.0,9680.59,17,3.39,5371.28,10761.03,5389.75
2024-10-28,NeuroEdge Core T3,Edge AI Devices,Direct Sales,North America,High-Growth Tech,12,1220.04,0.0,3.4,2505.56,5,4.48,6696.42,14640.48,7944.06
2024-10-28,HyperRack 800,Enterprise Hardware,E-Commerce Portal,North America,High-Growth Tech,5,4448.53,0.0,13.1,2290.88,18,4.15,11229.27,22242.65,11013.38
2024-10-28,AgileCobot Arm 600,Smart Robotics,Enterprise Partner,APAC,Mid-Market Enterprise,8,8490.59,0.0,6.2,4335.05,12,4.41,33734.39,67924.72,34190.33
2024-10-29,Neural API Pro,Cloud Subscriptions,Direct Sales,North America,High-Growth Tech,18,890.55,0.0,13.6,9047.28,9,4.53,7432.29,16029.9,8597.61
2024-10-29,Quantum Flux Magnetometer,Quantum Sensors,Direct Sales,North America,High-Growth Tech,3,6224.32,0.0,15.7,2395.21,14,4.17,10214.16,18672.96,8458.8
2024-10-30,PowerNode V4 Blade,Enterprise Hardware,E-Commerce Portal,North America,Fortune 500,11,4672.42,10.0,7.1,10277.2,19,4.06,20664.21,46256.96,25592.75
2024-10-30,Cryo-Temp Probe A9,Quantum Sensors,Enterprise Partner,APAC,High-Growth Tech,5,5976.64,5.0,16.7,3709.42,16,4.68,13695.65,28389.04,14693.39
2024-10-31,Precision Laser Resonator,Quantum Sensors,Enterprise Partner,North America,Fortune 500,6,6457.89,10.0,9.6,9815.63,16,4.03,18990.19,34872.61,15882.42
2024-10-31,NeuroEdge Core T3,Edge AI Devices,Enterprise Partner,APAC,Fortune 500,17,1166.55,0.0,16.5,7382.84,18,4.4,9367.57,19831.35,10463.78
2024-10-31,HyperRack 800,Enterprise Hardware,Direct Sales,EMEA,High-Growth Tech,14,4316.09,15.0,11.1,11619.64,17,4.2,27735.32,51361.47,23626.15
2024-11-01,NeuroEdge Core T3,Edge AI Devices,Direct Sales,North America,Fortune 500,40,1205.15,10.0,8.0,11333.11,10,3.5,21230.08,43385.4,22155.32
2024-11-01,VisionSorter 2.0,Smart Robotics,E-Commerce Portal,Latin America,Fortune 500,10,8638.64,10.0,11.8,7116.15,8,4.49,34458.62,77747.76,43289.14
2024-11-01,Neural API Pro,Cloud Subscriptions,Enterprise Partner,North America,Fortune 500,22,849.26,10.0,2.6,9717.79,16,5.0,7585.65,16815.35,9229.7
2024-11-02,EdgeGateway X1,Edge AI Devices,Direct Sales,North America,High-Growth Tech,18,1230.04,10.0,14.2,8734.68,8,4.14,10318.79,19926.65,9607.86
2024-11-02,Precision Laser Resonator,Quantum Sensors,Direct Sales,North America,Fortune 500,11,6381.77,10.0,17.4,3458.82,19,4.25,32605.24,63179.52,30574.28
2024-11-02,Neural API Pro,Cloud Subscriptions,Direct Sales,North America,High-Growth Tech,24,827.88,0.0,12.5,7943.39,5,3.87,11180.33,19869.12,8688.79
2024-11-03,NeuroEdge Core T3,Edge AI Devices,Direct Sales,EMEA,High-Growth Tech,24,1214.94,10.0,12.7,8997.92,19,3.58,12987.26,26242.7,13255.44
2024-11-03,VisionSorter 2.0,Smart Robotics,Enterprise Partner,Latin America,Research Institute,15,8522.07,0.0,15.6,13097.33,10,4.54,73290.11,127831.05,54540.94
2024-11-03,HyperRack 800,Enterprise Hardware,E-Commerce Portal,Latin America,High-Growth Tech,4,4414.88,0.0,10.0,6316.19,16,4.15,10111.58,17659.52,7547.94
2024-11-04,Cryo-Temp Probe A9,Quantum Sensors,Direct Sales,Latin America,High-Growth Tech,5,6453.34,5.0,16.0,3540.67,17,5.0,14264.69,30653.36,16388.67
2024-11-04,NeuroEdge Core T3,Edge AI Devices,E-Commerce Portal,APAC,Mid-Market Enterprise,19,1185.11,5.0,17.5,14642.25,12,4.97,10805.72,21391.24,10585.52
2024-11-05,Quantum Flux Magnetometer,Quantum Sensors,E-Commerce Portal,Latin America,High-Growth Tech,12,5995.33,5.0,10.3,7104.86,19,4.19,31825.51,68346.76,36521.25
2024-11-05,NeuroEdge Core T3,Edge AI Devices,E-Commerce Portal,North America,Mid-Market Enterprise,19,1190.49,0.0,10.4,5786.23,15,4.86,12057.7,22619.31,10561.61
2024-11-05,PowerNode V4 Blade,Enterprise Hardware,Enterprise Partner,North America,Research Institute,7,4665.67,0.0,15.2,2074.68,20,4.33,14391.64,32659.69,18268.05
2024-11-06,PowerNode V4 Blade,Enterprise Hardware,E-Commerce Portal,North America,Fortune 500,11,4689.25,0.0,3.0,15082.42,10,4.7,29380.24,51581.75,22201.51
2024-11-06,Autonomous Cloud Seat,Cloud Subscriptions,E-Commerce Portal,APAC,High-Growth Tech,12,882.03,20.0,2.3,2637.55,12,4.29,4666.63,8467.49,3800.86
2024-11-07,AgileCobot Arm 600,Smart Robotics,Enterprise Partner,North America,Fortune 500,5,8490.62,10.0,17.4,6581.15,7,4.82,17275.12,38207.79,20932.67
2024-11-07,Neural API Pro,Cloud Subscriptions,Direct Sales,EMEA,Fortune 500,24,845.25,0.0,7.2,8766.31,9,4.49,10579.36,20286.0,9706.64
2024-11-08,PowerNode V4 Blade,Enterprise Hardware,Government Contract,APAC,High-Growth Tech,12,4448.23,0.0,11.0,11163.86,12,4.03,24520.87,53378.76,28857.89
2024-11-08,NeuroEdge Core T3,Edge AI Devices,Direct Sales,APAC,Fortune 500,37,1185.79,20.0,7.8,4779.58,20,4.57,17587.25,35099.38,17512.13
2024-11-09,OmniVision Sensor Unit,Edge AI Devices,E-Commerce Portal,Latin America,High-Growth Tech,36,1167.26,10.0,15.4,13605.53,9,4.09,15908.89,37819.22,21910.33
2024-11-09,Autonomous Cloud Seat,Cloud Subscriptions,Direct Sales,APAC,High-Growth Tech,15,835.53,0.0,17.6,5914.37,5,4.19,6189.59,12532.95,6343.36
2024-11-10,Autonomous Cloud Seat,Cloud Subscriptions,Direct Sales,EMEA,Mid-Market Enterprise,10,856.95,10.0,17.2,2282.98,19,4.46,3883.51,7712.55,3829.04
2024-11-10,PowerNode V4 Blade,Enterprise Hardware,Direct Sales,EMEA,High-Growth Tech,5,4352.18,0.0,13.1,15242.42,17,3.79,11106.24,21760.9,10654.66
2024-11-10,Precision Laser Resonator,Quantum Sensors,Government Contract,APAC,High-Growth Tech,10,6333.83,0.0,6.2,10160.24,3,4.08,34323.98,63338.3,29014.32
2024-11-11,EdgeGateway X1,Edge AI Devices,Direct Sales,North America,High-Growth Tech,18,1164.67,0.0,12.3,9540.86,18,3.81,10630.46,20964.06,10333.6
2024-11-11,AgileCobot Arm 600,Smart Robotics,E-Commerce Portal,Latin America,Fortune 500,12,8495.88,5.0,12.6,10364.35,15,4.84,42407.73,96853.03,54445.3
2024-11-12,OmniVision Sensor Unit,Edge AI Devices,Direct Sales,Latin America,Research Institute,32,1242.0,10.0,7.8,15617.47,17,4.26,20723.42,35769.6,15046.18
2024-11-12,Neural API Pro,Cloud Subscriptions,Direct Sales,APAC,High-Growth Tech,24,820.11,0.0,6.9,10271.81,9,4.74,10960.35,19682.64,8722.29
2024-11-12,Cryo-Temp Probe A9,Quantum Sensors,Direct Sales,APAC,High-Growth Tech,11,6145.36,5.0,5.4,3140.7,11,4.4,34329.86,64219.01,29889.15
2024-11-13,Cryo-Temp Probe A9,Quantum Sensors,Direct Sales,APAC,Fortune 500,9,6250.07,5.0,6.4,8162.84,6,4.26,26579.52,53438.1,26858.58
2024-11-13,HyperRack 800,Enterprise Hardware,Direct Sales,North America,Fortune 500,9,4607.39,0.0,7.5,5791.95,11,4.31,23777.14,41466.51,17689.37
2024-11-13,Automated Guided Rover,Smart Robotics,E-Commerce Portal,EMEA,Research Institute,7,8951.19,5.0,15.6,3976.03,13,5.0,34114.14,59525.41,25411.27
2024-11-14,NeuroEdge Core T3,Edge AI Devices,Direct Sales,EMEA,Fortune 500,18,1202.02,0.0,7.2,9810.97,10,4.56,9826.19,21636.36,11810.17
2024-11-14,Apex Server Cluster,Enterprise Hardware,Enterprise Partner,North America,Fortune 500,6,4470.04,0.0,9.4,12004.78,6,4.57,11805.69,26820.24,15014.55
2024-11-14,CogniTwin Enterprise Tier,Cloud Subscriptions,Enterprise Partner,EMEA,High-Growth Tech,17,828.37,5.0,9.2,6830.73,6,4.06,7013.55,13378.18,6364.63
2024-11-15,Apex Server Cluster,Enterprise Hardware,Enterprise Partner,North America,Mid-Market Enterprise,14,4363.96,0.0,8.3,14164.1,7,4.14,29218.9,61095.44,31876.54
2024-11-15,OmniVision Sensor Unit,Edge AI Devices,Government Contract,North America,Mid-Market Enterprise,24,1185.77,0.0,13.6,11157.12,7,3.84,13574.32,28458.48,14884.16
2024-11-15,Cryo-Temp Probe A9,Quantum Sensors,Direct Sales,APAC,High-Growth Tech,18,6298.16,0.0,12.1,12479.6,6,4.51,49055.6,113366.88,64311.28
2024-11-16,OmniVision Sensor Unit,Edge AI Devices,E-Commerce Portal,North America,Fortune 500,28,1232.45,0.0,16.2,6707.82,15,4.98,16541.44,34508.6,17967.16
2024-11-16,AgileCobot Arm 600,Smart Robotics,Direct Sales,Latin America,High-Growth Tech,7,8488.09,5.0,6.3,7204.63,4,4.73,24978.95,56445.8,31466.85
2024-11-17,Precision Laser Resonator,Quantum Sensors,Government Contract,APAC,Mid-Market Enterprise,11,6315.27,0.0,15.4,15256.98,6,4.53,35403.45,69467.97,34064.52
2024-11-17,CogniTwin Enterprise Tier,Cloud Subscriptions,Government Contract,North America,High-Growth Tech,17,808.18,0.0,9.9,4892.43,11,5.0,7438.08,13739.06,6300.98
2024-11-17,HyperRack 800,Enterprise Hardware,Direct Sales,EMEA,Mid-Market Enterprise,11,4406.42,10.0,11.5,4695.5,9,4.12,22473.62,43623.56,21149.94
2024-11-18,Cryo-Temp Probe A9,Quantum Sensors,Direct Sales,North America,Fortune 500,10,6499.19,0.0,6.8,8341.67,16,3.79,36293.03,64991.9,28698.87
2024-11-18,HyperRack 800,Enterprise Hardware,Enterprise Partner,Latin America,High-Growth Tech,8,4456.95,0.0,9.0,11703.4,9,3.8,19452.18,35655.6,16203.42
2024-11-19,HyperRack 800,Enterprise Hardware,E-Commerce Portal,North America,High-Growth Tech,10,4692.53,10.0,16.9,9882.13,9,4.34,19476.69,42232.77,22756.08
2024-11-19,EdgeGateway X1,Edge AI Devices,Government Contract,Latin America,Research Institute,23,1149.99,10.0,4.0,11535.56,6,5.0,13483.99,23804.79,10320.8
2024-11-19,Quantum Flux Magnetometer,Quantum Sensors,Direct Sales,North America,High-Growth Tech,6,6251.18,0.0,14.8,5593.69,9,4.28,19071.24,37507.08,18435.84
2024-11-20,Cryo-Temp Probe A9,Quantum Sensors,Enterprise Partner,APAC,Fortune 500,6,6156.01,5.0,11.9,4033.65,12,3.64,16010.64,35089.26,19078.62
2024-11-20,Automated Guided Rover,Smart Robotics,Enterprise Partner,North America,Fortune 500,9,9137.37,5.0,10.6,15257.71,14,4.32,36504.48,78124.51,41620.03
2024-11-21,VisionSorter 2.0,Smart Robotics,Direct Sales,Latin America,Mid-Market Enterprise,7,8621.16,0.0,4.5,15811.36,8,3.61,27261.91,60348.12,33086.21
2024-11-21,CogniTwin Enterprise Tier,Cloud Subscriptions,Government Contract,North America,Mid-Market Enterprise,39,818.85,5.0,5.9,14570.95,5,5.0,15117.12,30338.39,15221.27
2024-11-22,OmniVision Sensor Unit,Edge AI Devices,Direct Sales,North America,Mid-Market Enterprise,24,1157.23,15.0,14.6,10370.15,10,3.58,12411.98,23607.49,11195.51
2024-11-22,CogniTwin Enterprise Tier,Cloud Subscriptions,Enterprise Partner,North America,High-Growth Tech,22,836.19,5.0,9.6,11781.44,18,3.44,8736.13,17476.37,8740.24
2024-11-22,AgileCobot Arm 600,Smart Robotics,E-Commerce Portal,North America,Fortune 500,9,8468.89,5.0,11.5,2045.1,6,4.34,32851.42,72409.01,39557.59
2024-11-23,HyperRack 800,Enterprise Hardware,Direct Sales,APAC,Mid-Market Enterprise,31,4532.95,15.0,16.8,16169.33,20,4.42,68968.35,119443.23,50474.88
2024-11-23,VisionSorter 2.0,Smart Robotics,E-Commerce Portal,APAC,High-Growth Tech,8,8569.93,20.0,11.1,7178.41,4,4.58,31337.72,54847.55,23509.83
2024-11-23,NeuroEdge Core T3,Edge AI Devices,Enterprise Partner,North America,High-Growth Tech,25,1167.37,0.0,16.2,12762.22,11,4.69,13737.68,29184.25,15446.57
2024-11-24,Automated Guided Rover,Smart Robotics,Direct Sales,North America,Mid-Market Enterprise,9,9306.31,0.0,10.2,7679.94,7,4.4,45752.3,83756.79,38004.49
2024-11-24,Apex Server Cluster,Enterprise Hardware,Direct Sales,North America,Fortune 500,11,4534.78,0.0,12.5,7919.2,7,4.57,26349.09,49882.58,23533.49
2024-11-25,VisionSorter 2.0,Smart Robotics,Government Contract,North America,Fortune 500,8,8478.89,10.0,14.4,9040.81,11,4.47,32555.34,61048.01,28492.67
2024-11-25,Quantum Flux Magnetometer,Quantum Sensors,E-Commerce Portal,APAC,Mid-Market Enterprise,10,6366.49,15.0,17.0,13407.41,19,4.53,26430.77,54115.16,27684.39
2024-11-25,NeuroEdge Core T3,Edge AI Devices,Enterprise Partner,North America,Mid-Market Enterprise,14,1163.94,0.0,6.0,11854.31,4,4.14,7528.39,16295.16,8766.77
2024-11-26,CogniTwin Enterprise Tier,Cloud Subscriptions,Direct Sales,Latin America,High-Growth Tech,30,834.06,0.0,8.3,13339.24,18,4.13,11207.41,25021.8,13814.39
2024-11-26,HyperRack 800,Enterprise Hardware,Direct Sales,North America,High-Growth Tech,8,4339.17,0.0,4.8,11276.87,11,4.25,15620.01,34713.36,19093.35
2024-11-26,Precision Laser Resonator,Quantum Sensors,Direct Sales,APAC,High-Growth Tech,2,6497.36,10.0,8.9,9953.0,18,4.5,6746.55,11695.25,4948.7
2024-11-27,Quantum Flux Magnetometer,Quantum Sensors,Direct Sales,APAC,Research Institute,10,6074.21,0.0,8.6,13233.95,11,4.24,28483.7,60742.1,32258.4
2024-11-27,EdgeGateway X1,Edge AI Devices,Enterprise Partner,EMEA,Mid-Market Enterprise,27,1147.99,5.0,9.4,5669.6,10,4.81,14798.59,29445.94,14647.35
2024-11-27,Apex Server Cluster,Enterprise Hardware,Direct Sales,North America,High-Growth Tech,4,4367.08,5.0,12.6,4001.54,10,3.85,8782.92,16594.9,7811.98
2024-11-28,CogniTwin Enterprise Tier,Cloud Subscriptions,Government Contract,EMEA,High-Growth Tech,25,851.89,0.0,17.4,10483.77,17,5.0,10704.27,21297.25,10592.98
2024-11-28,Precision Laser Resonator,Quantum Sensors,Enterprise Partner,North America,Mid-Market Enterprise,8,6102.91,5.0,16.2,3998.11,5,4.47,25016.08,46382.12,21366.04
2024-11-28,NeuroEdge Core T3,Edge AI Devices,E-Commerce Portal,North America,Fortune 500,13,1180.43,10.0,11.5,2535.16,18,4.67,7170.01,13811.03,6641.02
2024-11-29,Quantum Flux Magnetometer,Quantum Sensors,Direct Sales,North America,Fortune 500,10,5962.57,15.0,3.2,5408.98,10,4.0,27085.94,50681.85,23595.91
2024-11-29,CogniTwin Enterprise Tier,Cloud Subscriptions,Government Contract,APAC,Fortune 500,21,865.77,5.0,7.8,7169.66,10,3.85,9147.84,17272.11,8124.27
2024-11-29,Automated Guided Rover,Smart Robotics,Direct Sales,EMEA,Mid-Market Enterprise,3,8633.2,10.0,5.1,14721.11,17,5.0,10212.31,23309.64,13097.33
2024-11-30,HyperRack 800,Enterprise Hardware,Direct Sales,North America,Fortune 500,10,4315.27,0.0,3.2,3716.07,8,4.2,22625.64,43152.7,20527.06
2024-11-30,EdgeGateway X1,Edge AI Devices,Direct Sales,North America,Fortune 500,29,1171.86,10.0,14.8,15512.92,20,3.95,13867.45,30585.55,16718.1
2024-11-30,Neural API Pro,Cloud Subscriptions,E-Commerce Portal,Latin America,High-Growth Tech,39,812.97,5.0,4.8,11817.2,8,3.68,13130.92,30120.54,16989.62
2024-12-01,Cryo-Temp Probe A9,Quantum Sensors,Direct Sales,EMEA,Mid-Market Enterprise,13,5958.46,5.0,10.4,6119.16,7,4.8,38377.91,73586.98,35209.07
2024-12-01,NeuroEdge Core T3,Edge AI Devices,Direct Sales,EMEA,High-Growth Tech,39,1240.91,5.0,5.6,11559.8,7,3.86,20385.42,45975.72,25590.3
2024-12-02,PowerNode V4 Blade,Enterprise Hardware,Enterprise Partner,Latin America,Fortune 500,4,4637.46,0.0,10.7,13346.64,14,5.0,8770.99,18549.84,9778.85
2024-12-02,NeuroEdge Core T3,Edge AI Devices,Direct Sales,North America,High-Growth Tech,20,1161.38,10.0,17.6,4678.26,12,4.74,8918.2,20904.84,11986.64
2024-12-02,Quantum Flux Magnetometer,Quantum Sensors,E-Commerce Portal,Latin America,High-Growth Tech,10,6339.48,5.0,17.6,12219.26,3,4.02,25445.76,60225.06,34779.3
2024-12-03,Cryo-Temp Probe A9,Quantum Sensors,Direct Sales,EMEA,High-Growth Tech,6,6110.87,15.0,2.7,3527.94,15,4.18,16449.12,31165.44,14716.32
2024-12-03,HyperRack 800,Enterprise Hardware,E-Commerce Portal,North America,High-Growth Tech,6,4391.09,0.0,8.6,5993.82,16,4.33,11709.17,26346.54,14637.37
2024-12-03,VisionSorter 2.0,Smart Robotics,Direct Sales,APAC,High-Growth Tech,7,9128.38,5.0,12.2,8676.55,13,4.11,33581.2,60703.73,27122.53
2024-12-04,VisionSorter 2.0,Smart Robotics,Enterprise Partner,EMEA,High-Growth Tech,12,9053.93,15.0,7.3,11704.08,3,4.23,50850.14,92350.09,41499.95
2024-12-04,Apex Server Cluster,Enterprise Hardware,Enterprise Partner,North America,High-Growth Tech,7,4332.86,0.0,3.5,3120.64,13,4.38,15146.07,30330.02,15183.95
2024-12-05,Precision Laser Resonator,Quantum Sensors,E-Commerce Portal,EMEA,Fortune 500,13,5921.96,0.0,4.4,9713.43,14,4.45,44143.39,76985.48,32842.09
2024-12-05,Apex Server Cluster,Enterprise Hardware,Enterprise Partner,APAC,High-Growth Tech,8,4275.78,5.0,12.1,3966.93,13,5.0,14156.09,32495.93,18339.84
2024-12-05,VisionSorter 2.0,Smart Robotics,E-Commerce Portal,EMEA,Fortune 500,11,9130.22,10.0,11.3,6984.16,6,4.36,39374.67,90389.18,51014.51
2024-12-06,Cryo-Temp Probe A9,Quantum Sensors,Government Contract,North America,Mid-Market Enterprise,8,6448.82,10.0,15.1,8828.76,10,4.76,23518.95,46431.5,22912.55
2024-12-06,PowerNode V4 Blade,Enterprise Hardware,Enterprise Partner,North America,Research Institute,6,4359.18,15.0,6.9,2886.57,15,4.14,11076.84,22231.82,11154.98
2024-12-06,OmniVision Sensor Unit,Edge AI Devices,E-Commerce Portal,APAC,High-Growth Tech,27,1141.52,10.0,9.2,11796.4,17,4.55,12614.55,27738.94,15124.39
2024-12-07,Automated Guided Rover,Smart Robotics,E-Commerce Portal,EMEA,Mid-Market Enterprise,7,8636.96,5.0,4.0,2633.62,20,4.6,26316.62,57435.78,31119.16
2024-12-07,Quantum Flux Magnetometer,Quantum Sensors,Direct Sales,EMEA,High-Growth Tech,22,6224.16,10.0,4.0,13024.43,6,4.87,64834.3,123238.37,58404.07
2024-12-07,Autonomous Cloud Seat,Cloud Subscriptions,E-Commerce Portal,APAC,Mid-Market Enterprise,32,823.05,5.0,2.6,13158.34,10,4.21,11081.84,25020.72,13938.88
2024-12-08,Automated Guided Rover,Smart Robotics,E-Commerce Portal,North America,High-Growth Tech,4,9191.14,5.0,6.3,3854.94,13,4.61,18064.89,34926.33,16861.44
2024-12-08,Neural API Pro,Cloud Subscriptions,Direct Sales,EMEA,Research Institute,48,851.97,20.0,14.5,12934.08,7,3.78,18578.5,32715.65,14137.15
2024-12-09,Precision Laser Resonator,Quantum Sensors,Direct Sales,North America,Research Institute,6,6406.84,0.0,4.4,10333.26,18,4.56,16683.0,38441.04,21758.04
2024-12-09,HyperRack 800,Enterprise Hardware,Enterprise Partner,North America,Fortune 500,13,4329.92,20.0,5.9,10609.73,14,4.57,19480.36,45031.17,25550.81
2024-12-09,Neural API Pro,Cloud Subscriptions,E-Commerce Portal,EMEA,Mid-Market Enterprise,41,888.34,0.0,11.8,10678.93,18,4.69,18434.39,36421.94,17987.55
2024-12-10,Autonomous Cloud Seat,Cloud Subscriptions,Enterprise Partner,APAC,Fortune 500,32,868.66,0.0,17.9,9772.97,9,4.97,13641.06,27797.12,14156.06
2024-12-10,Apex Server Cluster,Enterprise Hardware,Direct Sales,APAC,Mid-Market Enterprise,12,4724.95,10.0,9.3,5549.88,7,4.4,24403.67,51029.46,26625.79
2024-12-11,PowerNode V4 Blade,Enterprise Hardware,Enterprise Partner,EMEA,Research Institute,6,4463.4,10.0,12.7,2531.59,12,3.93,13521.57,24102.36,10580.79
2024-12-11,Quantum Flux Magnetometer,Quantum Sensors,E-Commerce Portal,North America,High-Growth Tech,4,6272.37,5.0,2.6,3065.22,3,4.3,11226.11,23835.01,12608.9
2024-12-12,HyperRack 800,Enterprise Hardware,Direct Sales,North America,Fortune 500,10,4452.38,10.0,16.5,6023.2,9,4.24,17920.62,40071.42,22150.8
2024-12-12,Quantum Flux Magnetometer,Quantum Sensors,Direct Sales,Latin America,Research Institute,9,6192.53,10.0,6.9,2202.87,14,4.39,27279.23,50159.49,22880.26
2024-12-13,Quantum Flux Magnetometer,Quantum Sensors,Direct Sales,Latin America,High-Growth Tech,13,6361.7,5.0,15.5,5968.2,4,3.81,43693.06,78566.99,34873.93
2024-12-13,Neural API Pro,Cloud Subscriptions,E-Commerce Portal,North America,High-Growth Tech,18,837.06,5.0,9.3,3665.22,12,4.62,7568.65,14313.73,6745.08
2024-12-14,CogniTwin Enterprise Tier,Cloud Subscriptions,Enterprise Partner,North America,Fortune 500,25,817.01,5.0,4.3,15995.04,20,4.97,10137.45,19403.99,9266.54
2024-12-14,Quantum Flux Magnetometer,Quantum Sensors,Enterprise Partner,North America,Research Institute,10,6005.68,5.0,3.4,4587.41,6,4.68,24897.59,57053.96,32156.37
2024-12-15,NeuroEdge Core T3,Edge AI Devices,Enterprise Partner,APAC,Mid-Market Enterprise,42,1182.14,5.0,13.3,10970.36,10,4.46,19965.55,47167.39,27201.84
2024-12-15,Neural API Pro,Cloud Subscriptions,Direct Sales,APAC,High-Growth Tech,28,864.2,0.0,7.9,14629.61,14,3.64,12387.38,24197.6,11810.22
2024-12-16,EdgeGateway X1,Edge AI Devices,E-Commerce Portal,EMEA,High-Growth Tech,29,1216.87,10.0,14.1,9569.43,18,4.15,15443.14,31760.31,16317.17
2024-12-16,CogniTwin Enterprise Tier,Cloud Subscriptions,Direct Sales,EMEA,High-Growth Tech,25,833.2,5.0,15.4,11912.05,18,4.41,11435.03,19788.5,8353.47
2024-12-17,Apex Server Cluster,Enterprise Hardware,Direct Sales,North America,Research Institute,6,4524.72,0.0,16.0,14191.12,6,4.23,14789.15,27148.32,12359.17
2024-12-17,Quantum Flux Magnetometer,Quantum Sensors,Enterprise Partner,EMEA,Fortune 500,15,6066.1,0.0,14.6,12184.42,9,4.3,40021.74,90991.5,50969.76
2024-12-17,OmniVision Sensor Unit,Edge AI Devices,E-Commerce Portal,Latin America,Fortune 500,21,1187.9,5.0,16.6,9692.54,3,4.36,13015.89,23698.6,10682.71
2024-12-18,NeuroEdge Core T3,Edge AI Devices,E-Commerce Portal,Latin America,High-Growth Tech,16,1249.86,20.0,14.7,2964.16,7,4.08,8901.43,15998.21,7096.78
2024-12-18,Automated Guided Rover,Smart Robotics,Direct Sales,North America,High-Growth Tech,5,9245.39,0.0,17.4,9899.12,11,4.49,25841.76,46226.95,20385.19
2024-12-18,Cryo-Temp Probe A9,Quantum Sensors,E-Commerce Portal,North America,High-Growth Tech,6,6216.62,0.0,15.7,15140.38,17,5.0,18871.92,37299.72,18427.8
2024-12-19,Neural API Pro,Cloud Subscriptions,Enterprise Partner,North America,High-Growth Tech,25,848.69,0.0,8.5,14558.46,7,3.67,9673.6,21217.25,11543.65
2024-12-19,PowerNode V4 Blade,Enterprise Hardware,Enterprise Partner,EMEA,High-Growth Tech,19,4691.74,10.0,6.2,13872.56,19,4.86,39544.46,80228.75,40684.29
2024-12-20,HyperRack 800,Enterprise Hardware,E-Commerce Portal,North America,Research Institute,11,4405.63,15.0,5.6,7558.07,7,4.37,22758.47,41192.64,18434.17
2024-12-20,NeuroEdge Core T3,Edge AI Devices,Direct Sales,EMEA,Fortune 500,17,1202.65,0.0,17.9,3828.79,15,3.65,9683.59,20445.05,10761.46
2024-12-21,CogniTwin Enterprise Tier,Cloud Subscriptions,Direct Sales,North America,High-Growth Tech,30,830.36,5.0,14.9,11840.34,19,3.6,11492.98,23665.26,12172.28
2024-12-21,OmniVision Sensor Unit,Edge AI Devices,E-Commerce Portal,Latin America,Mid-Market Enterprise,39,1240.26,15.0,12.6,10025.41,18,4.57,22069.5,41114.62,19045.12
2024-12-21,Apex Server Cluster,Enterprise Hardware,Direct Sales,APAC,High-Growth Tech,13,4579.11,0.0,8.7,11178.72,19,3.82,28951.68,59528.43,30576.75
2024-12-22,OmniVision Sensor Unit,Edge AI Devices,Direct Sales,APAC,Mid-Market Enterprise,29,1246.77,0.0,16.9,10629.63,14,4.54,17715.8,36156.33,18440.53
2024-12-22,VisionSorter 2.0,Smart Robotics,Direct Sales,North America,High-Growth Tech,8,8764.68,5.0,16.3,3074.75,18,3.87,30002.76,66611.57,36608.81
2024-12-23,Neural API Pro,Cloud Subscriptions,Direct Sales,North America,Fortune 500,29,850.78,10.0,11.7,9734.76,4,4.12,11720.22,22205.36,10485.14
2024-12-23,Cryo-Temp Probe A9,Quantum Sensors,Government Contract,Latin America,High-Growth Tech,17,6027.88,0.0,17.0,9275.63,18,4.71,58650.75,102473.96,43823.21
2024-12-24,NeuroEdge Core T3,Edge AI Devices,E-Commerce Portal,EMEA,Fortune 500,29,1186.61,0.0,14.5,10123.91,8,4.64,17223.49,34411.69,17188.2
2024-12-24,Autonomous Cloud Seat,Cloud Subscriptions,Government Contract,EMEA,Fortune 500,31,882.95,15.0,12.7,9142.95,3,4.53,12146.5,23265.73,11119.23
2024-12-24,PowerNode V4 Blade,Enterprise Hardware,Direct Sales,North America,Fortune 500,19,4298.06,5.0,10.2,8478.37,6,4.29,41061.06,77579.98,36518.92
2024-12-25,CogniTwin Enterprise Tier,Cloud Subscriptions,Government Contract,North America,Mid-Market Enterprise,16,822.07,0.0,12.7,9778.67,3,5.0,7595.94,13153.12,5557.18
2024-12-25,VisionSorter 2.0,Smart Robotics,Enterprise Partner,APAC,High-Growth Tech,8,9029.79,0.0,13.0,12042.3,17,3.95,33012.76,72238.32,39225.56
2024-12-25,PowerNode V4 Blade,Enterprise Hardware,E-Commerce Portal,Latin America,Fortune 500,2,4670.03,5.0,14.9,15049.74,10,4.22,5108.45,8873.06,3764.61
2024-12-26,Quantum Flux Magnetometer,Quantum Sensors,Direct Sales,EMEA,Fortune 500,8,6305.85,10.0,14.3,8666.13,8,4.53,20785.64,45402.12,24616.48
2024-12-26,NeuroEdge Core T3,Edge AI Devices,Direct Sales,North America,High-Growth Tech,25,1183.83,0.0,14.8,10248.94,15,4.58,14208.74,29595.75,15387.01
2024-12-27,Neural API Pro,Cloud Subscriptions,E-Commerce Portal,North America,Fortune 500,14,876.14,0.0,12.7,3114.34,10,4.03,5417.12,12265.96,6848.84
2024-12-27,Apex Server Cluster,Enterprise Hardware,E-Commerce Portal,EMEA,High-Growth Tech,13,4640.45,10.0,9.8,3107.06,17,4.29,24764.07,54293.26,29529.19
2024-12-27,NeuroEdge Core T3,Edge AI Devices,Direct Sales,North America,High-Growth Tech,36,1243.69,10.0,13.9,4109.72,5,3.72,17631.17,40295.56,22664.39
2024-12-28,Precision Laser Resonator,Quantum Sensors,E-Commerce Portal,EMEA,Fortune 500,20,6468.92,5.0,9.5,5899.45,9,4.31,67157.38,122909.48,55752.1
2024-12-28,CogniTwin Enterprise Tier,Cloud Subscriptions,Government Contract,APAC,High-Growth Tech,20,862.52,20.0,13.4,11932.3,8,4.33,6620.77,13800.32,7179.55
2024-12-29,AgileCobot Arm 600,Smart Robotics,E-Commerce Portal,North America,Research Institute,8,8629.42,0.0,13.7,11683.95,18,4.17,35422.8,69035.36,33612.56
2024-12-29,OmniVision Sensor Unit,Edge AI Devices,Direct Sales,Latin America,High-Growth Tech,39,1159.95,10.0,16.8,13439.01,18,4.76,18931.49,40714.24,21782.75
2024-12-30,Automated Guided Rover,Smart Robotics,Direct Sales,North America,Mid-Market Enterprise,10,8938.23,0.0,5.3,12213.69,13,4.09,46648.97,89382.3,42733.33
2024-12-30,Neural API Pro,Cloud Subscriptions,E-Commerce Portal,North America,High-Growth Tech,36,882.16,10.0,14.2,7712.22,5,3.99,13298.97,28581.98,15283.01
2024-12-31,Apex Server Cluster,Enterprise Hardware,E-Commerce Portal,APAC,Research Institute,21,4481.02,20.0,2.1,16096.87,16,4.45,36144.52,75281.14,39136.62
2024-12-31,AgileCobot Arm 600,Smart Robotics,Enterprise Partner,Latin America,Mid-Market Enterprise,8,8915.14,10.0,16.6,7920.85,17,4.25,28979.4,64189.01,35209.61
2024-12-31,Quantum Flux Magnetometer,Quantum Sensors,E-Commerce Portal,Latin America,High-Growth Tech,12,6272.28,15.0,11.1,7165.7,6,4.24,29264.21,63977.26,34713.05
2025-01-01,HyperRack 800,Enterprise Hardware,Government Contract,North America,Mid-Market Enterprise,15,4556.47,0.0,7.7,8038.35,11,5.0,32993.96,68347.05,35353.09
2025-01-01,AgileCobot Arm 600,Smart Robotics,Direct Sales,EMEA,Research Institute,7,8466.05,0.0,10.8,10705.87,18,3.46,26514.28,59262.35,32748.07
2025-01-02,OmniVision Sensor Unit,Edge AI Devices,Enterprise Partner,EMEA,Mid-Market Enterprise,12,1216.67,0.0,16.3,9334.58,20,3.59,6577.53,14600.04,8022.51
2025-01-02,VisionSorter 2.0,Smart Robotics,E-Commerce Portal,EMEA,Mid-Market Enterprise,2,8590.38,0.0,9.5,1847.9,14,4.64,7605.95,17180.76,9574.81
2025-01-03,HyperRack 800,Enterprise Hardware,Direct Sales,EMEA,High-Growth Tech,17,4627.06,0.0,14.2,11141.01,3,4.62,34894.31,78660.02,43765.71
2025-01-03,VisionSorter 2.0,Smart Robotics,E-Commerce Portal,EMEA,High-Growth Tech,11,8787.43,10.0,15.5,1925.46,7,3.9,45333.59,86995.56,41661.97
2025-01-04,Precision Laser Resonator,Quantum Sensors,Direct Sales,North America,High-Growth Tech,10,6082.2,5.0,5.5,9747.66,5,4.48,31182.2,57780.9,26598.7
2025-01-04,CogniTwin Enterprise Tier,Cloud Subscriptions,Direct Sales,EMEA,Fortune 500,14,834.88,0.0,2.7,2586.18,8,4.32,6192.79,11688.32,5495.53
2025-01-05,Cryo-Temp Probe A9,Quantum Sensors,Direct Sales,EMEA,Research Institute,13,6091.97,10.0,9.1,7752.78,19,4.67,40876.29,71276.05,30399.76
2025-01-05,HyperRack 800,Enterprise Hardware,E-Commerce Portal,North America,High-Growth Tech,9,4620.87,20.0,10.0,3998.2,8,3.54,15980.56,33270.26,17289.7
2025-01-05,EdgeGateway X1,Edge AI Devices,Enterprise Partner,APAC,Research Institute,18,1228.31,5.0,16.6,5345.07,7,4.14,10658.33,21004.1,10345.77
2025-01-06,Quantum Flux Magnetometer,Quantum Sensors,Direct Sales,North America,Fortune 500,4,6131.82,0.0,7.3,1575.33,20,4.47,13479.23,24527.28,11048.05
2025-01-06,Autonomous Cloud Seat,Cloud Subscriptions,Direct Sales,EMEA,High-Growth Tech,16,823.32,0.0,3.2,10838.56,5,4.47,6148.19,13173.12,7024.93
2025-01-07,Precision Laser Resonator,Quantum Sensors,E-Commerce Portal,EMEA,Fortune 500,9,6209.02,0.0,17.9,10053.87,11,4.59,24252.25,55881.18,31628.93
2025-01-07,NeuroEdge Core T3,Edge AI Devices,E-Commerce Portal,North America,Fortune 500,14,1217.24,5.0,16.7,3092.67,12,3.73,7430.8,16189.29,8758.49
2025-01-08,Quantum Flux Magnetometer,Quantum Sensors,Direct Sales,North America,Fortune 500,8,6034.62,15.0,16.3,9949.74,9,4.12,20616.08,41035.42,20419.34
2025-01-08,PowerNode V4 Blade,Enterprise Hardware,Government Contract,APAC,Mid-Market Enterprise,8,4404.98,15.0,9.1,2261.24,15,4.51,13576.95,29953.86,16376.91
2025-01-08,CogniTwin Enterprise Tier,Cloud Subscriptions,Direct Sales,EMEA,Fortune 500,8,855.92,0.0,11.8,5493.98,18,3.92,3595.37,6847.36,3251.99
2025-01-09,PowerNode V4 Blade,Enterprise Hardware,Direct Sales,EMEA,Mid-Market Enterprise,6,4653.9,5.0,9.6,2870.47,20,4.41,13158.79,26527.23,13368.44
2025-01-09,Quantum Flux Magnetometer,Quantum Sensors,E-Commerce Portal,APAC,Mid-Market Enterprise,5,6141.05,5.0,9.4,2639.23,7,4.55,16448.87,29169.99,12721.12
2025-01-09,AgileCobot Arm 600,Smart Robotics,Direct Sales,North America,High-Growth Tech,5,9318.64,5.0,12.2,7561.72,14,4.22,24307.32,44263.54,19956.22
2025-01-10,Cryo-Temp Probe A9,Quantum Sensors,E-Commerce Portal,APAC,High-Growth Tech,12,6398.42,5.0,9.4,3014.66,12,4.36,30746.22,72941.99,42195.77
2025-01-10,EdgeGateway X1,Edge AI Devices,Direct Sales,Latin America,High-Growth Tech,15,1174.92,0.0,6.6,7772.32,5,4.98,9056.53,17623.8,8567.27
2025-01-11,Quantum Flux Magnetometer,Quantum Sensors,E-Commerce Portal,EMEA,Fortune 500,10,6381.73,5.0,17.0,11356.46,3,4.5,31243.31,60626.43,29383.12
2025-01-11,PowerNode V4 Blade,Enterprise Hardware,E-Commerce Portal,North America,Research Institute,14,4390.69,10.0,5.7,8700.13,16,5.0,29883.4,55322.69,25439.29
2025-01-11,VisionSorter 2.0,Smart Robotics,Government Contract,North America,Fortune 500,2,8488.75,10.0,12.9,7170.02,11,4.33,7534.3,15279.75,7745.45
2025-01-12,OmniVision Sensor Unit,Edge AI Devices,Direct Sales,Latin America,High-Growth Tech,9,1161.73,15.0,13.1,6269.41,19,4.58,4631.29,8887.23,4255.94
2025-01-12,Cryo-Temp Probe A9,Quantum Sensors,Enterprise Partner,EMEA,Fortune 500,7,5959.9,0.0,13.5,9600.12,11,3.68,21712.61,41719.3,20006.69
2025-01-12,VisionSorter 2.0,Smart Robotics,Direct Sales,EMEA,High-Growth Tech,9,9032.48,0.0,7.5,4130.73,19,4.45,42196.04,81292.32,39096.28
2025-01-13,HyperRack 800,Enterprise Hardware,Direct Sales,APAC,Mid-Market Enterprise,7,4438.9,0.0,2.9,3964.18,17,4.81,16282.66,31072.3,14789.64
2025-01-13,Cryo-Temp Probe A9,Quantum Sensors,Direct Sales,APAC,Mid-Market Enterprise,12,6469.01,10.0,4.9,7662.65,6,4.03,32955.06,69865.31,36910.25
2025-01-14,EdgeGateway X1,Edge AI Devices,Enterprise Partner,APAC,Fortune 500,10,1156.65,0.0,12.6,6163.67,9,4.82,5071.23,11566.5,6495.27
2025-01-14,Quantum Flux Magnetometer,Quantum Sensors,E-Commerce Portal,North America,High-Growth Tech,1,6452.49,20.0,11.4,2387.71,18,4.4,2889.36,5161.99,2272.63
2025-01-14,Apex Server Cluster,Enterprise Hardware,E-Commerce Portal,EMEA,High-Growth Tech,9,4497.08,0.0,2.2,11030.13,11,4.59,19696.76,40473.72,20776.96
2025-01-15,EdgeGateway X1,Edge AI Devices,E-Commerce Portal,APAC,High-Growth Tech,12,1146.67,0.0,12.9,4407.14,11,4.96,7156.91,13760.04,6603.13
2025-01-15,Autonomous Cloud Seat,Cloud Subscriptions,Direct Sales,North America,Research Institute,16,845.27,10.0,3.7,9435.0,8,3.82,5318.45,12171.89,6853.44
2025-01-16,Precision Laser Resonator,Quantum Sensors,Direct Sales,North America,Fortune 500,4,6119.97,0.0,15.8,10732.88,15,4.36,10957.75,24479.88,13522.13
2025-01-16,CogniTwin Enterprise Tier,Cloud Subscriptions,Enterprise Partner,APAC,High-Growth Tech,13,865.23,0.0,6.5,5037.75,20,4.31,5608.68,11247.99,5639.31
2025-01-16,Automated Guided Rover,Smart Robotics,Direct Sales,North America,Fortune 500,4,9049.12,0.0,17.1,4452.84,10,5.0,17296.06,36196.48,18900.42
2025-01-17,Autonomous Cloud Seat,Cloud Subscriptions,Direct Sales,EMEA,High-Growth Tech,13,822.6,5.0,16.7,1860.87,10,3.92,4525.55,10159.11,5633.56
2025-01-17,Automated Guided Rover,Smart Robotics,Direct Sales,North America,Research Institute,12,8964.68,5.0,6.9,9323.26,9,4.85,54650.02,102197.35,47547.33
2025-01-18,EdgeGateway X1,Edge AI Devices,Direct Sales,APAC,High-Growth Tech,16,1145.36,0.0,3.3,3753.32,13,4.06,8679.44,18325.76,9646.32
2025-01-18,Automated Guided Rover,Smart Robotics,Direct Sales,EMEA,High-Growth Tech,11,9234.37,10.0,12.0,3974.73,15,4.4,45122.44,91420.26,46297.82
2025-01-19,Autonomous Cloud Seat,Cloud Subscriptions,Direct Sales,North America,Fortune 500,13,885.89,5.0,4.5,3075.2,7,4.6,4860.68,10940.74,6080.06
2025-01-19,EdgeGateway X1,Edge AI Devices,Enterprise Partner,APAC,High-Growth Tech,21,1255.85,10.0,15.5,8059.76,12,4.84,11622.97,23735.57,12112.6
2025-01-20,Automated Guided Rover,Smart Robotics,Direct Sales,EMEA,Fortune 500,3,9147.84,0.0,11.9,3777.8,13,4.21,11832.84,27443.52,15610.68
2025-01-20,Quantum Flux Magnetometer,Quantum Sensors,Direct Sales,North America,Mid-Market Enterprise,13,6418.7,0.0,4.3,11874.08,20,4.54,43663.68,83443.1,39779.42
2025-01-21,EdgeGateway X1,Edge AI Devices,E-Commerce Portal,APAC,Mid-Market Enterprise,29,1175.65,10.0,11.0,9106.01,5,4.75,14036.61,30684.46,16647.85
2025-01-21,CogniTwin Enterprise Tier,Cloud Subscriptions,E-Commerce Portal,North America,High-Growth Tech,22,824.98,5.0,16.2,6820.47,3,4.35,8557.33,17242.08,8684.75
2025-01-22,Autonomous Cloud Seat,Cloud Subscriptions,E-Commerce Portal,North America,Mid-Market Enterprise,13,889.64,5.0,3.7,11628.09,11,4.75,4889.82,10987.05,6097.23
2025-01-22,Automated Guided Rover,Smart Robotics,E-Commerce Portal,North America,High-Growth Tech,10,8499.82,0.0,3.1,6116.24,12,4.48,44584.48,84998.2,40413.72
2025-01-22,PowerNode V4 Blade,Enterprise Hardware,Direct Sales,APAC,High-Growth Tech,8,4582.69,15.0,17.8,8946.15,19,3.84,14644.94,31162.29,16517.35
2025-01-23,Cryo-Temp Probe A9,Quantum Sensors,E-Commerce Portal,North America,Research Institute,13,6317.36,20.0,10.6,8093.34,3,4.46,31148.48,65700.54,34552.06
2025-01-23,AgileCobot Arm 600,Smart Robotics,E-Commerce Portal,North America,Mid-Market Enterprise,6,9296.37,0.0,11.6,2653.76,18,4.19,24710.07,55778.22,31068.15
2025-01-23,HyperRack 800,Enterprise Hardware,E-Commerce Portal,Latin America,Mid-Market Enterprise,14,4351.45,5.0,7.3,11627.41,8,4.07,32205.26,57874.28,25669.02
2025-01-24,PowerNode V4 Blade,Enterprise Hardware,Direct Sales,North America,Fortune 500,16,4529.06,10.0,3.4,11960.54,13,4.19,28056.49,65218.46,37161.97
2025-01-24,AgileCobot Arm 600,Smart Robotics,Direct Sales,North America,Mid-Market Enterprise,24,9182.2,5.0,14.6,11241.6,4,4.42,112582.1,209354.16,96772.06
2025-01-25,CogniTwin Enterprise Tier,Cloud Subscriptions,Direct Sales,North America,High-Growth Tech,17,857.74,0.0,13.2,8574.0,9,4.06,6809.08,14581.58,7772.5
2025-01-25,EdgeGateway X1,Edge AI Devices,Direct Sales,North America,High-Growth Tech,21,1193.62,0.0,5.9,11102.55,20,4.17,13993.24,25066.02,11072.78
2025-01-25,PowerNode V4 Blade,Enterprise Hardware,Government Contract,North America,High-Growth Tech,9,4604.3,15.0,12.3,9337.83,6,4.62,19030.04,35222.9,16192.86
2025-01-26,Quantum Flux Magnetometer,Quantum Sensors,Direct Sales,EMEA,Fortune 500,7,5910.64,10.0,2.2,2340.43,19,3.68,17776.34,37237.03,19460.69
2025-01-26,Automated Guided Rover,Smart Robotics,Direct Sales,North America,High-Growth Tech,6,9134.55,5.0,2.9,4170.78,10,4.15,29491.89,52066.93,22575.04
2025-01-26,Neural API Pro,Cloud Subscriptions,Government Contract,North America,High-Growth Tech,17,857.63,5.0,16.0,7028.23,4,3.77,6120.41,13850.72,7730.31
2025-01-27,Quantum Flux Magnetometer,Quantum Sensors,Direct Sales,Latin America,Fortune 500,9,6197.67,5.0,8.2,11040.23,16,4.53,29888.75,52990.08,23101.33
2025-01-27,Autonomous Cloud Seat,Cloud Subscriptions,E-Commerce Portal,APAC,Mid-Market Enterprise,18,828.33,5.0,17.5,7421.21,6,4.05,7568.85,14164.44,6595.59
2025-01-27,HyperRack 800,Enterprise Hardware,Enterprise Partner,North America,Fortune 500,11,4452.68,10.0,8.5,7140.64,7,4.91,20311.48,44081.53,23770.05
2025-01-28,CogniTwin Enterprise Tier,Cloud Subscriptions,Direct Sales,North America,Fortune 500,17,817.98,10.0,8.1,5134.09,17,5.0,5556.15,12515.09,6958.94
2025-01-28,AgileCobot Arm 600,Smart Robotics,Enterprise Partner,North America,High-Growth Tech,6,8469.58,0.0,9.7,3857.05,14,4.41,28200.06,50817.48,22617.42
2025-01-28,Quantum Flux Magnetometer,Quantum Sensors,Direct Sales,North America,High-Growth Tech,4,6272.82,10.0,2.6,5410.45,12,4.97,12924.1,22582.15,9658.05
2025-01-29,Autonomous Cloud Seat,Cloud Subscriptions,E-Commerce Portal,North America,High-Growth Tech,14,856.15,5.0,14.8,5354.37,16,4.11,4909.32,11386.79,6477.47
2025-01-29,Quantum Flux Magnetometer,Quantum Sensors,E-Commerce Portal,North America,High-Growth Tech,6,6281.8,5.0,6.2,6324.14,8,4.48,17554.32,35806.26,18251.94
2025-01-29,OmniVision Sensor Unit,Edge AI Devices,Government Contract,Latin America,Mid-Market Enterprise,10,1216.05,5.0,14.9,2528.94,12,4.55,5559.31,11552.48,5993.17
2025-01-30,Automated Guided Rover,Smart Robotics,Enterprise Partner,EMEA,High-Growth Tech,8,8813.58,20.0,2.9,6925.1,7,4.51,23713.95,56406.91,32692.96
2025-01-30,Neural API Pro,Cloud Subscriptions,Direct Sales,APAC,Fortune 500,9,892.2,5.0,4.5,1515.05,20,3.59,3568.61,7628.31,4059.7
2025-01-31,AgileCobot Arm 600,Smart Robotics,Direct Sales,Latin America,Mid-Market Enterprise,9,8779.34,0.0,10.1,10430.48,18,5.0,37988.82,79014.06,41025.24
2025-01-31,CogniTwin Enterprise Tier,Cloud Subscriptions,Government Contract,EMEA,High-Growth Tech,18,865.64,0.0,17.8,7883.16,3,4.61,8946.02,15581.52,6635.5
2025-01-31,Cryo-Temp Probe A9,Quantum Sensors,E-Commerce Portal,EMEA,Research Institute,7,6047.99,5.0,7.5,3612.43,3,5.0,21909.12,40219.13,18310.01
2025-02-01,Apex Server Cluster,Enterprise Hardware,E-Commerce Portal,EMEA,Mid-Market Enterprise,5,4629.99,0.0,4.3,7449.89,19,3.68,10251.33,23149.95,12898.62
2025-02-01,EdgeGateway X1,Edge AI Devices,Enterprise Partner,APAC,Research Institute,25,1200.16,5.0,11.9,3255.57,14,4.17,14732.52,28503.8,13771.28
2025-02-02,Precision Laser Resonator,Quantum Sensors,Direct Sales,North America,Mid-Market Enterprise,13,6394.1,15.0,12.3,3029.28,13,4.2,35296.39,70654.8,35358.41
2025-02-02,Apex Server Cluster,Enterprise Hardware,Direct Sales,North America,High-Growth Tech,13,4380.69,5.0,3.3,11270.05,20,4.32,25675.48,54101.52,28426.04
2025-02-02,VisionSorter 2.0,Smart Robotics,E-Commerce Portal,EMEA,High-Growth Tech,10,8902.05,0.0,15.6,8503.52,6,4.1,40173.86,89020.5,48846.64
2025-02-03,Apex Server Cluster,Enterprise Hardware,Government Contract,Latin America,Fortune 500,4,4630.22,0.0,9.1,3940.92,6,4.97,9358.46,18520.88,9162.42
2025-02-03,AgileCobot Arm 600,Smart Robotics,Government Contract,North America,High-Growth Tech,9,9162.25,0.0,14.4,3908.71,12,3.81,37047.39,82460.25,45412.86
2025-02-04,OmniVision Sensor Unit,Edge AI Devices,E-Commerce Portal,North America,Fortune 500,22,1203.28,0.0,13.6,11712.19,17,4.45,12137.74,26472.16,14334.42
2025-02-04,PowerNode V4 Blade,Enterprise Hardware,E-Commerce Portal,North America,Fortune 500,8,4308.1,0.0,17.5,8959.41,9,3.88,17223.81,34464.8,17240.99
2025-02-04,Cryo-Temp Probe A9,Quantum Sensors,E-Commerce Portal,North America,High-Growth Tech,4,6449.34,20.0,11.3,10721.27,18,4.04,10453.56,20637.89,10184.33
2025-02-05,Quantum Flux Magnetometer,Quantum Sensors,Government Contract,North America,Research Institute,11,6379.0,0.0,12.9,9094.54,8,4.23,37159.85,70169.0,33009.15
2025-02-05,Neural API Pro,Cloud Subscriptions,E-Commerce Portal,North America,High-Growth Tech,5,864.64,0.0,10.8,1829.04,17,4.43,1841.5,4323.2,2481.7
2025-02-06,AgileCobot Arm 600,Smart Robotics,Direct Sales,North America,Fortune 500,3,9076.95,0.0,16.2,9574.16,19,4.23,15596.86,27230.85,11633.99
2025-02-06,Cryo-Temp Probe A9,Quantum Sensors,E-Commerce Portal,APAC,Fortune 500,5,6056.54,0.0,3.6,8941.19,8,4.76,15465.08,30282.7,14817.62
2025-02-06,HyperRack 800,Enterprise Hardware,Enterprise Partner,EMEA,High-Growth Tech,9,4633.45,5.0,5.6,2459.4,17,4.3,22036.2,39616.0,17579.8
2025-02-07,VisionSorter 2.0,Smart Robotics,E-Commerce Portal,EMEA,Mid-Market Enterprise,5,9302.96,0.0,11.4,3285.86,15,4.95,24482.26,46514.8,22032.54
2025-02-07,EdgeGateway X1,Edge AI Devices,Direct Sales,EMEA,Fortune 500,11,1227.24,15.0,14.3,2247.6,13,3.97,5599.77,11474.69,5874.92
2025-02-08,Precision Laser Resonator,Quantum Sensors,Direct Sales,North America,Fortune 500,8,6187.08,5.0,8.0,9301.35,11,4.07,21151.67,47021.81,25870.14
2025-02-08,HyperRack 800,Enterprise Hardware,E-Commerce Portal,APAC,High-Growth Tech,16,4619.78,5.0,14.6,11609.78,6,4.05,37806.03,70220.66,32414.63
2025-02-08,AgileCobot Arm 600,Smart Robotics,Direct Sales,North America,Mid-Market Enterprise,7,9038.98,5.0,11.4,3854.0,5,4.65,32854.12,60109.22,27255.1
2025-02-09,Neural API Pro,Cloud Subscriptions,Enterprise Partner,North America,Fortune 500,17,815.4,5.0,5.9,3696.54,3,4.78,6326.24,13168.71,6842.47
2025-02-09,Apex Server Cluster,Enterprise Hardware,E-Commerce Portal,APAC,Fortune 500,10,4715.06,10.0,16.2,10035.95,9,4.43,21298.81,42435.54,21136.73
2025-02-09,Automated Guided Rover,Smart Robotics,Government Contract,North America,Fortune 500,6,8990.97,10.0,6.6,8929.31,19,4.31,26613.36,48551.24,21937.88
2025-02-10,Apex Server Cluster,Enterprise Hardware,Enterprise Partner,North America,Mid-Market Enterprise,7,4356.55,0.0,5.8,9738.54,10,4.65,13252.54,30495.85,17243.31
2025-02-10,Cryo-Temp Probe A9,Quantum Sensors,E-Commerce Portal,North America,High-Growth Tech,4,6255.79,0.0,2.5,2458.94,4,4.54,12259.66,25023.16,12763.5
2025-02-11,VisionSorter 2.0,Smart Robotics,Government Contract,North America,Fortune 500,4,9259.97,0.0,2.7,1504.44,5,3.8,18926.51,37039.88,18113.37
2025-02-11,Quantum Flux Magnetometer,Quantum Sensors,E-Commerce Portal,North America,High-Growth Tech,8,5913.97,0.0,17.3,10127.96,19,4.56,20907.27,47311.76,26404.49
2025-02-11,HyperRack 800,Enterprise Hardware,Direct Sales,EMEA,High-Growth Tech,3,4519.68,0.0,3.4,1907.53,12,3.97,6292.77,13559.04,7266.27
2025-02-12,Quantum Flux Magnetometer,Quantum Sensors,Direct Sales,APAC,Mid-Market Enterprise,10,6323.89,0.0,11.0,4882.39,18,5.0,36259.2,63238.9,26979.7
2025-02-12,Neural API Pro,Cloud Subscriptions,Government Contract,North America,Fortune 500,12,816.16,0.0,2.6,4694.88,17,4.99,5255.7,9793.92,4538.22
2025-02-12,OmniVision Sensor Unit,Edge AI Devices,Direct Sales,EMEA,High-Growth Tech,12,1182.79,15.0,16.4,7685.49,12,4.07,6561.65,12064.46,5502.81
2025-02-13,Precision Laser Resonator,Quantum Sensors,Direct Sales,North America,High-Growth Tech,4,6143.7,5.0,13.2,9999.53,8,4.42,13510.03,23346.06,9836.03
2025-02-13,AgileCobot Arm 600,Smart Robotics,Direct Sales,EMEA,Fortune 500,2,9158.55,0.0,6.7,2053.07,18,4.47,9353.74,18317.1,8963.36
2025-02-14,Autonomous Cloud Seat,Cloud Subscriptions,Government Contract,North America,High-Growth Tech,12,839.96,5.0,4.0,10720.9,16,4.54,4224.73,9575.54,5350.81
2025-02-14,Automated Guided Rover,Smart Robotics,E-Commerce Portal,North America,Fortune 500,14,9080.62,15.0,11.5,7141.76,16,4.0,46991.95,108059.38,61067.43
2025-02-14,Precision Laser Resonator,Quantum Sensors,Direct Sales,North America,Mid-Market Enterprise,2,6373.73,5.0,6.0,7348.57,16,4.41,6674.85,12110.09,5435.24
2025-02-15,HyperRack 800,Enterprise Hardware,E-Commerce Portal,APAC,Fortune 500,9,4428.98,5.0,8.1,3789.97,3,3.78,21898.58,37867.78,15969.2
2025-02-15,Autonomous Cloud Seat,Cloud Subscriptions,Enterprise Partner,EMEA,High-Growth Tech,12,840.8,0.0,4.9,2342.4,9,4.28,5518.64,10089.6,4570.96
2025-02-15,Cryo-Temp Probe A9,Quantum Sensors,E-Commerce Portal,EMEA,High-Growth Tech,21,5928.48,20.0,6.8,6707.76,16,4.24,43263.31,99598.46,56335.15
2025-02-16,Cryo-Temp Probe A9,Quantum Sensors,Enterprise Partner,North America,Fortune 500,7,5899.06,5.0,14.4,7632.41,9,5.0,20397.57,39228.75,18831.18
2025-02-16,PowerNode V4 Blade,Enterprise Hardware,Direct Sales,EMEA,Mid-Market Enterprise,6,4393.83,0.0,14.6,7274.17,20,3.62,14233.18,26362.98,12129.8
2025-02-16,CogniTwin Enterprise Tier,Cloud Subscriptions,Direct Sales,North America,Fortune 500,20,855.77,10.0,14.7,9189.86,19,4.74,7685.4,15403.86,7718.46
2025-02-17,Autonomous Cloud Seat,Cloud Subscriptions,Direct Sales,North America,Fortune 500,17,834.51,10.0,12.2,3892.01,8,5.0,5648.11,12768.0,7119.89
2025-02-17,VisionSorter 2.0,Smart Robotics,Government Contract,APAC,Research Institute,3,8753.61,0.0,5.3,8336.04,3,4.57,11619.23,26260.83,14641.6
2025-02-17,HyperRack 800,Enterprise Hardware,Enterprise Partner,North America,High-Growth Tech,5,4497.86,10.0,12.0,5177.12,4,4.82,8982.48,20240.37,11257.89
2025-02-18,Cryo-Temp Probe A9,Quantum Sensors,E-Commerce Portal,Latin America,High-Growth Tech,7,6130.1,5.0,10.0,8715.32,5,4.31,20036.74,40765.17,20728.43
2025-02-18,CogniTwin Enterprise Tier,Cloud Subscriptions,Direct Sales,EMEA,Fortune 500,12,859.03,15.0,13.7,2187.55,16,4.78,4295.32,8762.11,4466.79
2025-02-18,AgileCobot Arm 600,Smart Robotics,E-Commerce Portal,APAC,Fortune 500,1,8925.72,0.0,4.2,3912.21,6,3.52,4345.03,8925.72,4580.69
2025-02-19,AgileCobot Arm 600,Smart Robotics,Direct Sales,North America,Fortune 500,6,8733.19,5.0,3.1,3914.89,10,3.86,27960.65,49779.18,21818.53
2025-02-19,Autonomous Cloud Seat,Cloud Subscriptions,Direct Sales,North America,High-Growth Tech,20,892.18,10.0,4.3,10839.64,17,4.78,7658.67,16059.24,8400.57
2025-02-19,Cryo-Temp Probe A9,Quantum Sensors,Enterprise Partner,North America,High-Growth Tech,5,6059.9,0.0,2.1,2399.96,6,4.52,17189.45,30299.5,13110.05
2025-02-20,Automated Guided Rover,Smart Robotics,E-Commerce Portal,EMEA,Fortune 500,4,8578.48,0.0,8.4,10452.64,18,4.04,16571.43,34313.92,17742.49
2025-02-20,OmniVision Sensor Unit,Edge AI Devices,E-Commerce Portal,North America,Mid-Market Enterprise,15,1168.22,5.0,13.6,3444.35,4,4.01,8680.23,16647.14,7966.91
2025-02-20,Cryo-Temp Probe A9,Quantum Sensors,Government Contract,APAC,Fortune 500,7,6018.31,15.0,7.8,10425.88,18,4.0,16961.26,35808.94,18847.68
2025-02-21,HyperRack 800,Enterprise Hardware,E-Commerce Portal,North America,Mid-Market Enterprise,7,4638.3,10.0,10.7,1930.55,19,4.51,15454.19,29221.29,13767.1
2025-02-21,Precision Laser Resonator,Quantum Sensors,Enterprise Partner,North America,High-Growth Tech,5,6294.44,0.0,9.2,2809.05,12,4.4,16033.25,31472.2,15438.95
2025-02-22,Quantum Flux Magnetometer,Quantum Sensors,Enterprise Partner,EMEA,High-Growth Tech,11,6132.79,0.0,7.8,10326.31,7,5.0,29141.32,67460.69,38319.37
2025-02-22,Autonomous Cloud Seat,Cloud Subscriptions,Government Contract,EMEA,High-Growth Tech,19,888.31,10.0,9.9,5365.72,12,4.06,6644.42,15190.1,8545.68
2025-02-23,PowerNode V4 Blade,Enterprise Hardware,Government Contract,EMEA,High-Growth Tech,9,4478.48,5.0,12.1,8272.12,7,4.97,16638.36,38291.0,21652.64
2025-02-23,Neural API Pro,Cloud Subscriptions,E-Commerce Portal,APAC,Fortune 500,13,856.19,0.0,3.7,6987.76,4,4.79,6435.43,11130.47,4695.04
2025-02-23,Cryo-Temp Probe A9,Quantum Sensors,Government Contract,North America,Research Institute,10,6226.62,5.0,17.6,6653.48,3,4.02,32515.99,59152.89,26636.9
2025-02-24,Autonomous Cloud Seat,Cloud Subscriptions,Direct Sales,EMEA,Fortune 500,11,867.22,10.0,13.3,6823.53,17,4.57,4669.13,8585.48,3916.35
2025-02-24,OmniVision Sensor Unit,Edge AI Devices,Direct Sales,North America,Mid-Market Enterprise,22,1244.97,5.0,18.0,9995.41,8,4.43,14195.76,26019.87,11824.11
2025-02-25,CogniTwin Enterprise Tier,Cloud Subscriptions,E-Commerce Portal,Latin America,Mid-Market Enterprise,10,873.28,15.0,3.6,1662.75,17,4.36,4163.54,7422.88,3259.34
2025-02-25,Apex Server Cluster,Enterprise Hardware,Direct Sales,North America,Mid-Market Enterprise,6,4490.83,0.0,7.4,6076.18,8,4.9,14154.06,26944.98,12790.92
2025-02-26,Apex Server Cluster,Enterprise Hardware,Enterprise Partner,EMEA,Fortune 500,5,4423.63,15.0,17.1,2049.72,16,4.16,10076.64,18800.43,8723.79
2025-02-26,Neural API Pro,Cloud Subscriptions,E-Commerce Portal,North America,Mid-Market Enterprise,12,809.22,10.0,15.5,9270.56,18,4.25,4744.93,8739.58,3994.65
2025-02-27,NeuroEdge Core T3,Edge AI Devices,E-Commerce Portal,EMEA,Fortune 500,9,1191.49,10.0,6.1,7335.86,5,4.92,4080.65,9651.07,5570.42
2025-02-27,AgileCobot Arm 600,Smart Robotics,Enterprise Partner,APAC,Mid-Market Enterprise,4,8853.93,0.0,9.8,3324.91,16,4.09,18335.6,35415.72,17080.12
2025-02-28,VisionSorter 2.0,Smart Robotics,Government Contract,North America,Fortune 500,13,8855.41,5.0,5.3,11553.65,12,4.59,57330.9,109364.31,52033.41
2025-02-28,PowerNode V4 Blade,Enterprise Hardware,Direct Sales,APAC,Fortune 500,14,4688.94,5.0,3.8,8606.05,3,4.03,30490.47,62362.9,31872.43
2025-02-28,EdgeGateway X1,Edge AI Devices,E-Commerce Portal,North America,Fortune 500,21,1215.49,0.0,11.2,7230.18,4,4.45,11650.62,25525.29,13874.67
2025-03-01,Cryo-Temp Probe A9,Quantum Sensors,E-Commerce Portal,North America,Research Institute,4,6075.07,15.0,18.0,8199.59,14,4.18,10374.51,20655.24,10280.73
2025-03-01,CogniTwin Enterprise Tier,Cloud Subscriptions,E-Commerce Portal,North America,High-Growth Tech,9,872.28,0.0,2.9,2580.57,12,4.24,4289.19,7850.52,3561.33
2025-03-01,VisionSorter 2.0,Smart Robotics,E-Commerce Portal,North America,High-Growth Tech,9,9231.18,5.0,14.5,4838.75,11,4.39,39673.69,78926.59,39252.9
2025-03-02,VisionSorter 2.0,Smart Robotics,Direct Sales,North America,High-Growth Tech,8,8694.64,20.0,3.9,11051.95,7,4.69,31224.4,55645.7,24421.3
2025-03-02,Precision Laser Resonator,Quantum Sensors,Government Contract,EMEA,High-Growth Tech,9,5926.12,10.0,4.7,5360.74,17,4.48,25345.25,48001.57,22656.32
2025-03-02,HyperRack 800,Enterprise Hardware,Enterprise Partner,APAC,Fortune 500,11,4440.74,0.0,3.6,8781.23,6,3.76,27432.44,48848.14,21415.7
2025-03-03,Precision Laser Resonator,Quantum Sensors,Government Contract,North America,Fortune 500,4,6287.55,0.0,10.6,6054.98,11,4.05,10822.38,25150.2,14327.82
2025-03-03,EdgeGateway X1,Edge AI Devices,Direct Sales,EMEA,Fortune 500,13,1197.52,10.0,4.9,8662.47,20,4.58,6901.79,14010.98,7109.19
2025-03-04,EdgeGateway X1,Edge AI Devices,Direct Sales,APAC,Fortune 500,12,1211.39,10.0,11.9,7225.16,10,4.11,6562.64,13083.01,6520.37
2025-03-04,Autonomous Cloud Seat,Cloud Subscriptions,E-Commerce Portal,APAC,Mid-Market Enterprise,13,853.12,0.0,16.9,4358.3,12,4.35,4700.74,11090.56,6389.82
2025-03-05,CogniTwin Enterprise Tier,Cloud Subscriptions,Direct Sales,APAC,Fortune 500,10,879.16,0.0,6.4,2509.16,7,3.39,4692.43,8791.6,4099.17
2025-03-05,Quantum Flux Magnetometer,Quantum Sensors,E-Commerce Portal,EMEA,Fortune 500,9,5909.07,15.0,9.9,6569.77,16,4.63,25743.9,45204.39,19460.49
2025-03-05,NeuroEdge Core T3,Edge AI Devices,E-Commerce Portal,EMEA,Fortune 500,19,1193.14,10.0,2.9,10314.45,5,5.0,8837.7,20402.69,11564.99
2025-03-06,Apex Server Cluster,Enterprise Hardware,E-Commerce Portal,APAC,Fortune 500,8,4402.25,5.0,16.4,8509.05,17,5.0,16721.87,33457.1,16735.23
2025-03-06,Quantum Flux Magnetometer,Quantum Sensors,Government Contract,APAC,High-Growth Tech,7,6479.52,0.0,8.0,5571.72,7,4.15,21048.21,45356.64,24308.43
2025-03-07,HyperRack 800,Enterprise Hardware,E-Commerce Portal,APAC,Mid-Market Enterprise,3,4317.92,5.0,14.0,4885.95,19,4.05,6003.22,12306.07,6302.85
2025-03-07,OmniVision Sensor Unit,Edge AI Devices,Enterprise Partner,APAC,Fortune 500,21,1163.38,5.0,2.0,7617.32,8,4.41,12016.61,23209.43,11192.82
2025-03-08,Precision Laser Resonator,Quantum Sensors,E-Commerce Portal,EMEA,High-Growth Tech,13,5900.92,15.0,16.1,9362.12,10,4.09,32036.01,65205.17,33169.16
2025-03-08,CogniTwin Enterprise Tier,Cloud Subscriptions,E-Commerce Portal,North America,Fortune 500,28,869.7,10.0,2.2,6037.76,15,4.27,12051.63,21916.44,9864.81
2025-03-09,AgileCobot Arm 600,Smart Robotics,E-Commerce Portal,North America,Fortune 500,9,8812.49,15.0,4.9,8782.41,8,4.61,38975.42,67415.55,28440.13
2025-03-09,Autonomous Cloud Seat,Cloud Subscriptions,Direct Sales,North America,Mid-Market Enterprise,19,844.13,15.0,7.9,3224.9,3,4.62,6027.73,13632.7,7604.97
2025-03-10,Apex Server Cluster,Enterprise Hardware,Enterprise Partner,North America,Fortune 500,6,4298.47,10.0,10.8,7504.7,14,4.06,10117.69,23211.74,13094.05
2025-03-10,Cryo-Temp Probe A9,Quantum Sensors,Direct Sales,EMEA,High-Growth Tech,6,5954.92,0.0,5.3,2482.65,15,4.17,19103.84,35729.52,16625.68
2025-03-10,AgileCobot Arm 600,Smart Robotics,Enterprise Partner,North America,Research Institute,2,8643.34,0.0,14.4,6144.96,4,4.79,7736.66,17286.68,9550.02
2025-03-11,VisionSorter 2.0,Smart Robotics,E-Commerce Portal,APAC,High-Growth Tech,5,8566.96,10.0,11.0,6013.86,3,3.89,22051.21,38551.32,16500.11
2025-03-11,OmniVision Sensor Unit,Edge AI Devices,E-Commerce Portal,North America,High-Growth Tech,13,1254.08,10.0,13.0,8105.69,18,5.0,6484.35,14672.74,8188.39
2025-03-11,Cryo-Temp Probe A9,Quantum Sensors,Direct Sales,EMEA,Mid-Market Enterprise,7,5926.73,0.0,17.6,7295.73,13,4.58,23781.1,41487.11,17706.01
2025-03-12,Precision Laser Resonator,Quantum Sensors,Direct Sales,North America,Fortune 500,8,6509.34,15.0,10.2,7113.43,6,4.04,23512.26,44263.51,20751.25
2025-03-12,Automated Guided Rover,Smart Robotics,Enterprise Partner,North America,Fortune 500,4,8900.83,0.0,13.8,3835.68,17,3.84,17025.98,35603.32,18577.34
2025-03-13,EdgeGateway X1,Edge AI Devices,Enterprise Partner,North America,High-Growth Tech,22,1233.43,5.0,9.5,7212.13,19,4.41,14771.81,25778.69,11006.88
2025-03-13,Precision Laser Resonator,Quantum Sensors,E-Commerce Portal,North America,Fortune 500,6,6455.91,5.0,13.0,5043.81,5,5.0,19039.18,36798.69,17759.51
2025-03-13,AgileCobot Arm 600,Smart Robotics,Direct Sales,Latin America,Fortune 500,8,8915.13,10.0,12.4,5006.51,6,4.02,27980.96,64188.94,36207.98
2025-03-14,Neural API Pro,Cloud Subscriptions,Direct Sales,APAC,Fortune 500,17,858.78,0.0,16.7,6742.48,18,4.54,7008.7,14599.26,7590.56
2025-03-14,Cryo-Temp Probe A9,Quantum Sensors,E-Commerce Portal,North America,High-Growth Tech,4,6388.81,0.0,15.7,3217.44,5,4.01,12549.12,25555.24,13006.12
2025-03-15,Neural API Pro,Cloud Subscriptions,Direct Sales,North America,Mid-Market Enterprise,17,858.37,5.0,16.2,8920.29,14,3.82,6652.1,13862.68,7210.58
2025-03-15,Quantum Flux Magnetometer,Quantum Sensors,Direct Sales,Latin America,Mid-Market Enterprise,8,6448.26,10.0,13.8,1513.06,9,4.12,23254.0,46427.47,23173.47
2025-03-16,Neural API Pro,Cloud Subscriptions,Direct Sales,EMEA,Mid-Market Enterprise,25,849.95,0.0,17.2,9391.24,10,4.31,9360.18,21248.75,11888.57
2025-03-16,NeuroEdge Core T3,Edge AI Devices,Direct Sales,North America,Mid-Market Enterprise,25,1256.82,0.0,8.0,7467.73,11,5.0,15028.2,31420.5,16392.3
2025-03-17,EdgeGateway X1,Edge AI Devices,Government Contract,EMEA,Mid-Market Enterprise,14,1245.87,10.0,6.8,1789.97,15,4.9,6964.65,15697.96,8733.31
2025-03-17,AgileCobot Arm 600,Smart Robotics,Direct Sales,North America,High-Growth Tech,6,8666.09,0.0,12.7,2182.91,10,3.86,25999.59,51996.54,25996.95
2025-03-18,Apex Server Cluster,Enterprise Hardware,E-Commerce Portal,North America,High-Growth Tech,6,4577.63,10.0,9.4,9297.23,3,4.27,10557.4,24719.2,14161.8
2025-03-18,Automated Guided Rover,Smart Robotics,Direct Sales,North America,Research Institute,8,8575.81,10.0,15.1,3547.91,10,4.01,27818.04,61745.83,33927.79
2025-03-19,Automated Guided Rover,Smart Robotics,Direct Sales,Latin America,High-Growth Tech,6,9239.28,20.0,5.9,4287.71,14,3.94,23945.52,44348.54,20403.02
2025-03-19,Quantum Flux Magnetometer,Quantum Sensors,E-Commerce Portal,EMEA,Fortune 500,5,6187.72,0.0,13.6,4961.8,11,5.0,14321.02,30938.6,16617.58
2025-03-20,PowerNode V4 Blade,Enterprise Hardware,Direct Sales,North America,High-Growth Tech,6,4591.56,10.0,16.8,9833.48,14,4.88,11950.37,24794.42,12844.05
2025-03-20,NeuroEdge Core T3,Edge AI Devices,E-Commerce Portal,North America,High-Growth Tech,16,1151.26,5.0,14.0,7666.86,17,4.02,10004.83,17499.15,7494.32
2025-03-20,Automated Guided Rover,Smart Robotics,Direct Sales,EMEA,High-Growth Tech,5,9210.26,5.0,17.4,6110.49,5,4.05,20637.64,43748.73,23111.09
2025-03-21,Precision Laser Resonator,Quantum Sensors,Enterprise Partner,EMEA,High-Growth Tech,7,6098.27,0.0,3.1,6872.46,13,4.85,19709.23,42687.89,22978.66
2025-03-21,AgileCobot Arm 600,Smart Robotics,Enterprise Partner,North America,High-Growth Tech,7,8993.9,0.0,8.5,8013.55,18,4.24,29745.88,62957.3,33211.42
2025-03-21,Apex Server Cluster,Enterprise Hardware,Government Contract,Latin America,Research Institute,19,4398.32,20.0,9.3,5158.07,19,4.21,36007.96,66854.46,30846.5
2025-03-22,HyperRack 800,Enterprise Hardware,E-Commerce Portal,EMEA,High-Growth Tech,15,4307.14,0.0,6.1,10550.05,4,4.53,35771.33,64607.1,28835.77
2025-03-22,EdgeGateway X1,Edge AI Devices,E-Commerce Portal,Latin America,Mid-Market Enterprise,23,1257.81,10.0,10.6,2313.52,16,4.5,14295.36,26036.67,11741.31
2025-03-22,Precision Laser Resonator,Quantum Sensors,Enterprise Partner,North America,Fortune 500,9,6287.39,0.0,2.0,9381.83,6,4.34,30803.79,56586.51,25782.72
2025-03-23,PowerNode V4 Blade,Enterprise Hardware,Government Contract,North America,Mid-Market Enterprise,4,4683.11,0.0,4.7,1541.22,19,4.45,9637.57,18732.44,9094.87
2025-03-23,AgileCobot Arm 600,Smart Robotics,Direct Sales,North America,Fortune 500,18,9148.74,10.0,12.0,10783.79,19,4.61,81326.67,148209.59,66882.92
2025-03-23,Autonomous Cloud Seat,Cloud Subscriptions,Enterprise Partner,North America,Fortune 500,15,889.76,0.0,9.1,1802.91,10,5.0,5850.81,13346.4,7495.59
2025-03-24,Quantum Flux Magnetometer,Quantum Sensors,Enterprise Partner,Latin America,High-Growth Tech,6,6192.89,5.0,8.8,10222.99,12,3.84,18069.27,35299.47,17230.2
2025-03-24,Neural API Pro,Cloud Subscriptions,E-Commerce Portal,North America,Fortune 500,10,863.73,0.0,3.7,2822.77,18,4.4,4263.16,8637.3,4374.14
2025-03-24,AgileCobot Arm 600,Smart Robotics,Enterprise Partner,APAC,High-Growth Tech,5,8589.93,5.0,6.4,10845.08,14,4.6,18736.41,40802.17,22065.76
2025-03-25,NeuroEdge Core T3,Edge AI Devices,Direct Sales,APAC,High-Growth Tech,19,1144.01,0.0,6.3,10957.13,13,3.94,11624.96,21736.19,10111.23
2025-03-25,Cryo-Temp Probe A9,Quantum Sensors,Government Contract,EMEA,Fortune 500,5,6161.23,20.0,13.7,5736.02,10,4.71,10441.81,24644.92,14203.11
2025-03-26,AgileCobot Arm 600,Smart Robotics,Government Contract,North America,Research Institute,3,8693.41,0.0,2.1,4624.06,16,3.93,12665.96,26080.23,13414.27
2025-03-26,Cryo-Temp Probe A9,Quantum Sensors,E-Commerce Portal,EMEA,High-Growth Tech,9,6478.12,10.0,12.3,4656.58,5,4.16,23831.56,52472.77,28641.21
2025-03-26,Autonomous Cloud Seat,Cloud Subscriptions,E-Commerce Portal,North America,High-Growth Tech,12,814.86,20.0,12.3,7418.87,7,5.0,3670.85,7822.66,4151.81
2025-03-27,OmniVision Sensor Unit,Edge AI Devices,E-Commerce Portal,North America,High-Growth Tech,15,1232.55,0.0,15.1,9431.57,7,5.0,10425.89,18488.25,8062.36
2025-03-27,Apex Server Cluster,Enterprise Hardware,Government Contract,North America,High-Growth Tech,7,4678.2,0.0,8.6,8631.13,8,4.51,17375.72,32747.4,15371.68
2025-03-27,Automated Guided Rover,Smart Robotics,E-Commerce Portal,North America,High-Growth Tech,5,9272.69,15.0,7.5,2019.52,13,4.38,18992.04,39408.93,20416.89
2025-03-28,HyperRack 800,Enterprise Hardware,E-Commerce Portal,North America,Fortune 500,10,4450.32,15.0,10.0,4193.91,8,4.35,15979.08,37827.72,21848.64
2025-03-28,EdgeGateway X1,Edge AI Devices,Government Contract,APAC,High-Growth Tech,33,1164.56,10.0,12.4,10584.5,10,4.45,14886.38,34587.43,19701.05
2025-03-29,PowerNode V4 Blade,Enterprise Hardware,Direct Sales,North America,Mid-Market Enterprise,8,4553.25,5.0,12.3,3332.36,16,4.0,15251.46,34604.7,19353.24
2025-03-29,Cryo-Temp Probe A9,Quantum Sensors,Government Contract,EMEA,Research Institute,12,6498.53,0.0,8.4,5005.23,6,4.32,44559.96,77982.36,33422.4
2025-03-30,CogniTwin Enterprise Tier,Cloud Subscriptions,Direct Sales,Latin America,Research Institute,10,863.32,20.0,12.8,6578.33,19,4.07,3459.04,6906.56,3447.52
2025-03-30,Apex Server Cluster,Enterprise Hardware,Government Contract,EMEA,High-Growth Tech,10,4319.67,10.0,7.8,4363.6,18,4.11,21633.08,38877.03,17243.95
2025-03-31,Apex Server Cluster,Enterprise Hardware,Government Contract,EMEA,Fortune 500,10,4469.55,10.0,14.0,10900.6,15,4.15,22855.05,40225.95,17370.9
2025-03-31,VisionSorter 2.0,Smart Robotics,Direct Sales,Latin America,High-Growth Tech,5,8615.24,0.0,17.9,3927.34,9,4.01,21928.24,43076.2,21147.96
2025-04-01,Apex Server Cluster,Enterprise Hardware,E-Commerce Portal,APAC,Mid-Market Enterprise,9,4685.46,0.0,8.2,10917.81,16,3.99,23670.08,42169.14,18499.06
2025-04-01,Automated Guided Rover,Smart Robotics,Government Contract,EMEA,Fortune 500,8,9001.06,20.0,9.9,1609.92,17,4.08,24675.16,57606.78,32931.62
2025-04-01,NeuroEdge Core T3,Edge AI Devices,Direct Sales,EMEA,High-Growth Tech,25,1235.09,0.0,14.8,7314.44,6,4.59,16422.14,30877.25,14455.11
2025-04-02,AgileCobot Arm 600,Smart Robotics,E-Commerce Portal,North America,Mid-Market Enterprise,15,9063.47,10.0,6.3,7204.58,16,4.84,70563.21,122356.85,51793.64
2025-04-02,Autonomous Cloud Seat,Cloud Subscriptions,Direct Sales,Latin America,High-Growth Tech,8,868.57,10.0,3.1,7445.23,17,4.65,2748.48,6253.7,3505.22
2025-04-03,HyperRack 800,Enterprise Hardware,E-Commerce Portal,North America,Fortune 500,8,4704.4,5.0,8.5,10923.61,12,4.67,18438.01,35753.44,17315.43
2025-04-03,Cryo-Temp Probe A9,Quantum Sensors,Enterprise Partner,APAC,Research Institute,3,6415.9,20.0,15.9,1840.68,14,4.6,8810.32,15398.16,6587.84
2025-04-03,EdgeGateway X1,Edge AI Devices,Direct Sales,Latin America,High-Growth Tech,22,1246.7,5.0,7.1,9909.31,12,4.69,12243.99,26056.03,13812.04
2025-04-04,Precision Laser Resonator,Quantum Sensors,Government Contract,North America,Fortune 500,7,6168.86,15.0,2.5,11108.09,7,4.39,20826.95,36704.72,15877.77
2025-04-04,AgileCobot Arm 600,Smart Robotics,E-Commerce Portal,North America,Fortune 500,22,8897.98,0.0,4.9,10760.58,10,5.0,100401.21,195755.56,95354.35
2025-04-05,Neural API Pro,Cloud Subscriptions,Enterprise Partner,Latin America,Fortune 500,30,809.74,5.0,7.0,9222.3,20,4.39,12740.83,23077.59,10336.76
2025-04-05,Cryo-Temp Probe A9,Quantum Sensors,Government Contract,Latin America,High-Growth Tech,10,6060.87,0.0,2.4,11619.99,4,4.29,32018.53,60608.7,28590.17
2025-04-05,OmniVision Sensor Unit,Edge AI Devices,Direct Sales,EMEA,Mid-Market Enterprise,23,1218.02,0.0,8.9,5489.06,5,4.86,12660.96,28014.46,15353.5
2025-04-06,PowerNode V4 Blade,Enterprise Hardware,Direct Sales,North America,Fortune 500,7,4536.8,10.0,15.5,5682.79,16,4.62,16014.48,28581.84,12567.36
2025-04-06,Automated Guided Rover,Smart Robotics,E-Commerce Portal,North America,Fortune 500,18,9257.46,10.0,5.5,9778.69,5,4.07,76080.66,149970.85,73890.19
2025-04-06,Quantum Flux Magnetometer,Quantum Sensors,Direct Sales,Latin America,Mid-Market Enterprise,11,6338.93,0.0,15.8,4861.81,9,4.88,34863.93,69728.23,34864.3
2025-04-07,EdgeGateway X1,Edge AI Devices,Direct Sales,North America,Fortune 500,15,1174.11,0.0,11.1,6829.15,16,3.48,9944.55,17611.65,7667.1
2025-04-07,CogniTwin Enterprise Tier,Cloud Subscriptions,E-Commerce Portal,Latin America,High-Growth Tech,23,847.12,0.0,9.9,10702.29,11,4.47,9614.69,19483.76,9869.07
2025-04-08,EdgeGateway X1,Edge AI Devices,Direct Sales,North America,High-Growth Tech,21,1162.62,0.0,5.5,10668.72,18,4.4,11124.66,24415.02,13290.36
2025-04-08,Precision Laser Resonator,Quantum Sensors,Direct Sales,North America,High-Growth Tech,9,6312.89,5.0,8.3,8044.22,7,4.72,27999.96,53975.21,25975.25
2025-04-09,AgileCobot Arm 600,Smart Robotics,Enterprise Partner,North America,Fortune 500,16,8593.41,20.0,7.9,8030.49,6,5.0,56565.22,109995.65,53430.43
2025-04-09,Autonomous Cloud Seat,Cloud Subscriptions,Enterprise Partner,North America,High-Growth Tech,18,821.57,5.0,5.3,11083.58,7,3.53,6878.17,14048.85,7170.68
2025-04-09,Apex Server Cluster,Enterprise Hardware,Direct Sales,Latin America,Mid-Market Enterprise,7,4374.11,0.0,13.4,6459.77,12,4.56,16120.34,30618.77,14498.43
2025-04-10,VisionSorter 2.0,Smart Robotics,Direct Sales,APAC,Mid-Market Enterprise,4,8910.96,0.0,16.8,7874.11,14,5.0,17717.59,35643.84,17926.25
2025-04-10,Cryo-Temp Probe A9,Quantum Sensors,Direct Sales,North America,Fortune 500,4,6435.47,5.0,2.0,6186.5,13,3.87,12010.89,24454.79,12443.9
2025-04-11,Apex Server Cluster,Enterprise Hardware,Government Contract,Latin America,High-Growth Tech,8,4540.99,15.0,15.3,7967.28,18,5.0,15349.9,30878.73,15528.83
2025-04-11,NeuroEdge Core T3,Edge AI Devices,Enterprise Partner,North America,High-Growth Tech,25,1230.13,0.0,5.8,8490.96,20,3.92,15451.89,30753.25,15301.36
2025-04-11,Autonomous Cloud Seat,Cloud Subscriptions,Direct Sales,North America,Mid-Market Enterprise,11,813.53,0.0,13.8,4850.23,4,4.13,4216.57,8948.83,4732.26
2025-04-12,Autonomous Cloud Seat,Cloud Subscriptions,E-Commerce Portal,North America,Fortune 500,26,812.0,10.0,18.0,7233.07,3,4.3,8218.65,19000.8,10782.15
2025-04-12,Cryo-Temp Probe A9,Quantum Sensors,Government Contract,North America,Fortune 500,10,6169.29,15.0,8.7,6552.39,11,4.73,23632.69,52438.97,28806.28
2025-04-13,PowerNode V4 Blade,Enterprise Hardware,Government Contract,EMEA,High-Growth Tech,9,4650.09,0.0,6.4,5281.47,4,3.84,21488.01,41850.81,20362.8
2025-04-13,NeuroEdge Core T3,Edge AI Devices,Enterprise Partner,North America,High-Growth Tech,13,1185.68,5.0,7.9,11902.45,5,4.21,7558.44,14643.15,7084.71
2025-04-13,Quantum Flux Magnetometer,Quantum Sensors,E-Commerce Portal,North America,High-Growth Tech,4,6481.21,0.0,5.3,1542.02,6,4.8,14392.71,25924.84,11532.13
2025-04-14,Cryo-Temp Probe A9,Quantum Sensors,E-Commerce Portal,EMEA,High-Growth Tech,7,6299.67,0.0,3.0,10273.68,6,5.0,20398.87,44097.69,23698.82
2025-04-14,OmniVision Sensor Unit,Edge AI Devices,E-Commerce Portal,EMEA,Fortune 500,23,1201.42,20.0,8.8,8001.09,16,4.87,10657.77,22106.13,11448.36
2025-04-15,Autonomous Cloud Seat,Cloud Subscriptions,E-Commerce Portal,EMEA,High-Growth Tech,16,867.03,10.0,7.3,6392.56,18,4.54,5496.48,12485.23,6988.75
2025-04-15,OmniVision Sensor Unit,Edge AI Devices,E-Commerce Portal,APAC,Mid-Market Enterprise,14,1185.32,0.0,11.2,3331.89,18,5.0,8067.68,16594.48,8526.8
2025-04-15,HyperRack 800,Enterprise Hardware,Direct Sales,EMEA,Mid-Market Enterprise,4,4535.61,0.0,3.3,2749.24,18,4.39,10474.7,18142.44,7667.74
2025-04-16,Neural API Pro,Cloud Subscriptions,Direct Sales,APAC,Research Institute,27,891.52,0.0,7.2,10918.11,4,4.75,12844.39,24071.04,11226.65
2025-04-16,Automated Guided Rover,Smart Robotics,Direct Sales,EMEA,High-Growth Tech,10,9145.05,5.0,9.3,11002.65,17,4.28,38817.5,86877.97,48060.47
2025-04-16,NeuroEdge Core T3,Edge AI Devices,E-Commerce Portal,EMEA,High-Growth Tech,8,1211.65,0.0,12.0,9329.58,7,4.58,4455.23,9693.2,5237.97
2025-04-17,Autonomous Cloud Seat,Cloud Subscriptions,E-Commerce Portal,EMEA,Fortune 500,31,838.22,15.0,6.7,11955.36,5,4.34,11512.3,22087.1,10574.8
2025-04-17,AgileCobot Arm 600,Smart Robotics,Direct Sales,Latin America,High-Growth Tech,7,8800.16,10.0,6.2,6407.81,6,4.78,24700.76,55441.01,30740.25
2025-04-17,HyperRack 800,Enterprise Hardware,Government Contract,EMEA,Mid-Market Enterprise,9,4312.97,10.0,2.7,10519.9,20,4.61,15808.29,34935.06,19126.77
2025-04-18,OmniVision Sensor Unit,Edge AI Devices,E-Commerce Portal,EMEA,Fortune 500,18,1218.47,5.0,16.4,7802.37,7,4.7,10819.11,20835.84,10016.73
2025-04-18,Precision Laser Resonator,Quantum Sensors,E-Commerce Portal,APAC,High-Growth Tech,7,5997.17,0.0,2.1,3383.78,6,4.76,21687.31,41980.19,20292.88
2025-04-18,Autonomous Cloud Seat,Cloud Subscriptions,Enterprise Partner,North America,Fortune 500,33,818.08,0.0,12.6,10964.62,6,4.6,13513.59,26996.64,13483.05
2025-04-19,VisionSorter 2.0,Smart Robotics,Direct Sales,APAC,Mid-Market Enterprise,12,9204.8,0.0,7.4,11611.95,14,4.58,52369.57,110457.6,58088.03
2025-04-19,PowerNode V4 Blade,Enterprise Hardware,E-Commerce Portal,North America,Fortune 500,14,4386.24,0.0,2.9,8074.15,4,4.46,32824.64,61407.36,28582.72
2025-04-20,Neural API Pro,Cloud Subscriptions,Government Contract,APAC,High-Growth Tech,26,844.94,0.0,4.6,7134.52,9,4.14,11695.55,21968.44,10272.89
2025-04-20,PowerNode V4 Blade,Enterprise Hardware,E-Commerce Portal,North America,Research Institute,2,4401.37,15.0,8.6,9614.87,15,4.62,4304.94,7482.33,3177.39
2025-04-21,Quantum Flux Magnetometer,Quantum Sensors,Government Contract,North America,Fortune 500,3,5945.8,5.0,4.7,10508.62,19,4.03,8315.74,16945.53,8629.79
2025-04-21,Automated Guided Rover,Smart Robotics,E-Commerce Portal,APAC,Fortune 500,11,8725.29,10.0,13.7,9458.96,6,4.13,42406.82,86380.37,43973.55
2025-04-22,PowerNode V4 Blade,Enterprise Hardware,Direct Sales,EMEA,High-Growth Tech,8,4365.96,20.0,3.9,9255.0,18,4.69,15285.48,27942.14,12656.66
2025-04-22,Autonomous Cloud Seat,Cloud Subscriptions,Enterprise Partner,Latin America,High-Growth Tech,7,809.78,0.0,7.1,4037.99,16,4.25,2516.72,5668.46,3151.74
2025-04-22,VisionSorter 2.0,Smart Robotics,Direct Sales,APAC,Fortune 500,6,8702.56,0.0,3.2,9104.4,4,4.75,30280.59,52215.36,21934.77
2025-04-23,Cryo-Temp Probe A9,Quantum Sensors,Direct Sales,APAC,Fortune 500,14,6147.75,10.0,14.6,8340.68,19,4.19,39903.27,77461.65,37558.38
2025-04-23,Automated Guided Rover,Smart Robotics,E-Commerce Portal,APAC,Fortune 500,8,8875.44,10.0,2.5,4604.16,10,4.24,28891.12,63903.17,35012.05
2025-04-23,NeuroEdge Core T3,Edge AI Devices,Direct Sales,EMEA,High-Growth Tech,25,1233.86,10.0,13.6,8922.46,8,4.45,14484.57,27761.85,13277.28
2025-04-24,Cryo-Temp Probe A9,Quantum Sensors,Enterprise Partner,APAC,High-Growth Tech,12,6111.56,20.0,6.8,10158.46,10,4.25,31173.8,58670.98,27497.18
2025-04-24,Autonomous Cloud Seat,Cloud Subscriptions,Government Contract,North America,Mid-Market Enterprise,13,878.21,5.0,10.5,5617.32,19,4.78,5093.8,10845.89,5752.09
2025-04-24,AgileCobot Arm 600,Smart Robotics,Government Contract,EMEA,Research Institute,10,8894.41,5.0,16.0,11830.33,10,3.91,47439.83,84496.89,37057.06
2025-04-25,Precision Laser Resonator,Quantum Sensors,Direct Sales,North America,High-Growth Tech,11,6266.74,0.0,6.8,7942.78,10,4.26,37323.26,68934.14,31610.88
2025-04-25,NeuroEdge Core T3,Edge AI Devices,Direct Sales,North America,High-Growth Tech,14,1166.75,15.0,2.4,2875.94,10,4.64,7405.55,13884.33,6478.78
2025-04-26,EdgeGateway X1,Edge AI Devices,E-Commerce Portal,North America,Mid-Market Enterprise,20,1244.13,0.0,14.8,7103.06,16,4.34,11581.95,24882.6,13300.65
2025-04-26,PowerNode V4 Blade,Enterprise Hardware,Direct Sales,APAC,High-Growth Tech,9,4329.71,0.0,7.0,7836.74,9,4.16,16381.69,38967.39,22585.7
2025-04-27,CogniTwin Enterprise Tier,Cloud Subscriptions,Direct Sales,EMEA,Research Institute,32,820.41,0.0,15.2,9249.44,13,4.52,11780.9,26253.12,14472.22
2025-04-27,HyperRack 800,Enterprise Hardware,Enterprise Partner,EMEA,Fortune 500,10,4662.74,0.0,14.9,7020.35,10,4.76,23391.49,46627.4,23235.91
2025-04-28,Autonomous Cloud Seat,Cloud Subscriptions,Government Contract,North America,Fortune 500,11,819.57,0.0,9.4,7766.28,6,4.69,5020.88,9015.27,3994.39
2025-04-28,HyperRack 800,Enterprise Hardware,Direct Sales,APAC,Fortune 500,10,4685.2,15.0,12.2,3916.9,3,4.87,18803.09,39824.2,21021.11
2025-04-29,Apex Server Cluster,Enterprise Hardware,Direct Sales,APAC,Fortune 500,8,4276.62,0.0,11.8,8375.98,17,3.9,18648.42,34212.96,15564.54
2025-04-29,EdgeGateway X1,Edge AI Devices,Direct Sales,North America,High-Growth Tech,11,1154.69,5.0,13.2,5869.47,14,4.17,6533.52,12066.51,5532.99
2025-04-30,EdgeGateway X1,Edge AI Devices,E-Commerce Portal,APAC,High-Growth Tech,15,1244.8,0.0,14.1,9914.15,14,4.59,9540.86,18672.0,9131.14
2025-04-30,Quantum Flux Magnetometer,Quantum Sensors,Direct Sales,North America,Fortune 500,14,6090.71,10.0,3.2,11379.0,19,4.42,44384.35,76742.95,32358.6
2025-04-30,Autonomous Cloud Seat,Cloud Subscriptions,Enterprise Partner,Latin America,High-Growth Tech,10,812.75,0.0,3.8,1526.48,3,4.17,4024.42,8127.5,4103.08
2025-05-01,Apex Server Cluster,Enterprise Hardware,E-Commerce Portal,North America,Research Institute,5,4327.91,15.0,2.7,7536.58,6,3.6,8952.07,18393.62,9441.55
2025-05-01,VisionSorter 2.0,Smart Robotics,E-Commerce Portal,APAC,Fortune 500,11,9158.53,10.0,8.7,11416.18,12,4.01,40064.14,90669.45,50605.31
2025-05-01,Neural API Pro,Cloud Subscriptions,E-Commerce Portal,North America,High-Growth Tech,29,851.27,20.0,5.1,6170.44,14,4.46,8427.55,19749.46,11321.91
2025-05-02,AgileCobot Arm 600,Smart Robotics,E-Commerce Portal,EMEA,Mid-Market Enterprise,10,8687.87,5.0,6.7,7897.09,14,4.78,37822.62,82534.76,44712.14
2025-05-02,HyperRack 800,Enterprise Hardware,Enterprise Partner,North America,Mid-Market Enterprise,5,4332.78,0.0,16.7,1886.94,11,3.79,10344.9,21663.9,11319.0
2025-05-02,CogniTwin Enterprise Tier,Cloud Subscriptions,Government Contract,EMEA,Mid-Market Enterprise,9,844.75,5.0,13.0,1912.63,6,4.04,3965.66,7222.61,3256.95
2025-05-03,HyperRack 800,Enterprise Hardware,Direct Sales,APAC,Fortune 500,12,4630.56,5.0,15.4,10508.27,18,4.29,28786.84,52788.38,24001.54
2025-05-03,EdgeGateway X1,Edge AI Devices,E-Commerce Portal,North America,High-Growth Tech,22,1162.23,5.0,9.8,4541.81,4,3.32,11003.21,24290.61,13287.4
2025-05-03,Quantum Flux Magnetometer,Quantum Sensors,Direct Sales,EMEA,High-Growth Tech,11,6410.84,15.0,14.0,4722.38,4,4.19,26607.84,59941.35,33333.51
2025-05-04,Automated Guided Rover,Smart Robotics,Direct Sales,North America,High-Growth Tech,6,9313.62,0.0,3.7,8954.53,13,4.32,23672.58,55881.72,32209.14
2025-05-04,Autonomous Cloud Seat,Cloud Subscriptions,E-Commerce Portal,APAC,Fortune 500,13,855.27,10.0,12.9,1536.66,3,4.19,4858.24,10006.66,5148.42
2025-05-05,Automated Guided Rover,Smart Robotics,Direct Sales,North America,Fortune 500,4,8985.61,10.0,11.8,7183.95,14,3.92,18463.74,32348.2,13884.46
2025-05-05,EdgeGateway X1,Edge AI Devices,Direct Sales,EMEA,High-Growth Tech,17,1194.26,20.0,4.2,6327.72,5,3.84,9121.64,16241.94,7120.3
2025-05-06,EdgeGateway X1,Edge AI Devices,E-Commerce Portal,EMEA,Mid-Market Enterprise,24,1215.78,10.0,3.4,6650.53,7,3.83,14908.82,26260.85,11352.03
2025-05-06,Neural API Pro,Cloud Subscriptions,Direct Sales,APAC,Fortune 500,11,834.82,10.0,12.3,3034.62,7,4.2,3810.96,8264.72,4453.76
2025-05-06,Precision Laser Resonator,Quantum Sensors,E-Commerce Portal,EMEA,Mid-Market Enterprise,8,6359.75,10.0,8.2,7841.25,15,4.32,21347.94,45790.2,24442.26
2025-05-07,AgileCobot Arm 600,Smart Robotics,Enterprise Partner,APAC,Fortune 500,1,8748.7,0.0,8.6,10729.03,8,4.12,4696.2,8748.7,4052.5
2025-05-07,Neural API Pro,Cloud Subscriptions,E-Commerce Portal,EMEA,High-Growth Tech,9,819.3,10.0,15.0,3686.81,16,4.62,2983.47,6636.33,3652.86
2025-05-07,OmniVision Sensor Unit,Edge AI Devices,Enterprise Partner,APAC,High-Growth Tech,18,1241.75,0.0,3.2,8049.98,16,4.11,9928.0,22351.5,12423.5
2025-05-08,Quantum Flux Magnetometer,Quantum Sensors,Direct Sales,North America,High-Growth Tech,11,6241.06,5.0,6.4,6520.74,14,4.85,36990.68,65219.08,28228.4
2025-05-08,NeuroEdge Core T3,Edge AI Devices,E-Commerce Portal,APAC,Fortune 500,22,1203.73,15.0,14.1,5773.01,15,4.51,12697.36,22509.75,9812.39
2025-05-08,Neural API Pro,Cloud Subscriptions,E-Commerce Portal,North America,High-Growth Tech,24,888.9,0.0,7.0,11510.72,9,4.34,9675.11,21333.6,11658.49
2025-05-09,PowerNode V4 Blade,Enterprise Hardware,Government Contract,EMEA,Research Institute,5,4370.91,5.0,9.2,6802.8,18,4.96,11601.49,20761.82,9160.33
2025-05-09,Neural API Pro,Cloud Subscriptions,Enterprise Partner,EMEA,Mid-Market Enterprise,35,837.47,5.0,13.0,10963.31,12,4.54,13170.23,27845.88,14675.65
2025-05-10,OmniVision Sensor Unit,Edge AI Devices,Enterprise Partner,North America,High-Growth Tech,18,1217.91,0.0,17.8,5497.75,3,4.55,10352.38,21922.38,11570.0
2025-05-10,Cryo-Temp Probe A9,Quantum Sensors,E-Commerce Portal,North America,Mid-Market Enterprise,8,6203.42,0.0,9.3,11926.13,11,4.62,26984.79,49627.36,22642.57
2025-05-11,EdgeGateway X1,Edge AI Devices,Direct Sales,EMEA,High-Growth Tech,18,1140.38,15.0,12.8,2654.54,7,4.29,8115.64,17447.81,9332.17
2025-05-11,Quantum Flux Magnetometer,Quantum Sensors,Direct Sales,EMEA,High-Growth Tech,11,6426.56,10.0,3.6,5174.07,19,4.02,31927.1,63622.94,31695.84
2025-05-12,PowerNode V4 Blade,Enterprise Hardware,Direct Sales,APAC,Fortune 500,4,4292.14,5.0,7.5,1879.23,4,4.26,9140.06,16310.13,7170.07
2025-05-12,CogniTwin Enterprise Tier,Cloud Subscriptions,E-Commerce Portal,EMEA,Research Institute,17,826.95,0.0,4.3,11026.28,3,4.45,8149.15,14058.15,5909.0
2025-05-13,Neural API Pro,Cloud Subscriptions,Direct Sales,APAC,Research Institute,27,874.51,10.0,3.6,8282.8,17,4.53,11222.73,21250.59,10027.86
2025-05-13,NeuroEdge Core T3,Edge AI Devices,E-Commerce Portal,North America,High-Growth Tech,8,1191.62,0.0,16.9,1642.95,7,4.82,5332.81,9532.96,4200.15
2025-05-13,AgileCobot Arm 600,Smart Robotics,Enterprise Partner,North America,Research Institute,1,8607.94,15.0,8.4,3561.23,14,3.95,3102.78,7316.75,4213.97
2025-05-14,HyperRack 800,Enterprise Hardware,Enterprise Partner,EMEA,Research Institute,3,4498.32,0.0,6.7,1559.28,11,4.07,6995.02,13494.96,6499.94
2025-05-14,CogniTwin Enterprise Tier,Cloud Subscriptions,Enterprise Partner,EMEA,Fortune 500,20,833.14,10.0,5.8,11393.11,6,5.0,7898.78,14996.52,7097.74
2025-05-15,Neural API Pro,Cloud Subscriptions,E-Commerce Portal,APAC,Mid-Market Enterprise,18,857.89,0.0,2.4,10210.52,7,4.43,7760.05,15442.02,7681.97
2025-05-15,NeuroEdge Core T3,Edge AI Devices,E-Commerce Portal,APAC,Mid-Market Enterprise,16,1180.05,0.0,12.6,2249.77,20,4.62,10512.0,18880.8,8368.8
2025-05-15,Cryo-Temp Probe A9,Quantum Sensors,Direct Sales,Latin America,Research Institute,8,6085.28,5.0,14.5,11050.41,14,4.07,21755.27,46248.13,24492.86
2025-05-16,Apex Server Cluster,Enterprise Hardware,Enterprise Partner,EMEA,Fortune 500,6,4541.39,5.0,10.4,7829.01,6,5.0,14418.5,25885.92,11467.42
2025-05-16,Autonomous Cloud Seat,Cloud Subscriptions,Enterprise Partner,EMEA,Mid-Market Enterprise,10,867.89,0.0,10.8,2271.84,7,4.21,3866.91,8678.9,4811.99
2025-05-17,AgileCobot Arm 600,Smart Robotics,Enterprise Partner,Latin America,Fortune 500,6,8468.18,15.0,16.4,1890.84,8,4.01,19994.24,43187.72,23193.48
2025-05-17,OmniVision Sensor Unit,Edge AI Devices,E-Commerce Portal,North America,Mid-Market Enterprise,16,1242.98,10.0,11.3,4034.39,3,4.38,10011.47,17898.91,7887.44
2025-05-17,Quantum Flux Magnetometer,Quantum Sensors,Direct Sales,EMEA,Fortune 500,13,6261.08,5.0,11.2,7357.7,10,4.47,39654.24,77324.34,37670.1
2025-05-18,NeuroEdge Core T3,Edge AI Devices,Direct Sales,North America,Fortune 500,15,1240.4,0.0,2.3,2262.41,10,4.66,8300.42,18606.0,10305.58
2025-05-18,Quantum Flux Magnetometer,Quantum Sensors,Enterprise Partner,EMEA,High-Growth Tech,5,6186.5,0.0,5.2,8547.89,13,3.87,16148.61,30932.5,14783.89
2025-05-18,CogniTwin Enterprise Tier,Cloud Subscriptions,Direct Sales,North America,High-Growth Tech,20,862.12,0.0,12.6,2193.48,11,4.45,7444.99,17242.4,9797.41
2025-05-19,Autonomous Cloud Seat,Cloud Subscriptions,E-Commerce Portal,North America,Fortune 500,15,830.79,10.0,7.0,9884.04,12,3.91,5025.1,11215.66,6190.56
2025-05-19,EdgeGateway X1,Edge AI Devices,Government Contract,North America,High-Growth Tech,13,1159.0,10.0,4.8,8301.6,13,4.91,6109.19,13560.3,7451.11
2025-05-20,VisionSorter 2.0,Smart Robotics,Government Contract,North America,Mid-Market Enterprise,5,8656.79,10.0,12.9,11248.92,19,4.24,18998.21,38955.56,19957.35
2025-05-20,EdgeGateway X1,Edge AI Devices,Direct Sales,North America,High-Growth Tech,22,1154.87,0.0,9.9,5526.07,11,4.5,11365.61,25407.14,14041.53
2025-05-20,Cryo-Temp Probe A9,Quantum Sensors,Government Contract,North America,Mid-Market Enterprise,17,5976.19,15.0,13.2,6805.75,4,4.82,44058.3,86355.95,42297.65
2025-05-21,Precision Laser Resonator,Quantum Sensors,Direct Sales,North America,High-Growth Tech,8,6355.49,0.0,8.6,3290.09,10,5.0,28278.2,50843.92,22565.72
2025-05-21,PowerNode V4 Blade,Enterprise Hardware,Direct Sales,Latin America,High-Growth Tech,5,4279.83,0.0,12.4,2862.96,18,3.7,10032.31,21399.15,11366.84
2025-05-21,EdgeGateway X1,Edge AI Devices,Enterprise Partner,APAC,Mid-Market Enterprise,22,1155.26,15.0,16.8,6365.27,15,4.23,10932.89,21603.36,10670.47
2025-05-22,AgileCobot Arm 600,Smart Robotics,Direct Sales,EMEA,Research Institute,5,8621.71,0.0,16.9,2805.2,5,4.24,22477.06,43108.55,20631.49
2025-05-22,Quantum Flux Magnetometer,Quantum Sensors,Direct Sales,North America,High-Growth Tech,9,6049.33,0.0,6.3,11017.69,15,4.78,31200.91,54443.97,23243.06
2025-05-22,PowerNode V4 Blade,Enterprise Hardware,Direct Sales,North America,High-Growth Tech,9,4331.13,0.0,14.0,6962.93,5,4.0,22283.33,38980.17,16696.84
2025-05-23,VisionSorter 2.0,Smart Robotics,Government Contract,EMEA,High-Growth Tech,13,9085.84,0.0,4.7,9421.48,11,4.63,67678.85,118115.92,50437.07
2025-05-23,Neural API Pro,Cloud Subscriptions,E-Commerce Portal,EMEA,High-Growth Tech,15,854.44,0.0,2.9,8703.8,18,4.4,6584.16,12816.6,6232.44
2025-05-23,NeuroEdge Core T3,Edge AI Devices,Government Contract,EMEA,Fortune 500,10,1157.88,5.0,16.2,1912.25,6,4.57,5916.55,10999.86,5083.31
2025-05-24,Cryo-Temp Probe A9,Quantum Sensors,E-Commerce Portal,North America,Fortune 500,5,6056.96,5.0,7.4,4547.64,8,4.47,14002.23,28770.56,14768.33
2025-05-24,Apex Server Cluster,Enterprise Hardware,Direct Sales,EMEA,High-Growth Tech,6,4488.85,10.0,12.3,3719.84,6,4.57,10514.3,24239.79,13725.49
2025-05-25,Precision Laser Resonator,Quantum Sensors,E-Commerce Portal,Latin America,Fortune 500,7,6493.02,0.0,8.9,8195.36,9,4.97,25322.6,45451.14,20128.54
2025-05-25,Autonomous Cloud Seat,Cloud Subscriptions,Government Contract,North America,Research Institute,12,870.54,10.0,13.8,4915.0,6,4.09,4170.7,9401.83,5231.13
2025-05-26,OmniVision Sensor Unit,Edge AI Devices,Direct Sales,APAC,Fortune 500,19,1183.11,5.0,8.6,3715.74,6,4.97,10081.4,21355.14,11273.74
2025-05-26,Autonomous Cloud Seat,Cloud Subscriptions,E-Commerce Portal,APAC,Fortune 500,23,838.73,5.0,3.1,3495.99,15,4.46,9184.21,18326.25,9142.04
2025-05-27,Autonomous Cloud Seat,Cloud Subscriptions,Direct Sales,North America,Fortune 500,20,868.72,0.0,5.5,8990.5,5,4.47,9130.65,17374.4,8243.75
2025-05-27,Cryo-Temp Probe A9,Quantum Sensors,E-Commerce Portal,APAC,Fortune 500,6,6049.15,10.0,5.4,3340.34,14,4.24,13829.15,32665.41,18836.26
2025-05-27,AgileCobot Arm 600,Smart Robotics,Direct Sales,Latin America,Fortune 500,12,8836.01,10.0,17.0,7373.15,6,4.38,53668.13,95428.91,41760.78
2025-05-28,EdgeGateway X1,Edge AI Devices,Direct Sales,APAC,High-Growth Tech,10,1239.61,5.0,9.5,2682.64,6,4.83,5268.06,11776.29,6508.23
2025-05-28,Quantum Flux Magnetometer,Quantum Sensors,E-Commerce Portal,EMEA,Fortune 500,2,6277.22,0.0,15.8,2976.47,19,4.9,6371.03,12554.44,6183.41
2025-05-28,Neural API Pro,Cloud Subscriptions,Enterprise Partner,North America,Mid-Market Enterprise,15,817.73,0.0,4.8,5642.01,7,4.45,6937.51,12265.95,5328.44
2025-05-29,Automated Guided Rover,Smart Robotics,Enterprise Partner,North America,High-Growth Tech,7,9120.72,10.0,17.5,10227.13,4,4.84,25744.14,57460.54,31716.4
2025-05-29,Quantum Flux Magnetometer,Quantum Sensors,Direct Sales,EMEA,Fortune 500,2,6497.56,0.0,12.0,2480.59,7,4.32,6725.48,12995.12,6269.64
2025-05-30,OmniVision Sensor Unit,Edge AI Devices,Direct Sales,EMEA,Fortune 500,14,1247.44,5.0,12.4,1684.3,10,4.49,8502.42,16590.95,8088.53
2025-05-30,Neural API Pro,Cloud Subscriptions,Direct Sales,APAC,High-Growth Tech,20,834.1,5.0,13.3,5921.76,13,4.26,7664.42,15847.9,8183.48
2025-05-30,PowerNode V4 Blade,Enterprise Hardware,Enterprise Partner,North America,Mid-Market Enterprise,1,4489.65,0.0,2.2,4592.38,6,4.47,1954.28,4489.65,2535.37
2025-05-31,Automated Guided Rover,Smart Robotics,Enterprise Partner,EMEA,Fortune 500,10,9050.64,10.0,11.5,8092.65,8,5.0,46148.98,81455.76,35306.78
2025-05-31,CogniTwin Enterprise Tier,Cloud Subscriptions,E-Commerce Portal,North America,Research Institute,21,860.45,0.0,17.2,10396.28,13,4.91,9276.12,18069.45,8793.33
2025-06-01,VisionSorter 2.0,Smart Robotics,Direct Sales,North America,Fortune 500,9,8547.93,0.0,15.4,9549.48,18,4.45,35595.3,76931.37,41336.07
2025-06-01,Precision Laser Resonator,Quantum Sensors,Direct Sales,APAC,Mid-Market Enterprise,13,6013.65,0.0,4.9,8438.73,3,4.89,44981.1,78177.45,33196.35
2025-06-01,HyperRack 800,Enterprise Hardware,Enterprise Partner,North America,Fortune 500,11,4626.92,0.0,11.6,5332.23,6,4.69,23060.14,50896.12,27835.98
2025-06-02,NeuroEdge Core T3,Edge AI Devices,E-Commerce Portal,EMEA,Fortune 500,16,1240.63,10.0,8.4,3339.89,11,4.72,10331.31,17865.07,7533.76
2025-06-02,AgileCobot Arm 600,Smart Robotics,Government Contract,EMEA,High-Growth Tech,5,9021.31,10.0,5.7,4979.75,11,4.26,21864.59,40595.89,18731.3
2025-06-03,CogniTwin Enterprise Tier,Cloud Subscriptions,Enterprise Partner,North America,High-Growth Tech,9,883.97,10.0,14.5,1674.47,19,4.37,3902.52,7160.16,3257.64
2025-06-03,NeuroEdge Core T3,Edge AI Devices,Direct Sales,EMEA,Research Institute,14,1182.56,10.0,8.5,11973.78,14,4.22,8447.2,14900.26,6453.06
2025-06-04,Quantum Flux Magnetometer,Quantum Sensors,Government Contract,EMEA,Mid-Market Enterprise,5,6464.72,10.0,3.8,4552.8,6,5.0,15486.15,29091.24,13605.09
2025-06-04,NeuroEdge Core T3,Edge AI Devices,Direct Sales,North America,Mid-Market Enterprise,20,1212.75,0.0,12.2,9493.15,4,4.19,12697.13,24255.0,11557.87
2025-06-04,VisionSorter 2.0,Smart Robotics,E-Commerce Portal,APAC,High-Growth Tech,4,9061.2,0.0,12.6,1646.8,12,4.84,20302.99,36244.8,15941.81
2025-06-05,HyperRack 800,Enterprise Hardware,E-Commerce Portal,North America,High-Growth Tech,8,4295.24,10.0,5.6,7044.68,14,3.66,13133.25,30925.73,17792.48
2025-06-05,Quantum Flux Magnetometer,Quantum Sensors,Government Contract,North America,High-Growth Tech,7,6143.34,0.0,2.4,4420.83,14,4.27,19844.81,43003.38,23158.57
2025-06-05,CogniTwin Enterprise Tier,Cloud Subscriptions,Enterprise Partner,APAC,Fortune 500,27,819.87,5.0,17.3,9528.58,16,5.0,10300.67,21029.67,10729.0
2025-06-06,NeuroEdge Core T3,Edge AI Devices,Direct Sales,Latin America,Fortune 500,30,1168.64,15.0,12.6,11829.5,12,4.88,14649.0,29800.32,15151.32
2025-06-06,VisionSorter 2.0,Smart Robotics,E-Commerce Portal,North America,Fortune 500,5,9204.6,10.0,11.4,5095.79,7,4.26,21034.84,41420.7,20385.86
2025-06-07,NeuroEdge Core T3,Edge AI Devices,Enterprise Partner,APAC,Fortune 500,30,1222.54,20.0,5.4,3384.9,19,3.78,15923.98,29340.96,13416.98
2025-06-07,Precision Laser Resonator,Quantum Sensors,Direct Sales,North America,High-Growth Tech,2,6467.71,0.0,7.5,7962.51,20,4.13,6571.99,12935.42,6363.43
2025-06-07,Neural API Pro,Cloud Subscriptions,Government Contract,North America,Fortune 500,26,891.27,10.0,11.5,5888.94,18,4.88,9010.33,20855.72,11845.39
2025-06-08,VisionSorter 2.0,Smart Robotics,Enterprise Partner,Latin America,High-Growth Tech,5,9011.6,15.0,12.9,9755.29,3,4.13,18671.7,38299.3,19627.6
2025-06-08,HyperRack 800,Enterprise Hardware,Government Contract,North America,Fortune 500,14,4380.92,5.0,11.7,5915.76,7,4.54,28742.86,58266.24,29523.38
2025-06-08,OmniVision Sensor Unit,Edge AI Devices,E-Commerce Portal,North America,High-Growth Tech,23,1179.87,15.0,3.4,6272.71,4,4.37,9804.64,23066.46,13261.82
2025-06-09,Cryo-Temp Probe A9,Quantum Sensors,E-Commerce Portal,EMEA,Research Institute,5,6490.36,10.0,11.2,4486.84,17,4.67,12525.2,29206.62,16681.42
2025-06-09,Neural API Pro,Cloud Subscriptions,Enterprise Partner,EMEA,High-Growth Tech,29,868.2,20.0,6.3,11950.44,17,4.93,9842.8,20142.24,10299.44
2025-06-09,NeuroEdge Core T3,Edge AI Devices,Enterprise Partner,APAC,High-Growth Tech,14,1249.91,5.0,5.6,8415.25,6,3.68,8540.48,16623.8,8083.32
2025-06-10,Cryo-Temp Probe A9,Quantum Sensors,E-Commerce Portal,EMEA,High-Growth Tech,6,6472.94,0.0,13.0,5473.6,4,4.37,20781.7,38837.64,18055.94
2025-06-10,CogniTwin Enterprise Tier,Cloud Subscriptions,Direct Sales,North America,High-Growth Tech,16,837.29,0.0,16.3,10406.88,6,4.73,5973.59,13396.64,7423.05
2025-06-10,NeuroEdge Core T3,Edge AI Devices,E-Commerce Portal,Latin America,High-Growth Tech,15,1234.34,5.0,14.6,6873.85,3,4.37,9800.75,17589.35,7788.6
2025-06-11,Autonomous Cloud Seat,Cloud Subscriptions,E-Commerce Portal,North America,Fortune 500,15,886.57,15.0,11.8,10505.29,7,4.46,5547.69,11303.77,5756.08
2025-06-11,Apex Server Cluster,Enterprise Hardware,Government Contract,Latin America,High-Growth Tech,4,4652.97,10.0,11.4,2915.49,10,4.68,7269.37,16750.69,9481.32
2025-06-11,NeuroEdge Core T3,Edge AI Devices,Direct Sales,North America,Fortune 500,30,1175.76,5.0,4.0,10596.55,12,4.69,14927.18,33509.16,18581.98
2025-06-12,NeuroEdge Core T3,Edge AI Devices,Direct Sales,EMEA,Fortune 500,14,1174.33,5.0,16.6,7981.3,3,3.71,6719.31,15618.59,8899.28
2025-06-12,Precision Laser Resonator,Quantum Sensors,Direct Sales,North America,High-Growth Tech,6,6012.38,0.0,17.0,6980.12,15,4.51,18015.13,36074.28,18059.15
2025-06-13,PowerNode V4 Blade,Enterprise Hardware,Government Contract,North America,Mid-Market Enterprise,10,4393.6,0.0,15.5,10859.84,11,3.9,20071.25,43936.0,23864.75
2025-06-13,CogniTwin Enterprise Tier,Cloud Subscriptions,Direct Sales,North America,High-Growth Tech,24,812.3,15.0,11.8,6144.83,15,3.7,8080.27,16570.92,8490.65
2025-06-13,VisionSorter 2.0,Smart Robotics,Government Contract,EMEA,Mid-Market Enterprise,5,8678.86,10.0,7.2,4680.47,8,4.72,18210.2,39054.87,20844.67
2025-06-14,Precision Laser Resonator,Quantum Sensors,Direct Sales,APAC,High-Growth Tech,6,6383.91,5.0,12.6,3920.22,16,4.38,16866.72,36388.29,19521.57
2025-06-14,NeuroEdge Core T3,Edge AI Devices,Enterprise Partner,North America,Research Institute,15,1234.19,10.0,3.4,8945.41,16,5.0,8023.33,16661.57,8638.24
2025-06-14,CogniTwin Enterprise Tier,Cloud Subscriptions,Enterprise Partner,APAC,High-Growth Tech,14,887.4,0.0,13.2,3192.99,11,4.76,6301.77,12423.6,6121.83
2025-06-15,CogniTwin Enterprise Tier,Cloud Subscriptions,Direct Sales,North America,High-Growth Tech,37,817.25,10.0,13.7,11969.92,8,4.38,15098.36,27214.42,12116.06
2025-06-15,Cryo-Temp Probe A9,Quantum Sensors,Government Contract,EMEA,Mid-Market Enterprise,14,6494.34,10.0,12.3,4915.53,19,4.8,42854.39,81828.68,38974.29
2025-06-15,AgileCobot Arm 600,Smart Robotics,Enterprise Partner,North America,Research Institute,4,9093.1,0.0,8.6,8034.38,15,4.16,18970.43,36372.4,17401.97
2025-06-16,Precision Laser Resonator,Quantum Sensors,Direct Sales,Latin America,Mid-Market Enterprise,4,6131.46,5.0,14.3,3328.76,8,4.78,12196.12,23299.55,11103.43
2025-06-16,NeuroEdge Core T3,Edge AI Devices,E-Commerce Portal,EMEA,Fortune 500,4,1194.09,0.0,9.0,1740.96,18,4.7,2464.47,4776.36,2311.89
2025-06-16,Neural API Pro,Cloud Subscriptions,E-Commerce Portal,APAC,Research Institute,20,885.69,10.0,9.5,9433.25,13,3.82,7943.92,15942.42,7998.5
2025-06-17,Automated Guided Rover,Smart Robotics,Enterprise Partner,North America,Fortune 500,3,8460.12,0.0,17.4,11734.2,7,4.62,12709.98,25380.36,12670.38
2025-06-17,OmniVision Sensor Unit,Edge AI Devices,E-Commerce Portal,APAC,Fortune 500,14,1145.61,0.0,4.3,4039.79,15,3.97,8117.06,16038.54,7921.48
2025-06-18,Quantum Flux Magnetometer,Quantum Sensors,E-Commerce Portal,EMEA,Fortune 500,8,6023.0,10.0,3.3,7028.53,12,4.47,21193.92,43365.6,22171.68
2025-06-18,NeuroEdge Core T3,Edge AI Devices,E-Commerce Portal,EMEA,High-Growth Tech,22,1142.33,15.0,12.5,10117.36,12,4.75,9937.3,21361.57,11424.27
2025-06-19,Quantum Flux Magnetometer,Quantum Sensors,Enterprise Partner,EMEA,High-Growth Tech,9,6471.55,10.0,16.5,3837.02,8,4.62,27495.65,52419.55,24923.9
2025-06-19,CogniTwin Enterprise Tier,Cloud Subscriptions,E-Commerce Portal,North America,Fortune 500,14,855.29,0.0,4.9,8292.57,20,4.04,6488.04,11974.06,5486.02
2025-06-19,NeuroEdge Core T3,Edge AI Devices,E-Commerce Portal,Latin America,Mid-Market Enterprise,19,1172.19,10.0,15.0,6571.79,11,4.38,9509.16,20044.45,10535.29
2025-06-20,HyperRack 800,Enterprise Hardware,Enterprise Partner,North America,Mid-Market Enterprise,6,4574.68,0.0,14.2,5633.79,9,4.11,14961.75,27448.08,12486.33
2025-06-20,Neural API Pro,Cloud Subscriptions,Direct Sales,North America,High-Growth Tech,21,824.04,10.0,9.7,11820.5,18,4.8,8322.44,15574.36,7251.92
2025-06-20,Cryo-Temp Probe A9,Quantum Sensors,Direct Sales,North America,Mid-Market Enterprise,14,6188.1,10.0,13.5,2266.32,7,4.08,41738.5,77970.06,36231.56
2025-06-21,NeuroEdge Core T3,Edge AI Devices,E-Commerce Portal,North America,Mid-Market Enterprise,17,1238.2,0.0,17.9,5984.9,20,4.4,10685.04,21049.4,10364.36
2025-06-21,Cryo-Temp Probe A9,Quantum Sensors,Direct Sales,North America,Research Institute,13,6097.99,5.0,11.9,10411.55,6,5.0,40049.78,75310.18,35260.4
2025-06-21,VisionSorter 2.0,Smart Robotics,Government Contract,EMEA,Fortune 500,11,8906.63,0.0,9.0,9482.21,3,3.91,41769.32,97972.93,56203.61
2025-06-22,PowerNode V4 Blade,Enterprise Hardware,Direct Sales,EMEA,Fortune 500,14,4502.26,0.0,6.9,11831.85,15,4.88,28845.64,63031.64,34186.0
2025-06-22,Automated Guided Rover,Smart Robotics,E-Commerce Portal,North America,High-Growth Tech,13,8810.36,0.0,2.5,8767.21,8,5.0,61774.78,114534.68,52759.9
2025-06-22,Precision Laser Resonator,Quantum Sensors,Direct Sales,North America,High-Growth Tech,4,6301.62,0.0,2.4,7296.04,17,4.43,12340.09,25206.48,12866.39
2025-06-23,Neural API Pro,Cloud Subscriptions,Enterprise Partner,APAC,Fortune 500,16,879.74,0.0,3.9,3696.21,18,4.4,6397.69,14075.84,7678.15
2025-06-23,Automated Guided Rover,Smart Robotics,Direct Sales,Latin America,Mid-Market Enterprise,5,9232.82,10.0,13.8,1555.68,9,4.54,18482.61,41547.69,23065.08
2025-06-23,Quantum Flux Magnetometer,Quantum Sensors,Enterprise Partner,APAC,Fortune 500,13,6333.45,10.0,15.0,6063.63,20,5.0,39845.06,74101.36,34256.3
2025-06-24,HyperRack 800,Enterprise Hardware,Direct Sales,North America,Fortune 500,6,4303.61,15.0,16.6,7262.56,9,4.33,12361.11,21948.41,9587.3
2025-06-24,VisionSorter 2.0,Smart Robotics,E-Commerce Portal,North America,Mid-Market Enterprise,8,9163.08,0.0,3.4,10178.08,15,5.0,42486.88,73304.64,30817.76
2025-06-24,NeuroEdge Core T3,Edge AI Devices,Enterprise Partner,North America,Fortune 500,18,1248.11,5.0,4.5,2219.73,5,4.49,9447.14,21342.68,11895.54
2025-06-25,VisionSorter 2.0,Smart Robotics,Direct Sales,EMEA,Mid-Market Enterprise,11,8899.08,15.0,15.5,11137.18,12,4.86,45275.32,83206.4,37931.08
2025-06-25,CogniTwin Enterprise Tier,Cloud Subscriptions,E-Commerce Portal,North America,Mid-Market Enterprise,14,864.76,0.0,3.6,8933.7,6,4.87,5924.93,12106.64,6181.71
2025-06-26,Autonomous Cloud Seat,Cloud Subscriptions,Direct Sales,EMEA,Mid-Market Enterprise,12,856.35,0.0,12.7,4032.71,10,4.04,5333.33,10276.2,4942.87
2025-06-26,NeuroEdge Core T3,Edge AI Devices,E-Commerce Portal,North America,Fortune 500,31,1247.06,5.0,4.6,9863.69,9,4.35,18031.08,36725.92,18694.84
2025-06-26,Quantum Flux Magnetometer,Quantum Sensors,Direct Sales,EMEA,Research Institute,8,6346.09,10.0,11.5,3174.13,3,4.46,19504.11,45691.85,26187.74
2025-06-27,AgileCobot Arm 600,Smart Robotics,Government Contract,APAC,High-Growth Tech,7,8547.14,15.0,6.2,10100.1,10,4.63,22853.59,50855.48,28001.89
2025-06-27,Apex Server Cluster,Enterprise Hardware,Enterprise Partner,North America,Fortune 500,6,4618.64,5.0,3.4,6917.36,13,3.9,13481.01,26326.25,12845.24
2025-06-28,OmniVision Sensor Unit,Edge AI Devices,E-Commerce Portal,EMEA,High-Growth Tech,22,1211.98,10.0,3.5,9154.14,3,4.33,13667.15,23997.2,10330.05
2025-06-28,Cryo-Temp Probe A9,Quantum Sensors,E-Commerce Portal,APAC,Research Institute,8,5964.53,5.0,3.3,9679.97,20,4.0,23005.54,45330.43,22324.89
2025-06-28,PowerNode V4 Blade,Enterprise Hardware,Direct Sales,EMEA,Research Institute,10,4459.63,0.0,14.9,11677.08,14,4.72,23615.26,44596.3,20981.04
2025-06-29,CogniTwin Enterprise Tier,Cloud Subscriptions,E-Commerce Portal,APAC,Mid-Market Enterprise,24,849.78,0.0,6.8,10938.3,17,3.91,10738.37,20394.72,9656.35
2025-06-29,OmniVision Sensor Unit,Edge AI Devices,Enterprise Partner,North America,High-Growth Tech,12,1178.86,0.0,13.3,7585.14,17,4.3,7266.89,14146.32,6879.43
2025-06-29,AgileCobot Arm 600,Smart Robotics,Direct Sales,APAC,High-Growth Tech,7,9185.12,0.0,15.6,3760.63,17,4.08,34941.53,64295.84,29354.31
2025-06-30,Cryo-Temp Probe A9,Quantum Sensors,Enterprise Partner,EMEA,Fortune 500,8,6229.48,5.0,15.5,5750.35,8,4.07,26247.47,47344.05,21096.58
2025-06-30,VisionSorter 2.0,Smart Robotics,Government Contract,North America,Fortune 500,2,8552.67,0.0,2.9,9862.2,19,4.32,8144.47,17105.34,8960.87
2025-07-01,Neural API Pro,Cloud Subscriptions,Enterprise Partner,North America,High-Growth Tech,11,863.66,0.0,10.3,3433.98,6,4.47,4174.98,9500.26,5325.28
2025-07-01,PowerNode V4 Blade,Enterprise Hardware,Government Contract,Latin America,High-Growth Tech,1,4333.41,10.0,4.5,4524.46,4,4.25,1762.64,3900.07,2137.43
2025-07-02,Apex Server Cluster,Enterprise Hardware,Direct Sales,North America,Research Institute,5,4612.51,10.0,11.2,11972.45,20,4.58,11333.67,20756.29,9422.62
2025-07-02,NeuroEdge Core T3,Edge AI Devices,Direct Sales,APAC,Mid-Market Enterprise,9,1251.58,0.0,12.0,1548.3,14,4.3,6071.65,11264.22,5192.57
2025-07-03,Autonomous Cloud Seat,Cloud Subscriptions,Direct Sales,Latin America,High-Growth Tech,10,813.34,0.0,10.3,3778.48,11,3.59,3604.9,8133.4,4528.5
2025-07-03,PowerNode V4 Blade,Enterprise Hardware,Direct Sales,Latin America,Fortune 500,5,4576.24,0.0,4.1,10804.26,11,4.69,10725.37,22881.2,12155.83
2025-07-03,AgileCobot Arm 600,Smart Robotics,Direct Sales,North America,High-Growth Tech,3,9257.17,5.0,16.8,3793.01,14,4.56,12027.72,26382.93,14355.21
2025-07-04,AgileCobot Arm 600,Smart Robotics,Direct Sales,North America,Mid-Market Enterprise,11,8642.97,5.0,5.9,10701.97,17,4.39,49432.67,90319.04,40886.37
2025-07-04,Quantum Flux Magnetometer,Quantum Sensors,E-Commerce Portal,EMEA,Fortune 500,4,6444.58,0.0,8.3,4126.41,10,4.27,14289.87,25778.32,11488.45
2025-07-04,EdgeGateway X1,Edge AI Devices,E-Commerce Portal,APAC,Research Institute,13,1200.59,0.0,13.6,5036.7,7,4.74,8784.28,15607.67,6823.39
2025-07-05,AgileCobot Arm 600,Smart Robotics,E-Commerce Portal,Latin America,High-Growth Tech,6,9137.89,5.0,10.5,9701.53,18,4.31,25902.09,52085.97,26183.88
2025-07-05,Neural API Pro,Cloud Subscriptions,Government Contract,North America,Mid-Market Enterprise,17,825.93,10.0,17.0,9011.14,17,4.24,5923.34,12636.73,6713.39
2025-07-06,Cryo-Temp Probe A9,Quantum Sensors,E-Commerce Portal,EMEA,High-Growth Tech,3,6173.63,0.0,3.2,3200.82,17,4.46,9964.89,18520.89,8556.0
2025-07-06,HyperRack 800,Enterprise Hardware,Enterprise Partner,Latin America,Fortune 500,16,4580.5,0.0,10.5,11219.57,12,4.11,32491.27,73288.0,40796.73
2025-07-07,Neural API Pro,Cloud Subscriptions,Direct Sales,North America,Mid-Market Enterprise,10,855.55,20.0,7.2,2891.71,20,4.48,2930.06,6844.4,3914.34
2025-07-07,EdgeGateway X1,Edge AI Devices,Direct Sales,North America,Fortune 500,17,1146.96,0.0,10.0,7683.13,19,4.55,11144.39,19498.32,8353.93
2025-07-08,AgileCobot Arm 600,Smart Robotics,Direct Sales,EMEA,Research Institute,9,8587.69,20.0,3.6,4887.43,9,4.33,30761.6,61831.37,31069.77
2025-07-08,OmniVision Sensor Unit,Edge AI Devices,E-Commerce Portal,North America,Mid-Market Enterprise,5,1235.7,0.0,5.1,2739.62,17,4.41,2725.61,6178.5,3452.89
2025-07-09,EdgeGateway X1,Edge AI Devices,E-Commerce Portal,EMEA,Fortune 500,12,1210.41,20.0,5.9,4988.48,5,4.83,6111.62,11619.94,5508.32
2025-07-09,PowerNode V4 Blade,Enterprise Hardware,E-Commerce Portal,APAC,Fortune 500,2,4423.96,10.0,16.7,7494.68,17,5.0,4119.34,7963.13,3843.79
2025-07-09,Automated Guided Rover,Smart Robotics,Direct Sales,Latin America,High-Growth Tech,10,8540.46,20.0,4.5,5973.05,8,4.58,34788.08,68323.68,33535.6
2025-07-10,CogniTwin Enterprise Tier,Cloud Subscriptions,E-Commerce Portal,North America,High-Growth Tech,10,870.4,0.0,15.1,2860.61,9,3.94,4366.22,8704.0,4337.78
2025-07-10,AgileCobot Arm 600,Smart Robotics,Government Contract,North America,Mid-Market Enterprise,7,8856.99,5.0,2.9,7204.31,17,5.0,33881.89,58898.98,25017.09
2025-07-10,Apex Server Cluster,Enterprise Hardware,E-Commerce Portal,North America,Fortune 500,8,4450.67,15.0,2.2,2501.74,6,4.23,14939.2,30264.56,15325.36
2025-07-11,Precision Laser Resonator,Quantum Sensors,Direct Sales,EMEA,Fortune 500,23,6379.62,5.0,3.4,9551.17,17,4.25,73136.04,139394.7,66258.66
2025-07-11,NeuroEdge Core T3,Edge AI Devices,E-Commerce Portal,APAC,Mid-Market Enterprise,18,1235.68,0.0,9.8,10557.28,15,4.43,10478.31,22242.24,11763.93
2025-07-11,VisionSorter 2.0,Smart Robotics,E-Commerce Portal,Latin America,Mid-Market Enterprise,7,9158.66,0.0,15.1,2207.53,5,4.93,35182.73,64110.62,28927.89
2025-07-12,AgileCobot Arm 600,Smart Robotics,Enterprise Partner,APAC,High-Growth Tech,21,8916.24,15.0,8.7,11965.29,13,4.07,77190.23,159154.88,81964.65
2025-07-12,NeuroEdge Core T3,Edge AI Devices,Direct Sales,Latin America,Fortune 500,26,1156.18,10.0,7.3,11756.71,10,4.56,13704.0,27054.61,13350.61
2025-07-13,NeuroEdge Core T3,Edge AI Devices,Direct Sales,APAC,High-Growth Tech,20,1256.91,0.0,9.3,10786.05,14,4.67,11530.17,25138.2,13608.03
2025-07-13,AgileCobot Arm 600,Smart Robotics,E-Commerce Portal,APAC,Fortune 500,13,9008.97,5.0,16.9,7651.76,15,4.38,47653.1,111260.78,63607.68
2025-07-13,PowerNode V4 Blade,Enterprise Hardware,Direct Sales,APAC,High-Growth Tech,8,4440.14,5.0,14.5,10077.46,6,4.75,14412.59,33745.06,19332.47
2025-07-14,EdgeGateway X1,Edge AI Devices,E-Commerce Portal,EMEA,Fortune 500,22,1217.36,15.0,9.6,7667.59,6,4.69,11519.36,22764.63,11245.27
2025-07-14,Cryo-Temp Probe A9,Quantum Sensors,E-Commerce Portal,North America,Fortune 500,11,6169.19,0.0,17.5,8230.44,11,4.86,35840.81,67861.09,32020.28
2025-07-15,VisionSorter 2.0,Smart Robotics,E-Commerce Portal,Latin America,Fortune 500,3,8784.61,10.0,5.4,8426.12,3,3.84,11361.82,23718.45,12356.63
2025-07-15,OmniVision Sensor Unit,Edge AI Devices,Enterprise Partner,APAC,High-Growth Tech,11,1217.2,5.0,7.1,4921.75,7,4.6,6396.6,12719.74,6323.14
2025-07-15,Apex Server Cluster,Enterprise Hardware,Enterprise Partner,Latin America,Fortune 500,7,4502.45,0.0,11.1,5381.49,8,3.76,16271.1,31517.15,15246.05
2025-07-16,Quantum Flux Magnetometer,Quantum Sensors,Direct Sales,APAC,Research Institute,2,6281.79,10.0,9.3,2340.15,7,4.98,4948.81,11307.22,6358.41
2025-07-16,Autonomous Cloud Seat,Cloud Subscriptions,Enterprise Partner,North America,Fortune 500,15,854.17,15.0,5.3,3921.51,15,4.73,5598.16,10890.67,5292.51
2025-07-17,EdgeGateway X1,Edge AI Devices,Government Contract,Latin America,High-Growth Tech,6,1142.63,0.0,15.3,1708.81,7,4.11,3367.61,6855.78,3488.17
2025-07-17,Quantum Flux Magnetometer,Quantum Sensors,E-Commerce Portal,APAC,Fortune 500,4,6381.61,0.0,16.3,6467.56,10,4.16,12389.37,25526.44,13137.07
2025-07-17,PowerNode V4 Blade,Enterprise Hardware,E-Commerce Portal,North America,Fortune 500,11,4506.92,20.0,11.9,9410.55,15,4.73,21282.29,39660.9,18378.61
2025-07-18,Apex Server Cluster,Enterprise Hardware,Government Contract,EMEA,Fortune 500,9,4712.46,0.0,2.8,3842.01,15,4.46,18468.97,42412.14,23943.17
2025-07-18,NeuroEdge Core T3,Edge AI Devices,Enterprise Partner,North America,Mid-Market Enterprise,22,1256.2,15.0,6.5,4660.77,7,4.28,12810.46,23490.94,10680.48
2025-07-18,Neural API Pro,Cloud Subscriptions,Direct Sales,North America,High-Growth Tech,13,841.29,0.0,6.9,2785.41,7,3.82,4722.99,10936.77,6213.78
2025-07-19,Apex Server Cluster,Enterprise Hardware,Enterprise Partner,APAC,Mid-Market Enterprise,7,4303.43,10.0,8.5,11514.59,8,3.68,15240.85,27111.61,11870.76
2025-07-19,OmniVision Sensor Unit,Edge AI Devices,Government Contract,Latin America,High-Growth Tech,12,1145.23,0.0,3.3,4907.88,10,4.43,6452.05,13742.76,7290.71
2025-07-20,Automated Guided Rover,Smart Robotics,Enterprise Partner,North America,Mid-Market Enterprise,13,9134.09,0.0,3.4,11459.53,16,4.61,65934.2,118743.17,52808.97
2025-07-20,PowerNode V4 Blade,Enterprise Hardware,Government Contract,EMEA,High-Growth Tech,7,4622.55,5.0,4.6,3154.04,9,5.0,15986.71,30739.96,14753.25
2025-07-20,NeuroEdge Core T3,Edge AI Devices,Enterprise Partner,North America,High-Growth Tech,20,1228.22,0.0,14.9,7108.26,7,4.14,11651.23,24564.4,12913.17
2025-07-21,AgileCobot Arm 600,Smart Robotics,Direct Sales,North America,Fortune 500,10,8514.83,0.0,4.1,9564.63,9,4.33,42041.33,85148.3,43106.97
2025-07-21,EdgeGateway X1,Edge AI Devices,Enterprise Partner,North America,Fortune 500,12,1237.37,10.0,7.6,3866.03,16,4.19,7390.93,13363.6,5972.67
2025-07-21,Precision Laser Resonator,Quantum Sensors,Direct Sales,North America,High-Growth Tech,3,6339.32,0.0,10.4,3461.25,17,4.78,9947.44,19017.96,9070.52
2025-07-22,AgileCobot Arm 600,Smart Robotics,Direct Sales,North America,High-Growth Tech,14,8759.63,10.0,9.1,10444.57,14,3.64,48563.95,110371.34,61807.39
2025-07-22,PowerNode V4 Blade,Enterprise Hardware,Enterprise Partner,EMEA,High-Growth Tech,10,4302.62,0.0,17.8,10334.14,11,4.73,20211.95,43026.2,22814.25
2025-07-23,HyperRack 800,Enterprise Hardware,Direct Sales,North America,High-Growth Tech,3,4298.96,20.0,5.3,3192.76,11,4.38,4729.64,10317.5,5587.86
2025-07-23,VisionSorter 2.0,Smart Robotics,E-Commerce Portal,North America,High-Growth Tech,8,8682.11,10.0,15.3,9006.26,9,4.35,29518.38,62511.19,32992.81
2025-07-24,EdgeGateway X1,Edge AI Devices,Enterprise Partner,APAC,High-Growth Tech,15,1200.25,5.0,4.5,8395.38,7,4.35,8853.56,17103.56,8250.0
2025-07-24,Autonomous Cloud Seat,Cloud Subscriptions,Enterprise Partner,APAC,High-Growth Tech,19,863.4,20.0,13.4,6096.1,6,4.99,6089.85,13123.68,7033.83
2025-07-24,VisionSorter 2.0,Smart Robotics,Direct Sales,North America,Fortune 500,5,8730.06,15.0,16.2,3741.91,10,4.73,16814.24,37102.75,20288.51
2025-07-25,HyperRack 800,Enterprise Hardware,Direct Sales,APAC,Mid-Market Enterprise,16,4539.62,0.0,14.2,10696.76,12,4.9,39627.36,72633.92,33006.56
2025-07-25,Neural API Pro,Cloud Subscriptions,E-Commerce Portal,APAC,Fortune 500,16,866.95,10.0,6.1,3424.19,6,4.25,5893.43,12484.08,6590.65
2025-07-26,CogniTwin Enterprise Tier,Cloud Subscriptions,Direct Sales,North America,Fortune 500,12,848.74,0.0,6.1,9346.91,14,3.86,5838.44,10184.88,4346.44
2025-07-26,OmniVision Sensor Unit,Edge AI Devices,Enterprise Partner,North America,Research Institute,13,1177.35,0.0,13.1,4464.18,13,3.27,7674.04,15305.55,7631.51
2025-07-26,AgileCobot Arm 600,Smart Robotics,Direct Sales,North America,Fortune 500,12,8757.16,0.0,6.6,10404.72,10,4.63,59987.17,105085.92,45098.75
2025-07-27,PowerNode V4 Blade,Enterprise Hardware,Direct Sales,EMEA,Fortune 500,4,4597.78,0.0,14.0,3341.36,11,4.51,8312.82,18391.12,10078.3
2025-07-27,Autonomous Cloud Seat,Cloud Subscriptions,E-Commerce Portal,APAC,Mid-Market Enterprise,28,811.46,15.0,6.2,6915.61,9,4.38,9989.41,19312.75,9323.34
2025-07-27,Precision Laser Resonator,Quantum Sensors,Direct Sales,EMEA,Fortune 500,9,6078.06,5.0,5.5,3244.31,12,4.31,27135.88,51967.41,24831.53
2025-07-28,EdgeGateway X1,Edge AI Devices,Direct Sales,EMEA,Mid-Market Enterprise,8,1208.5,15.0,6.4,2760.23,16,3.75,4230.89,8217.8,3986.91
2025-07-28,AgileCobot Arm 600,Smart Robotics,Enterprise Partner,North America,Research Institute,2,8549.44,15.0,2.2,6429.42,13,5.0,7465.27,14534.05,7068.78
2025-07-28,PowerNode V4 Blade,Enterprise Hardware,E-Commerce Portal,APAC,Fortune 500,5,4519.56,0.0,9.9,3136.85,4,4.1,9805.05,22597.8,12792.75
2025-07-29,EdgeGateway X1,Edge AI Devices,E-Commerce Portal,APAC,Mid-Market Enterprise,13,1161.4,0.0,5.7,11576.46,6,3.98,6529.1,15098.2,8569.1
2025-07-29,Precision Laser Resonator,Quantum Sensors,Direct Sales,EMEA,Mid-Market Enterprise,10,6413.58,5.0,13.3,8311.62,10,3.47,31880.65,60929.01,29048.36
2025-07-30,Apex Server Cluster,Enterprise Hardware,E-Commerce Portal,North America,High-Growth Tech,5,4538.15,15.0,13.6,7303.3,18,4.28,8706.84,19287.14,10580.3
2025-07-30,VisionSorter 2.0,Smart Robotics,Direct Sales,North America,Mid-Market Enterprise,2,8810.8,15.0,8.6,7371.63,6,4.16,6692.48,14978.36,8285.88
2025-07-30,OmniVision Sensor Unit,Edge AI Devices,Enterprise Partner,North America,Fortune 500,14,1203.35,0.0,10.8,11414.75,9,3.43,8499.0,16846.9,8347.9
2025-07-31,VisionSorter 2.0,Smart Robotics,E-Commerce Portal,Latin America,High-Growth Tech,7,9269.73,10.0,12.2,10962.77,7,4.05,32959.34,58399.3,25439.96
2025-07-31,Autonomous Cloud Seat,Cloud Subscriptions,Government Contract,EMEA,Research Institute,18,848.85,0.0,5.0,7724.53,4,4.24,8458.2,15279.3,6821.1
2025-07-31,PowerNode V4 Blade,Enterprise Hardware,Direct Sales,EMEA,High-Growth Tech,3,4528.85,5.0,8.6,2152.6,4,4.38,6192.13,12907.22,6715.09
2025-08-01,CogniTwin Enterprise Tier,Cloud Subscriptions,E-Commerce Portal,EMEA,Mid-Market Enterprise,16,870.98,5.0,16.0,13469.98,18,3.81,6433.62,13238.9,6805.28
2025-08-01,NeuroEdge Core T3,Edge AI Devices,E-Commerce Portal,North America,Fortune 500,23,1208.42,0.0,12.3,6344.82,12,4.46,14319.27,27793.66,13474.39
2025-08-01,PowerNode V4 Blade,Enterprise Hardware,Enterprise Partner,APAC,Mid-Market Enterprise,5,4715.57,10.0,5.9,2448.44,14,4.64,9111.53,21220.07,12108.54
2025-08-02,Quantum Flux Magnetometer,Quantum Sensors,Direct Sales,North America,Mid-Market Enterprise,5,6385.47,10.0,14.0,2881.71,18,4.45,12792.42,28734.61,15942.19
2025-08-02,Apex Server Cluster,Enterprise Hardware,Government Contract,APAC,Fortune 500,7,4363.29,5.0,15.5,8860.71,14,4.7,15410.43,29015.88,13605.45
2025-08-03,Automated Guided Rover,Smart Robotics,E-Commerce Portal,APAC,High-Growth Tech,32,8547.34,10.0,16.7,11731.04,20,4.66,114081.34,246163.39,132082.05
2025-08-03,CogniTwin Enterprise Tier,Cloud Subscriptions,E-Commerce Portal,EMEA,High-Growth Tech,34,871.96,15.0,3.7,12784.08,17,4.69,11790.5,25199.64,13409.14
2025-08-04,Precision Laser Resonator,Quantum Sensors,E-Commerce Portal,North America,Fortune 500,8,6271.36,0.0,7.1,3027.49,19,4.17,24664.38,50170.88,25506.5
2025-08-04,VisionSorter 2.0,Smart Robotics,E-Commerce Portal,APAC,Research Institute,2,8578.74,15.0,4.2,9909.18,3,3.8,6551.94,14583.86,8031.92
2025-08-05,Neural API Pro,Cloud Subscriptions,Direct Sales,North America,Mid-Market Enterprise,17,857.41,0.0,8.5,6125.85,15,4.16,7056.48,14575.97,7519.49
2025-08-05,HyperRack 800,Enterprise Hardware,E-Commerce Portal,APAC,High-Growth Tech,8,4661.77,5.0,8.2,5853.81,8,4.64,17328.8,35429.45,18100.65
2025-08-06,Quantum Flux Magnetometer,Quantum Sensors,E-Commerce Portal,APAC,High-Growth Tech,20,6283.79,15.0,2.2,13745.02,19,4.77,58686.98,106824.43,48137.45
2025-08-06,NeuroEdge Core T3,Edge AI Devices,E-Commerce Portal,EMEA,Fortune 500,27,1237.59,10.0,15.8,12504.43,6,4.38,15538.56,30073.44,14534.88
2025-08-06,Autonomous Cloud Seat,Cloud Subscriptions,E-Commerce Portal,North America,Fortune 500,23,861.04,0.0,9.7,7619.35,4,5.0,8395.54,19803.92,11408.38
2025-08-07,Autonomous Cloud Seat,Cloud Subscriptions,Enterprise Partner,North America,Mid-Market Enterprise,24,828.74,0.0,11.6,10177.17,9,4.35,9742.07,19889.76,10147.69
2025-08-07,Precision Laser Resonator,Quantum Sensors,Direct Sales,North America,High-Growth Tech,9,5896.89,5.0,13.6,10541.12,3,4.86,27389.53,50418.41,23028.88
2025-08-07,EdgeGateway X1,Edge AI Devices,Direct Sales,EMEA,Fortune 500,12,1257.58,5.0,15.3,4048.78,12,4.25,8276.62,14336.41,6059.79
2025-08-08,HyperRack 800,Enterprise Hardware,E-Commerce Portal,EMEA,Mid-Market Enterprise,7,4486.64,10.0,3.5,5713.95,20,4.7,14405.64,28265.83,13860.19
2025-08-08,OmniVision Sensor Unit,Edge AI Devices,Direct Sales,EMEA,Mid-Market Enterprise,25,1199.34,5.0,16.4,6669.33,9,4.65,12546.58,28484.32,15937.74
2025-08-08,Quantum Flux Magnetometer,Quantum Sensors,Direct Sales,North America,High-Growth Tech,6,6182.37,0.0,2.5,7303.34,4,4.07,16977.65,37094.22,20116.57
2025-08-09,Apex Server Cluster,Enterprise Hardware,Enterprise Partner,EMEA,Research Institute,15,4299.12,5.0,10.1,4801.01,8,4.84,31423.65,61262.46,29838.81
2025-08-09,Automated Guided Rover,Smart Robotics,E-Commerce Portal,APAC,Mid-Market Enterprise,10,8731.69,0.0,6.4,2319.82,20,4.3,45404.37,87316.9,41912.53
2025-08-10,CogniTwin Enterprise Tier,Cloud Subscriptions,Direct Sales,APAC,High-Growth Tech,24,866.78,5.0,16.0,8039.13,16,4.37,9462.69,19762.58,10299.89
2025-08-10,Apex Server Cluster,Enterprise Hardware,E-Commerce Portal,Latin America,Fortune 500,14,4416.31,10.0,15.5,3304.67,12,4.65,27398.47,55645.51,28247.04
2025-08-10,Cryo-Temp Probe A9,Quantum Sensors,E-Commerce Portal,EMEA,Fortune 500,26,6281.53,5.0,16.9,12998.08,11,4.57,84931.89,155153.79,70221.9
2025-08-11,Quantum Flux Magnetometer,Quantum Sensors,Direct Sales,North America,Fortune 500,7,6313.82,10.0,10.7,6347.2,17,4.05,22122.58,39777.07,17654.49
2025-08-11,HyperRack 800,Enterprise Hardware,Direct Sales,EMEA,Fortune 500,6,4482.19,0.0,15.4,7752.64,8,3.5,15570.79,26893.14,11322.35
2025-08-12,OmniVision Sensor Unit,Edge AI Devices,Government Contract,EMEA,Fortune 500,12,1149.24,0.0,13.6,6331.86,7,5.0,7804.48,13790.88,5986.4
2025-08-12,CogniTwin Enterprise Tier,Cloud Subscriptions,Direct Sales,North America,High-Growth Tech,31,865.04,15.0,4.9,10347.14,7,3.92,11536.36,22793.8,11257.44
2025-08-12,Quantum Flux Magnetometer,Quantum Sensors,Enterprise Partner,EMEA,High-Growth Tech,7,6059.09,0.0,7.3,2981.76,3,4.42,23922.47,42413.63,18491.16
2025-08-13,Neural API Pro,Cloud Subscriptions,Direct Sales,APAC,Mid-Market Enterprise,30,857.78,5.0,7.1,8746.89,16,4.09,11724.59,24446.73,12722.14
2025-08-13,HyperRack 800,Enterprise Hardware,Enterprise Partner,EMEA,Fortune 500,3,4572.36,5.0,10.7,2684.47,6,3.88,6138.66,13031.23,6892.57
2025-08-14,NeuroEdge Core T3,Edge AI Devices,Enterprise Partner,North America,Fortune 500,8,1193.55,10.0,3.2,4414.84,19,4.05,4301.92,8593.56,4291.64
2025-08-14,CogniTwin Enterprise Tier,Cloud Subscriptions,Direct Sales,North America,Mid-Market Enterprise,14,877.13,0.0,6.5,2054.88,16,4.1,5181.06,12279.82,7098.76
2025-08-14,Cryo-Temp Probe A9,Quantum Sensors,E-Commerce Portal,APAC,Fortune 500,6,6331.86,5.0,17.7,5266.93,15,4.27,16297.19,36091.6,19794.41
2025-08-15,Precision Laser Resonator,Quantum Sensors,Direct Sales,North America,Research Institute,10,6111.28,10.0,12.4,8875.16,14,4.34,29265.91,55001.52,25735.61
2025-08-15,Automated Guided Rover,Smart Robotics,Direct Sales,North America,High-Growth Tech,13,8492.26,5.0,13.4,7104.24,8,4.63,49175.31,104879.41,55704.1
2025-08-16,CogniTwin Enterprise Tier,Cloud Subscriptions,E-Commerce Portal,North America,Fortune 500,37,813.75,0.0,13.2,9441.08,16,4.44,13220.79,30108.75,16887.96
2025-08-16,PowerNode V4 Blade,Enterprise Hardware,Enterprise Partner,EMEA,Fortune 500,15,4557.52,0.0,16.6,13551.71,9,4.15,33676.61,68362.8,34686.19
2025-08-16,VisionSorter 2.0,Smart Robotics,E-Commerce Portal,APAC,High-Growth Tech,4,9244.76,0.0,4.1,2228.08,11,4.01,16273.53,36979.04,20705.51
2025-08-17,Quantum Flux Magnetometer,Quantum Sensors,E-Commerce Portal,EMEA,Fortune 500,11,6093.04,5.0,13.4,7415.4,18,4.83,34148.37,63672.27,29523.9
2025-08-17,CogniTwin Enterprise Tier,Cloud Subscriptions,Direct Sales,EMEA,Fortune 500,19,829.72,5.0,16.5,3911.35,7,4.27,6477.14,14976.45,8499.31
2025-08-18,CogniTwin Enterprise Tier,Cloud Subscriptions,Direct Sales,Latin America,High-Growth Tech,22,843.08,15.0,3.6,7251.54,4,4.63,7744.57,15765.6,8021.03
2025-08-18,AgileCobot Arm 600,Smart Robotics,Direct Sales,APAC,Fortune 500,13,8519.17,10.0,3.9,5763.71,13,3.96,44352.75,99674.29,55321.54
2025-08-18,Precision Laser Resonator,Quantum Sensors,E-Commerce Portal,North America,High-Growth Tech,10,6509.07,5.0,9.6,8193.16,9,4.46,32020.24,61836.17,29815.93
2025-08-19,Automated Guided Rover,Smart Robotics,Direct Sales,North America,Mid-Market Enterprise,20,8933.21,0.0,10.5,11843.7,15,4.32,91117.9,178664.2,87546.3
2025-08-19,Precision Laser Resonator,Quantum Sensors,Direct Sales,North America,High-Growth Tech,11,6281.56,5.0,16.5,4237.63,11,4.85,37959.99,65642.3,27682.31
2025-08-19,PowerNode V4 Blade,Enterprise Hardware,Direct Sales,APAC,Fortune 500,9,4662.93,5.0,8.0,5431.25,20,4.61,18491.3,39868.05,21376.75
2025-08-20,Apex Server Cluster,Enterprise Hardware,E-Commerce Portal,North America,Fortune 500,12,4433.65,20.0,7.8,7333.51,17,4.99,22426.59,42563.04,20136.45
2025-08-20,NeuroEdge Core T3,Edge AI Devices,E-Commerce Portal,APAC,Research Institute,12,1221.15,15.0,13.6,8227.94,15,4.07,5763.03,12455.73,6692.7
2025-08-20,AgileCobot Arm 600,Smart Robotics,E-Commerce Portal,North America,Mid-Market Enterprise,24,9101.93,10.0,5.7,11675.86,20,5.0,93794.3,196601.69,102807.39
2025-08-21,EdgeGateway X1,Edge AI Devices,E-Commerce Portal,Latin America,Fortune 500,20,1159.41,0.0,5.3,13720.72,11,3.87,11035.63,23188.2,12152.57
2025-08-21,Cryo-Temp Probe A9,Quantum Sensors,Direct Sales,EMEA,High-Growth Tech,15,6198.41,0.0,6.0,6323.59,8,4.9,50885.92,92976.15,42090.23
2025-08-22,NeuroEdge Core T3,Edge AI Devices,Enterprise Partner,EMEA,Fortune 500,52,1189.25,0.0,14.8,10598.38,16,4.69,26914.13,61841.0,34926.87
2025-08-22,Quantum Flux Magnetometer,Quantum Sensors,Direct Sales,EMEA,Fortune 500,12,6109.15,10.0,17.4,4472.82,7,3.96,29301.28,65978.82,36677.54
2025-08-23,EdgeGateway X1,Edge AI Devices,Direct Sales,EMEA,Fortune 500,42,1228.83,0.0,12.4,7048.63,18,4.56,23801.22,51610.86,27809.64
2025-08-23,Neural API Pro,Cloud Subscriptions,Direct Sales,EMEA,Research Institute,23,810.68,0.0,6.5,10241.39,11,4.8,8538.4,18645.64,10107.24
2025-08-24,OmniVision Sensor Unit,Edge AI Devices,Enterprise Partner,North America,Fortune 500,22,1161.92,5.0,9.4,9747.13,17,4.7,12625.15,24284.13,11658.98
2025-08-24,CogniTwin Enterprise Tier,Cloud Subscriptions,Enterprise Partner,APAC,Fortune 500,20,813.42,15.0,11.2,10247.86,17,4.25,6302.1,13828.14,7526.04
2025-08-25,AgileCobot Arm 600,Smart Robotics,Enterprise Partner,North America,Fortune 500,21,8712.45,0.0,10.6,13126.02,14,4.17,96687.65,182961.45,86273.8
2025-08-25,Apex Server Cluster,Enterprise Hardware,Direct Sales,North America,High-Growth Tech,6,4484.82,0.0,10.3,13047.14,14,4.1,14171.3,26908.92,12737.62
2025-08-26,EdgeGateway X1,Edge AI Devices,Enterprise Partner,APAC,High-Growth Tech,16,1219.22,10.0,7.3,3772.06,18,4.43,8991.16,17556.77,8565.61
2025-08-26,Automated Guided Rover,Smart Robotics,Direct Sales,APAC,High-Growth Tech,9,9303.58,5.0,8.7,4911.17,7,4.74,37762.66,79545.61,41782.95
2025-08-27,HyperRack 800,Enterprise Hardware,E-Commerce Portal,Latin America,Fortune 500,6,4636.02,5.0,7.8,11055.94,17,3.61,11948.94,26425.31,14476.37
2025-08-27,CogniTwin Enterprise Tier,Cloud Subscriptions,Direct Sales,North America,Research Institute,28,859.03,15.0,16.4,8564.9,5,3.91,10914.95,20444.91,9529.96
2025-08-28,Cryo-Temp Probe A9,Quantum Sensors,Enterprise Partner,North America,High-Growth Tech,10,6119.97,15.0,17.1,10255.79,7,4.79,29941.79,52019.75,22077.96
2025-08-28,PowerNode V4 Blade,Enterprise Hardware,Direct Sales,Latin America,High-Growth Tech,5,4348.11,5.0,13.1,7726.95,12,4.9,11275.36,20653.52,9378.16
2025-08-29,Apex Server Cluster,Enterprise Hardware,E-Commerce Portal,APAC,Mid-Market Enterprise,8,4675.06,5.0,14.2,2869.41,3,3.55,16055.97,35530.46,19474.49
2025-08-29,CogniTwin Enterprise Tier,Cloud Subscriptions,E-Commerce Portal,North America,High-Growth Tech,32,818.43,0.0,3.8,9882.13,11,3.46,14687.94,26189.76,11501.82
2025-08-30,NeuroEdge Core T3,Edge AI Devices,E-Commerce Portal,North America,Fortune 500,29,1229.69,0.0,3.0,5642.28,19,3.83,17161.77,35661.01,18499.24
2025-08-30,AgileCobot Arm 600,Smart Robotics,Enterprise Partner,North America,Fortune 500,10,8473.33,10.0,5.2,9060.89,10,4.36,32530.19,76259.97,43729.78
2025-08-30,Neural API Pro,Cloud Subscriptions,Direct Sales,North America,Mid-Market Enterprise,22,811.2,5.0,5.4,3194.94,20,4.72,8711.59,16954.08,8242.49
2025-08-31,Apex Server Cluster,Enterprise Hardware,E-Commerce Portal,North America,Fortune 500,11,4577.24,15.0,14.2,4867.21,8,3.78,22113.66,42797.19,20683.53
2025-08-31,NeuroEdge Core T3,Edge AI Devices,Enterprise Partner,North America,Fortune 500,24,1254.87,0.0,10.0,5580.75,3,4.13,17336.2,30116.88,12780.68
2025-09-01,AgileCobot Arm 600,Smart Robotics,Direct Sales,North America,Fortune 500,6,8817.57,5.0,18.0,2515.47,9,4.37,28439.95,50260.15,21820.2
2025-09-01,Quantum Flux Magnetometer,Quantum Sensors,Enterprise Partner,North America,High-Growth Tech,1,5963.13,0.0,4.4,2409.26,14,4.43,3410.64,5963.13,2552.49
2025-09-02,VisionSorter 2.0,Smart Robotics,Government Contract,EMEA,Mid-Market Enterprise,9,8881.15,0.0,7.0,10818.68,16,5.0,43970.86,79930.35,35959.49
2025-09-02,NeuroEdge Core T3,Edge AI Devices,Direct Sales,APAC,High-Growth Tech,23,1205.11,10.0,5.1,11268.12,14,3.83,14397.04,24945.78,10548.74
2025-09-03,AgileCobot Arm 600,Smart Robotics,Direct Sales,North America,High-Growth Tech,11,9068.45,5.0,16.5,9477.79,8,4.89,44526.39,94765.3,50238.91
2025-09-03,OmniVision Sensor Unit,Edge AI Devices,Direct Sales,EMEA,High-Growth Tech,23,1235.41,15.0,13.3,7543.47,3,4.09,13364.34,24152.27,10787.93
2025-09-04,HyperRack 800,Enterprise Hardware,Enterprise Partner,North America,Fortune 500,1,4343.33,20.0,9.1,10216.55,18,5.0,1470.67,3474.66,2003.99
2025-09-04,AgileCobot Arm 600,Smart Robotics,Enterprise Partner,North America,Fortune 500,6,9096.66,5.0,17.6,2816.38,8,4.29,26980.43,51850.96,24870.53
2025-09-05,Cryo-Temp Probe A9,Quantum Sensors,E-Commerce Portal,North America,High-Growth Tech,10,6011.86,0.0,3.5,5777.2,12,4.24,27275.97,60118.6,32842.63
2025-09-05,PowerNode V4 Blade,Enterprise Hardware,E-Commerce Portal,North America,Fortune 500,9,4412.43,0.0,14.8,3751.45,12,3.97,20551.01,39711.87,19160.86
2025-09-06,EdgeGateway X1,Edge AI Devices,Direct Sales,EMEA,High-Growth Tech,15,1254.89,10.0,17.6,2888.92,14,4.09,9498.35,16941.01,7442.66
2025-09-06,Cryo-Temp Probe A9,Quantum Sensors,Enterprise Partner,EMEA,High-Growth Tech,17,6361.16,10.0,7.4,7084.32,16,3.92,41317.68,97325.75,56008.07
2025-09-06,Neural API Pro,Cloud Subscriptions,E-Commerce Portal,EMEA,High-Growth Tech,14,886.2,0.0,2.4,10123.36,18,4.28,6993.36,12406.8,5413.44
2025-09-07,Automated Guided Rover,Smart Robotics,Enterprise Partner,North America,Fortune 500,17,8877.53,10.0,10.0,11477.33,14,4.16,73256.79,135826.21,62569.42
2025-09-07,Cryo-Temp Probe A9,Quantum Sensors,Direct Sales,APAC,High-Growth Tech,16,6277.98,0.0,14.1,10294.41,5,4.33,50931.85,100447.68,49515.83
2025-09-08,Automated Guided Rover,Smart Robotics,Enterprise Partner,North America,High-Growth Tech,8,9320.38,15.0,10.5,8491.42,8,4.4,29643.57,63378.58,33735.01
2025-09-08,CogniTwin Enterprise Tier,Cloud Subscriptions,Enterprise Partner,North America,High-Growth Tech,20,890.58,10.0,4.2,11634.44,14,4.15,8852.51,16030.44,7177.93
2025-09-08,EdgeGateway X1,Edge AI Devices,Direct Sales,North America,Mid-Market Enterprise,19,1148.2,15.0,18.0,2773.9,8,4.22,9145.17,18543.43,9398.26
2025-09-09,Quantum Flux Magnetometer,Quantum Sensors,Direct Sales,North America,Research Institute,3,6089.97,5.0,13.9,5170.23,20,4.31,8249.05,17356.41,9107.36
2025-09-09,PowerNode V4 Blade,Enterprise Hardware,E-Commerce Portal,North America,Fortune 500,5,4557.01,0.0,15.4,11892.51,16,4.73,13183.35,22785.05,9601.7
2025-09-09,EdgeGateway X1,Edge AI Devices,E-Commerce Portal,EMEA,Research Institute,27,1182.34,5.0,16.6,8334.82,5,4.37,13609.81,30327.02,16717.21
2025-09-10,AgileCobot Arm 600,Smart Robotics,Direct Sales,Latin America,Fortune 500,17,9119.74,10.0,15.8,11764.48,9,4.42,71625.6,139532.02,67906.42
2025-09-10,Autonomous Cloud Seat,Cloud Subscriptions,E-Commerce Portal,North America,High-Growth Tech,21,843.17,0.0,12.1,12682.03,17,3.68,9750.25,17706.57,7956.32
2025-09-10,HyperRack 800,Enterprise Hardware,Direct Sales,North America,Fortune 500,10,4385.33,0.0,16.1,9932.06,17,4.01,25355.0,43853.3,18498.3
2025-09-11,HyperRack 800,Enterprise Hardware,Direct Sales,North America,Research Institute,12,4290.24,10.0,14.1,10166.22,17,4.39,22266.86,46334.59,24067.73
2025-09-11,Cryo-Temp Probe A9,Quantum Sensors,Direct Sales,EMEA,High-Growth Tech,10,6025.44,5.0,16.6,4496.61,7,4.67,30978.13,57241.68,26263.55
2025-09-12,Automated Guided Rover,Smart Robotics,Direct Sales,APAC,High-Growth Tech,11,9017.97,10.0,12.0,11682.2,8,3.99,45157.53,89277.9,44120.37
2025-09-12,Cryo-Temp Probe A9,Quantum Sensors,Direct Sales,EMEA,Fortune 500,4,6496.96,5.0,4.9,6938.31,12,3.76,11767.03,24688.45,12921.42
2025-09-12,Autonomous Cloud Seat,Cloud Subscriptions,Direct Sales,North America,Mid-Market Enterprise,17,886.21,5.0,7.9,2409.71,6,4.65,8143.05,14312.29,6169.24
2025-09-13,OmniVision Sensor Unit,Edge AI Devices,E-Commerce Portal,North America,Mid-Market Enterprise,46,1155.81,5.0,7.4,8183.75,10,3.66,25345.52,50508.9,25163.38
2025-09-13,Cryo-Temp Probe A9,Quantum Sensors,E-Commerce Portal,Latin America,High-Growth Tech,12,6063.96,5.0,17.1,9899.27,10,4.11,35726.0,69129.14,33403.14
2025-09-13,Autonomous Cloud Seat,Cloud Subscriptions,Government Contract,APAC,High-Growth Tech,28,831.89,0.0,2.5,12476.08,9,3.95,12197.59,23292.92,11095.33
2025-09-14,AgileCobot Arm 600,Smart Robotics,E-Commerce Portal,Latin America,High-Growth Tech,11,9090.35,10.0,11.6,12829.43,3,4.88,38614.84,89994.46,51379.62
2025-09-14,Precision Laser Resonator,Quantum Sensors,E-Commerce Portal,EMEA,Mid-Market Enterprise,15,5993.42,15.0,5.8,10502.56,9,4.23,34210.45,76416.11,42205.66
2025-09-14,HyperRack 800,Enterprise Hardware,Enterprise Partner,North America,Research Institute,12,4358.67,5.0,7.7,8036.44,17,3.59,22375.89,49688.84,27312.95
2025-09-15,VisionSorter 2.0,Smart Robotics,Direct Sales,North America,Research Institute,19,8863.01,15.0,15.1,7497.6,19,4.26,80728.45,143137.61,62409.16
2025-09-15,Apex Server Cluster,Enterprise Hardware,Direct Sales,North America,High-Growth Tech,10,4633.7,5.0,12.1,10791.67,9,4.87,20798.21,44020.15,23221.94
2025-09-15,Precision Laser Resonator,Quantum Sensors,Direct Sales,APAC,Mid-Market Enterprise,12,6397.08,10.0,4.7,9434.09,10,4.56,35274.4,69088.46,33814.06
2025-09-16,Automated Guided Rover,Smart Robotics,Direct Sales,EMEA,High-Growth Tech,4,8813.7,10.0,16.9,4385.96,10,4.25,13539.17,31729.32,18190.15
2025-09-16,HyperRack 800,Enterprise Hardware,Government Contract,EMEA,Fortune 500,12,4648.21,20.0,5.6,6014.44,4,4.51,23768.31,44622.82,20854.51
2025-09-16,Quantum Flux Magnetometer,Quantum Sensors,Direct Sales,APAC,Fortune 500,6,6365.88,0.0,3.9,2866.99,14,3.91,20527.31,38195.28,17667.97
2025-09-17,VisionSorter 2.0,Smart Robotics,Direct Sales,North America,High-Growth Tech,5,8678.67,0.0,8.2,4667.01,9,4.38,19068.1,43393.35,24325.25
2025-09-17,Autonomous Cloud Seat,Cloud Subscriptions,Direct Sales,Latin America,Fortune 500,19,857.92,0.0,11.6,9739.25,14,4.31,8776.57,16300.48,7523.91
2025-09-18,PowerNode V4 Blade,Enterprise Hardware,Enterprise Partner,North America,Mid-Market Enterprise,9,4509.35,10.0,5.4,11755.0,20,4.64,20113.17,36525.73,16412.56
2025-09-18,NeuroEdge Core T3,Edge AI Devices,Direct Sales,North America,Fortune 500,15,1248.94,5.0,14.9,11309.9,17,4.13,10126.4,17797.4,7671.0
2025-09-18,CogniTwin Enterprise Tier,Cloud Subscriptions,E-Commerce Portal,North America,High-Growth Tech,14,877.58,0.0,3.9,13164.47,7,4.07,6541.43,12286.12,5744.69
2025-09-19,Autonomous Cloud Seat,Cloud Subscriptions,Enterprise Partner,North America,High-Growth Tech,42,825.92,5.0,13.4,3344.44,13,4.28,17830.23,32954.21,15123.98
2025-09-19,Quantum Flux Magnetometer,Quantum Sensors,Direct Sales,APAC,Fortune 500,15,6100.22,5.0,5.1,10617.66,11,3.9,43646.59,86928.14,43281.55
2025-09-19,EdgeGateway X1,Edge AI Devices,E-Commerce Portal,Latin America,High-Growth Tech,26,1255.62,0.0,4.4,5361.4,18,4.2,16680.26,32646.12,15965.86
2025-09-20,Autonomous Cloud Seat,Cloud Subscriptions,E-Commerce Portal,North America,High-Growth Tech,12,827.5,0.0,7.2,6580.0,10,4.45,4882.96,9930.0,5047.04
2025-09-20,NeuroEdge Core T3,Edge AI Devices,E-Commerce Portal,Latin America,Fortune 500,33,1250.84,0.0,16.9,11991.95,5,3.9,21475.49,41277.72,19802.23
2025-09-20,Quantum Flux Magnetometer,Quantum Sensors,Government Contract,Latin America,High-Growth Tech,6,6484.75,0.0,17.1,4062.7,11,4.63,18333.97,38908.5,20574.53
2025-09-21,Automated Guided Rover,Smart Robotics,Direct Sales,EMEA,High-Growth Tech,28,8546.17,20.0,4.2,7181.08,6,4.8,87893.1,191434.21,103541.11
2025-09-21,Neural API Pro,Cloud Subscriptions,Enterprise Partner,EMEA,Fortune 500,15,883.95,0.0,17.1,2288.12,16,4.3,6823.41,13259.25,6435.84
2025-09-22,Automated Guided Rover,Smart Robotics,E-Commerce Portal,EMEA,Fortune 500,3,8983.5,0.0,7.3,9544.79,16,3.81,12541.44,26950.5,14409.06
2025-09-22,Neural API Pro,Cloud Subscriptions,Enterprise Partner,North America,Mid-Market Enterprise,14,857.83,0.0,4.1,5264.71,19,4.46,5093.37,12009.62,6916.25
2025-09-22,NeuroEdge Core T3,Edge AI Devices,E-Commerce Portal,Latin America,Research Institute,22,1179.85,0.0,2.7,3554.18,20,5.0,13627.67,25956.7,12329.03
2025-09-23,Neural API Pro,Cloud Subscriptions,Direct Sales,EMEA,High-Growth Tech,26,882.26,10.0,15.3,12927.61,17,5.0,11182.12,20644.88,9462.76
2025-09-23,PowerNode V4 Blade,Enterprise Hardware,E-Commerce Portal,North America,High-Growth Tech,8,4678.84,15.0,9.3,9268.68,10,4.27,18091.6,31816.11,13724.51
2025-09-24,Automated Guided Rover,Smart Robotics,E-Commerce Portal,EMEA,High-Growth Tech,12,9110.84,5.0,7.2,10845.69,4,4.76,55734.84,103863.58,48128.74
2025-09-24,Neural API Pro,Cloud Subscriptions,Direct Sales,EMEA,High-Growth Tech,18,864.78,0.0,17.0,12816.77,6,4.79,7674.57,15566.04,7891.47
2025-09-24,Apex Server Cluster,Enterprise Hardware,Enterprise Partner,North America,High-Growth Tech,10,4391.04,0.0,10.0,8551.17,12,4.11,20941.63,43910.4,22968.77
2025-09-25,Cryo-Temp Probe A9,Quantum Sensors,Direct Sales,North America,Fortune 500,14,6002.51,0.0,4.8,12910.75,10,4.67,41700.48,84035.14,42334.66
2025-09-25,VisionSorter 2.0,Smart Robotics,E-Commerce Portal,North America,Mid-Market Enterprise,8,8827.87,10.0,16.1,2243.34,13,4.71,31526.47,63560.66,32034.19
2025-09-25,Neural API Pro,Cloud Subscriptions,E-Commerce Portal,EMEA,Fortune 500,13,863.49,0.0,17.3,1813.6,17,3.36,5351.81,11225.37,5873.56
2025-09-26,Automated Guided Rover,Smart Robotics,Enterprise Partner,North America,High-Growth Tech,9,8780.53,5.0,3.4,3779.37,20,4.13,42570.53,75073.53,32503.0
2025-09-26,Neural API Pro,Cloud Subscriptions,E-Commerce Portal,North America,Fortune 500,30,878.98,10.0,11.9,7101.64,17,4.73,12313.46,23732.46,11419.0
2025-09-26,PowerNode V4 Blade,Enterprise Hardware,E-Commerce Portal,Latin America,Research Institute,8,4400.91,0.0,15.0,3751.18,8,5.0,15108.63,35207.28,20098.65
2025-09-27,Quantum Flux Magnetometer,Quantum Sensors,E-Commerce Portal,North America,High-Growth Tech,16,6415.91,0.0,9.5,9687.97,5,4.78,53633.53,102654.56,49021.03
2025-09-27,HyperRack 800,Enterprise Hardware,E-Commerce Portal,APAC,High-Growth Tech,3,4703.58,0.0,6.2,13447.03,20,4.97,6810.54,14110.74,7300.2
2025-09-27,VisionSorter 2.0,Smart Robotics,E-Commerce Portal,Latin America,High-Growth Tech,9,9185.84,5.0,10.7,3639.68,15,4.54,34728.63,78538.93,43810.3
2025-09-28,Cryo-Temp Probe A9,Quantum Sensors,Direct Sales,North America,High-Growth Tech,2,6231.22,5.0,14.2,3984.24,20,4.27,6819.9,11839.32,5019.42
2025-09-28,CogniTwin Enterprise Tier,Cloud Subscriptions,E-Commerce Portal,North America,High-Growth Tech,24,823.93,0.0,14.8,8745.48,7,4.82,9626.84,19774.32,10147.48
2025-09-28,Apex Server Cluster,Enterprise Hardware,Direct Sales,EMEA,Research Institute,10,4625.59,10.0,3.0,2324.33,10,3.96,20100.08,41630.31,21530.23
2025-09-29,Automated Guided Rover,Smart Robotics,Direct Sales,Latin America,High-Growth Tech,14,8894.35,15.0,16.3,12858.07,15,4.94,56640.26,105842.77,49202.51
2025-09-29,Cryo-Temp Probe A9,Quantum Sensors,Direct Sales,North America,Mid-Market Enterprise,11,6401.57,10.0,3.2,11658.3,20,3.97,27572.4,63375.54,35803.14
2025-09-30,Precision Laser Resonator,Quantum Sensors,Direct Sales,North America,Fortune 500,9,5938.24,0.0,16.2,12458.65,19,4.73,23141.82,53444.16,30302.34
2025-09-30,CogniTwin Enterprise Tier,Cloud Subscriptions,Direct Sales,EMEA,High-Growth Tech,18,836.22,5.0,12.9,9648.26,4,5.0,6904.76,14299.36,7394.6
2025-09-30,HyperRack 800,Enterprise Hardware,Direct Sales,North America,High-Growth Tech,12,4305.46,5.0,15.5,12492.72,11,4.8,23262.7,49082.24,25819.54
2025-10-01,Neural API Pro,Cloud Subscriptions,Direct Sales,EMEA,Fortune 500,14,871.56,10.0,13.8,2395.12,10,4.18,5398.65,10981.66,5583.01
2025-10-01,Automated Guided Rover,Smart Robotics,Direct Sales,APAC,Fortune 500,8,8463.66,5.0,3.2,3132.87,17,4.16,30691.78,64323.82,33632.04
2025-10-02,Apex Server Cluster,Enterprise Hardware,Direct Sales,EMEA,High-Growth Tech,12,4404.69,5.0,11.4,5073.97,6,3.99,21480.57,50213.47,28732.9
2025-10-02,Automated Guided Rover,Smart Robotics,Direct Sales,APAC,High-Growth Tech,7,8922.24,10.0,15.8,1802.56,12,4.73,30679.33,56210.11,25530.78
2025-10-03,OmniVision Sensor Unit,Edge AI Devices,Government Contract,APAC,Research Institute,35,1224.37,0.0,6.9,8673.91,18,4.46,24587.37,42852.95,18265.58
2025-10-03,Apex Server Cluster,Enterprise Hardware,E-Commerce Portal,Latin America,Research Institute,7,4410.12,15.0,17.4,8881.09,3,5.0,15081.27,26240.21,11158.94
2025-10-04,Neural API Pro,Cloud Subscriptions,E-Commerce Portal,APAC,Mid-Market Enterprise,11,810.64,0.0,14.4,1886.74,6,3.98,5004.39,8917.04,3912.65
2025-10-04,Precision Laser Resonator,Quantum Sensors,Enterprise Partner,North America,Fortune 500,14,6027.17,5.0,8.5,5878.06,20,3.66,38617.63,80161.36,41543.73
2025-10-05,Precision Laser Resonator,Quantum Sensors,Enterprise Partner,North America,High-Growth Tech,6,5982.36,0.0,14.4,2092.35,7,4.58,20563.08,35894.16,15331.08
2025-10-05,Apex Server Cluster,Enterprise Hardware,E-Commerce Portal,North America,Mid-Market Enterprise,26,4346.51,0.0,6.4,6373.46,20,4.52,53502.31,113009.26,59506.95
2025-10-05,OmniVision Sensor Unit,Edge AI Devices,E-Commerce Portal,North America,Research Institute,26,1200.38,0.0,4.2,9020.08,15,4.72,13619.97,31209.88,17589.91
2025-10-06,Quantum Flux Magnetometer,Quantum Sensors,Direct Sales,North America,High-Growth Tech,8,6249.4,10.0,13.2,6672.62,19,4.57,21747.04,44995.68,23248.64
2025-10-06,CogniTwin Enterprise Tier,Cloud Subscriptions,Direct Sales,North America,High-Growth Tech,15,876.67,0.0,14.5,9329.17,17,4.45,7585.75,13150.05,5564.3
2025-10-07,Apex Server Cluster,Enterprise Hardware,Government Contract,North America,High-Growth Tech,4,4626.21,0.0,11.6,3565.37,11,4.38,7990.39,18504.84,10514.45
2025-10-07,Autonomous Cloud Seat,Cloud Subscriptions,Direct Sales,North America,High-Growth Tech,10,826.2,0.0,14.0,1701.3,10,4.43,4268.31,8262.0,3993.69
2025-10-08,AgileCobot Arm 600,Smart Robotics,Direct Sales,North America,Fortune 500,3,8868.13,0.0,5.7,8864.41,11,4.49,14541.69,26604.39,12062.7
2025-10-08,PowerNode V4 Blade,Enterprise Hardware,Direct Sales,APAC,High-Growth Tech,4,4281.06,10.0,17.9,11887.24,14,4.03,7273.62,15411.82,8138.2
2025-10-08,EdgeGateway X1,Edge AI Devices,Enterprise Partner,Latin America,Fortune 500,14,1169.47,0.0,4.1,6043.63,6,4.65,6876.81,16372.58,9495.77
2025-10-09,Automated Guided Rover,Smart Robotics,Direct Sales,EMEA,Research Institute,7,8878.39,5.0,14.5,2953.88,3,4.34,27493.66,59041.29,31547.63
2025-10-09,Neural API Pro,Cloud Subscriptions,Direct Sales,APAC,High-Growth Tech,12,834.39,0.0,11.5,5324.28,15,4.67,4855.61,10012.68,5157.07
2025-10-09,HyperRack 800,Enterprise Hardware,Direct Sales,APAC,High-Growth Tech,2,4622.92,5.0,2.6,10018.26,18,3.98,3801.21,8783.55,4982.34
2025-10-10,Precision Laser Resonator,Quantum Sensors,Direct Sales,EMEA,Fortune 500,15,5972.0,10.0,17.8,4380.9,12,4.52,35592.77,80622.0,45029.23
2025-10-10,Apex Server Cluster,Enterprise Hardware,E-Commerce Portal,North America,High-Growth Tech,8,4642.31,5.0,7.3,3871.17,6,4.08,15703.27,35281.56,19578.29
2025-10-11,Neural API Pro,Cloud Subscriptions,Government Contract,Latin America,Fortune 500,13,885.81,10.0,2.7,3011.84,15,4.51,5376.36,10363.98,4987.62
2025-10-11,Quantum Flux Magnetometer,Quantum Sensors,Enterprise Partner,Latin America,Fortune 500,8,5926.5,0.0,7.7,4418.77,13,4.96,24815.44,47412.0,22596.56
2025-10-12,OmniVision Sensor Unit,Edge AI Devices,Direct Sales,Latin America,Mid-Market Enterprise,33,1154.49,15.0,11.9,7040.91,7,4.79,15786.97,32383.44,16596.47
2025-10-12,AgileCobot Arm 600,Smart Robotics,Enterprise Partner,EMEA,High-Growth Tech,4,8998.05,15.0,2.9,3987.36,14,4.41,13349.49,30593.37,17243.88
2025-10-13,OmniVision Sensor Unit,Edge AI Devices,E-Commerce Portal,EMEA,Research Institute,24,1143.74,15.0,8.7,9368.96,4,3.9,11055.04,23332.3,12277.26
2025-10-13,Precision Laser Resonator,Quantum Sensors,Direct Sales,EMEA,High-Growth Tech,7,6232.41,0.0,14.5,9726.07,17,4.5,18947.66,43626.87,24679.21
2025-10-13,Automated Guided Rover,Smart Robotics,E-Commerce Portal,APAC,Fortune 500,10,9310.32,10.0,4.2,4621.21,19,4.15,48439.92,83792.88,35352.96
2025-10-14,HyperRack 800,Enterprise Hardware,E-Commerce Portal,North America,Mid-Market Enterprise,5,4570.91,10.0,17.4,3621.67,9,4.78,9257.8,20569.1,11311.3
2025-10-14,NeuroEdge Core T3,Edge AI Devices,E-Commerce Portal,EMEA,Fortune 500,24,1141.38,15.0,17.5,5851.48,9,3.66,11323.96,23284.15,11960.19
2025-10-14,Neural API Pro,Cloud Subscriptions,Enterprise Partner,EMEA,High-Growth Tech,28,829.94,5.0,11.8,9898.51,12,4.5,9724.08,22076.4,12352.32
2025-10-15,OmniVision Sensor Unit,Edge AI Devices,Direct Sales,North America,Fortune 500,10,1193.63,5.0,11.6,1937.13,5,4.97,5848.78,11339.49,5490.71
2025-10-15,Autonomous Cloud Seat,Cloud Subscriptions,Enterprise Partner,North America,Fortune 500,14,818.92,5.0,5.5,7435.65,20,4.98,6236.95,10891.64,4654.69
2025-10-15,Apex Server Cluster,Enterprise Hardware,E-Commerce Portal,EMEA,High-Growth Tech,3,4411.93,0.0,2.9,1791.38,15,4.12,6291.8,13235.79,6943.99
2025-10-16,Automated Guided Rover,Smart Robotics,Enterprise Partner,North America,Mid-Market Enterprise,7,8592.26,10.0,3.6,1705.84,11,3.5,30970.09,54131.24,23161.15
2025-10-16,PowerNode V4 Blade,Enterprise Hardware,E-Commerce Portal,North America,Mid-Market Enterprise,7,4708.72,0.0,5.6,6996.11,15,4.66,15193.56,32961.04,17767.48
2025-10-16,Cryo-Temp Probe A9,Quantum Sensors,Direct Sales,EMEA,Mid-Market Enterprise,13,6484.36,15.0,15.8,9279.6,11,4.47,35185.34,71652.18,36466.84
2025-10-17,OmniVision Sensor Unit,Edge AI Devices,Government Contract,North America,High-Growth Tech,33,1237.92,0.0,11.1,8803.08,5,4.46,19180.86,40851.36,21670.5
2025-10-17,Apex Server Cluster,Enterprise Hardware,Direct Sales,North America,Fortune 500,8,4632.94,5.0,3.2,8348.34,9,5.0,17725.83,35210.34,17484.51
2025-10-17,Precision Laser Resonator,Quantum Sensors,E-Commerce Portal,Latin America,Fortune 500,5,6220.37,5.0,6.4,4873.72,9,5.0,12460.45,29546.76,17086.31
2025-10-18,Quantum Flux Magnetometer,Quantum Sensors,Direct Sales,North America,High-Growth Tech,15,6037.08,15.0,15.3,10532.52,19,3.93,40244.41,76972.77,36728.36
2025-10-18,NeuroEdge Core T3,Edge AI Devices,Direct Sales,North America,Fortune 500,11,1189.73,10.0,7.0,7548.34,8,4.67,5648.8,11778.33,6129.53
2025-10-18,HyperRack 800,Enterprise Hardware,Direct Sales,North America,Fortune 500,12,4420.12,0.0,12.9,9760.82,3,4.49,24912.32,53041.44,28129.12
2025-10-19,CogniTwin Enterprise Tier,Cloud Subscriptions,E-Commerce Portal,EMEA,Fortune 500,22,823.7,0.0,6.5,9282.03,5,4.45,10475.62,18121.4,7645.78
2025-10-19,Precision Laser Resonator,Quantum Sensors,E-Commerce Portal,North America,Fortune 500,8,6031.23,0.0,6.5,9997.83,5,5.0,26818.45,48249.84,21431.39
2025-10-20,Automated Guided Rover,Smart Robotics,Enterprise Partner,EMEA,Mid-Market Enterprise,5,9179.06,0.0,12.9,6092.05,17,4.22,26099.3,45895.3,19796.0
2025-10-20,Neural API Pro,Cloud Subscriptions,Direct Sales,North America,Fortune 500,16,873.0,5.0,12.3,10193.74,13,4.25,7049.97,13269.6,6219.63
2025-10-21,Neural API Pro,Cloud Subscriptions,Direct Sales,EMEA,High-Growth Tech,19,862.66,10.0,10.1,6065.43,15,4.54,7198.89,14751.49,7552.6
2025-10-21,HyperRack 800,Enterprise Hardware,E-Commerce Portal,North America,Fortune 500,3,4489.11,20.0,6.3,5531.1,11,4.25,4572.52,10773.86,6201.34
2025-10-21,VisionSorter 2.0,Smart Robotics,Enterprise Partner,APAC,High-Growth Tech,7,8472.5,10.0,3.4,10248.74,7,4.18,26457.03,53376.75,26919.72
2025-10-22,NeuroEdge Core T3,Edge AI Devices,Enterprise Partner,APAC,High-Growth Tech,21,1242.38,0.0,4.7,10427.32,7,4.13,13576.19,26089.98,12513.79
2025-10-22,Precision Laser Resonator,Quantum Sensors,Enterprise Partner,North America,Fortune 500,4,6148.25,0.0,5.9,3353.3,5,4.44,11519.07,24593.0,13073.93
2025-10-23,Cryo-Temp Probe A9,Quantum Sensors,Direct Sales,APAC,Mid-Market Enterprise,5,6140.68,5.0,12.8,8232.21,7,3.84,16108.02,29168.23,13060.21
2025-10-23,Automated Guided Rover,Smart Robotics,Direct Sales,Latin America,Research Institute,7,8553.3,5.0,3.8,11931.38,18,4.34,27843.51,56879.44,29035.93
2025-10-24,Automated Guided Rover,Smart Robotics,Direct Sales,Latin America,High-Growth Tech,4,8899.51,10.0,16.4,5792.85,19,4.34,17087.13,32038.24,14951.11
2025-10-24,Apex Server Cluster,Enterprise Hardware,Direct Sales,North America,Fortune 500,4,4277.78,0.0,6.8,2595.15,9,3.94,9463.89,17111.12,7647.23
2025-10-24,Autonomous Cloud Seat,Cloud Subscriptions,E-Commerce Portal,Latin America,Mid-Market Enterprise,26,864.38,5.0,12.0,5494.58,20,5.0,11515.16,21350.19,9835.03
2025-10-25,OmniVision Sensor Unit,Edge AI Devices,Enterprise Partner,APAC,Mid-Market Enterprise,18,1212.38,15.0,16.2,1966.66,16,4.62,10157.05,18549.41,8392.36
2025-10-25,Automated Guided Rover,Smart Robotics,Direct Sales,North America,High-Growth Tech,9,8897.21,5.0,13.3,10528.24,12,3.81,32288.16,76071.15,43782.99
2025-10-25,CogniTwin Enterprise Tier,Cloud Subscriptions,Direct Sales,North America,High-Growth Tech,29,848.85,10.0,16.4,4967.77,20,4.63,11211.17,22154.98,10943.81
2025-10-26,HyperRack 800,Enterprise Hardware,Government Contract,North America,Mid-Market Enterprise,15,4614.26,0.0,7.0,11007.96,18,4.53,31558.12,69213.9,37655.78
2025-10-26,Neural API Pro,Cloud Subscriptions,E-Commerce Portal,North America,High-Growth Tech,20,820.09,0.0,15.0,10504.17,14,4.67,7380.21,16401.8,9021.59
2025-10-27,Autonomous Cloud Seat,Cloud Subscriptions,Direct Sales,North America,Mid-Market Enterprise,10,875.4,15.0,8.6,2913.87,18,4.17,3636.76,7440.9,3804.14
2025-10-27,VisionSorter 2.0,Smart Robotics,E-Commerce Portal,APAC,Research Institute,4,9075.76,10.0,2.4,4452.08,14,4.67,15757.99,32672.74,16914.75
2025-10-28,Cryo-Temp Probe A9,Quantum Sensors,Enterprise Partner,APAC,Fortune 500,5,6038.52,5.0,17.9,11653.34,16,4.3,14225.55,28682.97,14457.42
2025-10-28,Apex Server Cluster,Enterprise Hardware,E-Commerce Portal,APAC,Fortune 500,5,4319.39,10.0,3.5,7831.72,8,4.09,9783.92,19437.25,9653.33
2025-10-29,Cryo-Temp Probe A9,Quantum Sensors,Direct Sales,EMEA,Mid-Market Enterprise,13,6459.41,15.0,7.3,8759.77,12,4.26,31516.88,71376.48,39859.6
2025-10-29,HyperRack 800,Enterprise Hardware,Direct Sales,North America,Mid-Market Enterprise,5,4554.28,0.0,10.7,2780.73,13,4.56,11154.32,22771.4,11617.08
2025-10-30,HyperRack 800,Enterprise Hardware,Enterprise Partner,North America,High-Growth Tech,7,4405.68,5.0,8.4,11449.67,7,3.83,14542.03,29297.77,14755.74
2025-10-30,AgileCobot Arm 600,Smart Robotics,E-Commerce Portal,North America,Fortune 500,9,8792.28,0.0,10.2,9980.05,5,4.63,40991.73,79130.52,38138.79
2025-10-30,OmniVision Sensor Unit,Edge AI Devices,E-Commerce Portal,North America,Mid-Market Enterprise,11,1153.83,15.0,11.4,2857.34,10,4.54,5651.18,10788.31,5137.13
2025-10-31,HyperRack 800,Enterprise Hardware,Government Contract,EMEA,High-Growth Tech,8,4702.16,0.0,14.1,5380.28,6,4.3,21733.41,37617.28,15883.87
2025-10-31,NeuroEdge Core T3,Edge AI Devices,Direct Sales,North America,Mid-Market Enterprise,15,1188.97,0.0,3.1,10451.3,9,4.5,9718.04,17834.55,8116.51
2025-10-31,Precision Laser Resonator,Quantum Sensors,Government Contract,North America,High-Growth Tech,11,6379.52,10.0,14.1,5032.62,5,3.65,29148.21,63157.25,34009.04
2025-11-01,CogniTwin Enterprise Tier,Cloud Subscriptions,Enterprise Partner,APAC,High-Growth Tech,28,842.73,10.0,17.7,14502.48,3,4.47,11017.67,21236.8,10219.13
2025-11-01,AgileCobot Arm 600,Smart Robotics,Direct Sales,APAC,Fortune 500,14,9154.55,5.0,2.2,15053.45,6,3.98,52968.01,121755.51,68787.5
2025-11-02,Apex Server Cluster,Enterprise Hardware,Direct Sales,APAC,Fortune 500,14,4338.57,0.0,17.9,7336.68,15,4.56,31261.31,60739.98,29478.67
2025-11-02,Quantum Flux Magnetometer,Quantum Sensors,Enterprise Partner,North America,High-Growth Tech,12,6286.7,5.0,10.4,3660.34,12,4.25,31183.52,71668.38,40484.86
2025-11-03,Quantum Flux Magnetometer,Quantum Sensors,Direct Sales,North America,Mid-Market Enterprise,11,6344.71,5.0,8.0,8964.29,12,3.54,35516.87,66302.22,30785.35
2025-11-03,Apex Server Cluster,Enterprise Hardware,E-Commerce Portal,EMEA,High-Growth Tech,9,4587.73,5.0,12.7,12062.62,10,4.2,21395.14,39225.09,17829.95
2025-11-03,CogniTwin Enterprise Tier,Cloud Subscriptions,E-Commerce Portal,EMEA,High-Growth Tech,36,846.9,5.0,12.8,12652.95,9,4.79,15138.73,28963.98,13825.25
2025-11-04,Apex Server Cluster,Enterprise Hardware,Direct Sales,APAC,Mid-Market Enterprise,4,4549.56,0.0,4.0,9131.09,12,5.0,8875.34,18198.24,9322.9
2025-11-04,Quantum Flux Magnetometer,Quantum Sensors,Enterprise Partner,APAC,Research Institute,9,6064.88,0.0,11.8,4709.85,16,4.43,25408.02,54583.92,29175.9
2025-11-05,PowerNode V4 Blade,Enterprise Hardware,Direct Sales,EMEA,Mid-Market Enterprise,12,4716.47,5.0,7.8,7358.2,6,4.0,31109.58,53767.76,22658.18
2025-11-05,CogniTwin Enterprise Tier,Cloud Subscriptions,Direct Sales,Latin America,Mid-Market Enterprise,24,882.36,10.0,2.5,11538.48,9,4.02,8907.38,19058.98,10151.6
2025-11-06,Precision Laser Resonator,Quantum Sensors,Government Contract,North America,Fortune 500,8,5959.16,5.0,6.7,8237.96,18,3.69,26077.86,45289.62,19211.76
2025-11-06,OmniVision Sensor Unit,Edge AI Devices,E-Commerce Portal,EMEA,Fortune 500,34,1181.75,5.0,6.7,7970.97,6,4.11,18889.83,38170.52,19280.69
2025-11-06,AgileCobot Arm 600,Smart Robotics,Direct Sales,North America,Fortune 500,9,9177.65,5.0,6.1,2573.34,7,4.21,43521.34,78468.91,34947.57
2025-11-07,Quantum Flux Magnetometer,Quantum Sensors,E-Commerce Portal,APAC,High-Growth Tech,7,6194.62,5.0,5.1,4277.11,3,3.77,20199.23,41194.22,20994.99
2025-11-07,AgileCobot Arm 600,Smart Robotics,E-Commerce Portal,Latin America,Mid-Market Enterprise,10,8571.22,5.0,13.7,3554.92,19,4.54,34614.25,81426.59,46812.34
2025-11-07,CogniTwin Enterprise Tier,Cloud Subscriptions,Government Contract,North America,Fortune 500,49,863.71,10.0,8.7,6510.18,10,4.57,16682.0,38089.61,21407.61
2025-11-08,Neural API Pro,Cloud Subscriptions,E-Commerce Portal,North America,Fortune 500,51,841.61,10.0,3.8,9441.82,6,3.97,17858.33,38629.9,20771.57
2025-11-08,NeuroEdge Core T3,Edge AI Devices,Government Contract,North America,Fortune 500,25,1243.4,0.0,10.0,5909.56,11,4.29,18007.38,31085.0,13077.62
2025-11-08,PowerNode V4 Blade,Enterprise Hardware,Direct Sales,North America,High-Growth Tech,13,4492.55,0.0,10.4,4844.57,4,4.08,27967.53,58403.15,30435.62
2025-11-09,Autonomous Cloud Seat,Cloud Subscriptions,E-Commerce Portal,APAC,Mid-Market Enterprise,30,878.14,5.0,4.8,13694.38,12,4.84,10729.18,25026.99,14297.81
2025-11-09,PowerNode V4 Blade,Enterprise Hardware,E-Commerce Portal,North America,Fortune 500,15,4636.42,0.0,12.4,12253.61,5,5.0,32249.08,69546.3,37297.22
2025-11-09,VisionSorter 2.0,Smart Robotics,Direct Sales,North America,Fortune 500,29,8524.16,10.0,11.2,14627.58,7,3.87,118345.63,222480.58,104134.95
2025-11-10,VisionSorter 2.0,Smart Robotics,Enterprise Partner,North America,Fortune 500,7,8597.35,0.0,11.1,7011.48,15,4.42,33335.74,60181.45,26845.71
2025-11-10,EdgeGateway X1,Edge AI Devices,Enterprise Partner,EMEA,Mid-Market Enterprise,48,1231.3,0.0,17.1,14593.1,6,4.2,31500.58,59102.4,27601.82
2025-11-10,Precision Laser Resonator,Quantum Sensors,E-Commerce Portal,North America,Fortune 500,7,6253.32,10.0,14.0,3927.76,15,4.58,18336.76,39395.92,21059.16
2025-11-11,NeuroEdge Core T3,Edge AI Devices,Direct Sales,APAC,Fortune 500,20,1152.13,15.0,5.1,2229.16,4,4.84,10888.97,19586.21,8697.24
2025-11-11,AgileCobot Arm 600,Smart Robotics,Direct Sales,North America,Mid-Market Enterprise,11,8510.62,10.0,12.4,4610.49,17,4.4,37759.07,84255.14,46496.07
2025-11-11,Precision Laser Resonator,Quantum Sensors,E-Commerce Portal,EMEA,Fortune 500,7,6225.38,10.0,9.1,9106.64,11,4.39,16928.88,39219.89,22291.01
2025-11-12,Apex Server Cluster,Enterprise Hardware,Direct Sales,EMEA,High-Growth Tech,18,4592.51,15.0,11.3,15346.89,9,4.59,40440.35,70265.4,29825.05
2025-11-12,NeuroEdge Core T3,Edge AI Devices,Government Contract,Latin America,Fortune 500,19,1183.44,10.0,13.0,3159.42,9,4.63,9643.11,20236.82,10593.71
2025-11-13,HyperRack 800,Enterprise Hardware,Government Contract,APAC,Fortune 500,6,4327.69,0.0,10.9,10362.61,6,4.39,13227.82,25966.14,12738.32
2025-11-13,EdgeGateway X1,Edge AI Devices,Government Contract,North America,Fortune 500,45,1193.59,0.0,9.9,10938.94,18,4.42,30396.89,53711.55,23314.66
2025-11-13,Automated Guided Rover,Smart Robotics,Enterprise Partner,North America,Fortune 500,12,9305.7,0.0,10.9,5987.41,19,4.36,54213.88,111668.4,57454.52
2025-11-14,Neural API Pro,Cloud Subscriptions,Enterprise Partner,EMEA,Research Institute,25,890.68,10.0,12.4,7084.3,15,4.1,8562.16,20040.3,11478.14
2025-11-14,Automated Guided Rover,Smart Robotics,E-Commerce Portal,North America,Mid-Market Enterprise,26,8726.14,15.0,8.3,12590.34,5,5.0,94854.44,192847.69,97993.25
2025-11-14,NeuroEdge Core T3,Edge AI Devices,E-Commerce Portal,North America,Research Institute,17,1156.62,5.0,7.8,5344.18,9,3.67,8491.41,18679.41,10188.0
2025-11-15,VisionSorter 2.0,Smart Robotics,E-Commerce Portal,North America,Fortune 500,14,8525.42,5.0,2.6,13498.56,17,4.29,64845.92,113388.09,48542.17
2025-11-15,EdgeGateway X1,Edge AI Devices,Direct Sales,North America,High-Growth Tech,16,1257.24,10.0,12.4,6151.89,12,4.45,7769.6,18104.26,10334.66
2025-11-16,CogniTwin Enterprise Tier,Cloud Subscriptions,Enterprise Partner,North America,Research Institute,43,871.77,20.0,16.0,13752.69,4,4.0,13401.77,29988.89,16587.12
2025-11-16,OmniVision Sensor Unit,Edge AI Devices,E-Commerce Portal,North America,High-Growth Tech,56,1246.56,0.0,4.6,13461.57,18,4.76,31519.06,69807.36,38288.3
2025-11-16,HyperRack 800,Enterprise Hardware,Enterprise Partner,EMEA,Fortune 500,22,4699.34,0.0,2.4,9788.18,18,4.66,54550.34,103385.48,48835.14
2025-11-17,EdgeGateway X1,Edge AI Devices,Direct Sales,EMEA,Fortune 500,14,1208.57,0.0,11.8,5910.83,20,4.55,8256.98,16919.98,8663.0
2025-11-17,VisionSorter 2.0,Smart Robotics,Direct Sales,Latin America,Fortune 500,7,8712.78,5.0,11.8,4188.41,20,4.58,30912.19,57939.99,27027.8
2025-11-18,AgileCobot Arm 600,Smart Robotics,E-Commerce Portal,APAC,Fortune 500,9,8533.36,0.0,6.0,11536.33,6,5.0,41108.9,76800.24,35691.34
2025-11-18,Quantum Flux Magnetometer,Quantum Sensors,Enterprise Partner,EMEA,High-Growth Tech,10,5938.44,15.0,12.5,10728.15,17,4.49,21763.11,50476.74,28713.63
2025-11-19,CogniTwin Enterprise Tier,Cloud Subscriptions,Direct Sales,North America,Fortune 500,28,840.42,10.0,18.0,13034.93,11,4.36,8918.39,21178.58,12260.19
2025-11-19,HyperRack 800,Enterprise Hardware,Direct Sales,North America,Mid-Market Enterprise,4,4603.82,0.0,15.0,11482.66,20,4.46,10355.37,18415.28,8059.91
2025-11-19,EdgeGateway X1,Edge AI Devices,Direct Sales,EMEA,High-Growth Tech,58,1148.89,10.0,7.8,14383.84,7,4.61,29281.91,59972.06,30690.15
2025-11-20,Autonomous Cloud Seat,Cloud Subscriptions,Direct Sales,EMEA,Fortune 500,24,853.93,5.0,13.8,7605.41,14,5.0,8797.85,19469.6,10671.75
2025-11-20,NeuroEdge Core T3,Edge AI Devices,E-Commerce Portal,EMEA,Research Institute,14,1215.05,5.0,12.2,2627.0,4,4.23,6889.53,16160.16,9270.63
2025-11-21,Neural API Pro,Cloud Subscriptions,E-Commerce Portal,North America,Fortune 500,26,840.92,0.0,9.2,6221.89,10,3.93,10889.4,21863.92,10974.52
2025-11-21,Quantum Flux Magnetometer,Quantum Sensors,E-Commerce Portal,APAC,High-Growth Tech,1,6270.35,0.0,15.8,11167.84,8,4.34,2990.66,6270.35,3279.69
2025-11-21,HyperRack 800,Enterprise Hardware,E-Commerce Portal,Latin America,Mid-Market Enterprise,13,4656.2,5.0,3.4,11557.84,7,4.05,32779.28,57504.07,24724.79
2025-11-22,Quantum Flux Magnetometer,Quantum Sensors,Direct Sales,Latin America,High-Growth Tech,16,6107.1,5.0,14.5,4660.24,18,4.24,48254.84,92827.92,44573.08
2025-11-22,AgileCobot Arm 600,Smart Robotics,E-Commerce Portal,North America,Mid-Market Enterprise,8,9252.82,0.0,7.2,9249.81,4,4.64,42694.26,74022.56,31328.3
2025-11-22,Autonomous Cloud Seat,Cloud Subscriptions,E-Commerce Portal,North America,Mid-Market Enterprise,25,862.96,0.0,14.6,7939.38,10,4.34,12477.46,21574.0,9096.54
2025-11-23,Automated Guided Rover,Smart Robotics,Direct Sales,EMEA,High-Growth Tech,17,8781.59,0.0,7.1,6358.18,14,3.65,64853.51,149287.03,84433.52
2025-11-23,OmniVision Sensor Unit,Edge AI Devices,E-Commerce Portal,North America,Fortune 500,30,1144.08,15.0,16.0,9683.24,10,4.39,16186.52,29174.04,12987.52
2025-11-24,EdgeGateway X1,Edge AI Devices,Direct Sales,North America,Fortune 500,21,1173.16,10.0,12.3,8706.21,15,4.92,10598.51,22172.72,11574.21
2025-11-24,AgileCobot Arm 600,Smart Robotics,Enterprise Partner,North America,Fortune 500,10,8455.31,10.0,14.8,12040.91,11,4.41,32687.75,76097.79,43410.04
2025-11-24,CogniTwin Enterprise Tier,Cloud Subscriptions,Government Contract,APAC,Research Institute,29,880.16,0.0,6.9,7933.57,18,3.84,13441.97,25524.64,12082.67
2025-11-25,Cryo-Temp Probe A9,Quantum Sensors,Enterprise Partner,North America,High-Growth Tech,14,6351.31,20.0,11.2,10351.82,19,3.5,36636.13,71134.67,34498.54
2025-11-25,Neural API Pro,Cloud Subscriptions,Enterprise Partner,EMEA,Fortune 500,22,889.64,5.0,8.0,2671.98,12,4.37,10317.96,18593.48,8275.52
2025-11-26,CogniTwin Enterprise Tier,Cloud Subscriptions,Direct Sales,North America,Fortune 500,25,845.3,0.0,9.9,13374.67,13,4.71,10672.03,21132.5,10460.47
2025-11-26,OmniVision Sensor Unit,Edge AI Devices,Direct Sales,EMEA,High-Growth Tech,24,1252.43,0.0,6.3,10766.38,3,4.06,12687.38,30058.32,17370.94
2025-11-26,Precision Laser Resonator,Quantum Sensors,E-Commerce Portal,North America,High-Growth Tech,10,6421.54,20.0,2.5,13562.08,3,4.44,25920.44,51372.32,25451.88
2025-11-27,Precision Laser Resonator,Quantum Sensors,E-Commerce Portal,North America,High-Growth Tech,5,6220.22,0.0,10.1,14127.09,6,3.61,13165.04,31101.1,17936.06
2025-11-27,VisionSorter 2.0,Smart Robotics,E-Commerce Portal,North America,Fortune 500,3,9118.51,15.0,12.6,10825.7,20,4.78,11398.37,23252.2,11853.83
2025-11-28,HyperRack 800,Enterprise Hardware,E-Commerce Portal,North America,High-Growth Tech,21,4301.43,15.0,17.7,7465.86,6,4.82,40275.93,76780.53,36504.6
2025-11-28,Precision Laser Resonator,Quantum Sensors,Government Contract,EMEA,High-Growth Tech,5,6351.68,0.0,4.7,8404.5,18,5.0,17906.02,31758.4,13852.38
2025-11-28,NeuroEdge Core T3,Edge AI Devices,Enterprise Partner,EMEA,Fortune 500,45,1199.45,15.0,13.2,3671.1,11,4.56,21731.08,45878.96,24147.88
2025-11-29,PowerNode V4 Blade,Enterprise Hardware,E-Commerce Portal,EMEA,High-Growth Tech,19,4350.08,0.0,14.5,6874.44,5,4.75,38500.13,82651.52,44151.39
2025-11-29,OmniVision Sensor Unit,Edge AI Devices,Direct Sales,North America,Fortune 500,26,1234.93,5.0,11.2,12568.72,13,4.56,13651.06,30502.77,16851.71
2025-11-29,Neural API Pro,Cloud Subscriptions,E-Commerce Portal,EMEA,Mid-Market Enterprise,27,821.81,5.0,4.9,2741.08,10,4.82,11591.99,21079.43,9487.44
2025-11-30,Precision Laser Resonator,Quantum Sensors,E-Commerce Portal,North America,Fortune 500,8,6153.54,0.0,16.3,8471.26,10,4.11,25328.13,49228.32,23900.19
2025-11-30,Apex Server Cluster,Enterprise Hardware,Enterprise Partner,North America,High-Growth Tech,7,4293.64,10.0,13.3,2228.21,4,4.85,12825.24,27049.93,14224.69
2025-12-01,HyperRack 800,Enterprise Hardware,E-Commerce Portal,EMEA,Fortune 500,9,4580.48,5.0,11.1,11219.42,13,4.6,16780.93,39163.1,22382.17
2025-12-01,CogniTwin Enterprise Tier,Cloud Subscriptions,Direct Sales,Latin America,Fortune 500,27,824.33,0.0,7.3,9135.85,7,4.7,10838.84,22256.91,11418.07
2025-12-01,EdgeGateway X1,Edge AI Devices,E-Commerce Portal,APAC,Mid-Market Enterprise,16,1142.77,0.0,13.3,12239.15,10,4.3,8506.9,18284.32,9777.42
2025-12-02,Cryo-Temp Probe A9,Quantum Sensors,Direct Sales,North America,Research Institute,23,6106.61,10.0,9.9,8319.34,7,3.95,59245.76,126406.83,67161.07
2025-12-02,NeuroEdge Core T3,Edge AI Devices,E-Commerce Portal,Latin America,High-Growth Tech,30,1199.25,10.0,12.6,13696.31,10,4.69,18043.08,32379.75,14336.67
2025-12-02,Neural API Pro,Cloud Subscriptions,E-Commerce Portal,North America,Mid-Market Enterprise,22,840.09,5.0,4.0,5222.6,7,4.18,7748.1,17557.88,9809.78
2025-12-03,Autonomous Cloud Seat,Cloud Subscriptions,Direct Sales,APAC,Research Institute,39,836.94,0.0,7.9,14803.61,15,4.36,15615.21,32640.66,17025.45
2025-12-03,OmniVision Sensor Unit,Edge AI Devices,E-Commerce Portal,North America,Fortune 500,53,1238.25,0.0,6.9,14423.61,8,4.68,31149.93,65627.25,34477.32
2025-12-04,VisionSorter 2.0,Smart Robotics,Direct Sales,APAC,Fortune 500,14,9099.65,0.0,7.7,5716.48,12,4.32,60037.24,127395.1,67357.86
2025-12-04,OmniVision Sensor Unit,Edge AI Devices,E-Commerce Portal,North America,High-Growth Tech,23,1146.7,10.0,3.2,7779.83,15,5.0,12965.82,23736.69,10770.87
2025-12-04,PowerNode V4 Blade,Enterprise Hardware,Enterprise Partner,EMEA,High-Growth Tech,5,4458.9,0.0,4.5,15727.66,20,4.78,12007.74,22294.5,10286.76
2025-12-05,Neural API Pro,Cloud Subscriptions,E-Commerce Portal,EMEA,Fortune 500,19,822.4,15.0,2.3,4991.46,13,4.02,7277.1,13281.76,6004.66
2025-12-05,EdgeGateway X1,Edge AI Devices,Enterprise Partner,APAC,Fortune 500,43,1239.64,5.0,17.5,5763.6,10,4.89,23439.07,50639.29,27200.22
2025-12-05,Quantum Flux Magnetometer,Quantum Sensors,Government Contract,North America,High-Growth Tech,13,6456.69,0.0,12.3,5219.93,8,4.15,43883.9,83936.97,40053.07
2025-12-06,OmniVision Sensor Unit,Edge AI Devices,Enterprise Partner,North America,Mid-Market Enterprise,40,1248.02,5.0,12.0,10818.91,11,4.51,22287.47,47424.76,25137.29
2025-12-06,AgileCobot Arm 600,Smart Robotics,Enterprise Partner,North America,Mid-Market Enterprise,17,8959.16,15.0,15.9,10479.73,15,4.39,54775.97,129459.86,74683.89
2025-12-06,Quantum Flux Magnetometer,Quantum Sensors,Enterprise Partner,APAC,Fortune 500,15,6051.78,5.0,17.9,2700.31,13,4.25,48936.59,86237.86,37301.27
2025-12-07,Precision Laser Resonator,Quantum Sensors,Direct Sales,North America,High-Growth Tech,17,5908.87,10.0,2.0,6529.82,11,5.0,50105.66,90405.71,40300.05
2025-12-07,AgileCobot Arm 600,Smart Robotics,Enterprise Partner,EMEA,High-Growth Tech,24,9099.12,10.0,5.0,12093.77,9,4.62,89646.81,196540.99,106894.18
2025-12-08,CogniTwin Enterprise Tier,Cloud Subscriptions,E-Commerce Portal,APAC,Mid-Market Enterprise,25,875.63,15.0,6.8,8585.99,13,4.83,9344.93,18607.14,9262.21
2025-12-08,PowerNode V4 Blade,Enterprise Hardware,Enterprise Partner,Latin America,High-Growth Tech,14,4382.07,10.0,16.5,9797.94,5,3.85,30931.48,55214.08,24282.6
2025-12-09,Quantum Flux Magnetometer,Quantum Sensors,Direct Sales,EMEA,Mid-Market Enterprise,12,6077.48,5.0,6.6,11432.7,9,4.23,38679.31,69283.27,30603.96
2025-12-09,Neural API Pro,Cloud Subscriptions,Direct Sales,EMEA,Fortune 500,17,873.17,15.0,3.7,4864.75,19,4.27,7277.73,12617.31,5339.58
2025-12-09,Automated Guided Rover,Smart Robotics,Direct Sales,North America,Fortune 500,3,9331.83,10.0,8.2,3048.74,16,4.7,13949.88,25195.94,11246.06
2025-12-10,Precision Laser Resonator,Quantum Sensors,Direct Sales,APAC,Fortune 500,2,6509.83,5.0,10.9,8315.03,3,4.14,5998.08,12368.68,6370.6
2025-12-10,Automated Guided Rover,Smart Robotics,Enterprise Partner,EMEA,Fortune 500,18,8896.48,5.0,17.5,14596.6,10,4.89,72041.08,152129.81,80088.73
2025-12-11,Apex Server Cluster,Enterprise Hardware,Enterprise Partner,North America,Fortune 500,13,4338.87,0.0,5.7,6987.92,9,4.81,26912.85,56405.31,29492.46
2025-12-11,VisionSorter 2.0,Smart Robotics,Enterprise Partner,APAC,Fortune 500,9,8811.3,15.0,9.0,5921.24,20,4.45,38138.41,67406.45,29268.04
2025-12-11,Cryo-Temp Probe A9,Quantum Sensors,Direct Sales,North America,Mid-Market Enterprise,14,6203.05,10.0,15.2,10216.42,6,4.93,37263.73,78158.43,40894.7
2025-12-12,EdgeGateway X1,Edge AI Devices,E-Commerce Portal,APAC,Research Institute,46,1165.99,0.0,13.0,11426.79,7,4.06,26168.92,53635.54,27466.62
2025-12-12,Automated Guided Rover,Smart Robotics,E-Commerce Portal,North America,Mid-Market Enterprise,25,9191.84,15.0,6.9,7760.4,17,4.74,95851.62,195326.6,99474.98
2025-12-12,Precision Laser Resonator,Quantum Sensors,Direct Sales,North America,Fortune 500,19,6228.27,10.0,2.3,15523.5,15,4.58,50437.18,106503.42,56066.24
2025-12-13,Apex Server Cluster,Enterprise Hardware,E-Commerce Portal,APAC,High-Growth Tech,16,4353.8,0.0,6.0,3928.88,12,3.89,36297.63,69660.8,33363.17
2025-12-13,EdgeGateway X1,Edge AI Devices,Government Contract,EMEA,Research Institute,56,1254.76,20.0,4.3,6828.81,13,4.79,30805.22,56213.25,25408.03
2025-12-14,Precision Laser Resonator,Quantum Sensors,Enterprise Partner,APAC,High-Growth Tech,13,5964.24,5.0,10.1,6698.73,5,4.4,32836.78,73658.36,40821.58
2025-12-14,Automated Guided Rover,Smart Robotics,Enterprise Partner,North America,Fortune 500,10,8954.47,5.0,17.6,5924.65,17,4.51,39274.27,85067.47,45793.2
2025-12-15,Cryo-Temp Probe A9,Quantum Sensors,E-Commerce Portal,APAC,Research Institute,14,5961.5,0.0,12.4,13797.81,12,5.0,41414.33,83461.0,42046.67
2025-12-15,Neural API Pro,Cloud Subscriptions,Direct Sales,North America,High-Growth Tech,29,850.26,0.0,2.7,8865.96,15,4.55,11134.27,24657.54,13523.27
2025-12-16,AgileCobot Arm 600,Smart Robotics,Direct Sales,North America,Fortune 500,20,9119.11,0.0,15.8,12645.92,10,5.0,81542.75,182382.2,100839.45
2025-12-16,NeuroEdge Core T3,Edge AI Devices,Enterprise Partner,Latin America,Fortune 500,30,1243.19,10.0,6.8,7962.54,3,3.87,15974.34,33566.13,17591.79
2025-12-16,Cryo-Temp Probe A9,Quantum Sensors,Enterprise Partner,North America,High-Growth Tech,19,6021.7,10.0,17.3,5433.23,20,4.5,53437.02,102971.07,49534.05
2025-12-17,NeuroEdge Core T3,Edge AI Devices,Direct Sales,North America,High-Growth Tech,21,1230.66,0.0,7.7,7675.78,17,3.94,12312.87,25843.86,13530.99
2025-12-17,HyperRack 800,Enterprise Hardware,Enterprise Partner,EMEA,Mid-Market Enterprise,2,4559.71,10.0,16.3,9417.66,16,4.87,4040.56,8207.48,4166.92
2025-12-18,EdgeGateway X1,Edge AI Devices,Enterprise Partner,North America,High-Growth Tech,16,1169.5,5.0,2.6,10097.91,4,4.32,9577.13,17776.4,8199.27
2025-12-18,Autonomous Cloud Seat,Cloud Subscriptions,Direct Sales,North America,Fortune 500,37,853.42,5.0,5.6,9774.34,20,4.53,12847.5,29997.71,17150.21
2025-12-18,AgileCobot Arm 600,Smart Robotics,Direct Sales,North America,Fortune 500,19,8510.77,0.0,15.9,15594.52,3,5.0,77920.14,161704.63,83784.49
2025-12-19,AgileCobot Arm 600,Smart Robotics,E-Commerce Portal,Latin America,Fortune 500,15,9259.59,10.0,8.9,8350.15,12,4.01,60666.12,125004.46,64338.34
2025-12-19,EdgeGateway X1,Edge AI Devices,Direct Sales,EMEA,High-Growth Tech,22,1238.24,0.0,13.3,5463.1,4,4.09,12522.74,27241.28,14718.54
2025-12-20,Neural API Pro,Cloud Subscriptions,Direct Sales,North America,Research Institute,42,808.44,20.0,8.4,14736.91,8,4.07,11743.42,27163.58,15420.16
2025-12-20,Cryo-Temp Probe A9,Quantum Sensors,Enterprise Partner,North America,High-Growth Tech,17,6387.7,0.0,6.0,16183.22,11,4.47,62492.03,108590.9,46098.87
2025-12-21,CogniTwin Enterprise Tier,Cloud Subscriptions,E-Commerce Portal,North America,Fortune 500,70,862.92,5.0,17.7,14864.33,4,4.52,31582.13,57384.18,25802.05
2025-12-21,Automated Guided Rover,Smart Robotics,Direct Sales,North America,Mid-Market Enterprise,9,8886.86,5.0,9.3,8531.56,14,4.35,38078.8,75982.65,37903.85
2025-12-21,OmniVision Sensor Unit,Edge AI Devices,E-Commerce Portal,EMEA,Fortune 500,48,1225.59,5.0,5.0,9578.99,12,4.04,25072.89,55886.9,30814.01
2025-12-22,PowerNode V4 Blade,Enterprise Hardware,Direct Sales,APAC,Mid-Market Enterprise,16,4705.01,10.0,8.7,13612.9,11,4.31,33778.31,67752.14,33973.83
2025-12-22,AgileCobot Arm 600,Smart Robotics,Government Contract,North America,Fortune 500,10,8837.27,10.0,5.3,5126.08,18,4.78,41494.11,79535.43,38041.32
2025-12-23,Neural API Pro,Cloud Subscriptions,Direct Sales,North America,Fortune 500,21,872.49,5.0,3.1,6827.32,19,4.94,9915.83,17406.18,7490.35
2025-12-23,VisionSorter 2.0,Smart Robotics,Direct Sales,EMEA,Mid-Market Enterprise,26,8560.05,10.0,16.2,13240.1,5,4.74,104042.47,200305.17,96262.7
2025-12-24,VisionSorter 2.0,Smart Robotics,Direct Sales,APAC,Mid-Market Enterprise,13,9288.66,0.0,14.5,12230.69,5,4.6,64919.66,120752.58,55832.92
2025-12-24,NeuroEdge Core T3,Edge AI Devices,Government Contract,North America,Fortune 500,48,1178.41,10.0,10.4,13090.97,19,4.3,24017.15,50907.31,26890.16
2025-12-24,Apex Server Cluster,Enterprise Hardware,Direct Sales,EMEA,Mid-Market Enterprise,9,4282.44,0.0,3.5,2187.34,11,4.07,16942.65,38541.96,21599.31
2025-12-25,PowerNode V4 Blade,Enterprise Hardware,E-Commerce Portal,APAC,Fortune 500,10,4475.55,5.0,8.0,12640.52,15,4.19,19298.9,42517.72,23218.82
2025-12-25,CogniTwin Enterprise Tier,Cloud Subscriptions,Direct Sales,EMEA,High-Growth Tech,13,867.59,0.0,10.0,11013.96,12,4.57,5785.08,11278.67,5493.59
2025-12-25,Quantum Flux Magnetometer,Quantum Sensors,Enterprise Partner,North America,Fortune 500,7,6168.0,15.0,15.1,9118.18,10,3.75,19162.71,36699.6,17536.89
2025-12-26,Neural API Pro,Cloud Subscriptions,Direct Sales,APAC,High-Growth Tech,35,808.1,15.0,3.5,5607.76,10,4.61,12007.67,24040.98,12033.31
2025-12-26,HyperRack 800,Enterprise Hardware,E-Commerce Portal,North America,High-Growth Tech,11,4385.09,0.0,15.5,2852.5,8,4.56,27281.2,48235.99,20954.79
2025-12-26,OmniVision Sensor Unit,Edge AI Devices,Enterprise Partner,North America,Fortune 500,47,1212.29,10.0,8.6,13571.41,16,3.88,27545.01,51279.87,23734.86
2025-12-27,Cryo-Temp Probe A9,Quantum Sensors,Direct Sales,North America,Fortune 500,14,5930.16,10.0,9.9,13627.22,5,4.19,38996.91,74720.02,35723.11
2025-12-27,NeuroEdge Core T3,Edge AI Devices,E-Commerce Portal,North America,Fortune 500,26,1145.35,0.0,5.6,14935.22,20,4.77,13781.5,29779.1,15997.6
2025-12-27,Autonomous Cloud Seat,Cloud Subscriptions,Direct Sales,North America,High-Growth Tech,44,867.47,15.0,5.0,4169.91,13,3.65,16684.16,32443.38,15759.22
2025-12-28,Apex Server Cluster,Enterprise Hardware,Direct Sales,APAC,Mid-Market Enterprise,13,4308.58,10.0,7.6,10489.09,20,4.61,21885.04,50410.39,28525.35
2025-12-28,OmniVision Sensor Unit,Edge AI Devices,E-Commerce Portal,North America,Fortune 500,55,1253.22,0.0,4.7,10461.5,11,4.11,38139.24,68927.1,30787.86
2025-12-28,CogniTwin Enterprise Tier,Cloud Subscriptions,Direct Sales,EMEA,Fortune 500,32,839.99,0.0,16.6,7754.55,11,4.55,12349.11,26879.68,14530.57
2025-12-29,Neural API Pro,Cloud Subscriptions,E-Commerce Portal,Latin America,Mid-Market Enterprise,21,851.99,15.0,4.4,3520.23,4,4.08,8199.08,15208.02,7008.94
2025-12-29,PowerNode V4 Blade,Enterprise Hardware,Government Contract,North America,High-Growth Tech,16,4717.93,0.0,10.7,13457.8,15,4.88,32424.6,75486.88,43062.28
2025-12-30,PowerNode V4 Blade,Enterprise Hardware,Government Contract,APAC,High-Growth Tech,7,4520.33,5.0,14.4,5171.81,14,4.01,17371.76,30060.19,12688.43
2025-12-30,Precision Laser Resonator,Quantum Sensors,Enterprise Partner,EMEA,Mid-Market Enterprise,9,5957.79,0.0,11.6,6381.84,7,4.6,29759.93,53620.11,23860.18
