order_date,outlet_city,menu_category,net_sales,orders,avg_ticket_inr,promo_discount_pct,ad_spend_inr,rainfall_mm
2025-07-01,Bengaluru,Coffee,74206.18,313,236.74,5.0,2570.4,12.8
2025-07-01,Bengaluru,Tea,24138.79,152,158.49,5.0,856.8,12.8
2025-07-01,Bengaluru,Bakery,39899.15,209,190.67,5.0,1346.4,12.8
2025-07-01,Bengaluru,Meals,40000.85,104,383.69,5.0,1346.4,12.8
2025-07-01,Mumbai,Coffee,62618.87,266,235.24,5.0,2116.8,12.8
2025-07-01,Mumbai,Tea,21477.24,136,157.72,5.0,705.6,12.8
2025-07-01,Mumbai,Bakery,32322.46,168,192.87,5.0,1108.8,12.8
2025-07-01,Mumbai,Meals,32127.56,85,378.37,5.0,1108.8,12.8
2025-07-01,Chennai,Coffee,44680.11,184,243.19,5.0,1512.0,12.8
2025-07-01,Chennai,Tea,14783.13,91,162.51,5.0,504.0,12.8
2025-07-01,Chennai,Bakery,22804.26,121,189.05,5.0,792.0,12.8
2025-07-01,Chennai,Meals,22968.19,61,376.08,5.0,792.0,12.8
2025-07-01,Pune,Coffee,38947.23,160,242.96,5.0,1360.8,12.8
2025-07-01,Pune,Tea,13188.45,83,158.01,5.0,453.6,12.8
2025-07-01,Pune,Bakery,20704.01,109,189.9,5.0,712.8,12.8
2025-07-01,Pune,Meals,20988.64,55,381.0,5.0,712.8,12.8
2025-07-02,Bengaluru,Coffee,78024.36,328,237.76,5.0,2571.46,16.8
2025-07-02,Bengaluru,Tea,25127.67,157,160.0,5.0,857.15,16.8
2025-07-02,Bengaluru,Bakery,39388.02,210,188.01,5.0,1346.95,16.8
2025-07-02,Bengaluru,Meals,39188.82,105,372.52,5.0,1346.95,16.8
2025-07-02,Mumbai,Coffee,61716.84,257,239.97,5.0,2117.67,16.8
2025-07-02,Mumbai,Tea,20971.9,133,157.8,5.0,705.89,16.8
2025-07-02,Mumbai,Bakery,31610.67,167,188.96,5.0,1109.26,16.8
2025-07-02,Mumbai,Meals,32670.1,85,386.18,5.0,1109.26,16.8
2025-07-02,Chennai,Coffee,44328.41,185,239.13,5.0,1512.62,16.8
2025-07-02,Chennai,Tea,14989.94,95,157.04,5.0,504.21,16.8
2025-07-02,Chennai,Bakery,23276.41,120,193.54,5.0,792.33,16.8
2025-07-02,Chennai,Meals,22691.83,61,373.1,5.0,792.33,16.8
2025-07-02,Pune,Coffee,39228.83,161,243.4,5.0,1361.36,16.8
2025-07-02,Pune,Tea,12949.65,81,160.64,5.0,453.79,16.8
2025-07-02,Pune,Bakery,20735.95,111,186.5,5.0,713.09,16.8
2025-07-02,Pune,Meals,21126.74,55,383.23,5.0,713.09,16.8
2025-07-03,Bengaluru,Coffee,79438.46,329,241.4,5.0,2572.51,7.6
2025-07-03,Bengaluru,Tea,25723.65,160,161.22,5.0,857.5,7.6
2025-07-03,Bengaluru,Bakery,41424.03,217,190.52,5.0,1347.51,7.6
2025-07-03,Bengaluru,Meals,42232.26,111,380.87,5.0,1347.51,7.6
2025-07-03,Mumbai,Coffee,64798.31,267,242.88,5.0,2118.54,7.6
2025-07-03,Mumbai,Tea,22160.28,138,160.97,5.0,706.18,7.6
2025-07-03,Mumbai,Bakery,32882.03,173,189.84,5.0,1109.71,7.6
2025-07-03,Mumbai,Meals,35230.31,94,375.98,5.0,1109.71,7.6
2025-07-03,Chennai,Coffee,46531.33,192,241.8,5.0,1513.24,7.6
2025-07-03,Chennai,Tea,15586.92,98,158.57,5.0,504.41,7.6
2025-07-03,Chennai,Bakery,23580.18,126,187.06,5.0,792.65,7.6
2025-07-03,Chennai,Meals,23812.8,64,372.73,5.0,792.65,7.6
2025-07-03,Pune,Coffee,41069.67,168,244.62,5.0,1361.92,7.6
2025-07-03,Pune,Tea,14144.73,89,159.53,5.0,453.97,7.6
2025-07-03,Pune,Bakery,20925.65,109,191.12,5.0,713.39,7.6
2025-07-03,Pune,Meals,21403.91,57,374.0,5.0,713.39,7.6
2025-07-04,Bengaluru,Coffee,91195.06,384,237.72,5.0,2573.57,18.1
2025-07-04,Bengaluru,Tea,30020.03,185,162.21,5.0,857.86,18.1
2025-07-04,Bengaluru,Bakery,46886.81,242,193.54,5.0,1348.06,18.1
2025-07-04,Bengaluru,Meals,45197.35,119,378.77,5.0,1348.06,18.1
2025-07-04,Mumbai,Coffee,73237.59,306,239.29,5.0,2119.41,18.1
2025-07-04,Mumbai,Tea,24325.83,150,162.4,5.0,706.47,18.1
2025-07-04,Mumbai,Bakery,39043.32,209,187.22,5.0,1110.17,18.1
2025-07-04,Mumbai,Meals,38516.54,103,375.57,5.0,1110.17,18.1
2025-07-04,Chennai,Coffee,52438.39,216,242.73,5.0,1513.86,18.1
2025-07-04,Chennai,Tea,17303.55,108,160.81,5.0,504.62,18.1
2025-07-04,Chennai,Bakery,26265.63,139,188.59,5.0,792.98,18.1
2025-07-04,Chennai,Meals,27126.52,72,376.62,5.0,792.98,18.1
2025-07-04,Pune,Coffee,48786.87,204,239.23,5.0,1362.48,18.1
2025-07-04,Pune,Tea,15269.39,95,159.98,5.0,454.16,18.1
2025-07-04,Pune,Bakery,23900.63,127,188.57,5.0,713.68,18.1
2025-07-04,Pune,Meals,24132.99,63,381.9,5.0,713.68,18.1
2025-07-05,Bengaluru,Coffee,91838.07,382,240.17,5.0,2574.63,12.4
2025-07-05,Bengaluru,Tea,29467.72,183,160.59,5.0,858.21,12.4
2025-07-05,Bengaluru,Bakery,45449.64,241,188.97,5.0,1348.61,12.4
2025-07-05,Bengaluru,Meals,46976.41,123,382.96,5.0,1348.61,12.4
2025-07-05,Mumbai,Coffee,74165.04,310,239.18,5.0,2120.28,12.4
2025-07-05,Mumbai,Tea,24267.87,153,158.83,5.0,706.76,12.4
2025-07-05,Mumbai,Bakery,36694.55,190,193.07,5.0,1110.62,12.4
2025-07-05,Mumbai,Meals,37515.97,99,377.18,5.0,1110.62,12.4
2025-07-05,Chennai,Coffee,52181.09,217,240.82,5.0,1514.49,12.4
2025-07-05,Chennai,Tea,17156.15,108,158.24,5.0,504.83,12.4
2025-07-05,Chennai,Bakery,26340.41,139,189.85,5.0,793.3,12.4
2025-07-05,Chennai,Meals,27376.5,71,384.18,5.0,793.3,12.4
2025-07-05,Pune,Coffee,46905.52,196,239.37,5.0,1363.04,12.4
2025-07-05,Pune,Tea,15458.8,96,160.59,5.0,454.35,12.4
2025-07-05,Pune,Bakery,24112.83,125,193.6,5.0,713.97,12.4
2025-07-05,Pune,Meals,24319.37,64,380.14,5.0,713.97,12.4
2025-07-06,Bengaluru,Coffee,86953.9,365,238.15,5.0,2575.68,10.4
2025-07-06,Bengaluru,Tea,28989.16,182,159.61,5.0,858.56,10.4
2025-07-06,Bengaluru,Bakery,44833.95,240,187.07,5.0,1349.17,10.4
2025-07-06,Bengaluru,Meals,44600.57,118,376.45,5.0,1349.17,10.4
2025-07-06,Mumbai,Coffee,72239.0,297,243.3,5.0,2121.15,10.4
2025-07-06,Mumbai,Tea,23640.46,148,159.72,5.0,707.05,10.4
2025-07-06,Mumbai,Bakery,38085.99,197,193.22,5.0,1111.08,10.4
2025-07-06,Mumbai,Meals,37667.43,100,374.81,5.0,1111.08,10.4
2025-07-06,Chennai,Coffee,50385.74,207,242.98,5.0,1515.11,10.4
2025-07-06,Chennai,Tea,16840.52,104,161.7,5.0,505.04,10.4
2025-07-06,Chennai,Bakery,26023.92,135,192.86,5.0,793.63,10.4
2025-07-06,Chennai,Meals,26140.49,69,380.38,5.0,793.63,10.4
2025-07-06,Pune,Coffee,48251.97,198,243.63,5.0,1363.6,10.4
2025-07-06,Pune,Tea,15162.56,93,162.21,5.0,454.53,10.4
2025-07-06,Pune,Bakery,23572.44,124,189.92,5.0,714.26,10.4
2025-07-06,Pune,Meals,23608.71,62,383.76,5.0,714.26,10.4
2025-07-07,Bengaluru,Coffee,70022.72,293,238.6,5.0,2576.74,10.5
2025-07-07,Bengaluru,Tea,23494.78,147,159.56,5.0,858.91,10.5
2025-07-07,Bengaluru,Bakery,36702.07,194,189.6,5.0,1349.72,10.5
2025-07-07,Bengaluru,Meals,36714.55,97,379.4,5.0,1349.72,10.5
2025-07-07,Mumbai,Coffee,60072.21,247,242.82,5.0,2122.02,10.5
2025-07-07,Mumbai,Tea,19180.3,120,159.9,5.0,707.34,10.5
2025-07-07,Mumbai,Bakery,29355.06,155,189.46,5.0,1111.53,10.5
2025-07-07,Mumbai,Meals,30712.72,82,372.87,5.0,1111.53,10.5
2025-07-07,Chennai,Coffee,41831.97,171,244.35,5.0,1515.73,10.5
2025-07-07,Chennai,Tea,14042.08,89,158.64,5.0,505.24,10.5
2025-07-07,Chennai,Bakery,21745.98,115,189.72,5.0,793.95,10.5
2025-07-07,Chennai,Meals,22418.18,60,375.24,5.0,793.95,10.5
2025-07-07,Pune,Coffee,37176.99,153,242.66,5.0,1364.16,10.5
2025-07-07,Pune,Tea,12506.9,77,162.09,5.0,454.72,10.5
2025-07-07,Pune,Bakery,19465.81,102,190.15,5.0,714.56,10.5
2025-07-07,Pune,Meals,20137.6,53,378.58,5.0,714.56,10.5
2025-07-08,Bengaluru,Coffee,76446.32,313,244.24,8.5,2483.38,10.0
2025-07-08,Bengaluru,Tea,26104.34,165,158.31,8.5,827.79,10.0
2025-07-08,Bengaluru,Bakery,40553.21,210,193.1,8.5,1300.82,10.0
2025-07-08,Bengaluru,Meals,41519.46,107,388.15,8.5,1300.82,10.0
2025-07-08,Mumbai,Coffee,63755.54,268,238.11,8.5,2045.14,10.0
2025-07-08,Mumbai,Tea,21011.6,133,158.42,8.5,681.71,10.0
2025-07-08,Mumbai,Bakery,34137.76,175,194.68,8.5,1071.26,10.0
2025-07-08,Mumbai,Meals,33636.94,87,386.93,8.5,1071.26,10.0
2025-07-08,Chennai,Coffee,44264.73,186,237.76,8.5,1460.81,10.0
2025-07-08,Chennai,Tea,14847.02,91,162.85,8.5,486.94,10.0
2025-07-08,Chennai,Bakery,23021.94,120,191.67,8.5,765.19,10.0
2025-07-08,Chennai,Meals,24926.76,65,380.69,8.5,765.19,10.0
2025-07-08,Pune,Coffee,41197.42,172,239.74,8.5,1314.73,10.0
2025-07-08,Pune,Tea,13673.92,84,162.3,8.5,438.24,10.0
2025-07-08,Pune,Bakery,20870.17,107,194.49,8.5,688.67,10.0
2025-07-08,Pune,Meals,22201.65,59,376.39,8.5,688.67,10.0
2025-07-09,Bengaluru,Coffee,75814.26,315,240.78,8.5,2484.4,12.1
2025-07-09,Bengaluru,Tea,24955.02,156,160.26,8.5,828.13,12.1
2025-07-09,Bengaluru,Bakery,40952.87,213,192.56,8.5,1301.35,12.1
2025-07-09,Bengaluru,Meals,39235.31,101,386.92,8.5,1301.35,12.1
2025-07-09,Mumbai,Coffee,64185.77,267,240.27,8.5,2045.98,12.1
2025-07-09,Mumbai,Tea,20735.29,129,161.0,8.5,681.99,12.1
2025-07-09,Mumbai,Bakery,34656.28,185,187.78,8.5,1071.7,12.1
2025-07-09,Mumbai,Meals,32764.96,86,382.68,8.5,1071.7,12.1
2025-07-09,Chennai,Coffee,45079.63,188,239.61,8.5,1461.41,12.1
2025-07-09,Chennai,Tea,14925.98,94,158.1,8.5,487.14,12.1
2025-07-09,Chennai,Bakery,23087.29,119,193.7,8.5,765.5,12.1
2025-07-09,Chennai,Meals,23798.46,63,375.15,8.5,765.5,12.1
2025-07-09,Pune,Coffee,39756.59,168,237.11,8.5,1315.27,12.1
2025-07-09,Pune,Tea,13071.38,82,158.59,8.5,438.42,12.1
2025-07-09,Pune,Bakery,21868.26,116,188.78,8.5,688.95,12.1
2025-07-09,Pune,Meals,21560.65,57,381.14,8.5,688.95,12.1
2025-07-10,Bengaluru,Coffee,80473.42,335,240.31,8.5,2485.42,16.2
2025-07-10,Bengaluru,Tea,26277.75,162,161.79,8.5,828.47,16.2
2025-07-10,Bengaluru,Bakery,41527.16,215,193.33,8.5,1301.89,16.2
2025-07-10,Bengaluru,Meals,42896.73,110,388.64,8.5,1301.89,16.2
2025-07-10,Mumbai,Coffee,65413.1,271,241.26,8.5,2046.82,16.2
2025-07-10,Mumbai,Tea,22165.97,139,159.11,8.5,682.27,16.2
2025-07-10,Mumbai,Bakery,33658.04,175,192.07,8.5,1072.14,16.2
2025-07-10,Mumbai,Meals,35638.1,95,374.93,8.5,1072.14,16.2
2025-07-10,Chennai,Coffee,47216.55,193,245.15,8.5,1462.01,16.2
2025-07-10,Chennai,Tea,16043.92,98,163.04,8.5,487.34,16.2
2025-07-10,Chennai,Bakery,25388.77,134,189.01,8.5,765.82,16.2
2025-07-10,Chennai,Meals,25245.77,67,376.64,8.5,765.82,16.2
2025-07-10,Pune,Coffee,43348.91,177,245.16,8.5,1315.81,16.2
2025-07-10,Pune,Tea,14226.85,87,163.33,8.5,438.6,16.2
2025-07-10,Pune,Bakery,22416.56,117,192.32,8.5,689.23,16.2
2025-07-10,Pune,Meals,23369.14,61,384.06,8.5,689.23,16.2
2025-07-11,Bengaluru,Coffee,84576.9,345,245.38,8.5,2486.44,15.7
2025-07-11,Bengaluru,Tea,27484.42,168,163.75,8.5,828.81,15.7
2025-07-11,Bengaluru,Bakery,42659.11,228,187.21,8.5,1302.42,15.7
2025-07-11,Bengaluru,Meals,40973.21,108,378.41,8.5,1302.42,15.7
2025-07-11,Mumbai,Coffee,67434.22,284,237.48,8.5,2047.65,15.7
2025-07-11,Mumbai,Tea,21654.38,135,160.57,8.5,682.55,15.7
2025-07-11,Mumbai,Bakery,35472.95,184,192.49,8.5,1072.58,15.7
2025-07-11,Mumbai,Meals,36503.26,97,374.83,8.5,1072.58,15.7
2025-07-11,Chennai,Coffee,48104.2,203,236.55,8.5,1462.61,15.7
2025-07-11,Chennai,Tea,15681.55,96,163.65,8.5,487.54,15.7
2025-07-11,Chennai,Bakery,24920.37,133,187.94,8.5,766.13,15.7
2025-07-11,Chennai,Meals,25113.01,66,380.33,8.5,766.13,15.7
2025-07-11,Pune,Coffee,43935.97,182,241.03,8.5,1316.35,15.7
2025-07-11,Pune,Tea,13768.91,85,162.31,8.5,438.78,15.7
2025-07-11,Pune,Bakery,21854.32,115,189.46,8.5,689.52,15.7
2025-07-11,Pune,Meals,22397.1,58,386.76,8.5,689.52,15.7
2025-07-12,Bengaluru,Coffee,99238.04,409,242.55,8.5,2487.45,15.6
2025-07-12,Bengaluru,Tea,31187.84,192,162.62,8.5,829.15,15.6
2025-07-12,Bengaluru,Bakery,49338.84,263,187.79,8.5,1302.95,15.6
2025-07-12,Bengaluru,Meals,50522.5,135,375.37,8.5,1302.95,15.6
2025-07-12,Mumbai,Coffee,78568.14,323,243.54,8.5,2048.49,15.6
2025-07-12,Mumbai,Tea,25940.96,164,158.14,8.5,682.83,15.6
2025-07-12,Mumbai,Bakery,41726.77,219,190.2,8.5,1073.02,15.6
2025-07-12,Mumbai,Meals,41916.08,108,387.34,8.5,1073.02,15.6
2025-07-12,Chennai,Coffee,55524.7,232,238.95,8.5,1463.21,15.6
2025-07-12,Chennai,Tea,18881.94,116,162.37,8.5,487.74,15.6
2025-07-12,Chennai,Bakery,29540.11,153,193.18,8.5,766.44,15.6
2025-07-12,Chennai,Meals,29582.76,77,383.68,8.5,766.44,15.6
2025-07-12,Pune,Coffee,50482.3,208,242.23,8.5,1316.89,15.6
2025-07-12,Pune,Tea,17135.39,108,158.84,8.5,438.96,15.6
2025-07-12,Pune,Bakery,26550.68,136,194.7,8.5,689.8,15.6
2025-07-12,Pune,Meals,27397.28,72,378.11,8.5,689.8,15.6
2025-07-13,Bengaluru,Coffee,101485.85,414,245.05,8.5,2488.47,8.9
2025-07-13,Bengaluru,Tea,32842.27,200,163.83,8.5,829.49,8.9
2025-07-13,Bengaluru,Bakery,53154.81,276,192.5,8.5,1303.48,8.9
2025-07-13,Bengaluru,Meals,54173.96,144,376.01,8.5,1303.48,8.9
2025-07-13,Mumbai,Coffee,84328.59,352,239.33,8.5,2049.33,8.9
2025-07-13,Mumbai,Tea,27237.74,167,162.68,8.5,683.11,8.9
2025-07-13,Mumbai,Bakery,41725.02,220,190.06,8.5,1073.46,8.9
2025-07-13,Mumbai,Meals,41858.33,108,386.19,8.5,1073.46,8.9
2025-07-13,Chennai,Coffee,58472.61,241,242.45,8.5,1463.81,8.9
2025-07-13,Chennai,Tea,18565.69,115,162.06,8.5,487.94,8.9
2025-07-13,Chennai,Bakery,30935.37,159,194.32,8.5,766.76,8.9
2025-07-13,Chennai,Meals,30167.11,79,380.73,8.5,766.76,8.9
2025-07-13,Pune,Coffee,52621.3,221,237.81,8.5,1317.43,8.9
2025-07-13,Pune,Tea,17822.53,110,162.76,8.5,439.14,8.9
2025-07-13,Pune,Bakery,27094.43,143,189.08,8.5,690.08,8.9
2025-07-13,Pune,Meals,25644.47,68,376.81,8.5,690.08,8.9
2025-07-14,Bengaluru,Coffee,79899.33,325,245.58,8.5,2489.49,9.3
2025-07-14,Bengaluru,Tea,24755.79,155,159.34,8.5,829.83,9.3
2025-07-14,Bengaluru,Bakery,40068.41,212,189.14,8.5,1304.02,9.3
2025-07-14,Bengaluru,Meals,41065.11,108,380.36,8.5,1304.02,9.3
2025-07-14,Mumbai,Coffee,63382.82,260,243.61,8.5,2050.17,9.3
2025-07-14,Mumbai,Tea,21123.85,132,160.43,8.5,683.39,9.3
2025-07-14,Mumbai,Bakery,33428.73,175,191.52,8.5,1073.9,9.3
2025-07-14,Mumbai,Meals,32691.77,84,387.8,8.5,1073.9,9.3
2025-07-14,Chennai,Coffee,45915.83,192,238.61,8.5,1464.41,9.3
2025-07-14,Chennai,Tea,14909.27,94,158.19,8.5,488.14,9.3
2025-07-14,Chennai,Bakery,23467.3,124,189.1,8.5,767.07,9.3
2025-07-14,Chennai,Meals,23595.66,61,389.52,8.5,767.07,9.3
2025-07-14,Pune,Coffee,41464.78,175,236.63,8.5,1317.96,9.3
2025-07-14,Pune,Tea,13914.88,87,159.94,8.5,439.32,9.3
2025-07-14,Pune,Bakery,21226.57,109,193.89,8.5,690.36,9.3
2025-07-14,Pune,Meals,21531.28,57,379.63,8.5,690.36,9.3
2025-07-15,Bengaluru,Coffee,73082.49,311,235.17,9.9,2706.03,20.0
2025-07-15,Bengaluru,Tea,26755.03,169,158.4,9.9,902.01,20.0
2025-07-15,Bengaluru,Bakery,41421.26,222,186.84,9.9,1417.44,20.0
2025-07-15,Bengaluru,Meals,40487.02,107,377.2,9.9,1417.44,20.0
2025-07-15,Mumbai,Coffee,62743.37,261,240.44,9.9,2228.5,20.0
2025-07-15,Mumbai,Tea,20696.89,131,158.2,9.9,742.83,20.0
2025-07-15,Mumbai,Bakery,34654.09,183,189.42,9.9,1167.31,20.0
2025-07-15,Mumbai,Meals,31790.15,84,377.07,9.9,1167.31,20.0
2025-07-15,Chennai,Coffee,43024.94,182,236.69,9.9,1591.78,20.0
2025-07-15,Chennai,Tea,15424.16,100,154.69,9.9,530.59,20.0
2025-07-15,Chennai,Bakery,23047.32,124,185.36,9.9,833.79,20.0
2025-07-15,Chennai,Meals,23293.17,63,369.84,9.9,833.79,20.0
2025-07-15,Pune,Coffee,40591.31,175,232.33,9.9,1432.6,20.0
2025-07-15,Pune,Tea,13165.99,85,155.51,9.9,477.53,20.0
2025-07-15,Pune,Bakery,21394.12,113,189.42,9.9,750.41,20.0
2025-07-15,Pune,Meals,20889.25,57,368.0,9.9,750.41,20.0
2025-07-16,Bengaluru,Coffee,75704.08,319,237.31,9.9,2707.14,18.3
2025-07-16,Bengaluru,Tea,26461.75,166,159.33,9.9,902.38,18.3
2025-07-16,Bengaluru,Bakery,42024.83,222,188.91,9.9,1418.02,18.3
2025-07-16,Bengaluru,Meals,40929.78,111,369.54,9.9,1418.02,18.3
2025-07-16,Mumbai,Coffee,63225.1,267,237.08,9.9,2229.41,18.3
2025-07-16,Mumbai,Tea,20793.65,130,160.17,9.9,743.14,18.3
2025-07-16,Mumbai,Bakery,34525.31,182,189.33,9.9,1167.78,18.3
2025-07-16,Mumbai,Meals,34868.01,93,376.48,9.9,1167.78,18.3
2025-07-16,Chennai,Coffee,46295.2,200,232.04,9.9,1592.43,18.3
2025-07-16,Chennai,Tea,15589.12,97,160.51,9.9,530.81,18.3
2025-07-16,Chennai,Bakery,23996.18,126,189.76,9.9,834.13,18.3
2025-07-16,Chennai,Meals,24091.29,65,369.54,9.9,834.13,18.3
2025-07-16,Pune,Coffee,40776.67,174,233.85,9.9,1433.19,18.3
2025-07-16,Pune,Tea,13466.0,85,158.86,9.9,477.73,18.3
2025-07-16,Pune,Bakery,22362.33,119,188.25,9.9,750.72,18.3
2025-07-16,Pune,Meals,22295.8,59,380.84,9.9,750.72,18.3
2025-07-17,Bengaluru,Coffee,82719.39,355,232.84,9.9,2708.24,24.4
2025-07-17,Bengaluru,Tea,28860.86,183,157.46,9.9,902.75,24.4
2025-07-17,Bengaluru,Bakery,43901.83,237,185.53,9.9,1418.6,24.4
2025-07-17,Bengaluru,Meals,43288.75,114,378.53,9.9,1418.6,24.4
2025-07-17,Mumbai,Coffee,67462.2,286,235.99,9.9,2230.32,24.4
2025-07-17,Mumbai,Tea,23453.74,151,155.05,9.9,743.44,24.4
2025-07-17,Mumbai,Bakery,35987.9,189,190.5,9.9,1168.26,24.4
2025-07-17,Mumbai,Meals,35226.79,96,367.34,9.9,1168.26,24.4
2025-07-17,Chennai,Coffee,49454.63,213,232.58,9.9,1593.08,24.4
2025-07-17,Chennai,Tea,16560.62,104,159.17,9.9,531.03,24.4
2025-07-17,Chennai,Bakery,25992.99,138,188.93,9.9,834.47,24.4
2025-07-17,Chennai,Meals,25863.88,70,368.82,9.9,834.47,24.4
2025-07-17,Pune,Coffee,44366.95,186,239.15,9.9,1433.77,24.4
2025-07-17,Pune,Tea,14634.25,93,157.15,9.9,477.92,24.4
2025-07-17,Pune,Bakery,23365.22,127,184.51,9.9,751.02,24.4
2025-07-17,Pune,Meals,22776.1,60,381.0,9.9,751.02,24.4
2025-07-18,Bengaluru,Coffee,82454.28,351,234.77,9.9,2709.35,18.9
2025-07-18,Bengaluru,Tea,28295.21,177,160.21,9.9,903.12,18.9
2025-07-18,Bengaluru,Bakery,44752.01,240,186.5,9.9,1419.18,18.9
2025-07-18,Bengaluru,Meals,44168.89,118,375.39,9.9,1419.18,18.9
2025-07-18,Mumbai,Coffee,70332.86,295,238.24,9.9,2231.23,18.9
2025-07-18,Mumbai,Tea,23626.05,153,154.91,9.9,743.74,18.9
2025-07-18,Mumbai,Bakery,37761.73,203,186.4,9.9,1168.74,18.9
2025-07-18,Mumbai,Meals,35712.18,95,375.69,9.9,1168.74,18.9
2025-07-18,Chennai,Coffee,50678.44,212,239.22,9.9,1593.73,18.9
2025-07-18,Chennai,Tea,17064.31,108,157.54,9.9,531.24,18.9
2025-07-18,Chennai,Bakery,24669.02,134,184.41,9.9,834.81,18.9
2025-07-18,Chennai,Meals,25565.3,67,379.41,9.9,834.81,18.9
2025-07-18,Pune,Coffee,44093.51,190,232.09,9.9,1434.36,18.9
2025-07-18,Pune,Tea,14562.57,91,159.62,9.9,478.12,18.9
2025-07-18,Pune,Bakery,23583.83,126,186.45,9.9,751.33,18.9
2025-07-18,Pune,Meals,23944.41,63,379.65,9.9,751.33,18.9
2025-07-19,Bengaluru,Coffee,98244.61,408,240.69,9.9,2710.45,11.2
2025-07-19,Bengaluru,Tea,32582.9,207,157.59,9.9,903.48,11.2
2025-07-19,Bengaluru,Bakery,50377.08,272,185.18,9.9,1419.76,11.2
2025-07-19,Bengaluru,Meals,50673.3,134,379.19,9.9,1419.76,11.2
2025-07-19,Mumbai,Coffee,79811.99,337,237.1,9.9,2232.14,11.2
2025-07-19,Mumbai,Tea,26612.54,170,156.79,9.9,744.05,11.2
2025-07-19,Mumbai,Bakery,42567.48,227,187.58,9.9,1169.21,11.2
2025-07-19,Mumbai,Meals,41965.43,114,369.35,9.9,1169.21,11.2
2025-07-19,Chennai,Coffee,58423.48,245,238.48,9.9,1594.38,11.2
2025-07-19,Chennai,Tea,18974.66,119,159.58,9.9,531.46,11.2
2025-07-19,Chennai,Bakery,30314.22,163,186.22,9.9,835.15,11.2
2025-07-19,Chennai,Meals,30447.27,82,371.53,9.9,835.15,11.2
2025-07-19,Pune,Coffee,51247.24,215,238.65,9.9,1434.95,11.2
2025-07-19,Pune,Tea,17361.56,112,155.44,9.9,478.32,11.2
2025-07-19,Pune,Bakery,26149.51,141,185.89,9.9,751.64,11.2
2025-07-19,Pune,Meals,26965.45,73,369.05,9.9,751.64,11.2
2025-07-20,Bengaluru,Coffee,85991.56,358,240.03,9.9,2711.56,21.1
2025-07-20,Bengaluru,Tea,28757.6,180,159.34,9.9,903.85,21.1
2025-07-20,Bengaluru,Bakery,46139.49,247,186.86,9.9,1420.34,21.1
2025-07-20,Bengaluru,Meals,47089.81,126,372.39,9.9,1420.34,21.1
2025-07-20,Mumbai,Coffee,73385.06,305,240.66,9.9,2233.05,21.1
2025-07-20,Mumbai,Tea,24412.34,156,156.62,9.9,744.35,21.1
2025-07-20,Mumbai,Bakery,38892.11,210,185.58,9.9,1169.69,21.1
2025-07-20,Mumbai,Meals,38413.14,103,373.47,9.9,1169.69,21.1
2025-07-20,Chennai,Coffee,51565.65,218,236.02,9.9,1595.03,21.1
2025-07-20,Chennai,Tea,16537.41,103,159.83,9.9,531.68,21.1
2025-07-20,Chennai,Bakery,27086.92,145,187.43,9.9,835.49,21.1
2025-07-20,Chennai,Meals,26980.75,73,370.89,9.9,835.49,21.1
2025-07-20,Pune,Coffee,44886.89,186,240.96,9.9,1435.53,21.1
2025-07-20,Pune,Tea,15570.0,99,157.52,9.9,478.51,21.1
2025-07-20,Pune,Bakery,25111.87,135,185.8,9.9,751.94,21.1
2025-07-20,Pune,Meals,24665.17,67,369.2,9.9,751.94,21.1
2025-07-21,Bengaluru,Coffee,77671.22,327,237.72,9.9,2712.66,16.7
2025-07-21,Bengaluru,Tea,24896.95,160,155.24,9.9,904.22,16.7
2025-07-21,Bengaluru,Bakery,40014.33,218,183.74,9.9,1420.92,16.7
2025-07-21,Bengaluru,Meals,40475.66,107,376.54,9.9,1420.92,16.7
2025-07-21,Mumbai,Coffee,63678.29,265,240.36,9.9,2233.96,16.7
2025-07-21,Mumbai,Tea,21047.16,134,157.05,9.9,744.65,16.7
2025-07-21,Mumbai,Bakery,32820.64,177,185.56,9.9,1170.17,16.7
2025-07-21,Mumbai,Meals,32984.81,87,379.98,9.9,1170.17,16.7
2025-07-21,Chennai,Coffee,44989.64,188,238.79,9.9,1595.68,16.7
2025-07-21,Chennai,Tea,14875.87,93,160.44,9.9,531.89,16.7
2025-07-21,Chennai,Bakery,24201.03,127,189.82,9.9,835.83,16.7
2025-07-21,Chennai,Meals,23681.41,64,371.72,9.9,835.83,16.7
2025-07-21,Pune,Coffee,39991.21,171,233.73,9.9,1436.12,16.7
2025-07-21,Pune,Tea,13437.93,85,157.36,9.9,478.71,16.7
2025-07-21,Pune,Bakery,20917.07,111,188.62,9.9,752.25,16.7
2025-07-21,Pune,Meals,20516.18,55,370.9,9.9,752.25,16.7
2025-07-22,Bengaluru,Coffee,86163.45,374,230.47,7.0,3111.1,14.8
2025-07-22,Bengaluru,Tea,28517.79,183,155.63,7.0,1037.03,14.8
2025-07-22,Bengaluru,Bakery,44763.26,247,181.5,7.0,1629.62,14.8
2025-07-22,Bengaluru,Meals,44072.49,122,362.7,7.0,1629.62,14.8
2025-07-22,Mumbai,Coffee,69053.83,305,226.55,7.0,2562.08,14.8
2025-07-22,Mumbai,Tea,24452.94,162,151.08,7.0,854.03,14.8
2025-07-22,Mumbai,Bakery,35565.17,195,182.27,7.0,1342.04,14.8
2025-07-22,Mumbai,Meals,37704.91,104,363.17,7.0,1342.04,14.8
2025-07-22,Chennai,Coffee,49684.23,219,226.51,7.0,1830.06,14.8
2025-07-22,Chennai,Tea,16273.17,108,150.93,7.0,610.02,14.8
2025-07-22,Chennai,Bakery,26514.45,146,181.11,7.0,958.6,14.8
2025-07-22,Chennai,Meals,25804.17,70,367.8,7.0,958.6,14.8
2025-07-22,Pune,Coffee,45766.66,203,225.7,7.0,1647.05,14.8
2025-07-22,Pune,Tea,15220.92,100,152.47,7.0,549.02,14.8
2025-07-22,Pune,Bakery,23911.2,135,177.6,7.0,862.74,14.8
2025-07-22,Pune,Meals,23911.93,65,365.92,7.0,862.74,14.8
2025-07-23,Bengaluru,Coffee,82350.96,362,227.78,7.0,3112.37,11.5
2025-07-23,Bengaluru,Tea,27150.56,179,152.07,7.0,1037.46,11.5
2025-07-23,Bengaluru,Bakery,43316.55,237,182.76,7.0,1630.29,11.5
2025-07-23,Bengaluru,Meals,42757.13,119,359.5,7.0,1630.29,11.5
2025-07-23,Mumbai,Coffee,66130.79,287,230.69,7.0,2563.13,11.5
2025-07-23,Mumbai,Tea,22068.46,143,154.38,7.0,854.38,11.5
2025-07-23,Mumbai,Bakery,35688.39,199,178.96,7.0,1342.59,11.5
2025-07-23,Mumbai,Meals,35711.52,97,367.68,7.0,1342.59,11.5
2025-07-23,Chennai,Coffee,47360.48,205,230.56,7.0,1830.8,11.5
2025-07-23,Chennai,Tea,16147.96,106,152.48,7.0,610.27,11.5
2025-07-23,Chennai,Bakery,24999.81,137,182.35,7.0,958.99,11.5
2025-07-23,Chennai,Meals,25469.38,71,357.41,7.0,958.99,11.5
2025-07-23,Pune,Coffee,44002.28,194,226.58,7.0,1647.72,11.5
2025-07-23,Pune,Tea,14257.62,93,152.61,7.0,549.24,11.5
2025-07-23,Pune,Bakery,23021.69,125,183.51,7.0,863.09,11.5
2025-07-23,Pune,Meals,23296.97,63,369.13,7.0,863.09,11.5
2025-07-24,Bengaluru,Coffee,87599.34,390,224.45,7.0,3113.63,14.3
2025-07-24,Bengaluru,Tea,29667.14,191,155.2,7.0,1037.88,14.3
2025-07-24,Bengaluru,Bakery,46292.4,253,182.91,7.0,1630.95,14.3
2025-07-24,Bengaluru,Meals,45694.49,127,358.81,7.0,1630.95,14.3
2025-07-24,Mumbai,Coffee,69412.83,307,226.43,7.0,2564.17,14.3
2025-07-24,Mumbai,Tea,25055.15,164,152.54,7.0,854.72,14.3
2025-07-24,Mumbai,Bakery,39157.68,213,184.16,7.0,1343.14,14.3
2025-07-24,Mumbai,Meals,37388.27,105,355.52,7.0,1343.14,14.3
2025-07-24,Chennai,Coffee,52065.01,232,224.69,7.0,1831.55,14.3
2025-07-24,Chennai,Tea,17015.66,109,155.51,7.0,610.52,14.3
2025-07-24,Chennai,Bakery,27157.16,147,184.37,7.0,959.38,14.3
2025-07-24,Chennai,Meals,26856.28,74,362.69,7.0,959.38,14.3
2025-07-24,Pune,Coffee,48171.52,214,224.98,7.0,1648.39,14.3
2025-07-24,Pune,Tea,15730.59,102,154.73,7.0,549.46,14.3
2025-07-24,Pune,Bakery,25557.27,142,179.93,7.0,863.44,14.3
2025-07-24,Pune,Meals,23744.78,65,367.48,7.0,863.44,14.3
2025-07-25,Bengaluru,Coffee,89876.06,392,229.56,7.0,3114.9,13.9
2025-07-25,Bengaluru,Tea,29044.02,190,152.51,7.0,1038.3,13.9
2025-07-25,Bengaluru,Bakery,46186.49,258,179.03,7.0,1631.62,13.9
2025-07-25,Bengaluru,Meals,44877.32,124,362.0,7.0,1631.62,13.9
2025-07-25,Mumbai,Coffee,75106.66,328,229.29,7.0,2565.21,13.9
2025-07-25,Mumbai,Tea,24651.9,162,152.46,7.0,855.07,13.9
2025-07-25,Mumbai,Bakery,38646.02,217,178.34,7.0,1343.68,13.9
2025-07-25,Mumbai,Meals,39137.07,109,357.81,7.0,1343.68,13.9
2025-07-25,Chennai,Coffee,50850.8,226,225.44,7.0,1832.3,13.9
2025-07-25,Chennai,Tea,17942.25,117,153.67,7.0,610.77,13.9
2025-07-25,Chennai,Bakery,27840.24,154,181.25,7.0,959.77,13.9
2025-07-25,Chennai,Meals,27715.19,76,362.76,7.0,959.77,13.9
2025-07-25,Pune,Coffee,47950.75,211,227.61,7.0,1649.07,13.9
2025-07-25,Pune,Tea,15807.8,103,152.95,7.0,549.69,13.9
2025-07-25,Pune,Bakery,24360.3,132,184.16,7.0,863.8,13.9
2025-07-25,Pune,Meals,24689.57,67,366.16,7.0,863.8,13.9
2025-07-26,Bengaluru,Coffee,100624.09,447,225.24,7.0,3116.17,17.7
2025-07-26,Bengaluru,Tea,31802.07,209,151.86,7.0,1038.72,17.7
2025-07-26,Bengaluru,Bakery,50940.25,280,181.93,7.0,1632.28,17.7
2025-07-26,Bengaluru,Meals,51919.33,145,359.3,7.0,1632.28,17.7
2025-07-26,Mumbai,Coffee,78693.52,348,226.44,7.0,2566.26,17.7
2025-07-26,Mumbai,Tea,26809.38,178,150.34,7.0,855.42,17.7
2025-07-26,Mumbai,Bakery,42024.93,229,183.92,7.0,1344.23,17.7
2025-07-26,Mumbai,Meals,41317.98,116,355.25,7.0,1344.23,17.7
2025-07-26,Chennai,Coffee,57527.39,254,226.3,7.0,1833.04,17.7
2025-07-26,Chennai,Tea,18674.33,122,152.85,7.0,611.01,17.7
2025-07-26,Chennai,Bakery,29315.02,162,180.84,7.0,960.16,17.7
2025-07-26,Chennai,Meals,31577.58,88,358.55,7.0,960.16,17.7
2025-07-26,Pune,Coffee,52017.34,231,225.05,7.0,1649.74,17.7
2025-07-26,Pune,Tea,16997.47,112,151.59,7.0,549.91,17.7
2025-07-26,Pune,Bakery,26151.96,147,178.27,7.0,864.15,17.7
2025-07-26,Pune,Meals,27292.73,77,356.33,7.0,864.15,17.7
2025-07-27,Bengaluru,Coffee,95007.4,418,227.23,7.0,3117.44,14.6
2025-07-27,Bengaluru,Tea,32350.1,210,154.06,7.0,1039.15,14.6
2025-07-27,Bengaluru,Bakery,50836.81,275,184.62,7.0,1632.94,14.6
2025-07-27,Bengaluru,Meals,48840.99,137,356.7,7.0,1632.94,14.6
2025-07-27,Mumbai,Coffee,79418.66,346,229.59,7.0,2567.3,14.6
2025-07-27,Mumbai,Tea,25383.64,168,150.73,7.0,855.77,14.6
2025-07-27,Mumbai,Bakery,42561.68,237,179.45,7.0,1344.78,14.6
2025-07-27,Mumbai,Meals,41019.44,112,365.47,7.0,1344.78,14.6
2025-07-27,Chennai,Coffee,57490.86,252,228.01,7.0,1833.79,14.6
2025-07-27,Chennai,Tea,18334.6,121,152.04,7.0,611.26,14.6
2025-07-27,Chennai,Bakery,31132.8,171,181.93,7.0,960.55,14.6
2025-07-27,Chennai,Meals,29113.99,82,355.95,7.0,960.55,14.6
2025-07-27,Pune,Coffee,49968.41,215,232.28,7.0,1650.41,14.6
2025-07-27,Pune,Tea,17205.87,112,153.6,7.0,550.14,14.6
2025-07-27,Pune,Bakery,25982.37,145,179.62,7.0,864.5,14.6
2025-07-27,Pune,Meals,26222.47,73,357.55,7.0,864.5,14.6
2025-07-28,Bengaluru,Coffee,79793.09,347,229.69,7.0,3118.71,21.0
2025-07-28,Bengaluru,Tea,27557.59,183,150.74,7.0,1039.57,21.0
2025-07-28,Bengaluru,Bakery,42887.66,241,177.66,7.0,1633.61,21.0
2025-07-28,Bengaluru,Meals,41348.64,113,365.96,7.0,1633.61,21.0
2025-07-28,Mumbai,Coffee,64513.15,286,225.18,7.0,2568.35,21.0
2025-07-28,Mumbai,Tea,22193.1,146,152.23,7.0,856.12,21.0
2025-07-28,Mumbai,Bakery,32424.22,176,184.15,7.0,1345.32,21.0
2025-07-28,Mumbai,Meals,33341.94,92,361.0,7.0,1345.32,21.0
2025-07-28,Chennai,Coffee,45659.9,200,228.62,7.0,1834.53,21.0
2025-07-28,Chennai,Tea,15381.13,100,153.43,7.0,611.51,21.0
2025-07-28,Chennai,Bakery,24376.62,136,179.85,7.0,960.95,21.0
2025-07-28,Chennai,Meals,24855.69,70,355.69,7.0,960.95,21.0
2025-07-28,Pune,Coffee,42338.02,186,227.12,7.0,1651.08,21.0
2025-07-28,Pune,Tea,14161.34,92,154.5,7.0,550.36,21.0
2025-07-28,Pune,Bakery,22152.43,123,180.43,7.0,864.85,21.0
2025-07-28,Pune,Meals,20670.3,57,360.55,7.0,864.85,21.0
2025-07-29,Bengaluru,Coffee,79452.01,358,222.21,6.7,3119.97,11.6
2025-07-29,Bengaluru,Tea,27444.75,186,147.91,6.7,1039.99,11.6
2025-07-29,Bengaluru,Bakery,43007.62,238,181.04,6.7,1634.27,11.6
2025-07-29,Bengaluru,Meals,43027.62,122,354.04,6.7,1634.27,11.6
2025-07-29,Mumbai,Coffee,64781.87,288,225.1,6.7,2569.39,11.6
2025-07-29,Mumbai,Tea,21920.12,143,153.3,6.7,856.46,11.6
2025-07-29,Mumbai,Bakery,34532.91,191,181.19,6.7,1345.87,11.6
2025-07-29,Mumbai,Meals,34113.94,97,351.38,6.7,1345.87,11.6
2025-07-29,Chennai,Coffee,48090.46,217,221.18,6.7,1835.28,11.6
2025-07-29,Chennai,Tea,15645.29,102,152.98,6.7,611.76,11.6
2025-07-29,Chennai,Bakery,25077.53,140,179.07,6.7,961.34,11.6
2025-07-29,Chennai,Meals,24587.82,69,356.25,6.7,961.34,11.6
2025-07-29,Pune,Coffee,41292.0,180,229.13,6.7,1651.75,11.6
2025-07-29,Pune,Tea,13637.87,90,150.91,6.7,550.58,11.6
2025-07-29,Pune,Bakery,23150.3,130,178.44,6.7,865.2,11.6
2025-07-29,Pune,Meals,21993.99,61,363.45,6.7,865.2,11.6
2025-07-30,Bengaluru,Coffee,82840.65,371,223.52,6.7,3121.24,15.6
2025-07-30,Bengaluru,Tea,27598.77,182,151.97,6.7,1040.41,15.6
2025-07-30,Bengaluru,Bakery,43012.36,244,176.41,6.7,1634.94,15.6
2025-07-30,Bengaluru,Meals,43452.89,123,353.82,6.7,1634.94,15.6
2025-07-30,Mumbai,Coffee,67672.77,295,229.22,6.7,2570.43,15.6
2025-07-30,Mumbai,Tea,22565.02,148,152.95,6.7,856.81,15.6
2025-07-30,Mumbai,Bakery,35440.1,202,175.66,6.7,1346.42,15.6
2025-07-30,Mumbai,Meals,33695.28,95,355.34,6.7,1346.42,15.6
2025-07-30,Chennai,Coffee,47853.78,211,226.75,6.7,1836.02,15.6
2025-07-30,Chennai,Tea,16193.86,106,152.31,6.7,612.01,15.6
2025-07-30,Chennai,Bakery,26056.65,145,179.48,6.7,961.73,15.6
2025-07-30,Chennai,Meals,25142.72,70,356.86,6.7,961.73,15.6
2025-07-30,Pune,Coffee,41493.97,183,226.3,6.7,1652.42,15.6
2025-07-30,Pune,Tea,14969.78,98,152.78,6.7,550.81,15.6
2025-07-30,Pune,Bakery,22678.68,125,181.63,6.7,865.55,15.6
2025-07-30,Pune,Meals,22981.49,66,350.33,6.7,865.55,15.6
2025-07-31,Bengaluru,Coffee,86631.7,381,227.25,6.7,3122.51,15.6
2025-07-31,Bengaluru,Tea,29102.68,192,151.47,6.7,1040.84,15.6
2025-07-31,Bengaluru,Bakery,46267.56,257,179.69,6.7,1635.6,15.6
2025-07-31,Bengaluru,Meals,44901.46,125,359.47,6.7,1635.6,15.6
2025-07-31,Mumbai,Coffee,70239.52,315,223.27,6.7,2571.48,15.6
2025-07-31,Mumbai,Tea,24028.2,158,152.21,6.7,857.16,15.6
2025-07-31,Mumbai,Bakery,39123.3,217,180.55,6.7,1346.96,15.6
2025-07-31,Mumbai,Meals,38481.22,107,358.3,6.7,1346.96,15.6
2025-07-31,Chennai,Coffee,50852.34,223,228.45,6.7,1836.77,15.6
2025-07-31,Chennai,Tea,17288.65,115,150.61,6.7,612.26,15.6
2025-07-31,Chennai,Bakery,27021.99,151,178.93,6.7,962.12,15.6
2025-07-31,Chennai,Meals,26257.39,73,357.58,6.7,962.12,15.6
2025-07-31,Pune,Coffee,44590.38,194,229.74,6.7,1653.09,15.6
2025-07-31,Pune,Tea,14966.01,101,147.83,6.7,551.03,15.6
2025-07-31,Pune,Bakery,23946.86,133,180.13,6.7,865.91,15.6
2025-07-31,Pune,Meals,24180.94,67,362.02,6.7,865.91,15.6
2025-08-01,Bengaluru,Coffee,100783.49,438,229.93,6.7,3123.78,11.9
2025-08-01,Bengaluru,Tea,33941.41,224,151.65,6.7,1041.26,11.9
2025-08-01,Bengaluru,Bakery,51398.44,293,175.18,6.7,1636.26,11.9
2025-08-01,Bengaluru,Meals,52969.51,151,351.14,6.7,1636.26,11.9
2025-08-01,Mumbai,Coffee,83375.99,368,226.57,6.7,2572.52,11.9
2025-08-01,Mumbai,Tea,27333.81,181,150.94,6.7,857.51,11.9
2025-08-01,Mumbai,Bakery,44640.67,254,175.82,6.7,1347.51,11.9
2025-08-01,Mumbai,Meals,42830.64,118,361.71,6.7,1347.51,11.9
2025-08-01,Chennai,Coffee,59043.51,262,225.61,6.7,1837.51,11.9
2025-08-01,Chennai,Tea,20087.45,132,151.76,6.7,612.5,11.9
2025-08-01,Chennai,Bakery,30542.75,171,178.56,6.7,962.51,11.9
2025-08-01,Chennai,Meals,31337.15,89,353.4,6.7,962.51,11.9
2025-08-01,Pune,Coffee,53765.45,234,229.79,6.7,1653.76,11.9
2025-08-01,Pune,Tea,18016.87,121,149.43,6.7,551.25,11.9
2025-08-01,Pune,Bakery,27513.02,154,178.88,6.7,866.26,11.9
2025-08-01,Pune,Meals,28224.03,80,351.29,6.7,866.26,11.9
2025-08-02,Bengaluru,Coffee,104827.37,472,222.06,6.7,3125.04,10.2
2025-08-02,Bengaluru,Tea,36297.48,245,147.91,6.7,1041.68,10.2
2025-08-02,Bengaluru,Bakery,57145.71,326,175.15,6.7,1636.93,10.2
2025-08-02,Bengaluru,Meals,54619.3,150,363.51,6.7,1636.93,10.2
2025-08-02,Mumbai,Coffee,85850.89,376,228.16,6.7,2573.56,10.2
2025-08-02,Mumbai,Tea,28069.52,187,150.44,6.7,857.85,10.2
2025-08-02,Mumbai,Bakery,44863.64,251,178.46,6.7,1348.06,10.2
2025-08-02,Mumbai,Meals,43945.55,125,352.57,6.7,1348.06,10.2
2025-08-02,Chennai,Coffee,62554.05,273,229.18,6.7,1838.26,10.2
2025-08-02,Chennai,Tea,20214.8,133,152.13,6.7,612.75,10.2
2025-08-02,Chennai,Bakery,29604.51,166,178.17,6.7,962.9,10.2
2025-08-02,Chennai,Meals,32990.01,93,355.19,6.7,962.9,10.2
2025-08-02,Pune,Coffee,54756.43,240,228.54,6.7,1654.43,10.2
2025-08-02,Pune,Tea,17837.44,117,152.58,6.7,551.48,10.2
2025-08-02,Pune,Bakery,29040.99,163,177.64,6.7,866.61,10.2
2025-08-02,Pune,Meals,29983.34,84,356.75,6.7,866.61,10.2
2025-08-03,Bengaluru,Coffee,106028.85,472,224.67,6.7,3126.31,17.4
2025-08-03,Bengaluru,Tea,34585.36,229,151.17,6.7,1042.1,17.4
2025-08-03,Bengaluru,Bakery,52946.13,296,178.85,6.7,1637.59,17.4
2025-08-03,Bengaluru,Meals,55812.85,155,359.7,6.7,1637.59,17.4
2025-08-03,Mumbai,Coffee,86240.37,388,222.09,6.7,2574.61,17.4
2025-08-03,Mumbai,Tea,28890.14,193,149.78,6.7,858.2,17.4
2025-08-03,Mumbai,Bakery,44848.03,251,178.51,6.7,1348.6,17.4
2025-08-03,Mumbai,Meals,43900.59,123,356.05,6.7,1348.6,17.4
2025-08-03,Chennai,Coffee,61389.91,275,223.55,6.7,1839.01,17.4
2025-08-03,Chennai,Tea,20157.48,133,151.8,6.7,613.0,17.4
2025-08-03,Chennai,Bakery,31797.7,176,181.17,6.7,963.29,17.4
2025-08-03,Chennai,Meals,33024.73,91,364.25,6.7,963.29,17.4
2025-08-03,Pune,Coffee,55996.04,246,228.09,6.7,1655.11,17.4
2025-08-03,Pune,Tea,18403.81,123,150.23,6.7,551.7,17.4
2025-08-03,Pune,Bakery,30392.08,169,179.56,6.7,866.96,17.4
2025-08-03,Pune,Meals,29066.17,80,363.16,6.7,866.96,17.4
2025-08-04,Bengaluru,Coffee,79602.64,348,228.78,6.7,3127.58,15.5
2025-08-04,Bengaluru,Tea,27212.18,181,150.75,6.7,1042.53,15.5
2025-08-04,Bengaluru,Bakery,42513.71,238,178.42,6.7,1638.26,15.5
2025-08-04,Bengaluru,Meals,41581.48,115,360.81,6.7,1638.26,15.5
2025-08-04,Mumbai,Coffee,67974.95,296,229.72,6.7,2575.65,15.5
2025-08-04,Mumbai,Tea,22444.46,152,147.4,6.7,858.55,15.5
2025-08-04,Mumbai,Bakery,34015.39,189,179.55,6.7,1349.15,15.5
2025-08-04,Mumbai,Meals,35555.44,100,354.42,6.7,1349.15,15.5
2025-08-04,Chennai,Coffee,47611.7,211,225.13,6.7,1839.75,15.5
2025-08-04,Chennai,Tea,16007.62,108,148.91,6.7,613.25,15.5
2025-08-04,Chennai,Bakery,24636.48,138,178.83,6.7,963.68,15.5
2025-08-04,Chennai,Meals,25302.66,71,357.26,6.7,963.68,15.5
2025-08-04,Pune,Coffee,44112.06,193,228.17,6.7,1655.78,15.5
2025-08-04,Pune,Tea,14347.35,96,149.47,6.7,551.93,15.5
2025-08-04,Pune,Bakery,22344.67,124,180.0,6.7,867.31,15.5
2025-08-04,Pune,Meals,23205.08,65,354.73,6.7,867.31,15.5
2025-08-05,Bengaluru,Coffee,82941.16,366,226.34,6.2,3033.2,12.7
2025-08-05,Bengaluru,Tea,26305.44,171,153.45,6.2,1011.07,12.7
2025-08-05,Bengaluru,Bakery,42368.84,234,181.39,6.2,1588.82,12.7
2025-08-05,Bengaluru,Meals,44115.6,122,361.29,6.2,1588.82,12.7
2025-08-05,Mumbai,Coffee,67150.23,300,223.83,6.2,2497.93,12.7
2025-08-05,Mumbai,Tea,22095.1,147,150.0,6.2,832.64,12.7
2025-08-05,Mumbai,Bakery,35239.26,199,177.15,6.2,1308.44,12.7
2025-08-05,Mumbai,Meals,34630.7,99,351.16,6.2,1308.44,12.7
2025-08-05,Chennai,Coffee,46049.09,202,227.58,6.2,1784.24,12.7
2025-08-05,Chennai,Tea,15751.55,105,150.06,6.2,594.75,12.7
2025-08-05,Chennai,Bakery,26347.5,147,179.03,6.2,934.6,12.7
2025-08-05,Chennai,Meals,25770.14,72,356.61,6.2,934.6,12.7
2025-08-05,Pune,Coffee,44262.58,195,227.37,6.2,1605.81,12.7
2025-08-05,Pune,Tea,14204.21,94,150.57,6.2,535.27,12.7
2025-08-05,Pune,Bakery,22015.44,121,181.63,6.2,841.14,12.7
2025-08-05,Pune,Meals,23066.02,65,354.74,6.2,841.14,12.7
2025-08-06,Bengaluru,Coffee,85211.3,370,230.08,6.2,3034.43,14.7
2025-08-06,Bengaluru,Tea,28998.35,190,152.68,6.2,1011.48,14.7
2025-08-06,Bengaluru,Bakery,44204.18,245,180.24,6.2,1589.47,14.7
2025-08-06,Bengaluru,Meals,47366.05,134,353.21,6.2,1589.47,14.7
2025-08-06,Mumbai,Coffee,73588.71,321,229.15,6.2,2498.95,14.7
2025-08-06,Mumbai,Tea,24241.68,160,151.55,6.2,832.98,14.7
2025-08-06,Mumbai,Bakery,37666.57,212,177.64,6.2,1308.97,14.7
2025-08-06,Mumbai,Meals,37659.22,106,356.8,6.2,1308.97,14.7
2025-08-06,Chennai,Coffee,50666.27,220,229.84,6.2,1784.96,14.7
2025-08-06,Chennai,Tea,17155.71,112,153.12,6.2,594.99,14.7
2025-08-06,Chennai,Bakery,27607.48,154,178.94,6.2,934.98,14.7
2025-08-06,Chennai,Meals,26291.86,73,361.96,6.2,934.98,14.7
2025-08-06,Pune,Coffee,47486.9,209,227.03,6.2,1606.46,14.7
2025-08-06,Pune,Tea,15191.96,99,153.19,6.2,535.49,14.7
2025-08-06,Pune,Bakery,24263.45,133,182.23,6.2,841.48,14.7
2025-08-06,Pune,Meals,23966.27,68,351.6,6.2,841.48,14.7
2025-08-07,Bengaluru,Coffee,84494.56,373,226.32,6.2,3035.66,11.1
2025-08-07,Bengaluru,Tea,28553.13,190,150.23,6.2,1011.89,11.1
2025-08-07,Bengaluru,Bakery,44956.4,255,175.97,6.2,1590.11,11.1
2025-08-07,Bengaluru,Meals,46223.05,132,351.13,6.2,1590.11,11.1
2025-08-07,Mumbai,Coffee,69936.3,312,224.29,6.2,2499.96,11.1
2025-08-07,Mumbai,Tea,24339.36,163,148.94,6.2,833.32,11.1
2025-08-07,Mumbai,Bakery,37020.23,205,180.29,6.2,1309.5,11.1
2025-08-07,Mumbai,Meals,38428.94,105,364.52,6.2,1309.5,11.1
2025-08-07,Chennai,Coffee,50710.84,229,221.77,6.2,1785.68,11.1
2025-08-07,Chennai,Tea,16822.74,111,151.41,6.2,595.23,11.1
2025-08-07,Chennai,Bakery,26629.89,147,181.45,6.2,935.36,11.1
2025-08-07,Chennai,Meals,26861.07,76,351.78,6.2,935.36,11.1
2025-08-07,Pune,Coffee,45849.47,205,223.2,6.2,1607.12,11.1
2025-08-07,Pune,Tea,15339.75,101,151.91,6.2,535.71,11.1
2025-08-07,Pune,Bakery,23767.76,132,180.13,6.2,841.82,11.1
2025-08-07,Pune,Meals,23951.37,67,355.95,6.2,841.82,11.1
2025-08-08,Bengaluru,Coffee,91744.58,400,229.62,6.2,3036.89,13.6
2025-08-08,Bengaluru,Tea,30941.64,207,149.67,6.2,1012.3,13.6
2025-08-08,Bengaluru,Bakery,49658.61,280,177.26,6.2,1590.75,13.6
2025-08-08,Bengaluru,Meals,49034.45,135,363.24,6.2,1590.75,13.6
2025-08-08,Mumbai,Coffee,75932.81,340,223.11,6.2,2500.97,13.6
2025-08-08,Mumbai,Tea,25993.71,176,147.5,6.2,833.66,13.6
2025-08-08,Mumbai,Bakery,39312.65,224,175.24,6.2,1310.03,13.6
2025-08-08,Mumbai,Meals,39451.74,111,356.58,6.2,1310.03,13.6
2025-08-08,Chennai,Coffee,54684.86,240,227.43,6.2,1786.41,13.6
2025-08-08,Chennai,Tea,17839.7,119,149.51,6.2,595.47,13.6
2025-08-08,Chennai,Bakery,28350.28,156,181.27,6.2,935.74,13.6
2025-08-08,Chennai,Meals,28647.0,80,355.94,6.2,935.74,13.6
2025-08-08,Pune,Coffee,49258.28,215,228.86,6.2,1607.77,13.6
2025-08-08,Pune,Tea,16451.69,110,150.08,6.2,535.92,13.6
2025-08-08,Pune,Bakery,24975.19,142,175.63,6.2,842.16,13.6
2025-08-08,Pune,Meals,26007.34,73,358.54,6.2,842.16,13.6
2025-08-09,Bengaluru,Coffee,108172.76,470,230.21,6.2,3038.12,11.1
2025-08-09,Bengaluru,Tea,36100.43,238,151.65,6.2,1012.71,11.1
2025-08-09,Bengaluru,Bakery,54705.9,306,178.95,6.2,1591.4,11.1
2025-08-09,Bengaluru,Meals,56288.11,158,356.97,6.2,1591.4,11.1
2025-08-09,Mumbai,Coffee,86132.92,379,227.16,6.2,2501.98,11.1
2025-08-09,Mumbai,Tea,28235.27,188,150.03,6.2,833.99,11.1
2025-08-09,Mumbai,Bakery,46507.57,264,176.09,6.2,1310.56,11.1
2025-08-09,Mumbai,Meals,44703.26,126,353.71,6.2,1310.56,11.1
2025-08-09,Chennai,Coffee,61159.21,273,223.74,6.2,1787.13,11.1
2025-08-09,Chennai,Tea,20674.56,140,147.84,6.2,595.71,11.1
2025-08-09,Chennai,Bakery,31941.54,181,176.04,6.2,936.12,11.1
2025-08-09,Chennai,Meals,32066.64,91,352.18,6.2,936.12,11.1
2025-08-09,Pune,Coffee,53051.17,233,227.87,6.2,1608.42,11.1
2025-08-09,Pune,Tea,18347.68,120,153.17,6.2,536.14,11.1
2025-08-09,Pune,Bakery,29707.97,163,182.11,6.2,842.5,11.1
2025-08-09,Pune,Meals,28331.65,78,362.54,6.2,842.5,11.1
2025-08-10,Bengaluru,Coffee,95837.06,432,221.73,6.2,3039.35,13.5
2025-08-10,Bengaluru,Tea,31301.07,208,150.74,6.2,1013.12,13.5
2025-08-10,Bengaluru,Bakery,49574.06,277,179.0,6.2,1592.04,13.5
2025-08-10,Bengaluru,Meals,50565.31,142,355.05,6.2,1592.04,13.5
2025-08-10,Mumbai,Coffee,78549.83,355,221.36,6.2,2502.99,13.5
2025-08-10,Mumbai,Tea,25222.06,165,153.29,6.2,834.33,13.5
2025-08-10,Mumbai,Bakery,39899.5,225,177.28,6.2,1311.09,13.5
2025-08-10,Mumbai,Meals,42079.08,119,352.79,6.2,1311.09,13.5
2025-08-10,Chennai,Coffee,55661.37,251,221.77,6.2,1787.85,13.5
2025-08-10,Chennai,Tea,18592.34,124,149.58,6.2,595.95,13.5
2025-08-10,Chennai,Bakery,29940.22,170,175.66,6.2,936.49,13.5
2025-08-10,Chennai,Meals,28815.24,80,360.15,6.2,936.49,13.5
2025-08-10,Pune,Coffee,50270.25,221,227.76,6.2,1609.07,13.5
2025-08-10,Pune,Tea,16963.8,115,147.51,6.2,536.36,13.5
2025-08-10,Pune,Bakery,26174.13,147,178.55,6.2,842.84,13.5
2025-08-10,Pune,Meals,26665.74,76,351.27,6.2,842.84,13.5
2025-08-11,Bengaluru,Coffee,78891.88,357,221.21,6.2,3040.58,16.0
2025-08-11,Bengaluru,Tea,25100.15,165,151.76,6.2,1013.53,16.0
2025-08-11,Bengaluru,Bakery,40375.26,229,176.22,6.2,1592.68,16.0
2025-08-11,Bengaluru,Meals,40499.66,114,354.98,6.2,1592.68,16.0
2025-08-11,Mumbai,Coffee,64271.46,280,229.38,6.2,2504.01,16.0
2025-08-11,Mumbai,Tea,21681.29,143,151.34,6.2,834.67,16.0
2025-08-11,Mumbai,Bakery,34109.25,192,177.32,6.2,1311.62,16.0
2025-08-11,Mumbai,Meals,32991.37,93,355.05,6.2,1311.62,16.0
2025-08-11,Chennai,Coffee,45375.85,203,223.13,6.2,1788.58,16.0
2025-08-11,Chennai,Tea,14549.68,96,152.19,6.2,596.19,16.0
2025-08-11,Chennai,Bakery,24040.98,133,181.36,6.2,936.87,16.0
2025-08-11,Chennai,Meals,24286.94,69,354.09,6.2,936.87,16.0
2025-08-11,Pune,Coffee,41101.18,185,221.97,6.2,1609.72,16.0
2025-08-11,Pune,Tea,13450.49,90,150.13,6.2,536.57,16.0
2025-08-11,Pune,Bakery,21532.37,120,179.44,6.2,843.19,16.0
2025-08-11,Pune,Meals,20285.68,58,350.72,6.2,843.19,16.0
2025-08-12,Bengaluru,Coffee,83498.65,364,229.23,7.9,2772.15,11.2
2025-08-12,Bengaluru,Tea,27519.85,183,150.15,7.9,924.05,11.2
2025-08-12,Bengaluru,Bakery,43570.62,246,177.34,7.9,1452.08,11.2
2025-08-12,Bengaluru,Meals,43785.43,123,357.14,7.9,1452.08,11.2
2025-08-12,Mumbai,Coffee,66690.0,299,223.18,7.9,2282.95,11.2
2025-08-12,Mumbai,Tea,22222.18,147,150.72,7.9,760.98,11.2
2025-08-12,Mumbai,Bakery,35607.26,197,181.02,7.9,1195.83,11.2
2025-08-12,Mumbai,Meals,35661.94,100,358.15,7.9,1195.83,11.2
2025-08-12,Chennai,Coffee,47673.13,208,228.7,7.9,1630.68,11.2
2025-08-12,Chennai,Tea,16126.69,107,150.96,7.9,543.56,11.2
2025-08-12,Chennai,Bakery,25395.1,140,181.52,7.9,854.16,11.2
2025-08-12,Chennai,Meals,24527.84,69,356.16,7.9,854.16,11.2
2025-08-12,Pune,Coffee,44001.37,195,225.97,7.9,1467.61,11.2
2025-08-12,Pune,Tea,14551.32,96,152.02,7.9,489.2,11.2
2025-08-12,Pune,Bakery,22683.47,126,180.67,7.9,768.75,11.2
2025-08-12,Pune,Meals,23044.38,65,354.91,7.9,768.75,11.2
2025-08-13,Bengaluru,Coffee,87992.79,385,228.38,7.9,2773.27,15.0
2025-08-13,Bengaluru,Tea,29490.62,194,151.76,7.9,924.42,15.0
2025-08-13,Bengaluru,Bakery,44288.64,243,182.28,7.9,1452.67,15.0
2025-08-13,Bengaluru,Meals,45348.96,129,351.38,7.9,1452.67,15.0
2025-08-13,Mumbai,Coffee,70818.59,309,229.19,7.9,2283.87,15.0
2025-08-13,Mumbai,Tea,22961.52,153,150.18,7.9,761.29,15.0
2025-08-13,Mumbai,Bakery,37449.38,207,181.15,7.9,1196.31,15.0
2025-08-13,Mumbai,Meals,37054.26,103,359.9,7.9,1196.31,15.0
2025-08-13,Chennai,Coffee,51805.39,232,223.67,7.9,1631.34,15.0
2025-08-13,Chennai,Tea,16513.31,111,149.18,7.9,543.78,15.0
2025-08-13,Chennai,Bakery,27154.66,151,179.33,7.9,854.51,15.0
2025-08-13,Chennai,Meals,27019.24,77,351.24,7.9,854.51,15.0
2025-08-13,Pune,Coffee,45213.26,203,222.74,7.9,1468.2,15.0
2025-08-13,Pune,Tea,14493.43,95,153.36,7.9,489.4,15.0
2025-08-13,Pune,Bakery,23806.72,131,182.24,7.9,769.06,15.0
2025-08-13,Pune,Meals,24071.99,68,355.13,7.9,769.06,15.0
2025-08-14,Bengaluru,Coffee,94052.98,416,225.83,7.9,2774.39,9.4
2025-08-14,Bengaluru,Tea,31257.62,204,153.19,7.9,924.8,9.4
2025-08-14,Bengaluru,Bakery,49690.58,282,176.02,7.9,1453.25,9.4
2025-08-14,Bengaluru,Meals,48601.43,138,353.19,7.9,1453.25,9.4
2025-08-14,Mumbai,Coffee,78133.9,339,230.55,7.9,2284.79,9.4
2025-08-14,Mumbai,Tea,25502.98,168,152.25,7.9,761.6,9.4
2025-08-14,Mumbai,Bakery,41598.06,233,178.72,7.9,1196.8,9.4
2025-08-14,Mumbai,Meals,41542.06,114,364.5,7.9,1196.8,9.4
2025-08-14,Chennai,Coffee,54712.16,246,221.99,7.9,1632.0,9.4
2025-08-14,Chennai,Tea,18150.51,123,148.03,7.9,544.0,9.4
2025-08-14,Chennai,Bakery,29438.07,167,176.39,7.9,854.85,9.4
2025-08-14,Chennai,Meals,29005.55,80,363.05,7.9,854.85,9.4
2025-08-14,Pune,Coffee,50041.52,219,228.86,7.9,1468.8,9.4
2025-08-14,Pune,Tea,16380.43,107,153.18,7.9,489.6,9.4
2025-08-14,Pune,Bakery,26115.46,145,180.33,7.9,769.37,9.4
2025-08-14,Pune,Meals,26136.57,74,354.16,7.9,769.37,9.4
2025-08-15,Bengaluru,Coffee,103306.11,456,226.44,7.9,2775.51,10.7
2025-08-15,Bengaluru,Tea,32780.27,216,151.71,7.9,925.17,10.7
2025-08-15,Bengaluru,Bakery,52437.46,292,179.39,7.9,1453.84,10.7
2025-08-15,Bengaluru,Meals,50792.86,144,352.18,7.9,1453.84,10.7
2025-08-15,Mumbai,Coffee,87270.58,390,223.77,7.9,2285.72,10.7
2025-08-15,Mumbai,Tea,28010.51,187,150.04,7.9,761.91,10.7
2025-08-15,Mumbai,Bakery,44372.45,248,178.88,7.9,1197.28,10.7
2025-08-15,Mumbai,Meals,43865.25,122,359.91,7.9,1197.28,10.7
2025-08-15,Chennai,Coffee,58832.87,262,224.25,7.9,1632.65,10.7
2025-08-15,Chennai,Tea,19665.07,128,153.71,7.9,544.22,10.7
2025-08-15,Chennai,Bakery,31874.28,181,176.15,7.9,855.2,10.7
2025-08-15,Chennai,Meals,30328.53,84,361.54,7.9,855.2,10.7
2025-08-15,Pune,Coffee,54891.43,242,227.28,7.9,1469.39,10.7
2025-08-15,Pune,Tea,17585.91,119,147.85,7.9,489.8,10.7
2025-08-15,Pune,Bakery,28182.08,156,180.4,7.9,769.68,10.7
2025-08-15,Pune,Meals,28516.77,78,364.27,7.9,769.68,10.7
2025-08-16,Bengaluru,Coffee,106330.09,464,228.99,7.9,2776.63,8.2
2025-08-16,Bengaluru,Tea,36363.4,242,150.21,7.9,925.54,8.2
2025-08-16,Bengaluru,Bakery,55505.92,313,177.07,7.9,1454.43,8.2
2025-08-16,Bengaluru,Meals,57428.67,160,357.89,7.9,1454.43,8.2
2025-08-16,Mumbai,Coffee,87861.33,388,226.53,7.9,2286.64,8.2
2025-08-16,Mumbai,Tea,29770.43,194,153.56,7.9,762.21,8.2
2025-08-16,Mumbai,Bakery,47171.58,263,179.16,7.9,1197.76,8.2
2025-08-16,Mumbai,Meals,45455.75,129,352.47,7.9,1197.76,8.2
2025-08-16,Chennai,Coffee,62048.65,279,222.36,7.9,1633.31,8.2
2025-08-16,Chennai,Tea,20676.95,135,153.29,7.9,544.44,8.2
2025-08-16,Chennai,Bakery,32066.75,176,182.19,7.9,855.54,8.2
2025-08-16,Chennai,Meals,34206.87,96,357.87,7.9,855.54,8.2
2025-08-16,Pune,Coffee,57742.65,259,223.36,7.9,1469.98,8.2
2025-08-16,Pune,Tea,19666.04,130,151.51,7.9,489.99,8.2
2025-08-16,Pune,Bakery,29748.84,167,177.76,7.9,769.99,8.2
2025-08-16,Pune,Meals,29514.41,81,362.28,7.9,769.99,8.2
2025-08-17,Bengaluru,Coffee,103907.94,454,229.02,7.9,2777.75,10.9
2025-08-17,Bengaluru,Tea,35344.89,232,152.04,7.9,925.92,10.9
2025-08-17,Bengaluru,Bakery,55847.71,307,182.0,7.9,1455.01,10.9
2025-08-17,Bengaluru,Meals,52635.51,145,362.52,7.9,1455.01,10.9
2025-08-17,Mumbai,Coffee,86319.38,387,222.95,7.9,2287.56,10.9
2025-08-17,Mumbai,Tea,28326.66,185,153.44,7.9,762.52,10.9
2025-08-17,Mumbai,Bakery,45453.53,257,176.58,7.9,1198.25,10.9
2025-08-17,Mumbai,Meals,45387.93,128,355.12,7.9,1198.25,10.9
2025-08-17,Chennai,Coffee,60590.43,268,226.1,7.9,1633.97,10.9
2025-08-17,Chennai,Tea,20687.57,137,150.59,7.9,544.66,10.9
2025-08-17,Chennai,Bakery,32050.12,179,178.58,7.9,855.89,10.9
2025-08-17,Chennai,Meals,31717.87,87,363.11,7.9,855.89,10.9
2025-08-17,Pune,Coffee,55924.94,250,224.07,7.9,1470.57,10.9
2025-08-17,Pune,Tea,18627.34,122,152.11,7.9,490.19,10.9
2025-08-17,Pune,Bakery,29057.5,161,179.97,7.9,770.3,10.9
2025-08-17,Pune,Meals,28978.59,80,362.66,7.9,770.3,10.9
2025-08-18,Bengaluru,Coffee,82098.99,356,230.36,7.9,2778.87,11.1
2025-08-18,Bengaluru,Tea,27623.65,186,148.78,7.9,926.29,11.1
2025-08-18,Bengaluru,Bakery,43596.98,242,179.98,7.9,1455.6,11.1
2025-08-18,Bengaluru,Meals,43094.07,119,361.76,7.9,1455.6,11.1
2025-08-18,Mumbai,Coffee,66502.82,294,226.48,7.9,2288.48,11.1
2025-08-18,Mumbai,Tea,23150.6,155,149.64,7.9,762.83,11.1
2025-08-18,Mumbai,Bakery,36536.36,205,178.21,7.9,1198.73,11.1
2025-08-18,Mumbai,Meals,35741.02,98,363.71,7.9,1198.73,11.1
2025-08-18,Chennai,Coffee,48418.06,215,224.73,7.9,1634.63,11.1
2025-08-18,Chennai,Tea,16111.89,106,151.87,7.9,544.88,11.1
2025-08-18,Chennai,Bakery,25920.16,143,181.42,7.9,856.23,11.1
2025-08-18,Chennai,Meals,25450.02,72,355.42,7.9,856.23,11.1
2025-08-18,Pune,Coffee,43710.58,196,223.33,7.9,1471.17,11.1
2025-08-18,Pune,Tea,14919.44,100,148.81,7.9,490.39,11.1
2025-08-18,Pune,Bakery,22005.48,123,179.22,7.9,770.61,11.1
2025-08-18,Pune,Meals,23320.0,65,359.79,7.9,770.61,11.1
2025-08-19,Bengaluru,Coffee,84190.87,367,229.35,8.9,2824.19,10.3
2025-08-19,Bengaluru,Tea,28417.71,187,151.65,8.9,941.4,10.3
2025-08-19,Bengaluru,Bakery,43421.48,239,181.71,8.9,1479.34,10.3
2025-08-19,Bengaluru,Meals,43833.87,121,362.63,8.9,1479.34,10.3
2025-08-19,Mumbai,Coffee,69173.04,301,230.13,8.9,2325.8,10.3
2025-08-19,Mumbai,Tea,22809.85,152,149.8,8.9,775.27,10.3
2025-08-19,Mumbai,Bakery,36244.17,199,182.15,8.9,1218.28,10.3
2025-08-19,Mumbai,Meals,36460.26,100,364.24,8.9,1218.28,10.3
2025-08-19,Chennai,Coffee,48377.7,211,229.31,8.9,1661.29,10.3
2025-08-19,Chennai,Tea,16495.36,110,149.72,8.9,553.76,10.3
2025-08-19,Chennai,Bakery,25901.81,144,180.28,8.9,870.2,10.3
2025-08-19,Chennai,Meals,26221.87,73,358.35,8.9,870.2,10.3
2025-08-19,Pune,Coffee,43982.22,194,226.49,8.9,1495.16,10.3
2025-08-19,Pune,Tea,15053.36,101,148.95,8.9,498.39,10.3
2025-08-19,Pune,Bakery,23942.44,132,181.87,8.9,783.18,10.3
2025-08-19,Pune,Meals,23380.6,65,357.28,8.9,783.18,10.3
2025-08-20,Bengaluru,Coffee,90722.43,410,221.47,8.9,2825.33,9.9
2025-08-20,Bengaluru,Tea,30224.6,201,150.17,8.9,941.78,9.9
2025-08-20,Bengaluru,Bakery,48174.58,267,180.75,8.9,1479.93,9.9
2025-08-20,Bengaluru,Meals,48554.75,133,364.28,8.9,1479.93,9.9
2025-08-20,Mumbai,Coffee,75725.34,333,227.39,8.9,2326.74,9.9
2025-08-20,Mumbai,Tea,26576.82,179,148.49,8.9,775.58,9.9
2025-08-20,Mumbai,Bakery,39154.96,220,177.96,8.9,1218.77,9.9
2025-08-20,Mumbai,Meals,38366.11,107,359.42,8.9,1218.77,9.9
2025-08-20,Chennai,Coffee,55269.59,248,223.02,8.9,1661.96,9.9
2025-08-20,Chennai,Tea,18814.14,123,153.06,8.9,553.99,9.9
2025-08-20,Chennai,Bakery,27719.22,158,175.21,8.9,870.55,9.9
2025-08-20,Chennai,Meals,28501.95,81,354.05,8.9,870.55,9.9
2025-08-20,Pune,Coffee,49920.97,223,223.79,8.9,1495.76,9.9
2025-08-20,Pune,Tea,16307.0,108,151.07,8.9,498.59,9.9
2025-08-20,Pune,Bakery,25656.64,144,177.63,8.9,783.49,9.9
2025-08-20,Pune,Meals,26521.82,74,359.86,8.9,783.49,9.9
2025-08-21,Bengaluru,Coffee,88273.69,385,229.19,8.9,2826.47,14.3
2025-08-21,Bengaluru,Tea,29488.89,200,147.61,8.9,942.16,14.3
2025-08-21,Bengaluru,Bakery,45862.14,259,176.94,8.9,1480.53,14.3
2025-08-21,Bengaluru,Meals,46063.77,128,359.34,8.9,1480.53,14.3
2025-08-21,Mumbai,Coffee,71939.71,319,225.18,8.9,2327.68,14.3
2025-08-21,Mumbai,Tea,24534.48,161,152.72,8.9,775.89,14.3
2025-08-21,Mumbai,Bakery,38499.3,214,180.2,8.9,1219.26,14.3
2025-08-21,Mumbai,Meals,38091.13,107,355.68,8.9,1219.26,14.3
2025-08-21,Chennai,Coffee,51597.64,225,228.86,8.9,1662.63,14.3
2025-08-21,Chennai,Tea,17711.49,119,148.71,8.9,554.21,14.3
2025-08-21,Chennai,Bakery,28085.05,160,175.84,8.9,870.9,14.3
2025-08-21,Chennai,Meals,27648.12,76,363.63,8.9,870.9,14.3
2025-08-21,Pune,Coffee,49046.52,219,224.36,8.9,1496.36,14.3
2025-08-21,Pune,Tea,15274.78,100,153.37,8.9,498.79,14.3
2025-08-21,Pune,Bakery,24719.87,139,178.18,8.9,783.81,14.3
2025-08-21,Pune,Meals,24715.35,69,359.0,8.9,783.81,14.3
2025-08-22,Bengaluru,Coffee,101910.93,459,221.98,8.9,2827.6,14.4
2025-08-22,Bengaluru,Tea,34290.77,230,149.23,8.9,942.53,14.4
2025-08-22,Bengaluru,Bakery,53862.66,300,179.42,8.9,1481.13,14.4
2025-08-22,Bengaluru,Meals,52193.25,148,351.62,8.9,1481.13,14.4
2025-08-22,Mumbai,Coffee,81592.25,358,228.0,8.9,2328.62,14.4
2025-08-22,Mumbai,Tea,28581.25,190,150.68,8.9,776.21,14.4
2025-08-22,Mumbai,Bakery,44312.56,248,178.67,8.9,1219.75,14.4
2025-08-22,Mumbai,Meals,44255.17,126,351.6,8.9,1219.75,14.4
2025-08-22,Chennai,Coffee,60632.11,264,229.9,8.9,1663.3,14.4
2025-08-22,Chennai,Tea,20029.17,133,150.52,8.9,554.43,14.4
2025-08-22,Chennai,Bakery,32069.45,178,180.43,8.9,871.25,14.4
2025-08-22,Chennai,Meals,31504.53,89,354.43,8.9,871.25,14.4
2025-08-22,Pune,Coffee,56244.11,245,229.28,8.9,1496.97,14.4
2025-08-22,Pune,Tea,17929.44,117,153.34,8.9,498.99,14.4
2025-08-22,Pune,Bakery,29113.41,163,178.95,8.9,784.13,14.4
2025-08-22,Pune,Meals,28792.52,80,360.23,8.9,784.13,14.4
2025-08-23,Bengaluru,Coffee,110525.21,484,228.32,8.9,2828.74,7.6
2025-08-23,Bengaluru,Tea,36217.16,237,152.9,8.9,942.91,7.6
2025-08-23,Bengaluru,Bakery,57635.96,328,175.61,8.9,1481.72,7.6
2025-08-23,Bengaluru,Meals,55884.86,158,353.83,8.9,1481.72,7.6
2025-08-23,Mumbai,Coffee,88744.63,388,229.0,8.9,2329.55,7.6
2025-08-23,Mumbai,Tea,30240.44,198,152.77,8.9,776.52,7.6
2025-08-23,Mumbai,Bakery,48283.24,272,177.48,8.9,1220.24,7.6
2025-08-23,Mumbai,Meals,47382.82,135,352.02,8.9,1220.24,7.6
2025-08-23,Chennai,Coffee,65440.96,284,230.08,8.9,1663.97,7.6
2025-08-23,Chennai,Tea,22213.39,148,150.07,8.9,554.66,7.6
2025-08-23,Chennai,Bakery,33403.12,184,181.19,8.9,871.6,7.6
2025-08-23,Chennai,Meals,33178.26,94,354.09,8.9,871.6,7.6
2025-08-23,Pune,Coffee,57831.94,261,221.77,8.9,1497.57,7.6
2025-08-23,Pune,Tea,20087.94,134,150.15,8.9,499.19,7.6
2025-08-23,Pune,Bakery,30859.17,171,180.73,8.9,784.44,7.6
2025-08-23,Pune,Meals,30739.72,85,363.45,8.9,784.44,7.6
2025-08-24,Bengaluru,Coffee,102281.71,462,221.44,8.9,2829.88,12.8
2025-08-24,Bengaluru,Tea,33338.66,219,152.11,8.9,943.29,12.8
2025-08-24,Bengaluru,Bakery,54184.86,306,177.2,8.9,1482.32,12.8
2025-08-24,Bengaluru,Meals,53542.19,150,356.18,8.9,1482.32,12.8
2025-08-24,Mumbai,Coffee,86161.83,387,222.85,8.9,2330.49,12.8
2025-08-24,Mumbai,Tea,27907.26,188,148.67,8.9,776.83,12.8
2025-08-24,Mumbai,Bakery,44098.37,250,176.21,8.9,1220.73,12.8
2025-08-24,Mumbai,Meals,44299.41,123,360.01,8.9,1220.73,12.8
2025-08-24,Chennai,Coffee,60588.06,266,227.4,8.9,1664.63,12.8
2025-08-24,Chennai,Tea,19776.37,131,151.24,8.9,554.88,12.8
2025-08-24,Chennai,Bakery,31965.62,177,181.0,8.9,871.95,12.8
2025-08-24,Chennai,Meals,32201.71,90,358.09,8.9,871.95,12.8
2025-08-24,Pune,Coffee,53929.02,239,225.48,8.9,1498.17,12.8
2025-08-24,Pune,Tea,18131.7,118,153.2,8.9,499.39,12.8
2025-08-24,Pune,Bakery,28962.63,159,182.03,8.9,784.76,12.8
2025-08-24,Pune,Meals,29437.19,83,354.06,8.9,784.76,12.8
2025-08-25,Bengaluru,Coffee,87945.71,389,226.19,8.9,2831.02,6.4
2025-08-25,Bengaluru,Tea,29511.16,194,151.99,8.9,943.67,6.4
2025-08-25,Bengaluru,Bakery,46391.97,264,175.41,8.9,1482.91,6.4
2025-08-25,Bengaluru,Meals,46048.19,127,362.28,8.9,1482.91,6.4
2025-08-25,Mumbai,Coffee,71346.87,322,221.51,8.9,2331.43,6.4
2025-08-25,Mumbai,Tea,24359.83,165,147.86,8.9,777.14,6.4
2025-08-25,Mumbai,Bakery,38386.25,211,182.31,8.9,1221.22,6.4
2025-08-25,Mumbai,Meals,37422.4,105,357.99,8.9,1221.22,6.4
2025-08-25,Chennai,Coffee,53066.16,237,224.36,8.9,1665.3,6.4
2025-08-25,Chennai,Tea,17922.11,117,152.97,8.9,555.1,6.4
2025-08-25,Chennai,Bakery,26435.13,148,178.02,8.9,872.3,6.4
2025-08-25,Chennai,Meals,28316.93,81,350.46,8.9,872.3,6.4
2025-08-25,Pune,Coffee,47846.93,212,225.3,8.9,1498.77,6.4
2025-08-25,Pune,Tea,15556.5,103,151.51,8.9,499.59,6.4
2025-08-25,Pune,Bakery,23900.16,134,178.23,8.9,785.07,6.4
2025-08-25,Pune,Meals,24827.74,70,355.46,8.9,785.07,6.4
2025-08-26,Bengaluru,Coffee,88237.7,388,227.5,10.8,2845.33,7.7
2025-08-26,Bengaluru,Tea,30052.07,199,151.24,10.8,948.44,7.7
2025-08-26,Bengaluru,Bakery,45683.56,250,183.07,10.8,1490.41,7.7
2025-08-26,Bengaluru,Meals,45219.54,125,361.62,10.8,1490.41,7.7
2025-08-26,Mumbai,Coffee,71958.09,311,231.23,10.8,2343.21,7.7
2025-08-26,Mumbai,Tea,24220.07,158,152.85,10.8,781.07,7.7
2025-08-26,Mumbai,Bakery,38047.98,208,182.74,10.8,1227.4,7.7
2025-08-26,Mumbai,Meals,38168.85,107,356.67,10.8,1227.4,7.7
2025-08-26,Chennai,Coffee,52560.37,227,231.33,10.8,1673.72,7.7
2025-08-26,Chennai,Tea,17228.8,111,154.56,10.8,557.91,7.7
2025-08-26,Chennai,Bakery,26471.18,145,182.52,10.8,876.71,7.7
2025-08-26,Chennai,Meals,26953.1,75,360.11,10.8,876.71,7.7
2025-08-26,Pune,Coffee,47397.17,212,223.87,10.8,1506.35,7.7
2025-08-26,Pune,Tea,15796.78,105,150.82,10.8,502.12,7.7
2025-08-26,Pune,Bakery,24552.43,136,181.09,10.8,789.04,7.7
2025-08-26,Pune,Meals,24178.83,66,367.88,10.8,789.04,7.7
2025-08-27,Bengaluru,Coffee,90073.98,388,232.32,10.8,2846.47,8.6
2025-08-27,Bengaluru,Tea,29972.39,196,153.27,10.8,948.82,8.6
2025-08-27,Bengaluru,Bakery,47017.75,257,183.01,10.8,1491.01,8.6
2025-08-27,Bengaluru,Meals,46000.38,125,368.35,10.8,1491.01,8.6
2025-08-27,Mumbai,Coffee,74690.83,325,230.06,10.8,2344.15,8.6
2025-08-27,Mumbai,Tea,25542.89,165,154.83,10.8,781.38,8.6
2025-08-27,Mumbai,Bakery,39453.46,221,178.65,10.8,1227.89,8.6
2025-08-27,Mumbai,Meals,38298.43,105,365.04,10.8,1227.89,8.6
2025-08-27,Chennai,Coffee,51677.44,224,230.25,10.8,1674.39,8.6
2025-08-27,Chennai,Tea,17532.66,114,154.31,10.8,558.13,8.6
2025-08-27,Chennai,Bakery,27633.95,154,179.88,10.8,877.06,8.6
2025-08-27,Chennai,Meals,28574.63,78,364.26,10.8,877.06,8.6
2025-08-27,Pune,Coffee,47533.01,206,230.58,10.8,1506.96,8.6
2025-08-27,Pune,Tea,16108.83,108,149.68,10.8,502.32,8.6
2025-08-27,Pune,Bakery,25542.33,143,178.18,10.8,789.36,8.6
2025-08-27,Pune,Meals,24935.22,68,368.62,10.8,789.36,8.6
2025-08-28,Bengaluru,Coffee,102526.18,457,224.43,10.8,2847.61,9.0
2025-08-28,Bengaluru,Tea,32535.93,211,154.3,10.8,949.2,9.0
2025-08-28,Bengaluru,Bakery,52340.82,290,180.43,10.8,1491.61,9.0
2025-08-28,Bengaluru,Meals,52030.58,146,357.1,10.8,1491.61,9.0
2025-08-28,Mumbai,Coffee,81225.09,351,231.17,10.8,2345.09,9.0
2025-08-28,Mumbai,Tea,27201.95,180,151.5,10.8,781.7,9.0
2025-08-28,Mumbai,Bakery,42380.17,237,178.7,10.8,1228.38,9.0
2025-08-28,Mumbai,Meals,42729.34,120,355.73,10.8,1228.38,9.0
2025-08-28,Chennai,Coffee,58850.08,255,230.47,10.8,1675.07,9.0
2025-08-28,Chennai,Tea,20558.67,137,150.43,10.8,558.36,9.0
2025-08-28,Chennai,Bakery,31546.15,174,181.23,10.8,877.42,9.0
2025-08-28,Chennai,Meals,31400.28,86,367.09,10.8,877.42,9.0
2025-08-28,Pune,Coffee,52607.51,230,228.45,10.8,1507.56,9.0
2025-08-28,Pune,Tea,17157.18,114,150.56,10.8,502.52,9.0
2025-08-28,Pune,Bakery,26401.06,146,180.55,10.8,789.67,9.0
2025-08-28,Pune,Meals,28676.24,80,358.01,10.8,789.67,9.0
2025-08-29,Bengaluru,Coffee,110032.47,489,225.05,10.8,2848.76,6.6
2025-08-29,Bengaluru,Tea,34959.07,226,154.82,10.8,949.59,6.6
2025-08-29,Bengaluru,Bakery,54383.34,304,179.0,10.8,1492.21,6.6
2025-08-29,Bengaluru,Meals,56593.63,160,354.62,10.8,1492.21,6.6
2025-08-29,Mumbai,Coffee,86172.41,385,223.99,10.8,2346.04,6.6
2025-08-29,Mumbai,Tea,28663.28,187,153.27,10.8,782.01,6.6
2025-08-29,Mumbai,Bakery,44465.42,243,182.81,10.8,1228.88,6.6
2025-08-29,Mumbai,Meals,46207.45,130,354.8,10.8,1228.88,6.6
2025-08-29,Chennai,Coffee,64842.61,289,224.69,10.8,1675.74,6.6
2025-08-29,Chennai,Tea,20827.69,139,150.36,10.8,558.58,6.6
2025-08-29,Chennai,Bakery,32808.97,184,178.3,10.8,877.77,6.6
2025-08-29,Chennai,Meals,33120.58,90,367.11,10.8,877.77,6.6
2025-08-29,Pune,Coffee,56716.61,252,225.21,10.8,1508.17,6.6
2025-08-29,Pune,Tea,19057.79,127,149.85,10.8,502.72,6.6
2025-08-29,Pune,Bakery,30271.2,168,180.16,10.8,789.99,6.6
2025-08-29,Pune,Meals,29446.02,81,363.96,10.8,789.99,6.6
2025-08-30,Bengaluru,Coffee,113653.7,494,230.03,10.8,2849.9,6.8
2025-08-30,Bengaluru,Tea,38292.19,256,149.51,10.8,949.97,6.8
2025-08-30,Bengaluru,Bakery,61776.66,346,178.56,10.8,1492.8,6.8
2025-08-30,Bengaluru,Meals,60673.95,170,356.19,10.8,1492.8,6.8
2025-08-30,Mumbai,Coffee,96582.25,423,228.46,10.8,2346.98,6.8
2025-08-30,Mumbai,Tea,32211.26,214,150.59,10.8,782.33,6.8
2025-08-30,Mumbai,Bakery,50139.23,272,184.11,10.8,1229.37,6.8
2025-08-30,Mumbai,Meals,51254.73,144,355.0,10.8,1229.37,6.8
2025-08-30,Chennai,Coffee,69064.94,301,229.7,10.8,1676.41,6.8
2025-08-30,Chennai,Tea,22582.57,150,150.24,10.8,558.8,6.8
2025-08-30,Chennai,Bakery,35313.72,193,182.92,10.8,878.12,6.8
2025-08-30,Chennai,Meals,35247.95,98,359.28,10.8,878.12,6.8
2025-08-30,Pune,Coffee,61897.84,272,227.7,10.8,1508.77,6.8
2025-08-30,Pune,Tea,20648.35,133,155.27,10.8,502.92,6.8
2025-08-30,Pune,Bakery,32424.0,179,181.61,10.8,790.31,6.8
2025-08-30,Pune,Meals,32204.54,90,357.37,10.8,790.31,6.8
2025-08-31,Bengaluru,Coffee,112879.66,495,228.07,10.8,2851.04,8.2
2025-08-31,Bengaluru,Tea,36244.37,234,155.21,10.8,950.35,8.2
2025-08-31,Bengaluru,Bakery,60216.68,333,180.93,10.8,1493.4,8.2
2025-08-31,Bengaluru,Meals,56405.36,155,363.38,10.8,1493.4,8.2
2025-08-31,Mumbai,Coffee,89686.12,400,224.2,10.8,2347.92,8.2
2025-08-31,Mumbai,Tea,31544.95,207,152.74,10.8,782.64,8.2
2025-08-31,Mumbai,Bakery,49343.32,277,178.4,10.8,1229.86,8.2
2025-08-31,Mumbai,Meals,48520.54,132,366.35,10.8,1229.86,8.2
2025-08-31,Chennai,Coffee,66082.99,291,227.28,10.8,1677.08,8.2
2025-08-31,Chennai,Tea,22098.65,145,151.98,10.8,559.03,8.2
2025-08-31,Chennai,Bakery,34632.27,190,181.88,10.8,878.47,8.2
2025-08-31,Chennai,Meals,35619.84,97,367.4,10.8,878.47,8.2
2025-08-31,Pune,Coffee,60319.96,268,225.19,10.8,1509.38,8.2
2025-08-31,Pune,Tea,19187.65,127,151.45,10.8,503.13,8.2
2025-08-31,Pune,Bakery,31078.95,173,179.22,10.8,790.63,8.2
2025-08-31,Pune,Meals,30690.08,85,362.27,10.8,790.63,8.2
2025-09-01,Bengaluru,Coffee,89815.09,401,224.2,10.8,2852.19,6.7
2025-09-01,Bengaluru,Tea,29354.15,194,151.59,10.8,950.73,6.7
2025-09-01,Bengaluru,Bakery,47151.11,258,182.92,10.8,1494.0,6.7
2025-09-01,Bengaluru,Meals,46908.07,132,354.99,10.8,1494.0,6.7
2025-09-01,Mumbai,Coffee,70570.23,312,226.0,10.8,2348.86,6.7
2025-09-01,Mumbai,Tea,25042.74,162,154.91,10.8,782.95,6.7
2025-09-01,Mumbai,Bakery,39116.36,218,179.06,10.8,1230.35,6.7
2025-09-01,Mumbai,Meals,39063.04,108,361.35,10.8,1230.35,6.7
2025-09-01,Chennai,Coffee,50869.01,226,225.1,10.8,1677.76,6.7
2025-09-01,Chennai,Tea,17516.28,114,153.79,10.8,559.25,6.7
2025-09-01,Chennai,Bakery,27093.91,151,179.33,10.8,878.82,6.7
2025-09-01,Chennai,Meals,27055.87,74,365.31,10.8,878.82,6.7
2025-09-01,Pune,Coffee,45562.01,202,225.1,10.8,1509.98,6.7
2025-09-01,Pune,Tea,15578.89,101,154.31,10.8,503.33,6.7
2025-09-01,Pune,Bakery,24100.05,135,179.01,10.8,790.94,6.7
2025-09-01,Pune,Meals,24500.23,67,367.74,10.8,790.94,6.7
2025-09-02,Bengaluru,Coffee,78584.78,327,240.14,7.8,2789.92,6.4
2025-09-02,Bengaluru,Tea,26489.22,167,159.01,7.8,929.97,6.4
2025-09-02,Bengaluru,Bakery,41875.03,223,187.6,7.8,1461.39,6.4
2025-09-02,Bengaluru,Meals,38762.67,105,369.66,7.8,1461.39,6.4
2025-09-02,Mumbai,Coffee,64089.29,265,241.52,7.8,2297.58,6.4
2025-09-02,Mumbai,Tea,21635.98,134,161.09,7.8,765.86,6.4
2025-09-02,Mumbai,Bakery,33216.4,173,191.57,7.8,1203.49,6.4
2025-09-02,Mumbai,Meals,33727.14,91,371.71,7.8,1203.49,6.4
2025-09-02,Chennai,Coffee,45546.21,193,236.02,7.8,1641.13,6.4
2025-09-02,Chennai,Tea,15463.42,96,160.7,7.8,547.04,6.4
2025-09-02,Chennai,Bakery,24037.16,127,188.66,7.8,859.64,6.4
2025-09-02,Chennai,Meals,23963.15,64,375.72,7.8,859.64,6.4
2025-09-02,Pune,Coffee,40588.05,171,237.71,7.8,1477.02,6.4
2025-09-02,Pune,Tea,14011.51,90,156.52,7.8,492.34,6.4
2025-09-02,Pune,Bakery,21848.44,114,191.18,7.8,773.68,6.4
2025-09-02,Pune,Meals,22243.81,58,380.96,7.8,773.68,6.4
2025-09-03,Bengaluru,Coffee,86517.77,371,232.99,7.8,2791.04,8.4
2025-09-03,Bengaluru,Tea,28668.88,179,160.51,7.8,930.35,8.4
2025-09-03,Bengaluru,Bakery,44945.85,242,185.75,7.8,1461.97,8.4
2025-09-03,Bengaluru,Meals,44802.81,120,371.93,7.8,1461.97,8.4
2025-09-03,Mumbai,Coffee,73196.98,305,239.73,7.8,2298.5,8.4
2025-09-03,Mumbai,Tea,23587.47,151,156.01,7.8,766.17,8.4
2025-09-03,Mumbai,Bakery,37661.56,203,185.6,7.8,1203.98,8.4
2025-09-03,Mumbai,Meals,37162.2,99,375.59,7.8,1203.98,8.4
2025-09-03,Chennai,Coffee,49382.06,208,237.34,7.8,1641.79,8.4
2025-09-03,Chennai,Tea,17161.08,109,158.0,7.8,547.26,8.4
2025-09-03,Chennai,Bakery,26602.38,144,185.08,7.8,859.98,8.4
2025-09-03,Chennai,Meals,25863.62,69,373.29,7.8,859.98,8.4
2025-09-03,Pune,Coffee,44437.3,190,233.54,7.8,1477.61,8.4
2025-09-03,Pune,Tea,14788.82,93,158.17,7.8,492.54,8.4
2025-09-03,Pune,Bakery,24287.76,130,186.91,7.8,773.99,8.4
2025-09-03,Pune,Meals,23476.19,63,371.81,7.8,773.99,8.4
2025-09-04,Bengaluru,Coffee,91441.91,380,240.45,7.8,2792.15,9.2
2025-09-04,Bengaluru,Tea,30296.47,191,158.98,7.8,930.72,9.2
2025-09-04,Bengaluru,Bakery,46692.98,253,184.79,7.8,1462.56,9.2
2025-09-04,Bengaluru,Meals,46484.76,123,377.84,7.8,1462.56,9.2
2025-09-04,Mumbai,Coffee,74184.51,311,238.45,7.8,2299.42,9.2
2025-09-04,Mumbai,Tea,23416.46,147,159.18,7.8,766.47,9.2
2025-09-04,Mumbai,Bakery,38111.4,201,189.35,7.8,1204.46,9.2
2025-09-04,Mumbai,Meals,38440.34,101,381.86,7.8,1204.46,9.2
2025-09-04,Chennai,Coffee,51960.43,221,234.81,7.8,1642.44,9.2
2025-09-04,Chennai,Tea,17895.76,111,161.26,7.8,547.48,9.2
2025-09-04,Chennai,Bakery,28242.91,149,189.44,7.8,860.33,9.2
2025-09-04,Chennai,Meals,27199.66,72,380.36,7.8,860.33,9.2
2025-09-04,Pune,Coffee,47482.34,201,235.89,7.8,1478.2,9.2
2025-09-04,Pune,Tea,15569.8,99,157.14,7.8,492.73,9.2
2025-09-04,Pune,Bakery,24476.13,130,188.45,7.8,774.29,9.2
2025-09-04,Pune,Meals,24975.48,66,378.77,7.8,774.29,9.2
2025-09-05,Bengaluru,Coffee,98420.27,407,241.6,7.8,2793.27,6.7
2025-09-05,Bengaluru,Tea,33270.93,213,156.49,7.8,931.09,6.7
2025-09-05,Bengaluru,Bakery,52349.53,274,191.1,7.8,1463.14,6.7
2025-09-05,Bengaluru,Meals,53336.55,142,375.76,7.8,1463.14,6.7
2025-09-05,Mumbai,Coffee,83437.72,345,241.9,7.8,2300.34,6.7
2025-09-05,Mumbai,Tea,27562.93,172,160.5,7.8,766.78,6.7
2025-09-05,Mumbai,Bakery,43453.41,231,188.07,7.8,1204.94,6.7
2025-09-05,Mumbai,Meals,42351.34,113,375.93,7.8,1204.94,6.7
2025-09-05,Chennai,Coffee,59912.69,249,240.36,7.8,1643.1,6.7
2025-09-05,Chennai,Tea,19292.75,120,160.21,7.8,547.7,6.7
2025-09-05,Chennai,Bakery,31272.74,169,184.65,7.8,860.67,6.7
2025-09-05,Chennai,Meals,31526.43,84,377.56,7.8,860.67,6.7
2025-09-05,Pune,Coffee,53898.45,228,236.76,7.8,1478.79,6.7
2025-09-05,Pune,Tea,17947.45,114,157.77,7.8,492.93,6.7
2025-09-05,Pune,Bakery,27280.78,147,185.81,7.8,774.6,6.7
2025-09-05,Pune,Meals,29464.06,78,378.25,7.8,774.6,6.7
2025-09-06,Bengaluru,Coffee,100335.12,423,236.94,7.8,2794.39,7.2
2025-09-06,Bengaluru,Tea,33751.99,210,160.75,7.8,931.46,7.2
2025-09-06,Bengaluru,Bakery,52873.85,284,186.42,7.8,1463.73,7.2
2025-09-06,Bengaluru,Meals,53319.68,140,379.54,7.8,1463.73,7.2
2025-09-06,Mumbai,Coffee,87023.8,367,236.82,7.8,2301.26,7.2
2025-09-06,Mumbai,Tea,28446.7,179,159.05,7.8,767.09,7.2
2025-09-06,Mumbai,Bakery,44196.74,237,186.4,7.8,1205.42,7.2
2025-09-06,Mumbai,Meals,43120.59,114,379.21,7.8,1205.42,7.2
2025-09-06,Chennai,Coffee,61639.77,258,239.28,7.8,1643.76,7.2
2025-09-06,Chennai,Tea,20375.8,128,159.64,7.8,547.92,7.2
2025-09-06,Chennai,Bakery,31496.5,168,187.66,7.8,861.02,7.2
2025-09-06,Chennai,Meals,31627.64,83,380.99,7.8,861.02,7.2
2025-09-06,Pune,Coffee,55955.42,234,239.45,7.8,1479.38,7.2
2025-09-06,Pune,Tea,17792.9,114,156.58,7.8,493.13,7.2
2025-09-06,Pune,Bakery,27860.97,148,188.23,7.8,774.91,7.2
2025-09-06,Pune,Meals,28282.23,74,380.86,7.8,774.91,7.2
2025-09-07,Bengaluru,Coffee,102647.59,428,239.74,7.8,2795.51,6.5
2025-09-07,Bengaluru,Tea,35662.36,226,157.88,7.8,931.84,6.5
2025-09-07,Bengaluru,Bakery,57473.72,309,186.28,7.8,1464.31,6.5
2025-09-07,Bengaluru,Meals,55397.92,147,376.09,7.8,1464.31,6.5
2025-09-07,Mumbai,Coffee,85896.65,360,238.49,7.8,2302.18,6.5
2025-09-07,Mumbai,Tea,29523.69,186,158.88,7.8,767.39,6.5
2025-09-07,Mumbai,Bakery,45182.67,236,191.29,7.8,1205.91,6.5
2025-09-07,Mumbai,Meals,44693.49,120,373.56,7.8,1205.91,6.5
2025-09-07,Chennai,Coffee,62677.14,260,241.32,7.8,1644.42,6.5
2025-09-07,Chennai,Tea,20598.84,129,159.79,7.8,548.14,6.5
2025-09-07,Chennai,Bakery,32547.21,176,184.5,7.8,861.36,6.5
2025-09-07,Chennai,Meals,33310.19,88,377.49,7.8,861.36,6.5
2025-09-07,Pune,Coffee,57746.18,246,234.85,7.8,1479.97,6.5
2025-09-07,Pune,Tea,18717.65,120,155.9,7.8,493.32,6.5
2025-09-07,Pune,Bakery,29018.14,155,187.52,7.8,775.22,6.5
2025-09-07,Pune,Meals,29105.9,76,382.73,7.8,775.22,6.5
2025-09-08,Bengaluru,Coffee,86112.76,358,240.63,7.8,2796.63,5.5
2025-09-08,Bengaluru,Tea,28076.59,180,155.83,7.8,932.21,5.5
2025-09-08,Bengaluru,Bakery,44894.89,235,191.12,7.8,1464.9,5.5
2025-09-08,Bengaluru,Meals,45000.23,120,376.29,7.8,1464.9,5.5
2025-09-08,Mumbai,Coffee,66422.51,283,234.66,7.8,2303.1,5.5
2025-09-08,Mumbai,Tea,22576.1,141,160.03,7.8,767.7,5.5
2025-09-08,Mumbai,Bakery,36948.74,195,189.88,7.8,1206.39,5.5
2025-09-08,Mumbai,Meals,37862.42,101,373.36,7.8,1206.39,5.5
2025-09-08,Chennai,Coffee,49297.75,205,240.24,7.8,1645.07,5.5
2025-09-08,Chennai,Tea,16642.81,105,158.11,7.8,548.36,5.5
2025-09-08,Chennai,Bakery,25926.3,140,185.3,7.8,861.71,5.5
2025-09-08,Chennai,Meals,26053.72,69,376.21,7.8,861.71,5.5
2025-09-08,Pune,Coffee,45528.18,193,235.6,7.8,1480.57,5.5
2025-09-08,Pune,Tea,14697.48,92,160.38,7.8,493.52,5.5
2025-09-08,Pune,Bakery,23980.13,127,188.95,7.8,775.53,5.5
2025-09-08,Pune,Meals,23671.21,62,381.53,7.8,775.53,5.5
2025-09-09,Bengaluru,Coffee,99112.2,423,234.46,10.7,2793.83,5.1
2025-09-09,Bengaluru,Tea,33300.59,219,152.08,10.7,931.28,5.1
2025-09-09,Bengaluru,Bakery,52749.28,289,182.74,10.7,1463.43,5.1
2025-09-09,Bengaluru,Meals,50318.05,137,368.49,10.7,1463.43,5.1
2025-09-09,Mumbai,Coffee,79205.44,341,232.45,10.7,2300.8,5.1
2025-09-09,Mumbai,Tea,26905.08,175,154.15,10.7,766.93,5.1
2025-09-09,Mumbai,Bakery,41455.21,224,184.77,10.7,1205.18,5.1
2025-09-09,Mumbai,Meals,41060.51,113,362.21,10.7,1205.18,5.1
2025-09-09,Chennai,Coffee,58333.88,249,233.98,10.7,1643.43,5.1
2025-09-09,Chennai,Tea,19180.31,124,154.82,10.7,547.81,5.1
2025-09-09,Chennai,Bakery,29378.75,163,180.28,10.7,860.84,5.1
2025-09-09,Chennai,Meals,32173.41,86,373.65,10.7,860.84,5.1
2025-09-09,Pune,Coffee,50710.46,217,233.27,10.7,1479.09,5.1
2025-09-09,Pune,Tea,17841.88,113,157.39,10.7,493.03,5.1
2025-09-09,Pune,Bakery,27111.77,147,184.76,10.7,774.76,5.1
2025-09-09,Pune,Meals,27011.13,75,361.3,10.7,774.76,5.1
2025-09-10,Bengaluru,Coffee,92253.27,405,227.68,10.7,2794.94,4.5
2025-09-10,Bengaluru,Tea,30327.68,193,157.29,10.7,931.65,4.5
2025-09-10,Bengaluru,Bakery,47162.92,252,187.01,10.7,1464.02,4.5
2025-09-10,Bengaluru,Meals,48350.13,131,367.93,10.7,1464.02,4.5
2025-09-10,Mumbai,Coffee,81185.66,344,236.05,10.7,2301.72,4.5
2025-09-10,Mumbai,Tea,25328.93,165,153.44,10.7,767.24,4.5
2025-09-10,Mumbai,Bakery,40557.13,223,181.84,10.7,1205.66,4.5
2025-09-10,Mumbai,Meals,40933.74,110,373.78,10.7,1205.66,4.5
2025-09-10,Chennai,Coffee,56850.49,242,234.99,10.7,1644.08,4.5
2025-09-10,Chennai,Tea,18342.9,118,155.02,10.7,548.03,4.5
2025-09-10,Chennai,Bakery,29037.69,161,180.7,10.7,861.19,4.5
2025-09-10,Chennai,Meals,27528.78,76,364.57,10.7,861.19,4.5
2025-09-10,Pune,Coffee,49746.63,212,235.1,10.7,1479.68,4.5
2025-09-10,Pune,Tea,16636.02,106,156.81,10.7,493.23,4.5
2025-09-10,Pune,Bakery,25598.66,138,185.21,10.7,775.07,4.5
2025-09-10,Pune,Meals,25778.46,69,371.56,10.7,775.07,4.5
2025-09-11,Bengaluru,Coffee,97362.53,427,228.13,10.7,2796.06,6.2
2025-09-11,Bengaluru,Tea,33182.64,218,152.52,10.7,932.02,6.2
2025-09-11,Bengaluru,Bakery,52293.39,290,180.23,10.7,1464.6,6.2
2025-09-11,Bengaluru,Meals,52672.85,142,370.53,10.7,1464.6,6.2
2025-09-11,Mumbai,Coffee,81836.25,357,229.06,10.7,2302.64,6.2
2025-09-11,Mumbai,Tea,27520.55,177,155.47,10.7,767.55,6.2
2025-09-11,Mumbai,Bakery,42690.79,234,182.11,10.7,1206.14,6.2
2025-09-11,Mumbai,Meals,42554.49,117,364.11,10.7,1206.14,6.2
2025-09-11,Chennai,Coffee,57809.81,253,228.37,10.7,1644.74,6.2
2025-09-11,Chennai,Tea,19542.05,124,157.25,10.7,548.25,6.2
2025-09-11,Chennai,Bakery,30094.05,165,182.16,10.7,861.53,6.2
2025-09-11,Chennai,Meals,31028.25,83,374.56,10.7,861.53,6.2
2025-09-11,Pune,Coffee,52646.28,228,230.94,10.7,1480.27,6.2
2025-09-11,Pune,Tea,17078.33,110,155.93,10.7,493.42,6.2
2025-09-11,Pune,Bakery,27916.82,154,181.58,10.7,775.38,6.2
2025-09-11,Pune,Meals,27318.89,73,373.92,10.7,775.38,6.2
2025-09-12,Bengaluru,Coffee,105042.11,456,230.52,10.7,2797.18,4.9
2025-09-12,Bengaluru,Tea,36095.75,236,152.64,10.7,932.39,4.9
2025-09-12,Bengaluru,Bakery,56066.85,309,181.61,10.7,1465.19,4.9
2025-09-12,Bengaluru,Meals,56915.44,157,363.53,10.7,1465.19,4.9
2025-09-12,Mumbai,Coffee,90427.68,382,236.56,10.7,2303.56,4.9
2025-09-12,Mumbai,Tea,30124.91,192,157.06,10.7,767.85,4.9
2025-09-12,Mumbai,Bakery,45839.36,254,180.25,10.7,1206.62,4.9
2025-09-12,Mumbai,Meals,46279.31,125,370.87,10.7,1206.62,4.9
2025-09-12,Chennai,Coffee,62444.82,268,232.91,10.7,1645.4,4.9
2025-09-12,Chennai,Tea,21828.15,143,152.33,10.7,548.47,4.9
2025-09-12,Chennai,Bakery,34744.9,186,187.16,10.7,861.87,4.9
2025-09-12,Chennai,Meals,33880.66,94,362.0,10.7,861.87,4.9
2025-09-12,Pune,Coffee,59326.96,254,233.18,10.7,1480.86,4.9
2025-09-12,Pune,Tea,19102.63,121,157.85,10.7,493.62,4.9
2025-09-12,Pune,Bakery,31124.48,171,181.8,10.7,775.69,4.9
2025-09-12,Pune,Meals,30361.78,82,368.3,10.7,775.69,4.9
2025-09-13,Bengaluru,Coffee,120532.33,528,228.2,10.7,2798.29,5.5
2025-09-13,Bengaluru,Tea,39036.03,253,154.17,10.7,932.76,5.5
2025-09-13,Bengaluru,Bakery,62379.72,346,180.47,10.7,1465.77,5.5
2025-09-13,Bengaluru,Meals,62234.44,172,360.99,10.7,1465.77,5.5
2025-09-13,Mumbai,Coffee,96499.36,418,231.02,10.7,2304.48,5.5
2025-09-13,Mumbai,Tea,33117.58,213,155.12,10.7,768.16,5.5
2025-09-13,Mumbai,Bakery,51231.34,278,184.22,10.7,1207.11,5.5
2025-09-13,Mumbai,Meals,50944.54,141,360.37,10.7,1207.11,5.5
2025-09-13,Chennai,Coffee,69508.34,294,236.09,10.7,1646.05,5.5
2025-09-13,Chennai,Tea,23339.87,153,152.15,10.7,548.68,5.5
2025-09-13,Chennai,Bakery,36210.33,199,181.83,10.7,862.22,5.5
2025-09-13,Chennai,Meals,36301.05,98,369.17,10.7,862.22,5.5
2025-09-13,Pune,Coffee,62927.32,268,234.4,10.7,1481.45,5.5
2025-09-13,Pune,Tea,21222.87,136,156.17,10.7,493.82,5.5
2025-09-13,Pune,Bakery,33539.68,182,183.83,10.7,776.0,5.5
2025-09-13,Pune,Meals,33383.79,89,373.68,10.7,776.0,5.5
2025-09-14,Bengaluru,Coffee,118079.11,507,232.73,10.7,2799.41,5.3
2025-09-14,Bengaluru,Tea,39447.75,253,155.81,10.7,933.14,5.3
2025-09-14,Bengaluru,Bakery,63886.13,349,183.05,10.7,1466.36,5.3
2025-09-14,Bengaluru,Meals,62511.93,167,374.37,10.7,1466.36,5.3
2025-09-14,Mumbai,Coffee,101150.15,438,230.78,10.7,2305.39,5.3
2025-09-14,Mumbai,Tea,33787.57,219,154.32,10.7,768.46,5.3
2025-09-14,Mumbai,Bakery,54116.29,293,184.46,10.7,1207.59,5.3
2025-09-14,Mumbai,Meals,52370.35,143,367.03,10.7,1207.59,5.3
2025-09-14,Chennai,Coffee,70538.41,309,228.3,10.7,1646.71,5.3
2025-09-14,Chennai,Tea,22728.2,147,154.65,10.7,548.9,5.3
2025-09-14,Chennai,Bakery,37656.44,209,180.36,10.7,862.56,5.3
2025-09-14,Chennai,Meals,36431.12,98,370.73,10.7,862.56,5.3
2025-09-14,Pune,Coffee,63131.95,277,227.88,10.7,1482.04,5.3
2025-09-14,Pune,Tea,20678.71,135,153.16,10.7,494.01,5.3
2025-09-14,Pune,Bakery,32788.95,177,185.66,10.7,776.31,5.3
2025-09-14,Pune,Meals,32916.44,89,368.27,10.7,776.31,5.3
2025-09-15,Bengaluru,Coffee,91069.42,396,229.72,10.7,2800.52,5.1
2025-09-15,Bengaluru,Tea,31920.49,207,153.96,10.7,933.51,5.1
2025-09-15,Bengaluru,Bakery,46933.23,260,180.67,10.7,1466.94,5.1
2025-09-15,Bengaluru,Meals,48501.43,133,365.26,10.7,1466.94,5.1
2025-09-15,Mumbai,Coffee,76154.69,333,228.88,10.7,2306.31,5.1
2025-09-15,Mumbai,Tea,24891.87,159,156.07,10.7,768.77,5.1
2025-09-15,Mumbai,Bakery,41040.72,223,183.78,10.7,1208.07,5.1
2025-09-15,Mumbai,Meals,39849.95,110,363.45,10.7,1208.07,5.1
2025-09-15,Chennai,Coffee,56545.21,246,229.7,10.7,1647.37,5.1
2025-09-15,Chennai,Tea,18607.58,120,155.52,10.7,549.12,5.1
2025-09-15,Chennai,Bakery,29003.86,159,181.91,10.7,862.91,5.1
2025-09-15,Chennai,Meals,28368.44,77,368.7,10.7,862.91,5.1
2025-09-15,Pune,Coffee,50092.31,220,227.86,10.7,1482.63,5.1
2025-09-15,Pune,Tea,15695.93,100,156.89,10.7,494.21,5.1
2025-09-15,Pune,Bakery,26660.6,144,184.6,10.7,776.62,5.1
2025-09-15,Pune,Meals,25411.13,68,373.74,10.7,776.62,5.1
2025-09-16,Bengaluru,Coffee,85167.42,359,237.31,10.5,2725.67,6.2
2025-09-16,Bengaluru,Tea,30258.3,193,156.67,10.5,908.56,6.2
2025-09-16,Bengaluru,Bakery,46005.21,244,188.26,10.5,1427.73,6.2
2025-09-16,Bengaluru,Meals,48548.18,129,375.28,10.5,1427.73,6.2
2025-09-16,Mumbai,Coffee,72862.77,317,229.59,10.5,2244.67,6.2
2025-09-16,Mumbai,Tea,24542.69,157,156.25,10.5,748.22,6.2
2025-09-16,Mumbai,Bakery,38076.05,202,188.58,10.5,1175.78,6.2
2025-09-16,Mumbai,Meals,37817.24,104,363.53,10.5,1175.78,6.2
2025-09-16,Chennai,Coffee,52787.4,229,231.01,10.5,1603.34,6.2
2025-09-16,Chennai,Tea,16906.16,110,154.05,10.5,534.45,6.2
2025-09-16,Chennai,Bakery,26588.9,146,182.31,10.5,839.84,6.2
2025-09-16,Chennai,Meals,26405.34,72,364.91,10.5,839.84,6.2
2025-09-16,Pune,Coffee,47410.8,204,232.12,10.5,1443.0,6.2
2025-09-16,Pune,Tea,15421.51,98,157.97,10.5,481.0,6.2
2025-09-16,Pune,Bakery,24955.41,133,188.07,10.5,755.86,6.2
2025-09-16,Pune,Meals,23400.62,62,377.35,10.5,755.86,6.2
2025-09-17,Bengaluru,Coffee,101585.18,440,230.87,10.5,2726.76,4.2
2025-09-17,Bengaluru,Tea,33565.69,214,156.53,10.5,908.92,4.2
2025-09-17,Bengaluru,Bakery,53395.3,284,188.18,10.5,1428.3,4.2
2025-09-17,Bengaluru,Meals,54899.96,149,367.89,10.5,1428.3,4.2
2025-09-17,Mumbai,Coffee,84982.47,369,230.33,10.5,2245.56,4.2
2025-09-17,Mumbai,Tea,28389.91,179,158.56,10.5,748.52,4.2
2025-09-17,Mumbai,Bakery,44207.07,238,185.57,10.5,1176.25,4.2
2025-09-17,Mumbai,Meals,45965.4,123,375.01,10.5,1176.25,4.2
2025-09-17,Chennai,Coffee,62089.64,264,234.74,10.5,1603.97,4.2
2025-09-17,Chennai,Tea,19911.56,126,158.62,10.5,534.66,4.2
2025-09-17,Chennai,Bakery,31512.13,168,187.22,10.5,840.18,4.2
2025-09-17,Chennai,Meals,31204.55,85,367.37,10.5,840.18,4.2
2025-09-17,Pune,Coffee,52750.12,229,230.12,10.5,1443.58,4.2
2025-09-17,Pune,Tea,17516.23,111,157.97,10.5,481.19,4.2
2025-09-17,Pune,Bakery,28080.99,151,186.51,10.5,756.16,4.2
2025-09-17,Pune,Meals,28431.28,77,369.25,10.5,756.16,4.2
2025-09-18,Bengaluru,Coffee,90617.65,388,233.31,10.5,2727.84,3.5
2025-09-18,Bengaluru,Tea,30267.6,196,154.81,10.5,909.28,3.5
2025-09-18,Bengaluru,Bakery,49110.54,260,189.03,10.5,1428.87,3.5
2025-09-18,Bengaluru,Meals,48494.36,133,364.84,10.5,1428.87,3.5
2025-09-18,Mumbai,Coffee,78476.98,340,230.5,10.5,2246.46,3.5
2025-09-18,Mumbai,Tea,25484.58,166,153.83,10.5,748.82,3.5
2025-09-18,Mumbai,Bakery,41587.67,221,187.95,10.5,1176.72,3.5
2025-09-18,Mumbai,Meals,41062.52,110,373.2,10.5,1176.72,3.5
2025-09-18,Chennai,Coffee,55492.6,233,238.25,10.5,1604.61,3.5
2025-09-18,Chennai,Tea,18444.97,121,153.05,10.5,534.87,3.5
2025-09-18,Chennai,Bakery,28970.53,154,188.24,10.5,840.51,3.5
2025-09-18,Chennai,Meals,29032.07,77,375.94,10.5,840.51,3.5
2025-09-18,Pune,Coffee,49878.47,217,230.35,10.5,1444.15,3.5
2025-09-18,Pune,Tea,16769.91,106,158.24,10.5,481.38,3.5
2025-09-18,Pune,Bakery,26215.38,143,182.97,10.5,756.46,3.5
2025-09-18,Pune,Meals,26101.99,69,378.04,10.5,756.46,3.5
2025-09-19,Bengaluru,Coffee,109234.39,475,229.74,10.5,2728.93,4.3
2025-09-19,Bengaluru,Tea,36187.22,228,158.87,10.5,909.64,4.3
2025-09-19,Bengaluru,Bakery,58282.59,318,183.05,10.5,1429.44,4.3
2025-09-19,Bengaluru,Meals,56388.32,152,371.28,10.5,1429.44,4.3
2025-09-19,Mumbai,Coffee,91205.38,382,238.64,10.5,2247.35,4.3
2025-09-19,Mumbai,Tea,29887.08,190,157.31,10.5,749.12,4.3
2025-09-19,Mumbai,Bakery,47517.99,257,184.77,10.5,1177.18,4.3
2025-09-19,Mumbai,Meals,49011.83,133,367.47,10.5,1177.18,4.3
2025-09-19,Chennai,Coffee,63498.04,270,235.55,10.5,1605.25,4.3
2025-09-19,Chennai,Tea,21551.1,137,157.64,10.5,535.08,4.3
2025-09-19,Chennai,Bakery,35372.88,190,186.61,10.5,840.85,4.3
2025-09-19,Chennai,Meals,33725.45,92,365.24,10.5,840.85,4.3
2025-09-19,Pune,Coffee,56209.78,243,231.69,10.5,1444.73,4.3
2025-09-19,Pune,Tea,19337.95,125,155.19,10.5,481.58,4.3
2025-09-19,Pune,Bakery,30139.17,160,188.28,10.5,756.76,4.3
2025-09-19,Pune,Meals,30535.81,82,372.45,10.5,756.76,4.3
2025-09-20,Bengaluru,Coffee,127687.61,543,235.05,10.5,2730.01,3.0
2025-09-20,Bengaluru,Tea,40636.19,256,158.88,10.5,910.0,3.0
2025-09-20,Bengaluru,Bakery,63916.76,343,186.31,10.5,1430.01,3.0
2025-09-20,Bengaluru,Meals,65070.18,173,375.88,10.5,1430.01,3.0
2025-09-20,Mumbai,Coffee,97270.8,417,233.4,10.5,2248.25,3.0
2025-09-20,Mumbai,Tea,34321.21,218,157.33,10.5,749.42,3.0
2025-09-20,Mumbai,Bakery,54794.84,293,187.22,10.5,1177.65,3.0
2025-09-20,Mumbai,Meals,56764.65,150,378.14,10.5,1177.65,3.0
2025-09-20,Chennai,Coffee,75734.92,323,234.49,10.5,1605.89,3.0
2025-09-20,Chennai,Tea,24593.26,158,155.57,10.5,535.3,3.0
2025-09-20,Chennai,Bakery,38735.77,208,186.3,10.5,841.18,3.0
2025-09-20,Chennai,Meals,37249.15,99,376.47,10.5,841.18,3.0
2025-09-20,Pune,Coffee,65044.31,282,230.93,10.5,1445.3,3.0
2025-09-20,Pune,Tea,21637.18,138,156.48,10.5,481.77,3.0
2025-09-20,Pune,Bakery,33921.6,183,185.23,10.5,757.06,3.0
2025-09-20,Pune,Meals,33381.19,89,376.55,10.5,757.06,3.0
2025-09-21,Bengaluru,Coffee,114103.27,481,237.03,10.5,2731.1,5.0
2025-09-21,Bengaluru,Tea,36361.85,233,156.1,10.5,910.37,5.0
2025-09-21,Bengaluru,Bakery,58672.92,313,187.26,10.5,1430.58,5.0
2025-09-21,Bengaluru,Meals,57080.66,156,366.23,10.5,1430.58,5.0
2025-09-21,Mumbai,Coffee,95810.63,417,229.7,10.5,2249.14,5.0
2025-09-21,Mumbai,Tea,30738.1,195,157.53,10.5,749.71,5.0
2025-09-21,Mumbai,Bakery,47035.58,259,181.75,10.5,1178.12,5.0
2025-09-21,Mumbai,Meals,47814.05,130,366.52,10.5,1178.12,5.0
2025-09-21,Chennai,Coffee,63990.23,275,232.59,10.5,1606.53,5.0
2025-09-21,Chennai,Tea,22119.51,140,157.98,10.5,535.51,5.0
2025-09-21,Chennai,Bakery,33596.7,182,184.35,10.5,841.52,5.0
2025-09-21,Chennai,Meals,34749.8,92,378.14,10.5,841.52,5.0
2025-09-21,Pune,Coffee,60640.57,255,237.94,10.5,1445.88,5.0
2025-09-21,Pune,Tea,20151.12,127,159.2,10.5,481.96,5.0
2025-09-21,Pune,Bakery,31096.55,170,182.6,10.5,757.36,5.0
2025-09-21,Pune,Meals,30454.54,81,374.5,10.5,757.36,5.0
2025-09-22,Bengaluru,Coffee,92850.33,390,238.03,10.5,2732.19,4.8
2025-09-22,Bengaluru,Tea,31109.05,197,157.74,10.5,910.73,4.8
2025-09-22,Bengaluru,Bakery,49513.38,268,185.07,10.5,1431.14,4.8
2025-09-22,Bengaluru,Meals,46426.65,125,372.18,10.5,1431.14,4.8
2025-09-22,Mumbai,Coffee,73880.78,311,237.31,10.5,2250.04,4.8
2025-09-22,Mumbai,Tea,25349.71,160,158.79,10.5,750.01,4.8
2025-09-22,Mumbai,Bakery,38771.22,206,188.58,10.5,1178.59,4.8
2025-09-22,Mumbai,Meals,39650.33,106,373.49,10.5,1178.59,4.8
2025-09-22,Chennai,Coffee,54301.14,236,229.68,10.5,1607.17,4.8
2025-09-22,Chennai,Tea,18402.68,117,156.88,10.5,535.72,4.8
2025-09-22,Chennai,Bakery,27589.39,150,183.87,10.5,841.85,4.8
2025-09-22,Chennai,Meals,28711.77,78,367.72,10.5,841.85,4.8
2025-09-22,Pune,Coffee,47663.24,206,231.13,10.5,1446.45,4.8
2025-09-22,Pune,Tea,16194.09,105,154.58,10.5,482.15,4.8
2025-09-22,Pune,Bakery,25334.15,137,185.06,10.5,757.66,4.8
2025-09-22,Pune,Meals,26030.52,71,367.64,10.5,757.66,4.8
2025-09-23,Bengaluru,Coffee,94439.76,398,237.56,12.5,2857.08,3.8
2025-09-23,Bengaluru,Tea,31408.69,199,157.72,12.5,952.36,3.8
2025-09-23,Bengaluru,Bakery,49685.51,261,190.13,12.5,1496.57,3.8
2025-09-23,Bengaluru,Meals,50324.19,135,371.41,12.5,1496.57,3.8
2025-09-23,Mumbai,Coffee,76913.63,333,230.98,12.5,2352.89,3.8
2025-09-23,Mumbai,Tea,27012.57,172,156.75,12.5,784.3,3.8
2025-09-23,Mumbai,Bakery,41559.39,227,183.09,12.5,1232.47,3.8
2025-09-23,Mumbai,Meals,42429.44,114,371.37,12.5,1232.47,3.8
2025-09-23,Chennai,Coffee,55629.48,237,234.95,12.5,1680.64,3.8
2025-09-23,Chennai,Tea,18955.53,122,155.48,12.5,560.21,3.8
2025-09-23,Chennai,Bakery,30765.65,166,185.27,12.5,880.33,3.8
2025-09-23,Chennai,Meals,30041.31,80,377.68,12.5,880.33,3.8
2025-09-23,Pune,Coffee,49833.2,209,238.75,12.5,1512.57,3.8
2025-09-23,Pune,Tea,17363.44,109,159.81,12.5,504.19,3.8
2025-09-23,Pune,Bakery,27001.53,146,184.5,12.5,792.3,3.8
2025-09-23,Pune,Meals,27014.4,73,369.6,12.5,792.3,3.8
2025-09-24,Bengaluru,Coffee,99266.24,418,237.66,12.5,2858.22,3.2
2025-09-24,Bengaluru,Tea,31175.21,197,158.59,12.5,952.74,3.2
2025-09-24,Bengaluru,Bakery,49940.08,267,186.81,12.5,1497.16,3.2
2025-09-24,Bengaluru,Meals,49545.96,133,373.36,12.5,1497.16,3.2
2025-09-24,Mumbai,Coffee,82935.69,348,238.61,12.5,2353.83,3.2
2025-09-24,Mumbai,Tea,26990.83,171,158.16,12.5,784.61,3.2
2025-09-24,Mumbai,Bakery,40035.77,216,185.0,12.5,1232.96,3.2
2025-09-24,Mumbai,Meals,42661.49,116,368.74,12.5,1232.96,3.2
2025-09-24,Chennai,Coffee,57461.77,245,234.1,12.5,1681.3,3.2
2025-09-24,Chennai,Tea,19049.18,123,155.38,12.5,560.43,3.2
2025-09-24,Chennai,Bakery,29158.13,156,186.35,12.5,880.68,3.2
2025-09-24,Chennai,Meals,30186.06,82,370.38,12.5,880.68,3.2
2025-09-24,Pune,Coffee,49579.83,213,233.05,12.5,1513.17,3.2
2025-09-24,Pune,Tea,17031.26,109,156.73,12.5,504.39,3.2
2025-09-24,Pune,Bakery,26546.91,141,188.26,12.5,792.62,3.2
2025-09-24,Pune,Meals,26374.06,71,370.53,12.5,792.62,3.2
2025-09-25,Bengaluru,Coffee,103723.33,432,240.22,12.5,2859.35,3.4
2025-09-25,Bengaluru,Tea,34850.02,224,155.26,12.5,953.12,3.4
2025-09-25,Bengaluru,Bakery,53375.11,289,184.69,12.5,1497.76,3.4
2025-09-25,Bengaluru,Meals,54850.94,148,370.72,12.5,1497.76,3.4
2025-09-25,Mumbai,Coffee,86317.31,369,233.74,12.5,2354.76,3.4
2025-09-25,Mumbai,Tea,29037.05,184,157.6,12.5,784.92,3.4
2025-09-25,Mumbai,Bakery,45416.88,248,182.94,12.5,1233.45,3.4
2025-09-25,Mumbai,Meals,45583.01,125,365.46,12.5,1233.45,3.4
2025-09-25,Chennai,Coffee,60863.9,258,235.84,12.5,1681.97,3.4
2025-09-25,Chennai,Tea,20513.18,130,157.54,12.5,560.66,3.4
2025-09-25,Chennai,Bakery,32173.67,170,189.26,12.5,881.03,3.4
2025-09-25,Chennai,Meals,31768.03,86,369.73,12.5,881.03,3.4
2025-09-25,Pune,Coffee,56140.65,238,236.3,12.5,1513.78,3.4
2025-09-25,Pune,Tea,18673.49,120,155.46,12.5,504.59,3.4
2025-09-25,Pune,Bakery,28642.66,152,189.0,12.5,792.93,3.4
2025-09-25,Pune,Meals,29147.98,77,377.31,12.5,792.93,3.4
2025-09-26,Bengaluru,Coffee,112322.55,468,239.98,12.5,2860.49,4.2
2025-09-26,Bengaluru,Tea,36210.13,227,159.85,12.5,953.5,4.2
2025-09-26,Bengaluru,Bakery,57698.4,304,189.99,12.5,1498.35,4.2
2025-09-26,Bengaluru,Meals,56280.67,151,372.56,12.5,1498.35,4.2
2025-09-26,Mumbai,Coffee,88835.73,379,234.33,12.5,2355.7,4.2
2025-09-26,Mumbai,Tea,30113.76,188,159.77,12.5,785.23,4.2
2025-09-26,Mumbai,Bakery,47031.51,254,184.96,12.5,1233.94,4.2
2025-09-26,Mumbai,Meals,45756.46,124,367.6,12.5,1233.94,4.2
2025-09-26,Chennai,Coffee,62859.33,266,236.1,12.5,1682.64,4.2
2025-09-26,Chennai,Tea,21123.1,137,154.36,12.5,560.88,4.2
2025-09-26,Chennai,Bakery,32500.2,175,185.31,12.5,881.38,4.2
2025-09-26,Chennai,Meals,33252.21,89,372.06,12.5,881.38,4.2
2025-09-26,Pune,Coffee,59070.8,251,235.61,12.5,1514.38,4.2
2025-09-26,Pune,Tea,19123.15,122,156.57,12.5,504.79,4.2
2025-09-26,Pune,Bakery,29373.55,158,186.4,12.5,793.24,4.2
2025-09-26,Pune,Meals,30848.03,81,379.42,12.5,793.24,4.2
2025-09-27,Bengaluru,Coffee,125207.21,541,231.36,12.5,2861.62,2.9
2025-09-27,Bengaluru,Tea,40662.81,258,157.53,12.5,953.87,2.9
2025-09-27,Bengaluru,Bakery,64268.38,344,186.68,12.5,1498.95,2.9
2025-09-27,Bengaluru,Meals,64847.49,173,374.07,12.5,1498.95,2.9
2025-09-27,Mumbai,Coffee,102388.88,441,231.97,12.5,2356.63,2.9
2025-09-27,Mumbai,Tea,34392.48,216,159.58,12.5,785.54,2.9
2025-09-27,Mumbai,Bakery,54175.08,291,185.85,12.5,1234.43,2.9
2025-09-27,Mumbai,Meals,53318.57,143,373.16,12.5,1234.43,2.9
2025-09-27,Chennai,Coffee,74008.64,313,236.16,12.5,1683.31,2.9
2025-09-27,Chennai,Tea,24348.48,158,154.4,12.5,561.1,2.9
2025-09-27,Chennai,Bakery,37742.51,199,190.12,12.5,881.73,2.9
2025-09-27,Chennai,Meals,37902.32,102,370.19,12.5,881.73,2.9
2025-09-27,Pune,Coffee,65188.91,272,239.39,12.5,1514.98,2.9
2025-09-27,Pune,Tea,21710.23,141,154.12,12.5,504.99,2.9
2025-09-27,Pune,Bakery,33365.04,178,187.52,12.5,793.56,2.9
2025-09-27,Pune,Meals,34244.78,91,378.06,12.5,793.56,2.9
2025-09-28,Bengaluru,Coffee,125779.23,544,231.37,12.5,2862.76,2.3
2025-09-28,Bengaluru,Tea,39187.19,246,159.3,12.5,954.25,2.3
2025-09-28,Bengaluru,Bakery,63865.27,347,183.93,12.5,1499.54,2.3
2025-09-28,Bengaluru,Meals,65560.3,175,375.48,12.5,1499.54,2.3
2025-09-28,Mumbai,Coffee,98507.58,418,235.42,12.5,2357.57,2.3
2025-09-28,Mumbai,Tea,32827.12,210,156.15,12.5,785.86,2.3
2025-09-28,Mumbai,Bakery,51608.79,274,188.01,12.5,1234.92,2.3
2025-09-28,Mumbai,Meals,51660.92,139,372.0,12.5,1234.92,2.3
2025-09-28,Chennai,Coffee,70511.14,295,239.17,12.5,1683.98,2.3
2025-09-28,Chennai,Tea,23659.52,152,155.92,12.5,561.33,2.3
2025-09-28,Chennai,Bakery,37927.63,207,183.48,12.5,882.08,2.3
2025-09-28,Chennai,Meals,38075.48,100,379.02,12.5,882.08,2.3
2025-09-28,Pune,Coffee,64373.34,273,235.82,12.5,1515.58,2.3
2025-09-28,Pune,Tea,21526.8,136,158.53,12.5,505.19,2.3
2025-09-28,Pune,Bakery,33427.86,181,184.65,12.5,793.87,2.3
2025-09-28,Pune,Meals,33913.24,93,366.11,12.5,793.87,2.3
2025-09-29,Bengaluru,Coffee,96595.66,416,231.96,12.5,2863.89,1.6
2025-09-29,Bengaluru,Tea,33408.86,213,156.57,12.5,954.63,1.6
2025-09-29,Bengaluru,Bakery,51480.48,271,190.12,12.5,1500.13,1.6
2025-09-29,Bengaluru,Meals,53379.77,143,373.56,12.5,1500.13,1.6
2025-09-29,Mumbai,Coffee,82284.73,354,232.56,12.5,2358.5,1.6
2025-09-29,Mumbai,Tea,28152.0,177,158.95,12.5,786.17,1.6
2025-09-29,Mumbai,Bakery,44623.54,237,187.93,12.5,1235.4,1.6
2025-09-29,Mumbai,Meals,43893.31,120,365.46,12.5,1235.4,1.6
2025-09-29,Chennai,Coffee,58170.14,246,236.54,12.5,1684.64,1.6
2025-09-29,Chennai,Tea,19005.88,120,158.39,12.5,561.55,1.6
2025-09-29,Chennai,Bakery,30236.57,160,189.24,12.5,882.43,1.6
2025-09-29,Chennai,Meals,31294.19,82,380.3,12.5,882.43,1.6
2025-09-29,Pune,Coffee,52387.27,227,231.28,12.5,1516.18,1.6
2025-09-29,Pune,Tea,17897.89,114,156.8,12.5,505.39,1.6
2025-09-29,Pune,Bakery,26871.23,143,188.32,12.5,794.19,1.6
2025-09-29,Pune,Meals,28677.34,77,372.27,12.5,794.19,1.6
2025-09-30,Bengaluru,Coffee,106315.86,460,231.05,13.5,2866.59,3.2
2025-09-30,Bengaluru,Tea,35503.5,236,150.64,13.5,955.53,3.2
2025-09-30,Bengaluru,Bakery,56366.64,312,180.48,13.5,1501.55,3.2
2025-09-30,Bengaluru,Meals,55501.83,153,361.94,13.5,1501.55,3.2
2025-09-30,Mumbai,Coffee,88361.23,383,230.9,13.5,2360.72,3.2
2025-09-30,Mumbai,Tea,30070.83,193,155.87,13.5,786.91,3.2
2025-09-30,Mumbai,Bakery,46953.11,259,181.36,13.5,1236.57,3.2
2025-09-30,Mumbai,Meals,45966.81,128,358.36,13.5,1236.57,3.2
2025-09-30,Chennai,Coffee,61487.84,271,226.72,13.5,1686.23,3.2
2025-09-30,Chennai,Tea,20502.29,132,155.0,13.5,562.08,3.2
2025-09-30,Chennai,Bakery,32437.2,181,179.36,13.5,883.26,3.2
2025-09-30,Chennai,Meals,33543.65,91,367.79,13.5,883.26,3.2
2025-09-30,Pune,Coffee,54749.06,238,230.27,13.5,1517.61,3.2
2025-09-30,Pune,Tea,18096.35,116,155.58,13.5,505.87,3.2
2025-09-30,Pune,Bakery,29823.88,166,179.79,13.5,794.94,3.2
2025-09-30,Pune,Meals,29939.81,83,361.48,13.5,794.94,3.2
2025-10-01,Bengaluru,Coffee,109181.17,470,232.16,13.5,2867.73,2.2
2025-10-01,Bengaluru,Tea,37326.35,241,155.12,13.5,955.91,2.2
2025-10-01,Bengaluru,Bakery,55644.82,303,183.88,13.5,1502.14,2.2
2025-10-01,Bengaluru,Meals,57474.3,157,364.92,13.5,1502.14,2.2
2025-10-01,Mumbai,Coffee,88258.87,382,231.25,13.5,2361.66,2.2
2025-10-01,Mumbai,Tea,29647.06,197,150.84,13.5,787.22,2.2
2025-10-01,Mumbai,Bakery,48686.43,270,180.32,13.5,1237.06,2.2
2025-10-01,Mumbai,Meals,44976.09,125,358.73,13.5,1237.06,2.2
2025-10-01,Chennai,Coffee,61689.37,264,233.76,13.5,1686.9,2.2
2025-10-01,Chennai,Tea,20807.11,136,153.26,13.5,562.3,2.2
2025-10-01,Chennai,Bakery,33002.41,182,181.26,13.5,883.61,2.2
2025-10-01,Chennai,Meals,32909.12,89,368.4,13.5,883.61,2.2
2025-10-01,Pune,Coffee,54563.48,239,228.23,13.5,1518.21,2.2
2025-10-01,Pune,Tea,19429.21,126,154.34,13.5,506.07,2.2
2025-10-01,Pune,Bakery,29206.37,163,179.29,13.5,795.25,2.2
2025-10-01,Pune,Meals,29350.51,80,368.42,13.5,795.25,2.2
2025-10-02,Bengaluru,Coffee,110306.94,474,232.95,13.5,2868.86,1.7
2025-10-02,Bengaluru,Tea,36882.85,245,150.48,13.5,956.29,1.7
2025-10-02,Bengaluru,Bakery,60312.27,335,180.03,13.5,1502.74,1.7
2025-10-02,Bengaluru,Meals,58341.08,158,368.61,13.5,1502.74,1.7
2025-10-02,Mumbai,Coffee,92119.23,397,231.94,13.5,2362.59,1.7
2025-10-02,Mumbai,Tea,31042.54,206,150.85,13.5,787.53,1.7
2025-10-02,Mumbai,Bakery,47609.93,261,182.3,13.5,1237.55,1.7
2025-10-02,Mumbai,Meals,47039.44,128,366.28,13.5,1237.55,1.7
2025-10-02,Chennai,Coffee,65792.9,281,234.12,13.5,1687.57,1.7
2025-10-02,Chennai,Tea,22511.92,146,154.32,13.5,562.52,1.7
2025-10-02,Chennai,Bakery,34259.81,185,184.89,13.5,883.96,1.7
2025-10-02,Chennai,Meals,34283.87,96,358.51,13.5,883.96,1.7
2025-10-02,Pune,Coffee,59575.99,259,229.89,13.5,1518.81,1.7
2025-10-02,Pune,Tea,19595.36,130,151.17,13.5,506.27,1.7
2025-10-02,Pune,Bakery,30902.76,171,180.93,13.5,795.57,1.7
2025-10-02,Pune,Meals,30633.65,83,369.51,13.5,795.57,1.7
2025-10-03,Bengaluru,Coffee,120188.54,516,232.82,13.5,2870.0,2.2
2025-10-03,Bengaluru,Tea,40124.49,258,155.24,13.5,956.67,2.2
2025-10-03,Bengaluru,Bakery,60738.44,339,179.13,13.5,1503.33,2.2
2025-10-03,Bengaluru,Meals,62023.29,170,363.95,13.5,1503.33,2.2
2025-10-03,Mumbai,Coffee,98973.83,422,234.32,13.5,2363.53,2.2
2025-10-03,Mumbai,Tea,32038.39,205,156.24,13.5,787.84,2.2
2025-10-03,Mumbai,Bakery,50194.5,280,179.29,13.5,1238.04,2.2
2025-10-03,Mumbai,Meals,49349.85,137,360.65,13.5,1238.04,2.2
2025-10-03,Chennai,Coffee,68457.55,296,231.46,13.5,1688.23,2.2
2025-10-03,Chennai,Tea,23185.14,151,153.68,13.5,562.74,2.2
2025-10-03,Chennai,Bakery,36347.95,201,181.14,13.5,884.31,2.2
2025-10-03,Chennai,Meals,36231.21,98,369.19,13.5,884.31,2.2
2025-10-03,Pune,Coffee,59664.42,263,226.68,13.5,1519.41,2.2
2025-10-03,Pune,Tea,21088.25,140,150.62,13.5,506.47,2.2
2025-10-03,Pune,Bakery,32826.33,182,180.49,13.5,795.88,2.2
2025-10-03,Pune,Meals,31689.04,89,356.8,13.5,795.88,2.2
2025-10-04,Bengaluru,Coffee,133631.01,588,227.2,13.5,2871.13,1.9
2025-10-04,Bengaluru,Tea,43579.15,286,152.4,13.5,957.04,1.9
2025-10-04,Bengaluru,Bakery,69533.15,381,182.68,13.5,1503.93,1.9
2025-10-04,Bengaluru,Meals,66905.86,183,365.63,13.5,1503.93,1.9
2025-10-04,Mumbai,Coffee,107321.6,475,226.15,13.5,2364.46,1.9
2025-10-04,Mumbai,Tea,35729.3,234,153.0,13.5,788.15,1.9
2025-10-04,Mumbai,Bakery,54636.73,301,181.75,13.5,1238.53,1.9
2025-10-04,Mumbai,Meals,54270.76,147,368.05,13.5,1238.53,1.9
2025-10-04,Chennai,Coffee,76826.04,333,230.71,13.5,1688.9,1.9
2025-10-04,Chennai,Tea,25380.69,168,151.05,13.5,562.97,1.9
2025-10-04,Chennai,Bakery,40057.47,223,179.25,13.5,884.66,1.9
2025-10-04,Chennai,Meals,38712.2,108,358.83,13.5,884.66,1.9
2025-10-04,Pune,Coffee,66599.06,290,230.02,13.5,1520.01,1.9
2025-10-04,Pune,Tea,22457.15,145,155.26,13.5,506.67,1.9
2025-10-04,Pune,Bakery,35188.05,196,179.48,13.5,796.2,1.9
2025-10-04,Pune,Meals,35912.73,99,362.54,13.5,796.2,1.9
2025-10-05,Bengaluru,Coffee,134588.5,596,225.96,13.5,2872.27,1.2
2025-10-05,Bengaluru,Tea,44442.49,287,155.04,13.5,957.42,1.2
2025-10-05,Bengaluru,Bakery,67735.92,374,181.29,13.5,1504.52,1.2
2025-10-05,Bengaluru,Meals,66620.92,182,366.26,13.5,1504.52,1.2
2025-10-05,Mumbai,Coffee,107466.5,467,229.97,13.5,2365.4,1.2
2025-10-05,Mumbai,Tea,36414.51,234,155.31,13.5,788.47,1.2
2025-10-05,Mumbai,Bakery,54459.08,302,180.45,13.5,1239.02,1.2
2025-10-05,Mumbai,Meals,57006.09,156,366.18,13.5,1239.02,1.2
2025-10-05,Chennai,Coffee,78354.04,341,230.0,13.5,1689.57,1.2
2025-10-05,Chennai,Tea,25967.29,171,151.81,13.5,563.19,1.2
2025-10-05,Chennai,Bakery,38946.22,218,178.5,13.5,885.01,1.2
2025-10-05,Chennai,Meals,39172.54,109,357.92,13.5,885.01,1.2
2025-10-05,Pune,Coffee,69278.23,296,233.8,13.5,1520.61,1.2
2025-10-05,Pune,Tea,22565.09,150,150.85,13.5,506.87,1.2
2025-10-05,Pune,Bakery,37079.5,205,180.81,13.5,796.51,1.2
2025-10-05,Pune,Meals,35085.31,97,361.09,13.5,796.51,1.2
2025-10-06,Bengaluru,Coffee,102892.9,451,228.2,13.5,2873.4,1.6
2025-10-06,Bengaluru,Tea,33008.06,211,156.29,13.5,957.8,1.6
2025-10-06,Bengaluru,Bakery,55166.48,300,184.01,13.5,1505.12,1.6
2025-10-06,Bengaluru,Meals,54216.39,148,367.31,13.5,1505.12,1.6
2025-10-06,Mumbai,Coffee,84202.62,368,228.73,13.5,2366.33,1.6
2025-10-06,Mumbai,Tea,27954.6,181,154.62,13.5,788.78,1.6
2025-10-06,Mumbai,Bakery,44396.31,241,184.23,13.5,1239.51,1.6
2025-10-06,Mumbai,Meals,46078.18,126,366.7,13.5,1239.51,1.6
2025-10-06,Chennai,Coffee,59016.21,256,230.86,13.5,1690.24,1.6
2025-10-06,Chennai,Tea,20308.94,134,151.31,13.5,563.41,1.6
2025-10-06,Chennai,Bakery,31601.14,175,180.6,13.5,885.36,1.6
2025-10-06,Chennai,Meals,32177.13,89,361.88,13.5,885.36,1.6
2025-10-06,Pune,Coffee,55642.93,242,229.81,13.5,1521.21,1.6
2025-10-06,Pune,Tea,18670.8,123,151.71,13.5,507.07,1.6
2025-10-06,Pune,Bakery,30074.69,163,184.08,13.5,796.83,1.6
2025-10-06,Pune,Meals,30478.18,83,365.24,13.5,796.83,1.6
2025-10-07,Bengaluru,Coffee,105004.12,456,230.33,11.8,2859.8,1.3
2025-10-07,Bengaluru,Tea,33949.43,223,152.01,11.8,953.27,1.3
2025-10-07,Bengaluru,Bakery,52673.79,295,178.28,11.8,1497.99,1.3
2025-10-07,Bengaluru,Meals,55923.86,157,356.3,11.8,1497.99,1.3
2025-10-07,Mumbai,Coffee,86084.36,378,228.04,11.8,2355.13,1.3
2025-10-07,Mumbai,Tea,28445.44,185,153.4,11.8,785.04,1.3
2025-10-07,Mumbai,Bakery,45639.32,250,182.2,11.8,1233.64,1.3
2025-10-07,Mumbai,Meals,45902.85,128,358.29,11.8,1233.64,1.3
2025-10-07,Chennai,Coffee,60660.82,263,230.87,11.8,1682.24,1.3
2025-10-07,Chennai,Tea,20035.64,134,149.52,11.8,560.75,1.3
2025-10-07,Chennai,Bakery,33356.33,186,179.74,11.8,881.17,1.3
2025-10-07,Chennai,Meals,31460.92,86,366.72,11.8,881.17,1.3
2025-10-07,Pune,Coffee,56012.2,250,223.99,11.8,1514.01,1.3
2025-10-07,Pune,Tea,18115.29,118,153.68,11.8,504.67,1.3
2025-10-07,Pune,Bakery,28495.65,159,179.33,11.8,793.05,1.3
2025-10-07,Pune,Meals,29213.46,81,360.2,11.8,793.05,1.3
2025-10-08,Bengaluru,Coffee,104407.96,463,225.61,11.8,2860.93,2.2
2025-10-08,Bengaluru,Tea,35712.98,237,150.72,11.8,953.64,2.2
2025-10-08,Bengaluru,Bakery,55865.24,315,177.42,11.8,1498.58,2.2
2025-10-08,Bengaluru,Meals,53753.53,148,364.08,11.8,1498.58,2.2
2025-10-08,Mumbai,Coffee,87204.71,381,229.18,11.8,2356.06,2.2
2025-10-08,Mumbai,Tea,29376.46,193,152.32,11.8,785.35,2.2
2025-10-08,Mumbai,Bakery,45516.13,248,183.73,11.8,1234.13,2.2
2025-10-08,Mumbai,Meals,45576.11,127,358.57,11.8,1234.13,2.2
2025-10-08,Chennai,Coffee,63929.54,278,229.91,11.8,1682.9,2.2
2025-10-08,Chennai,Tea,20450.08,133,154.25,11.8,560.97,2.2
2025-10-08,Chennai,Bakery,33925.78,189,179.94,11.8,881.52,2.2
2025-10-08,Chennai,Meals,32750.42,90,364.71,11.8,881.52,2.2
2025-10-08,Pune,Coffee,57267.86,248,231.0,11.8,1514.61,2.2
2025-10-08,Pune,Tea,18724.21,122,153.53,11.8,504.87,2.2
2025-10-08,Pune,Bakery,30127.49,164,183.36,11.8,793.37,2.2
2025-10-08,Pune,Meals,29047.49,82,356.18,11.8,793.37,2.2
2025-10-09,Bengaluru,Coffee,117546.28,525,223.88,11.8,2862.06,1.2
2025-10-09,Bengaluru,Tea,37462.95,248,151.24,11.8,954.02,1.2
2025-10-09,Bengaluru,Bakery,60492.4,340,177.94,11.8,1499.17,1.2
2025-10-09,Bengaluru,Meals,58330.43,161,361.51,11.8,1499.17,1.2
2025-10-09,Mumbai,Coffee,95043.77,421,225.6,11.8,2356.99,1.2
2025-10-09,Mumbai,Tea,31026.32,203,152.88,11.8,785.66,1.2
2025-10-09,Mumbai,Bakery,48686.32,267,182.36,11.8,1234.61,1.2
2025-10-09,Mumbai,Meals,49377.41,137,359.18,11.8,1234.61,1.2
2025-10-09,Chennai,Coffee,67193.61,299,225.04,11.8,1683.56,1.2
2025-10-09,Chennai,Tea,22537.91,146,154.4,11.8,561.19,1.2
2025-10-09,Chennai,Bakery,35710.61,202,176.83,11.8,881.87,1.2
2025-10-09,Chennai,Meals,34755.22,98,356.18,11.8,881.87,1.2
2025-10-09,Pune,Coffee,60921.91,265,229.63,11.8,1515.21,1.2
2025-10-09,Pune,Tea,20174.5,132,153.18,11.8,505.07,1.2
2025-10-09,Pune,Bakery,32601.31,180,180.64,11.8,793.68,1.2
2025-10-09,Pune,Meals,31509.92,87,362.6,11.8,793.68,1.2
2025-10-10,Bengaluru,Coffee,115685.67,499,231.73,11.8,2863.19,1.1
2025-10-10,Bengaluru,Tea,38553.84,253,152.48,11.8,954.4,1.1
2025-10-10,Bengaluru,Bakery,58771.08,325,180.8,11.8,1499.77,1.1
2025-10-10,Bengaluru,Meals,58613.09,165,355.72,11.8,1499.77,1.1
2025-10-10,Mumbai,Coffee,93262.03,410,227.7,11.8,2357.92,1.1
2025-10-10,Mumbai,Tea,30554.08,201,152.04,11.8,785.97,1.1
2025-10-10,Mumbai,Bakery,48032.63,265,181.33,11.8,1235.1,1.1
2025-10-10,Mumbai,Meals,50014.07,139,360.23,11.8,1235.1,1.1
2025-10-10,Chennai,Coffee,67390.32,292,230.56,11.8,1684.23,1.1
2025-10-10,Chennai,Tea,22767.03,150,151.53,11.8,561.41,1.1
2025-10-10,Chennai,Bakery,35188.31,195,180.48,11.8,882.22,1.1
2025-10-10,Chennai,Meals,36311.17,101,359.22,11.8,882.22,1.1
2025-10-10,Pune,Coffee,62525.2,275,227.18,11.8,1515.81,1.1
2025-10-10,Pune,Tea,20905.37,140,149.83,11.8,505.27,1.1
2025-10-10,Pune,Bakery,31845.37,175,181.59,11.8,793.99,1.1
2025-10-10,Pune,Meals,31592.06,88,357.84,11.8,793.99,1.1
2025-10-11,Bengaluru,Coffee,125758.48,552,227.92,11.8,2864.32,1.3
2025-10-11,Bengaluru,Tea,42390.41,283,149.89,11.8,954.77,1.3
2025-10-11,Bengaluru,Bakery,66690.37,374,178.26,11.8,1500.36,1.3
2025-10-11,Bengaluru,Meals,66224.6,185,358.21,11.8,1500.36,1.3
2025-10-11,Mumbai,Coffee,102957.74,456,226.0,11.8,2358.85,1.3
2025-10-11,Mumbai,Tea,35331.52,233,151.64,11.8,786.28,1.3
2025-10-11,Mumbai,Bakery,57615.56,325,177.54,11.8,1235.59,1.3
2025-10-11,Mumbai,Meals,54314.87,150,362.73,11.8,1235.59,1.3
2025-10-11,Chennai,Coffee,76157.12,336,226.44,11.8,1684.89,1.3
2025-10-11,Chennai,Tea,25820.31,171,151.15,11.8,561.63,1.3
2025-10-11,Chennai,Bakery,39503.22,223,177.29,11.8,882.56,1.3
2025-10-11,Chennai,Meals,39157.54,108,362.68,11.8,882.56,1.3
2025-10-11,Pune,Coffee,67477.3,292,230.74,11.8,1516.4,1.3
2025-10-11,Pune,Tea,23081.53,154,150.22,11.8,505.47,1.3
2025-10-11,Pune,Bakery,35154.26,197,178.72,11.8,794.31,1.3
2025-10-11,Pune,Meals,35335.5,98,359.51,11.8,794.31,1.3
2025-10-12,Bengaluru,Coffee,125379.26,541,231.9,11.8,2865.45,1.5
2025-10-12,Bengaluru,Tea,42961.15,285,150.93,11.8,955.15,1.5
2025-10-12,Bengaluru,Bakery,67148.24,371,180.97,11.8,1500.95,1.5
2025-10-12,Bengaluru,Meals,65125.11,183,355.76,11.8,1500.95,1.5
2025-10-12,Mumbai,Coffee,104689.2,455,230.22,11.8,2359.78,1.5
2025-10-12,Mumbai,Tea,34480.91,225,153.25,11.8,786.59,1.5
2025-10-12,Mumbai,Bakery,55997.05,310,180.91,11.8,1236.08,1.5
2025-10-12,Mumbai,Meals,54864.94,155,354.11,11.8,1236.08,1.5
2025-10-12,Chennai,Coffee,72729.9,315,230.96,11.8,1685.56,1.5
2025-10-12,Chennai,Tea,25784.97,172,149.59,11.8,561.85,1.5
2025-10-12,Chennai,Bakery,38732.53,213,182.23,11.8,882.91,1.5
2025-10-12,Chennai,Meals,38001.44,107,354.91,11.8,882.91,1.5
2025-10-12,Pune,Coffee,65549.47,292,224.47,11.8,1517.0,1.5
2025-10-12,Pune,Tea,22602.69,152,148.9,11.8,505.67,1.5
2025-10-12,Pune,Bakery,35819.84,196,182.88,11.8,794.62,1.5
2025-10-12,Pune,Meals,35334.05,96,367.29,11.8,794.62,1.5
2025-10-13,Bengaluru,Coffee,106586.53,474,224.8,11.8,2866.58,0.9
2025-10-13,Bengaluru,Tea,35359.97,235,150.39,11.8,955.53,0.9
2025-10-13,Bengaluru,Bakery,55188.27,310,178.18,11.8,1501.54,0.9
2025-10-13,Bengaluru,Meals,54493.74,149,366.75,11.8,1501.54,0.9
2025-10-13,Mumbai,Coffee,87501.14,387,226.05,11.8,2360.71,0.9
2025-10-13,Mumbai,Tea,28907.58,194,148.88,11.8,786.9,0.9
2025-10-13,Mumbai,Bakery,47116.95,259,182.26,11.8,1236.56,0.9
2025-10-13,Mumbai,Meals,45594.47,126,362.73,11.8,1236.56,0.9
2025-10-13,Chennai,Coffee,64171.05,279,229.65,11.8,1686.22,0.9
2025-10-13,Chennai,Tea,21107.39,137,154.03,11.8,562.07,0.9
2025-10-13,Chennai,Bakery,32837.04,184,178.94,11.8,883.26,0.9
2025-10-13,Chennai,Meals,32735.59,92,354.49,11.8,883.26,0.9
2025-10-13,Pune,Coffee,56557.14,244,232.03,11.8,1517.6,0.9
2025-10-13,Pune,Tea,18600.76,123,151.34,11.8,505.87,0.9
2025-10-13,Pune,Bakery,29578.54,162,182.46,11.8,794.93,0.9
2025-10-13,Pune,Meals,29058.51,81,357.27,11.8,794.93,0.9
2025-10-14,Bengaluru,Coffee,98635.54,438,225.25,10.3,2588.7,0.8
2025-10-14,Bengaluru,Tea,33285.32,218,153.02,10.3,862.9,0.8
2025-10-14,Bengaluru,Bakery,51345.5,278,184.53,10.3,1355.99,0.8
2025-10-14,Bengaluru,Meals,50207.85,140,359.6,10.3,1355.99,0.8
2025-10-14,Mumbai,Coffee,80786.81,356,227.19,10.3,2131.87,0.8
2025-10-14,Mumbai,Tea,26680.18,175,152.69,10.3,710.62,0.8
2025-10-14,Mumbai,Bakery,42564.2,233,182.29,10.3,1116.7,0.8
2025-10-14,Mumbai,Meals,41371.99,115,359.45,10.3,1116.7,0.8
2025-10-14,Chennai,Coffee,55171.08,241,229.19,10.3,1522.77,0.8
2025-10-14,Chennai,Tea,18479.76,123,149.72,10.3,507.59,0.8
2025-10-14,Chennai,Bakery,29061.63,163,178.25,10.3,797.64,0.8
2025-10-14,Chennai,Meals,28653.92,78,366.65,10.3,797.64,0.8
2025-10-14,Pune,Coffee,52518.19,226,232.29,10.3,1370.49,0.8
2025-10-14,Pune,Tea,17670.77,117,150.49,10.3,456.83,0.8
2025-10-14,Pune,Bakery,25899.31,145,179.04,10.3,717.88,0.8
2025-10-14,Pune,Meals,27091.77,76,357.61,10.3,717.88,0.8
2025-10-15,Bengaluru,Coffee,100849.08,445,226.49,10.3,2589.72,0.7
2025-10-15,Bengaluru,Tea,34543.62,227,152.36,10.3,863.24,0.7
2025-10-15,Bengaluru,Bakery,52031.57,290,179.64,10.3,1356.52,0.7
2025-10-15,Bengaluru,Meals,54350.23,153,355.91,10.3,1356.52,0.7
2025-10-15,Mumbai,Coffee,83475.77,369,226.34,10.3,2132.71,0.7
2025-10-15,Mumbai,Tea,27421.85,180,152.22,10.3,710.9,0.7
2025-10-15,Mumbai,Bakery,42585.24,234,182.13,10.3,1117.14,0.7
2025-10-15,Mumbai,Meals,43600.24,121,359.05,10.3,1117.14,0.7
2025-10-15,Chennai,Coffee,57743.4,250,231.18,10.3,1523.37,0.7
2025-10-15,Chennai,Tea,19588.74,131,149.51,10.3,507.79,0.7
2025-10-15,Chennai,Bakery,31201.49,172,181.09,10.3,797.95,0.7
2025-10-15,Chennai,Meals,31432.09,88,359.14,10.3,797.95,0.7
2025-10-15,Pune,Coffee,53710.94,233,230.09,10.3,1371.03,0.7
2025-10-15,Pune,Tea,17999.68,118,152.42,10.3,457.01,0.7
2025-10-15,Pune,Bakery,28006.74,152,184.27,10.3,718.16,0.7
2025-10-15,Pune,Meals,26801.27,75,357.7,10.3,718.16,0.7
2025-10-16,Bengaluru,Coffee,100663.31,449,224.1,10.3,2590.74,1.2
2025-10-16,Bengaluru,Tea,34636.13,224,154.5,10.3,863.58,1.2
2025-10-16,Bengaluru,Bakery,53492.61,294,181.92,10.3,1357.06,1.2
2025-10-16,Bengaluru,Meals,53797.81,151,355.9,10.3,1357.06,1.2
2025-10-16,Mumbai,Coffee,87076.57,382,228.01,10.3,2133.55,1.2
2025-10-16,Mumbai,Tea,27421.87,183,149.86,10.3,711.18,1.2
2025-10-16,Mumbai,Bakery,43475.17,241,180.05,10.3,1117.58,1.2
2025-10-16,Mumbai,Meals,44979.85,123,365.23,10.3,1117.58,1.2
2025-10-16,Chennai,Coffee,60429.7,264,229.29,10.3,1523.97,1.2
2025-10-16,Chennai,Tea,19776.39,128,154.5,10.3,507.99,1.2
2025-10-16,Chennai,Bakery,32121.2,175,183.66,10.3,798.27,1.2
2025-10-16,Chennai,Meals,31382.13,86,365.57,10.3,798.27,1.2
2025-10-16,Pune,Coffee,54473.39,234,233.06,10.3,1371.57,1.2
2025-10-16,Pune,Tea,17586.14,114,153.69,10.3,457.19,1.2
2025-10-16,Pune,Bakery,28441.91,160,177.47,10.3,718.44,1.2
2025-10-16,Pune,Meals,28667.59,78,367.14,10.3,718.44,1.2
2025-10-17,Bengaluru,Coffee,120299.24,528,227.77,10.3,2591.76,1.2
2025-10-17,Bengaluru,Tea,40520.89,271,149.34,10.3,863.92,1.2
2025-10-17,Bengaluru,Bakery,60600.5,333,182.06,10.3,1357.59,1.2
2025-10-17,Bengaluru,Meals,60679.19,165,367.02,10.3,1357.59,1.2
2025-10-17,Mumbai,Coffee,99073.2,427,231.75,10.3,2134.39,1.2
2025-10-17,Mumbai,Tea,33206.62,222,149.84,10.3,711.46,1.2
2025-10-17,Mumbai,Bakery,52649.8,295,178.47,10.3,1118.02,1.2
2025-10-17,Mumbai,Meals,51902.31,146,356.3,10.3,1118.02,1.2
2025-10-17,Chennai,Coffee,71206.58,318,224.08,10.3,1524.57,1.2
2025-10-17,Chennai,Tea,23703.33,158,150.48,10.3,508.19,1.2
2025-10-17,Chennai,Bakery,36915.15,200,184.34,10.3,798.58,1.2
2025-10-17,Chennai,Meals,36378.22,100,363.75,10.3,798.58,1.2
2025-10-17,Pune,Coffee,62096.2,276,224.92,10.3,1372.11,1.2
2025-10-17,Pune,Tea,21405.3,141,151.47,10.3,457.37,1.2
2025-10-17,Pune,Bakery,33797.69,188,179.48,10.3,718.72,1.2
2025-10-17,Pune,Meals,33531.59,94,358.56,10.3,718.72,1.2
2025-10-18,Bengaluru,Coffee,129728.7,570,227.7,10.3,2592.78,1.1
2025-10-18,Bengaluru,Tea,43137.61,289,149.49,10.3,864.26,1.1
2025-10-18,Bengaluru,Bakery,65047.11,360,180.93,10.3,1358.12,1.1
2025-10-18,Bengaluru,Meals,69506.52,194,358.98,10.3,1358.12,1.1
2025-10-18,Mumbai,Coffee,107316.08,467,229.56,10.3,2135.23,1.1
2025-10-18,Mumbai,Tea,34784.18,231,150.88,10.3,711.74,1.1
2025-10-18,Mumbai,Bakery,55214.11,303,182.31,10.3,1118.46,1.1
2025-10-18,Mumbai,Meals,56714.61,155,365.93,10.3,1118.46,1.1
2025-10-18,Chennai,Coffee,79471.65,343,231.66,10.3,1525.17,1.1
2025-10-18,Chennai,Tea,25016.64,166,150.5,10.3,508.39,1.1
2025-10-18,Chennai,Bakery,39300.63,218,179.97,10.3,798.9,1.1
2025-10-18,Chennai,Meals,41492.84,115,359.91,10.3,798.9,1.1
2025-10-18,Pune,Coffee,69693.69,310,224.88,10.3,1372.65,1.1
2025-10-18,Pune,Tea,22694.43,147,153.92,10.3,457.55,1.1
2025-10-18,Pune,Bakery,36551.4,200,183.05,10.3,719.01,1.1
2025-10-18,Pune,Meals,37492.52,104,362.06,10.3,719.01,1.1
2025-10-19,Bengaluru,Coffee,131397.01,567,231.74,10.3,2593.8,0.8
2025-10-19,Bengaluru,Tea,44174.98,295,149.99,10.3,864.6,0.8
2025-10-19,Bengaluru,Bakery,67988.76,370,183.72,10.3,1358.66,0.8
2025-10-19,Bengaluru,Meals,65636.48,180,364.5,10.3,1358.66,0.8
2025-10-19,Mumbai,Coffee,107740.1,468,230.27,10.3,2136.07,0.8
2025-10-19,Mumbai,Tea,36188.56,242,149.49,10.3,712.02,0.8
2025-10-19,Mumbai,Bakery,56102.2,316,177.5,10.3,1118.9,0.8
2025-10-19,Mumbai,Meals,57563.04,159,361.41,10.3,1118.9,0.8
2025-10-19,Chennai,Coffee,78532.14,345,227.34,10.3,1525.77,0.8
2025-10-19,Chennai,Tea,25685.88,169,151.89,10.3,508.59,0.8
2025-10-19,Chennai,Bakery,41274.97,231,178.89,10.3,799.21,0.8
2025-10-19,Chennai,Meals,39716.48,111,359.31,10.3,799.21,0.8
2025-10-19,Pune,Coffee,70300.49,305,230.48,10.3,1373.19,0.8
2025-10-19,Pune,Tea,23638.55,155,152.6,10.3,457.73,0.8
2025-10-19,Pune,Bakery,35786.49,200,179.29,10.3,719.29,0.8
2025-10-19,Pune,Meals,36657.55,102,361.04,10.3,719.29,0.8
2025-10-20,Bengaluru,Coffee,106089.84,461,230.24,10.3,2594.82,0.7
2025-10-20,Bengaluru,Tea,35761.58,234,153.01,10.3,864.94,0.7
2025-10-20,Bengaluru,Bakery,56811.64,319,177.87,10.3,1359.19,0.7
2025-10-20,Bengaluru,Meals,55064.05,153,359.33,10.3,1359.19,0.7
2025-10-20,Mumbai,Coffee,89907.48,391,229.95,10.3,2136.91,0.7
2025-10-20,Mumbai,Tea,29792.34,199,150.08,10.3,712.3,0.7
2025-10-20,Mumbai,Bakery,45963.93,258,178.23,10.3,1119.34,0.7
2025-10-20,Mumbai,Meals,46655.81,131,357.1,10.3,1119.34,0.7
2025-10-20,Chennai,Coffee,63681.09,279,228.54,10.3,1526.37,0.7
2025-10-20,Chennai,Tea,21063.4,136,154.78,10.3,508.79,0.7
2025-10-20,Chennai,Bakery,32658.72,181,180.72,10.3,799.53,0.7
2025-10-20,Chennai,Meals,33245.52,91,365.67,10.3,799.53,0.7
2025-10-20,Pune,Coffee,57550.27,248,232.12,10.3,1373.73,0.7
2025-10-20,Pune,Tea,19365.94,129,149.9,10.3,457.91,0.7
2025-10-20,Pune,Bakery,28976.92,162,178.77,10.3,719.57,0.7
2025-10-20,Pune,Meals,30409.17,84,360.67,10.3,719.57,0.7
2025-10-21,Bengaluru,Coffee,102912.93,454,226.45,11.6,2642.26,0.9
2025-10-21,Bengaluru,Tea,32482.02,213,152.51,11.6,880.75,0.9
2025-10-21,Bengaluru,Bakery,51594.81,290,177.64,11.6,1384.04,0.9
2025-10-21,Bengaluru,Meals,52052.5,143,364.04,11.6,1384.04,0.9
2025-10-21,Mumbai,Coffee,81876.36,358,228.82,11.6,2175.98,0.9
2025-10-21,Mumbai,Tea,27011.77,176,153.15,11.6,725.33,0.9
2025-10-21,Mumbai,Bakery,42566.45,240,177.62,11.6,1139.8,0.9
2025-10-21,Mumbai,Meals,42877.47,120,357.69,11.6,1139.8,0.9
2025-10-21,Chennai,Coffee,58120.24,252,230.37,11.6,1554.27,0.9
2025-10-21,Chennai,Tea,20283.42,132,154.09,11.6,518.09,0.9
2025-10-21,Chennai,Bakery,30521.67,167,183.18,11.6,814.14,0.9
2025-10-21,Chennai,Meals,29414.61,82,360.84,11.6,814.14,0.9
2025-10-21,Pune,Coffee,52427.83,226,231.89,11.6,1398.84,0.9
2025-10-21,Pune,Tea,17824.09,119,150.26,11.6,466.28,0.9
2025-10-21,Pune,Bakery,27251.88,150,182.26,11.6,732.73,0.9
2025-10-21,Pune,Meals,27625.84,78,355.87,11.6,732.73,0.9
2025-10-22,Bengaluru,Coffee,107549.93,462,232.94,11.6,2643.29,1.7
2025-10-22,Bengaluru,Tea,34199.38,226,151.07,11.6,881.1,1.7
2025-10-22,Bengaluru,Bakery,57449.34,311,184.53,11.6,1384.58,1.7
2025-10-22,Bengaluru,Meals,56661.65,155,365.64,11.6,1384.58,1.7
2025-10-22,Mumbai,Coffee,89711.75,396,226.76,11.6,2176.83,1.7
2025-10-22,Mumbai,Tea,29445.81,194,151.74,11.6,725.61,1.7
2025-10-22,Mumbai,Bakery,45014.06,251,179.34,11.6,1140.24,1.7
2025-10-22,Mumbai,Meals,46585.62,126,368.56,11.6,1140.24,1.7
2025-10-22,Chennai,Coffee,63397.62,277,229.02,11.6,1554.88,1.7
2025-10-22,Chennai,Tea,20654.56,138,149.9,11.6,518.29,1.7
2025-10-22,Chennai,Bakery,31087.83,175,178.04,11.6,814.46,1.7
2025-10-22,Chennai,Meals,31134.64,85,365.47,11.6,814.46,1.7
2025-10-22,Pune,Coffee,55776.16,244,228.2,11.6,1399.39,1.7
2025-10-22,Pune,Tea,19060.18,123,154.99,11.6,466.46,1.7
2025-10-22,Pune,Bakery,29301.58,160,183.06,11.6,733.01,1.7
2025-10-22,Pune,Meals,30938.1,84,368.53,11.6,733.01,1.7
2025-10-23,Bengaluru,Coffee,107895.1,481,224.44,11.6,2644.33,0.5
2025-10-23,Bengaluru,Tea,35864.62,237,151.58,11.6,881.44,0.5
2025-10-23,Bengaluru,Bakery,56270.57,308,182.6,11.6,1385.13,0.5
2025-10-23,Bengaluru,Meals,57572.51,156,367.98,11.6,1385.13,0.5
2025-10-23,Mumbai,Coffee,86991.32,377,231.02,11.6,2177.69,0.5
2025-10-23,Mumbai,Tea,30374.37,199,152.52,11.6,725.9,0.5
2025-10-23,Mumbai,Bakery,47703.78,264,180.49,11.6,1140.69,0.5
2025-10-23,Mumbai,Meals,46335.02,126,367.01,11.6,1140.69,0.5
2025-10-23,Chennai,Coffee,63131.43,273,231.08,11.6,1555.49,0.5
2025-10-23,Chennai,Tea,21378.91,140,152.9,11.6,518.5,0.5
2025-10-23,Chennai,Bakery,34332.68,191,179.97,11.6,814.78,0.5
2025-10-23,Chennai,Meals,32983.15,91,364.26,11.6,814.78,0.5
2025-10-23,Pune,Coffee,58674.61,257,228.65,11.6,1399.94,0.5
2025-10-23,Pune,Tea,19595.14,128,153.03,11.6,466.65,0.5
2025-10-23,Pune,Bakery,30727.41,167,184.04,11.6,733.3,0.5
2025-10-23,Pune,Meals,30091.48,83,360.72,11.6,733.3,0.5
2025-10-24,Bengaluru,Coffee,115101.61,495,232.63,11.6,2645.37,0.9
2025-10-24,Bengaluru,Tea,39959.9,259,154.15,11.6,881.79,0.9
2025-10-24,Bengaluru,Bakery,59052.94,327,180.4,11.6,1385.67,0.9
2025-10-24,Bengaluru,Meals,59548.02,165,361.74,11.6,1385.67,0.9
2025-10-24,Mumbai,Coffee,95277.76,417,228.69,11.6,2178.54,0.9
2025-10-24,Mumbai,Tea,31895.91,206,155.14,11.6,726.18,0.9
2025-10-24,Mumbai,Bakery,48598.13,264,184.41,11.6,1141.14,0.9
2025-10-24,Mumbai,Meals,50415.01,138,365.48,11.6,1141.14,0.9
2025-10-24,Chennai,Coffee,67192.85,294,228.19,11.6,1556.1,0.9
2025-10-24,Chennai,Tea,23392.16,153,152.58,11.6,518.7,0.9
2025-10-24,Chennai,Bakery,34619.51,195,177.91,11.6,815.1,0.9
2025-10-24,Chennai,Meals,35643.27,97,366.27,11.6,815.1,0.9
2025-10-24,Pune,Coffee,62439.3,268,232.78,11.6,1400.49,0.9
2025-10-24,Pune,Tea,20279.12,136,149.54,11.6,466.83,0.9
2025-10-24,Pune,Bakery,32160.26,175,183.98,11.6,733.59,0.9
2025-10-24,Pune,Meals,32336.67,89,361.65,11.6,733.59,0.9
2025-10-25,Bengaluru,Coffee,126356.1,558,226.36,11.6,2646.41,1.2
2025-10-25,Bengaluru,Tea,41887.97,278,150.71,11.6,882.14,1.2
2025-10-25,Bengaluru,Bakery,67631.75,372,181.94,11.6,1386.21,1.2
2025-10-25,Bengaluru,Meals,68963.3,193,357.19,11.6,1386.21,1.2
2025-10-25,Mumbai,Coffee,110252.04,479,230.37,11.6,2179.4,1.2
2025-10-25,Mumbai,Tea,35660.03,232,153.85,11.6,726.47,1.2
2025-10-25,Mumbai,Bakery,56764.71,311,182.53,11.6,1141.59,1.2
2025-10-25,Mumbai,Meals,57590.89,158,365.55,11.6,1141.59,1.2
2025-10-25,Chennai,Coffee,79703.86,346,230.55,11.6,1556.71,1.2
2025-10-25,Chennai,Tea,25826.37,171,150.88,11.6,518.9,1.2
2025-10-25,Chennai,Bakery,40580.95,228,178.21,11.6,815.42,1.2
2025-10-25,Chennai,Meals,39719.49,109,365.76,11.6,815.42,1.2
2025-10-25,Pune,Coffee,69916.62,300,232.88,11.6,1401.04,1.2
2025-10-25,Pune,Tea,22785.19,151,150.98,11.6,467.01,1.2
2025-10-25,Pune,Bakery,35871.67,198,181.35,11.6,733.88,1.2
2025-10-25,Pune,Meals,35075.52,95,367.41,11.6,733.88,1.2
2025-10-26,Bengaluru,Coffee,126642.76,545,232.46,11.6,2647.45,0.4
2025-10-26,Bengaluru,Tea,41948.74,271,154.89,11.6,882.48,0.4
2025-10-26,Bengaluru,Bakery,65360.84,364,179.32,11.6,1386.76,0.4
2025-10-26,Bengaluru,Meals,66501.01,183,363.75,11.6,1386.76,0.4
2025-10-26,Mumbai,Coffee,102261.45,450,227.37,11.6,2180.25,0.4
2025-10-26,Mumbai,Tea,35477.28,229,154.9,11.6,726.75,0.4
2025-10-26,Mumbai,Bakery,53090.04,296,179.34,11.6,1142.04,0.4
2025-10-26,Mumbai,Meals,52972.11,145,364.11,11.6,1142.04,0.4
2025-10-26,Chennai,Coffee,74371.52,326,227.83,11.6,1557.32,0.4
2025-10-26,Chennai,Tea,24068.4,157,153.38,11.6,519.11,0.4
2025-10-26,Chennai,Bakery,38695.27,216,179.08,11.6,815.74,0.4
2025-10-26,Chennai,Meals,37843.45,103,365.64,11.6,815.74,0.4
2025-10-26,Pune,Coffee,65791.91,288,228.42,11.6,1401.59,0.4
2025-10-26,Pune,Tea,21979.36,145,151.21,11.6,467.2,0.4
2025-10-26,Pune,Bakery,34586.65,193,178.84,11.6,734.17,0.4
2025-10-26,Pune,Meals,35525.99,100,356.04,11.6,734.17,0.4
2025-10-27,Bengaluru,Coffee,102808.32,451,227.77,11.6,2648.49,0.3
2025-10-27,Bengaluru,Tea,34727.13,231,150.47,11.6,882.83,0.3
2025-10-27,Bengaluru,Bakery,53621.85,294,182.47,11.6,1387.3,0.3
2025-10-27,Bengaluru,Meals,55399.66,153,362.67,11.6,1387.3,0.3
2025-10-27,Mumbai,Coffee,85324.09,366,233.11,11.6,2181.11,0.3
2025-10-27,Mumbai,Tea,28671.53,186,154.02,11.6,727.04,0.3
2025-10-27,Mumbai,Bakery,44262.12,246,180.1,11.6,1142.48,0.3
2025-10-27,Mumbai,Meals,44554.52,123,363.04,11.6,1142.48,0.3
2025-10-27,Chennai,Coffee,62168.43,273,227.69,11.6,1557.93,0.3
2025-10-27,Chennai,Tea,20279.93,130,155.43,11.6,519.31,0.3
2025-10-27,Chennai,Bakery,33786.75,185,183.01,11.6,816.06,0.3
2025-10-27,Chennai,Meals,31444.31,85,368.01,11.6,816.06,0.3
2025-10-27,Pune,Coffee,54873.16,244,224.76,11.6,1402.14,0.3
2025-10-27,Pune,Tea,18026.37,117,154.27,11.6,467.38,0.3
2025-10-27,Pune,Bakery,28089.66,155,181.36,11.6,734.45,0.3
2025-10-27,Pune,Meals,28381.66,77,369.17,11.6,734.45,0.3
2025-10-28,Bengaluru,Coffee,110126.84,489,225.31,13.9,2468.06,0.7
2025-10-28,Bengaluru,Tea,35318.14,237,149.14,13.9,822.69,0.7
2025-10-28,Bengaluru,Bakery,55407.14,310,178.6,13.9,1292.79,0.7
2025-10-28,Bengaluru,Meals,57804.18,164,351.98,13.9,1292.79,0.7
2025-10-28,Mumbai,Coffee,86770.64,386,224.53,13.9,2032.52,0.7
2025-10-28,Mumbai,Tea,29451.18,195,151.28,13.9,677.51,0.7
2025-10-28,Mumbai,Bakery,45417.3,254,178.83,13.9,1064.65,0.7
2025-10-28,Mumbai,Meals,45182.65,126,357.43,13.9,1064.65,0.7
2025-10-28,Chennai,Coffee,61573.68,277,222.11,13.9,1451.8,0.7
2025-10-28,Chennai,Tea,20972.59,138,151.84,13.9,483.93,0.7
2025-10-28,Chennai,Bakery,32359.77,184,175.68,13.9,760.47,0.7
2025-10-28,Chennai,Meals,31708.41,89,356.63,13.9,760.47,0.7
2025-10-28,Pune,Coffee,57300.6,253,226.45,13.9,1306.62,0.7
2025-10-28,Pune,Tea,18570.36,123,150.58,13.9,435.54,0.7
2025-10-28,Pune,Bakery,29601.23,168,176.42,13.9,684.42,0.7
2025-10-28,Pune,Meals,29965.17,84,358.73,13.9,684.42,0.7
2025-10-29,Bengaluru,Coffee,108322.52,481,225.05,13.9,2469.02,0.8
2025-10-29,Bengaluru,Tea,34473.56,232,148.68,13.9,823.01,0.8
2025-10-29,Bengaluru,Bakery,54690.73,301,181.56,13.9,1293.3,0.8
2025-10-29,Bengaluru,Meals,55152.57,154,357.89,13.9,1293.3,0.8
2025-10-29,Mumbai,Coffee,89238.19,389,229.27,13.9,2033.31,0.8
2025-10-29,Mumbai,Tea,29808.4,199,149.9,13.9,677.77,0.8
2025-10-29,Mumbai,Bakery,44464.75,254,175.24,13.9,1065.07,0.8
2025-10-29,Mumbai,Meals,46203.05,131,351.48,13.9,1065.07,0.8
2025-10-29,Chennai,Coffee,62636.81,277,226.46,13.9,1452.37,0.8
2025-10-29,Chennai,Tea,20549.2,135,151.81,13.9,484.12,0.8
2025-10-29,Chennai,Bakery,33212.61,185,179.9,13.9,760.76,0.8
2025-10-29,Chennai,Meals,31979.02,90,353.48,13.9,760.76,0.8
2025-10-29,Pune,Coffee,57244.74,250,228.83,13.9,1307.13,0.8
2025-10-29,Pune,Tea,18771.88,127,147.48,13.9,435.71,0.8
2025-10-29,Pune,Bakery,30020.91,169,177.15,13.9,684.69,0.8
2025-10-29,Pune,Meals,29963.83,85,352.43,13.9,684.69,0.8
2025-10-30,Bengaluru,Coffee,117573.49,521,225.61,13.9,2469.99,0.5
2025-10-30,Bengaluru,Tea,39410.66,261,150.91,13.9,823.33,0.5
2025-10-30,Bengaluru,Bakery,61013.87,347,175.85,13.9,1293.8,0.5
2025-10-30,Bengaluru,Meals,60256.2,166,361.94,13.9,1293.8,0.5
2025-10-30,Mumbai,Coffee,96153.27,418,229.87,13.9,2034.11,0.5
2025-10-30,Mumbai,Tea,32817.27,220,149.44,13.9,678.04,0.5
2025-10-30,Mumbai,Bakery,50615.23,279,181.38,13.9,1065.49,0.5
2025-10-30,Mumbai,Meals,51312.66,144,355.22,13.9,1065.49,0.5
2025-10-30,Chennai,Coffee,70377.2,318,221.55,13.9,1452.94,0.5
2025-10-30,Chennai,Tea,23169.25,152,152.18,13.9,484.31,0.5
2025-10-30,Chennai,Bakery,36537.57,205,178.53,13.9,761.06,0.5
2025-10-30,Chennai,Meals,37065.13,102,362.95,13.9,761.06,0.5
2025-10-30,Pune,Coffee,62612.42,273,229.39,13.9,1307.64,0.5
2025-10-30,Pune,Tea,21145.73,142,148.84,13.9,435.88,0.5
2025-10-30,Pune,Bakery,32103.41,177,181.3,13.9,684.96,0.5
2025-10-30,Pune,Meals,34140.18,95,358.61,13.9,684.96,0.5
2025-10-31,Bengaluru,Coffee,132531.22,579,228.72,13.9,2470.96,1.0
2025-10-31,Bengaluru,Tea,42925.72,289,148.41,13.9,823.65,1.0
2025-10-31,Bengaluru,Bakery,65522.8,372,176.26,13.9,1294.31,1.0
2025-10-31,Bengaluru,Meals,65932.06,186,355.08,13.9,1294.31,1.0
2025-10-31,Mumbai,Coffee,104463.77,463,225.79,13.9,2034.91,1.0
2025-10-31,Mumbai,Tea,36837.4,242,152.04,13.9,678.3,1.0
2025-10-31,Mumbai,Bakery,55052.7,305,180.54,13.9,1065.9,1.0
2025-10-31,Mumbai,Meals,55154.85,155,356.9,13.9,1065.9,1.0
2025-10-31,Chennai,Coffee,78071.15,345,226.41,13.9,1453.5,1.0
2025-10-31,Chennai,Tea,25129.55,164,153.02,13.9,484.5,1.0
2025-10-31,Chennai,Bakery,40118.4,226,177.65,13.9,761.36,1.0
2025-10-31,Chennai,Meals,38879.46,111,350.47,13.9,761.36,1.0
2025-10-31,Pune,Coffee,66911.68,300,223.18,13.9,1308.15,1.0
2025-10-31,Pune,Tea,23160.7,153,151.18,13.9,436.05,1.0
2025-10-31,Pune,Bakery,35507.24,199,178.62,13.9,685.22,1.0
2025-10-31,Pune,Meals,34949.45,99,352.59,13.9,685.22,1.0
2025-11-01,Bengaluru,Coffee,130589.5,568,230.11,13.9,2471.92,0.3
2025-11-01,Bengaluru,Tea,42805.87,273,156.65,13.9,823.97,0.3
2025-11-01,Bengaluru,Bakery,68174.71,365,186.63,13.9,1294.82,0.3
2025-11-01,Bengaluru,Meals,66417.48,181,367.83,13.9,1294.82,0.3
2025-11-01,Mumbai,Coffee,109024.45,473,230.7,13.9,2035.7,0.3
2025-11-01,Mumbai,Tea,36690.13,231,159.11,13.9,678.57,0.3
2025-11-01,Mumbai,Bakery,56152.04,307,183.03,13.9,1066.32,0.3
2025-11-01,Mumbai,Meals,57039.05,153,373.65,13.9,1066.32,0.3
2025-11-01,Chennai,Coffee,77201.26,327,235.89,13.9,1454.07,0.3
2025-11-01,Chennai,Tea,26096.25,165,158.44,13.9,484.69,0.3
2025-11-01,Chennai,Bakery,38366.96,207,185.49,13.9,761.66,0.3
2025-11-01,Chennai,Meals,38203.88,101,377.38,13.9,761.66,0.3
2025-11-01,Pune,Coffee,66650.82,280,237.7,13.9,1308.67,0.3
2025-11-01,Pune,Tea,22351.5,143,156.26,13.9,436.22,0.3
2025-11-01,Pune,Bakery,34535.14,189,183.09,13.9,685.49,0.3
2025-11-01,Pune,Meals,36179.44,98,368.95,13.9,685.49,0.3
2025-11-02,Bengaluru,Coffee,119923.34,513,233.57,13.9,2472.89,0.4
2025-11-02,Bengaluru,Tea,38892.17,250,155.31,13.9,824.3,0.4
2025-11-02,Bengaluru,Bakery,62389.66,338,184.75,13.9,1295.32,0.4
2025-11-02,Bengaluru,Meals,59692.01,159,375.54,13.9,1295.32,0.4
2025-11-02,Mumbai,Coffee,99234.4,419,236.66,13.9,2036.5,0.4
2025-11-02,Mumbai,Tea,33467.2,214,156.69,13.9,678.83,0.4
2025-11-02,Mumbai,Bakery,49765.37,272,183.12,13.9,1066.74,0.4
2025-11-02,Mumbai,Meals,48696.08,133,365.29,13.9,1066.74,0.4
2025-11-02,Chennai,Coffee,71332.39,305,234.18,13.9,1454.64,0.4
2025-11-02,Chennai,Tea,22987.31,149,154.25,13.9,484.88,0.4
2025-11-02,Chennai,Bakery,36515.02,196,186.03,13.9,761.96,0.4
2025-11-02,Chennai,Meals,36666.53,97,378.17,13.9,761.96,0.4
2025-11-02,Pune,Coffee,63706.21,272,233.93,13.9,1309.18,0.4
2025-11-02,Pune,Tea,22039.13,142,155.5,13.9,436.39,0.4
2025-11-02,Pune,Bakery,32948.69,180,183.18,13.9,685.76,0.4
2025-11-02,Pune,Meals,33504.81,90,373.27,13.9,685.76,0.4
2025-11-03,Bengaluru,Coffee,96938.37,416,233.12,13.9,2473.86,0.5
2025-11-03,Bengaluru,Tea,32357.64,209,154.79,13.9,824.62,0.5
2025-11-03,Bengaluru,Bakery,49263.62,267,184.52,13.9,1295.83,0.5
2025-11-03,Bengaluru,Meals,50024.17,135,371.66,13.9,1295.83,0.5
2025-11-03,Mumbai,Coffee,82118.65,351,233.91,13.9,2037.29,0.5
2025-11-03,Mumbai,Tea,27034.19,170,159.28,13.9,679.1,0.5
2025-11-03,Mumbai,Bakery,40729.72,218,186.85,13.9,1067.15,0.5
2025-11-03,Mumbai,Meals,41846.52,115,364.61,13.9,1067.15,0.5
2025-11-03,Chennai,Coffee,54664.97,233,234.32,13.9,1455.21,0.5
2025-11-03,Chennai,Tea,17996.33,114,157.27,13.9,485.07,0.5
2025-11-03,Chennai,Bakery,29228.18,160,182.53,13.9,762.25,0.5
2025-11-03,Chennai,Meals,28998.21,78,369.5,13.9,762.25,0.5
2025-11-03,Pune,Coffee,50727.64,215,235.73,13.9,1309.69,0.5
2025-11-03,Pune,Tea,17039.45,110,155.14,13.9,436.56,0.5
2025-11-03,Pune,Bakery,26012.48,138,188.61,13.9,686.03,0.5
2025-11-03,Pune,Meals,27743.64,75,367.91,13.9,686.03,0.5
2025-11-04,Bengaluru,Coffee,99932.43,417,239.9,12.2,2585.93,0.3
2025-11-04,Bengaluru,Tea,33575.35,212,158.25,12.2,861.98,0.3
2025-11-04,Bengaluru,Bakery,51195.79,275,186.27,12.2,1354.54,0.3
2025-11-04,Bengaluru,Meals,51134.47,138,371.54,12.2,1354.54,0.3
2025-11-04,Mumbai,Coffee,80781.13,341,237.06,12.2,2129.59,0.3
2025-11-04,Mumbai,Tea,26869.61,167,160.46,12.2,709.86,0.3
2025-11-04,Mumbai,Bakery,41080.28,219,187.8,12.2,1115.5,0.3
2025-11-04,Mumbai,Meals,42468.37,112,377.79,12.2,1115.5,0.3
2025-11-04,Chennai,Coffee,57431.24,245,234.01,12.2,1521.14,0.3
2025-11-04,Chennai,Tea,19546.52,122,160.55,12.2,507.05,0.3
2025-11-04,Chennai,Bakery,29719.06,156,189.9,12.2,796.79,0.3
2025-11-04,Chennai,Meals,29560.18,78,379.15,12.2,796.79,0.3
2025-11-04,Pune,Coffee,51301.98,215,238.73,12.2,1369.02,0.3
2025-11-04,Pune,Tea,17199.72,107,161.2,12.2,456.34,0.3
2025-11-04,Pune,Bakery,26978.01,145,186.43,12.2,717.11,0.3
2025-11-04,Pune,Meals,27661.08,75,371.04,12.2,717.11,0.3
2025-11-05,Bengaluru,Coffee,110069.12,463,237.88,12.2,2586.94,0.4
2025-11-05,Bengaluru,Tea,36219.94,226,160.44,12.2,862.31,0.4
2025-11-05,Bengaluru,Bakery,55231.88,294,187.7,12.2,1355.07,0.4
2025-11-05,Bengaluru,Meals,54788.64,148,371.33,12.2,1355.07,0.4
2025-11-05,Mumbai,Coffee,88842.53,371,239.33,12.2,2130.42,0.4
2025-11-05,Mumbai,Tea,29743.64,186,159.49,12.2,710.14,0.4
2025-11-05,Mumbai,Bakery,44640.68,234,191.13,12.2,1115.94,0.4
2025-11-05,Mumbai,Meals,46732.48,122,383.41,12.2,1115.94,0.4
2025-11-05,Chennai,Coffee,62238.66,263,236.94,12.2,1521.73,0.4
2025-11-05,Chennai,Tea,21353.59,132,161.9,12.2,507.24,0.4
2025-11-05,Chennai,Bakery,31914.7,172,185.68,12.2,797.1,0.4
2025-11-05,Chennai,Meals,30889.37,83,372.88,12.2,797.1,0.4
2025-11-05,Pune,Coffee,58880.36,242,242.81,12.2,1369.56,0.4
2025-11-05,Pune,Tea,18487.18,116,158.83,12.2,456.52,0.4
2025-11-05,Pune,Bakery,30323.67,163,186.55,12.2,717.39,0.4
2025-11-05,Pune,Meals,29507.1,77,383.79,12.2,717.39,0.4
2025-11-06,Bengaluru,Coffee,109659.9,467,234.85,12.2,2587.95,0.6
2025-11-06,Bengaluru,Tea,37609.24,233,161.24,12.2,862.65,0.6
2025-11-06,Bengaluru,Bakery,56782.1,300,189.3,12.2,1355.6,0.6
2025-11-06,Bengaluru,Meals,57716.26,152,378.92,12.2,1355.6,0.6
2025-11-06,Mumbai,Coffee,93455.54,385,242.53,12.2,2131.26,0.6
2025-11-06,Mumbai,Tea,31793.11,199,159.38,12.2,710.42,0.6
2025-11-06,Mumbai,Bakery,47820.15,252,189.96,12.2,1116.37,0.6
2025-11-06,Mumbai,Meals,47112.73,124,378.73,12.2,1116.37,0.6
2025-11-06,Chennai,Coffee,66418.4,275,241.95,12.2,1522.33,0.6
2025-11-06,Chennai,Tea,21977.05,136,161.29,12.2,507.44,0.6
2025-11-06,Chennai,Bakery,33443.2,177,189.22,12.2,797.41,0.6
2025-11-06,Chennai,Meals,33769.57,91,372.85,12.2,797.41,0.6
2025-11-06,Pune,Coffee,60870.15,258,235.59,12.2,1370.09,0.6
2025-11-06,Pune,Tea,19770.22,123,160.85,12.2,456.7,0.6
2025-11-06,Pune,Bakery,30296.87,159,190.06,12.2,717.67,0.6
2025-11-06,Pune,Meals,30698.44,82,373.59,12.2,717.67,0.6
2025-11-07,Bengaluru,Coffee,121911.05,518,235.42,12.2,2588.96,0.2
2025-11-07,Bengaluru,Tea,40475.56,254,159.61,12.2,862.99,0.2
2025-11-07,Bengaluru,Bakery,61834.06,332,186.42,12.2,1356.12,0.2
2025-11-07,Bengaluru,Meals,62801.32,166,378.43,12.2,1356.12,0.2
2025-11-07,Mumbai,Coffee,98807.56,408,242.32,12.2,2132.09,0.2
2025-11-07,Mumbai,Tea,32244.5,204,158.33,12.2,710.7,0.2
2025-11-07,Mumbai,Bakery,52527.74,283,185.31,12.2,1116.81,0.2
2025-11-07,Mumbai,Meals,52327.09,141,371.21,12.2,1116.81,0.2
2025-11-07,Chennai,Coffee,66833.83,279,239.97,12.2,1522.92,0.2
2025-11-07,Chennai,Tea,23829.55,147,161.89,12.2,507.64,0.2
2025-11-07,Chennai,Bakery,36441.13,195,186.82,12.2,797.72,0.2
2025-11-07,Chennai,Meals,36673.71,96,382.9,12.2,797.72,0.2
2025-11-07,Pune,Coffee,63131.47,268,235.38,12.2,1370.63,0.2
2025-11-07,Pune,Tea,21362.09,134,159.93,12.2,456.88,0.2
2025-11-07,Pune,Bakery,31884.39,170,187.68,12.2,717.95,0.2
2025-11-07,Pune,Meals,34260.48,91,374.73,12.2,717.95,0.2
2025-11-08,Bengaluru,Coffee,131090.13,558,234.79,12.2,2589.98,0.1
2025-11-08,Bengaluru,Tea,43136.06,269,160.12,12.2,863.33,0.1
2025-11-08,Bengaluru,Bakery,63729.86,336,189.75,12.2,1356.65,0.1
2025-11-08,Bengaluru,Meals,65623.67,174,376.79,12.2,1356.65,0.1
2025-11-08,Mumbai,Coffee,106639.25,442,241.34,12.2,2132.92,0.1
2025-11-08,Mumbai,Tea,35731.84,225,158.97,12.2,710.97,0.1
2025-11-08,Mumbai,Bakery,57389.02,305,187.98,12.2,1117.24,0.1
2025-11-08,Mumbai,Meals,54049.22,142,381.23,12.2,1117.24,0.1
2025-11-08,Chennai,Coffee,76473.98,316,241.75,12.2,1523.51,0.1
2025-11-08,Chennai,Tea,25191.96,156,161.76,12.2,507.84,0.1
2025-11-08,Chennai,Bakery,38987.88,207,188.01,12.2,798.03,0.1
2025-11-08,Chennai,Meals,40194.0,106,380.81,12.2,798.03,0.1
2025-11-08,Pune,Coffee,71472.63,297,241.04,12.2,1371.16,0.1
2025-11-08,Pune,Tea,22766.67,142,160.61,12.2,457.05,0.1
2025-11-08,Pune,Bakery,36711.76,198,185.58,12.2,718.23,0.1
2025-11-08,Pune,Meals,35104.41,93,379.29,12.2,718.23,0.1
2025-11-09,Bengaluru,Coffee,115446.1,489,235.95,12.2,2590.99,2.5
2025-11-09,Bengaluru,Tea,38041.76,242,156.99,12.2,863.66,2.5
2025-11-09,Bengaluru,Bakery,59633.98,312,191.09,12.2,1357.18,2.5
2025-11-09,Bengaluru,Meals,59510.42,156,381.92,12.2,1357.18,2.5
2025-11-09,Mumbai,Coffee,95625.18,407,234.9,12.2,2133.75,2.5
2025-11-09,Mumbai,Tea,32008.67,199,160.8,12.2,711.25,2.5
2025-11-09,Mumbai,Bakery,48282.21,256,188.88,12.2,1117.68,2.5
2025-11-09,Mumbai,Meals,48430.66,129,374.19,12.2,1117.68,2.5
2025-11-09,Chennai,Coffee,68600.43,288,238.22,12.2,1524.11,2.5
2025-11-09,Chennai,Tea,23926.38,149,160.86,12.2,508.04,2.5
2025-11-09,Chennai,Bakery,36633.96,196,186.66,12.2,798.34,2.5
2025-11-09,Chennai,Meals,35666.1,96,370.17,12.2,798.34,2.5
2025-11-09,Pune,Coffee,62828.56,261,241.11,12.2,1371.7,2.5
2025-11-09,Pune,Tea,20856.62,133,156.51,12.2,457.23,2.5
2025-11-09,Pune,Bakery,30705.42,165,186.4,12.2,718.51,2.5
2025-11-09,Pune,Meals,32418.21,88,370.32,12.2,718.51,2.5
2025-11-10,Bengaluru,Coffee,103971.45,429,242.15,12.2,2592.0,0.3
2025-11-10,Bengaluru,Tea,34039.23,215,157.99,12.2,864.0,0.3
2025-11-10,Bengaluru,Bakery,53443.35,279,191.65,12.2,1357.71,0.3
2025-11-10,Bengaluru,Meals,54229.78,142,380.6,12.2,1357.71,0.3
2025-11-10,Mumbai,Coffee,85301.66,362,235.77,12.2,2134.59,0.3
2025-11-10,Mumbai,Tea,29049.23,185,157.05,12.2,711.53,0.3
2025-11-10,Mumbai,Bakery,43581.79,227,191.76,12.2,1118.12,0.3
2025-11-10,Mumbai,Meals,44017.2,119,369.92,12.2,1118.12,0.3
2025-11-10,Chennai,Coffee,62893.48,261,241.28,12.2,1524.7,0.3
2025-11-10,Chennai,Tea,20608.48,130,158.37,12.2,508.23,0.3
2025-11-10,Chennai,Bakery,32996.11,173,190.51,12.2,798.65,0.3
2025-11-10,Chennai,Meals,32088.75,85,377.05,12.2,798.65,0.3
2025-11-10,Pune,Coffee,55103.8,234,235.15,12.2,1372.23,0.3
2025-11-10,Pune,Tea,18690.17,117,159.77,12.2,457.41,0.3
2025-11-10,Pune,Bakery,26958.14,142,189.69,12.2,718.79,0.3
2025-11-10,Pune,Meals,28015.71,73,382.63,12.2,718.79,0.3
2025-11-11,Bengaluru,Coffee,103339.58,436,237.01,10.0,2600.87,0.2
2025-11-11,Bengaluru,Tea,33621.04,214,156.87,10.0,866.96,0.2
2025-11-11,Bengaluru,Bakery,50279.45,266,188.93,10.0,1362.36,0.2
2025-11-11,Bengaluru,Meals,50521.67,135,375.22,10.0,1362.36,0.2
2025-11-11,Mumbai,Coffee,80741.67,331,243.91,10.0,2141.89,0.2
2025-11-11,Mumbai,Tea,27302.44,168,162.64,10.0,713.96,0.2
2025-11-11,Mumbai,Bakery,40814.97,212,192.13,10.0,1121.94,0.2
2025-11-11,Mumbai,Meals,42263.3,110,383.26,10.0,1121.94,0.2
2025-11-11,Chennai,Coffee,58623.68,245,238.92,10.0,1529.92,0.2
2025-11-11,Chennai,Tea,20439.87,130,156.84,10.0,509.97,0.2
2025-11-11,Chennai,Bakery,29585.46,158,187.78,10.0,801.39,0.2
2025-11-11,Chennai,Meals,29901.7,80,373.74,10.0,801.39,0.2
2025-11-11,Pune,Coffee,52850.19,220,239.86,10.0,1376.93,0.2
2025-11-11,Pune,Tea,17556.1,109,160.7,10.0,458.98,0.2
2025-11-11,Pune,Bakery,27783.79,147,188.59,10.0,721.25,0.2
2025-11-11,Pune,Meals,27769.12,74,373.77,10.0,721.25,0.2
2025-11-12,Bengaluru,Coffee,106445.44,436,244.2,10.0,2601.88,0.2
2025-11-12,Bengaluru,Tea,35204.85,223,158.11,10.0,867.29,0.2
2025-11-12,Bengaluru,Bakery,53010.29,277,191.08,10.0,1362.89,0.2
2025-11-12,Bengaluru,Meals,54067.83,144,374.71,10.0,1362.89,0.2
2025-11-12,Mumbai,Coffee,86226.57,356,241.92,10.0,2142.72,0.2
2025-11-12,Mumbai,Tea,27750.74,171,162.67,10.0,714.24,0.2
2025-11-12,Mumbai,Bakery,44347.22,229,193.36,10.0,1122.38,0.2
2025-11-12,Mumbai,Meals,43907.04,114,386.18,10.0,1122.38,0.2
2025-11-12,Chennai,Coffee,60793.09,257,236.55,10.0,1530.52,0.2
2025-11-12,Chennai,Tea,20993.03,131,160.06,10.0,510.17,0.2
2025-11-12,Chennai,Bakery,32062.83,172,186.33,10.0,801.7,0.2
2025-11-12,Chennai,Meals,30997.99,81,383.53,10.0,801.7,0.2
2025-11-12,Pune,Coffee,53676.55,227,236.98,10.0,1377.47,0.2
2025-11-12,Pune,Tea,18353.14,114,160.46,10.0,459.16,0.2
2025-11-12,Pune,Bakery,28048.87,145,192.93,10.0,721.53,0.2
2025-11-12,Pune,Meals,28647.42,74,386.26,10.0,721.53,0.2
2025-11-13,Bengaluru,Coffee,105237.01,437,240.91,10.0,2602.89,0.7
2025-11-13,Bengaluru,Tea,34808.18,217,160.78,10.0,867.63,0.7
2025-11-13,Bengaluru,Bakery,55135.54,296,186.4,10.0,1363.42,0.7
2025-11-13,Bengaluru,Meals,52775.51,142,372.87,10.0,1363.42,0.7
2025-11-13,Mumbai,Coffee,85991.71,360,238.92,10.0,2143.56,0.7
2025-11-13,Mumbai,Tea,29556.97,185,159.94,10.0,714.52,0.7
2025-11-13,Mumbai,Bakery,45021.42,236,190.6,10.0,1122.82,0.7
2025-11-13,Mumbai,Meals,44328.41,117,378.01,10.0,1122.82,0.7
2025-11-13,Chennai,Coffee,62173.69,260,238.98,10.0,1531.11,0.7
2025-11-13,Chennai,Tea,20488.95,126,162.11,10.0,510.37,0.7
2025-11-13,Chennai,Bakery,31662.26,166,190.97,10.0,802.01,0.7
2025-11-13,Chennai,Meals,31305.79,82,380.0,10.0,802.01,0.7
2025-11-13,Pune,Coffee,55680.51,229,243.48,10.0,1378.0,0.7
2025-11-13,Pune,Tea,18661.46,115,162.05,10.0,459.33,0.7
2025-11-13,Pune,Bakery,27599.86,145,189.98,10.0,721.81,0.7
2025-11-13,Pune,Meals,28274.69,75,375.27,10.0,721.81,0.7
2025-11-14,Bengaluru,Coffee,109006.99,462,235.7,10.0,2603.91,0.5
2025-11-14,Bengaluru,Tea,37340.21,234,159.3,10.0,867.97,0.5
2025-11-14,Bengaluru,Bakery,57662.78,299,192.56,10.0,1363.95,0.5
2025-11-14,Bengaluru,Meals,57290.28,154,372.73,10.0,1363.95,0.5
2025-11-14,Mumbai,Coffee,90837.94,372,244.22,10.0,2144.39,0.5
2025-11-14,Mumbai,Tea,30302.36,187,162.03,10.0,714.8,0.5
2025-11-14,Mumbai,Bakery,47544.8,252,188.61,10.0,1123.25,0.5
2025-11-14,Mumbai,Meals,47067.68,125,377.54,10.0,1123.25,0.5
2025-11-14,Chennai,Coffee,64413.31,271,237.46,10.0,1531.71,0.5
2025-11-14,Chennai,Tea,21333.63,133,160.77,10.0,510.57,0.5
2025-11-14,Chennai,Bakery,33442.1,176,190.34,10.0,802.32,0.5
2025-11-14,Chennai,Meals,32039.75,84,381.69,10.0,802.32,0.5
2025-11-14,Pune,Coffee,56639.66,233,243.54,10.0,1378.54,0.5
2025-11-14,Pune,Tea,19788.48,122,162.81,10.0,459.51,0.5
2025-11-14,Pune,Bakery,30398.79,163,186.71,10.0,722.09,0.5
2025-11-14,Pune,Meals,30526.68,80,381.75,10.0,722.09,0.5
2025-11-15,Bengaluru,Coffee,132032.73,555,237.92,10.0,2604.92,0.4
2025-11-15,Bengaluru,Tea,42483.55,268,158.76,10.0,868.31,0.4
2025-11-15,Bengaluru,Bakery,66072.76,344,192.17,10.0,1364.48,0.4
2025-11-15,Bengaluru,Meals,69363.26,186,371.95,10.0,1364.48,0.4
2025-11-15,Mumbai,Coffee,107828.53,455,236.88,10.0,2145.23,0.4
2025-11-15,Mumbai,Tea,37092.07,235,157.51,10.0,715.08,0.4
2025-11-15,Mumbai,Bakery,55197.67,290,190.08,10.0,1123.69,0.4
2025-11-15,Mumbai,Meals,55810.39,148,376.17,10.0,1123.69,0.4
2025-11-15,Chennai,Coffee,74969.57,319,235.31,10.0,1532.31,0.4
2025-11-15,Chennai,Tea,25976.17,163,159.46,10.0,510.77,0.4
2025-11-15,Chennai,Bakery,39179.09,204,192.4,10.0,802.64,0.4
2025-11-15,Chennai,Meals,38476.83,100,385.56,10.0,802.64,0.4
2025-11-15,Pune,Coffee,72569.08,305,238.26,10.0,1379.08,0.4
2025-11-15,Pune,Tea,24094.8,154,156.57,10.0,459.69,0.4
2025-11-15,Pune,Bakery,36040.81,188,191.51,10.0,722.37,0.4
2025-11-15,Pune,Meals,34577.79,92,377.02,10.0,722.37,0.4
2025-11-16,Bengaluru,Coffee,126487.03,530,238.6,10.0,2605.93,0.6
2025-11-16,Bengaluru,Tea,43601.19,277,157.23,10.0,868.64,0.6
2025-11-16,Bengaluru,Bakery,63078.13,332,190.23,10.0,1365.01,0.6
2025-11-16,Bengaluru,Meals,65113.07,169,385.52,10.0,1365.01,0.6
2025-11-16,Mumbai,Coffee,105287.56,434,242.83,10.0,2146.06,0.6
2025-11-16,Mumbai,Tea,34530.3,213,161.79,10.0,715.35,0.6
2025-11-16,Mumbai,Bakery,53384.04,285,187.03,10.0,1124.13,0.6
2025-11-16,Mumbai,Meals,55294.14,147,375.84,10.0,1124.13,0.6
2025-11-16,Chennai,Coffee,77052.6,315,244.28,10.0,1532.9,0.6
2025-11-16,Chennai,Tea,26084.04,164,159.13,10.0,510.97,0.6
2025-11-16,Chennai,Bakery,38680.09,205,188.64,10.0,802.95,0.6
2025-11-16,Chennai,Meals,37937.7,98,385.49,10.0,802.95,0.6
2025-11-16,Pune,Coffee,70373.08,295,238.61,10.0,1379.61,0.6
2025-11-16,Pune,Tea,23497.25,148,159.2,10.0,459.87,0.6
2025-11-16,Pune,Bakery,34915.7,186,187.41,10.0,722.65,0.6
2025-11-16,Pune,Meals,33269.1,86,384.92,10.0,722.65,0.6
2025-11-17,Bengaluru,Coffee,98774.21,420,235.13,10.0,2606.95,0.6
2025-11-17,Bengaluru,Tea,33312.48,212,156.85,10.0,868.98,0.6
2025-11-17,Bengaluru,Bakery,49112.16,256,191.6,10.0,1365.54,0.6
2025-11-17,Bengaluru,Meals,49117.52,132,371.76,10.0,1365.54,0.6
2025-11-17,Mumbai,Coffee,81699.2,344,237.59,10.0,2146.9,0.6
2025-11-17,Mumbai,Tea,26843.24,169,158.53,10.0,715.63,0.6
2025-11-17,Mumbai,Bakery,41358.82,215,192.11,10.0,1124.57,0.6
2025-11-17,Mumbai,Meals,41743.05,112,373.49,10.0,1124.57,0.6
2025-11-17,Chennai,Coffee,58533.27,249,234.92,10.0,1533.5,0.6
2025-11-17,Chennai,Tea,18682.01,119,157.51,10.0,511.17,0.6
2025-11-17,Chennai,Bakery,30774.36,165,186.22,10.0,803.26,0.6
2025-11-17,Chennai,Meals,29121.74,75,385.95,10.0,803.26,0.6
2025-11-17,Pune,Coffee,51235.54,217,236.31,10.0,1380.15,0.6
2025-11-17,Pune,Tea,17831.87,110,161.56,10.0,460.05,0.6
2025-11-17,Pune,Bakery,26119.5,135,192.77,10.0,722.93,0.6
2025-11-17,Pune,Meals,26102.44,68,381.86,10.0,722.93,0.6
2025-11-18,Bengaluru,Coffee,94579.28,385,245.47,6.0,2347.31,0.5
2025-11-18,Bengaluru,Tea,30438.89,184,165.05,6.0,782.44,0.5
2025-11-18,Bengaluru,Bakery,45367.08,233,194.77,6.0,1229.55,0.5
2025-11-18,Bengaluru,Meals,46288.99,121,382.22,6.0,1229.55,0.5
2025-11-18,Mumbai,Coffee,78190.53,317,247.0,6.0,1933.08,0.5
2025-11-18,Mumbai,Tea,25345.45,158,160.68,6.0,644.36,0.5
2025-11-18,Mumbai,Bakery,38954.9,204,190.93,6.0,1012.57,0.5
2025-11-18,Mumbai,Meals,38222.69,100,381.32,6.0,1012.57,0.5
2025-11-18,Chennai,Coffee,55143.8,224,245.85,6.0,1380.77,0.5
2025-11-18,Chennai,Tea,17484.16,110,159.47,6.0,460.26,0.5
2025-11-18,Chennai,Bakery,28118.97,144,195.83,6.0,723.26,0.5
2025-11-18,Chennai,Meals,27009.17,70,384.12,6.0,723.26,0.5
2025-11-18,Pune,Coffee,48203.96,195,247.25,6.0,1242.7,0.5
2025-11-18,Pune,Tea,15941.71,99,161.07,6.0,414.23,0.5
2025-11-18,Pune,Bakery,23841.53,124,193.01,6.0,650.94,0.5
2025-11-18,Pune,Meals,24866.81,65,382.4,6.0,650.94,0.5
2025-11-19,Bengaluru,Coffee,102542.75,425,241.02,6.0,2348.23,0.1
2025-11-19,Bengaluru,Tea,33817.83,207,163.52,6.0,782.74,0.1
2025-11-19,Bengaluru,Bakery,48527.67,250,194.15,6.0,1230.02,0.1
2025-11-19,Bengaluru,Meals,50702.35,132,383.05,6.0,1230.02,0.1
2025-11-19,Mumbai,Coffee,82080.54,332,247.53,6.0,1933.83,0.1
2025-11-19,Mumbai,Tea,27668.92,174,159.32,6.0,644.61,0.1
2025-11-19,Mumbai,Bakery,41279.44,214,192.5,6.0,1012.96,0.1
2025-11-19,Mumbai,Meals,40875.71,105,389.29,6.0,1012.96,0.1
2025-11-19,Chennai,Coffee,58688.76,241,243.72,6.0,1381.31,0.1
2025-11-19,Chennai,Tea,19116.65,118,161.96,6.0,460.44,0.1
2025-11-19,Chennai,Bakery,28999.5,149,194.92,6.0,723.54,0.1
2025-11-19,Chennai,Meals,29815.37,76,391.95,6.0,723.54,0.1
2025-11-19,Pune,Coffee,53145.15,221,240.23,6.0,1243.18,0.1
2025-11-19,Pune,Tea,18085.39,110,164.75,6.0,414.39,0.1
2025-11-19,Pune,Bakery,26048.04,135,192.8,6.0,651.19,0.1
2025-11-19,Pune,Meals,26423.19,68,386.7,6.0,651.19,0.1
2025-11-20,Bengaluru,Coffee,106664.59,447,238.43,6.0,2349.14,0.1
2025-11-20,Bengaluru,Tea,37155.59,226,164.27,6.0,783.05,0.1
2025-11-20,Bengaluru,Bakery,55327.27,284,195.06,6.0,1230.5,0.1
2025-11-20,Bengaluru,Meals,52687.86,138,381.15,6.0,1230.5,0.1
2025-11-20,Mumbai,Coffee,89590.85,372,240.66,6.0,1934.58,0.1
2025-11-20,Mumbai,Tea,29520.13,182,161.79,6.0,644.86,0.1
2025-11-20,Mumbai,Bakery,44814.99,236,190.05,6.0,1013.35,0.1
2025-11-20,Mumbai,Meals,45352.6,116,391.13,6.0,1013.35,0.1
2025-11-20,Chennai,Coffee,63020.36,261,241.25,6.0,1381.85,0.1
2025-11-20,Chennai,Tea,21416.7,135,158.97,6.0,460.62,0.1
2025-11-20,Chennai,Bakery,32763.31,170,192.54,6.0,723.82,0.1
2025-11-20,Chennai,Meals,31824.22,83,383.21,6.0,723.82,0.1
2025-11-20,Pune,Coffee,58000.54,239,242.24,6.0,1243.66,0.1
2025-11-20,Pune,Tea,18899.6,118,160.17,6.0,414.55,0.1
2025-11-20,Pune,Bakery,27918.83,143,195.23,6.0,651.44,0.1
2025-11-20,Pune,Meals,29746.16,78,382.72,6.0,651.44,0.1
2025-11-21,Bengaluru,Coffee,117684.55,485,242.6,6.0,2350.05,0.1
2025-11-21,Bengaluru,Tea,38427.39,240,160.08,6.0,783.35,0.1
2025-11-21,Bengaluru,Bakery,60301.02,315,191.57,6.0,1230.98,0.1
2025-11-21,Bengaluru,Meals,58336.92,150,388.19,6.0,1230.98,0.1
2025-11-21,Mumbai,Coffee,98666.8,400,246.79,6.0,1935.34,0.1
2025-11-21,Mumbai,Tea,32602.65,205,158.9,6.0,645.11,0.1
2025-11-21,Mumbai,Bakery,46445.03,242,192.22,6.0,1013.75,0.1
2025-11-21,Mumbai,Meals,48136.35,125,386.39,6.0,1013.75,0.1
2025-11-21,Chennai,Coffee,67304.78,273,246.97,6.0,1382.38,0.1
2025-11-21,Chennai,Tea,22770.7,142,160.63,6.0,460.79,0.1
2025-11-21,Chennai,Bakery,34755.17,184,188.47,6.0,724.11,0.1
2025-11-21,Chennai,Meals,34605.77,91,381.51,6.0,724.11,0.1
2025-11-21,Pune,Coffee,60253.23,248,242.74,6.0,1244.14,0.1
2025-11-21,Pune,Tea,20918.91,127,164.81,6.0,414.71,0.1
2025-11-21,Pune,Bakery,31475.24,161,195.59,6.0,651.69,0.1
2025-11-21,Pune,Meals,30067.12,79,380.57,6.0,651.69,0.1
2025-11-22,Bengaluru,Coffee,127160.44,518,245.69,6.0,2350.96,0.1
2025-11-22,Bengaluru,Tea,40772.7,247,164.89,6.0,783.65,0.1
2025-11-22,Bengaluru,Bakery,62635.11,321,195.15,6.0,1231.46,0.1
2025-11-22,Bengaluru,Meals,62607.66,163,383.73,6.0,1231.46,0.1
2025-11-22,Mumbai,Coffee,105106.61,435,241.82,6.0,1936.09,0.1
2025-11-22,Mumbai,Tea,35486.4,220,161.03,6.0,645.36,0.1
2025-11-22,Mumbai,Bakery,51918.45,273,190.26,6.0,1014.14,0.1
2025-11-22,Mumbai,Meals,51789.56,136,381.51,6.0,1014.14,0.1
2025-11-22,Chennai,Coffee,72986.84,295,247.26,6.0,1382.92,0.1
2025-11-22,Chennai,Tea,23592.58,145,163.19,6.0,460.97,0.1
2025-11-22,Chennai,Bakery,35435.5,187,189.26,6.0,724.39,0.1
2025-11-22,Chennai,Meals,37445.54,99,379.87,6.0,724.39,0.1
2025-11-22,Pune,Coffee,68312.48,283,241.76,6.0,1244.63,0.1
2025-11-22,Pune,Tea,21930.59,137,160.0,6.0,414.88,0.1
2025-11-22,Pune,Bakery,32401.82,171,189.23,6.0,651.95,0.1
2025-11-22,Pune,Meals,32572.1,85,383.72,6.0,651.95,0.1
2025-11-23,Bengaluru,Coffee,126770.13,529,239.74,6.0,2351.87,0.1
2025-11-23,Bengaluru,Tea,42892.18,263,163.23,6.0,783.96,0.1
2025-11-23,Bengaluru,Bakery,62928.1,325,193.8,6.0,1231.93,0.1
2025-11-23,Bengaluru,Meals,62371.71,163,383.02,6.0,1231.93,0.1
2025-11-23,Mumbai,Coffee,105834.73,433,244.61,6.0,1936.84,0.1
2025-11-23,Mumbai,Tea,35356.38,223,158.86,6.0,645.61,0.1
2025-11-23,Mumbai,Bakery,52582.39,273,192.65,6.0,1014.53,0.1
2025-11-23,Mumbai,Meals,52568.12,139,378.36,6.0,1014.53,0.1
2025-11-23,Chennai,Coffee,73457.72,307,239.21,6.0,1383.46,0.1
2025-11-23,Chennai,Tea,24648.47,154,159.84,6.0,461.15,0.1
2025-11-23,Chennai,Bakery,36344.95,188,193.07,6.0,724.67,0.1
2025-11-23,Chennai,Meals,36585.42,96,379.89,6.0,724.67,0.1
2025-11-23,Pune,Coffee,67269.9,281,238.97,6.0,1245.11,0.1
2025-11-23,Pune,Tea,21935.86,136,160.81,6.0,415.04,0.1
2025-11-23,Pune,Bakery,33685.6,172,195.32,6.0,652.2,0.1
2025-11-23,Pune,Meals,33163.56,88,377.38,6.0,652.2,0.1
2025-11-24,Bengaluru,Coffee,103577.16,429,241.22,6.0,2352.79,0.9
2025-11-24,Bengaluru,Tea,33927.24,212,159.85,6.0,784.26,0.9
2025-11-24,Bengaluru,Bakery,49353.6,261,189.03,6.0,1232.41,0.9
2025-11-24,Bengaluru,Meals,47750.21,122,391.81,6.0,1232.41,0.9
2025-11-24,Mumbai,Coffee,80300.44,325,247.24,6.0,1937.59,0.9
2025-11-24,Mumbai,Tea,27046.6,169,159.91,6.0,645.86,0.9
2025-11-24,Mumbai,Bakery,40404.13,213,189.42,6.0,1014.93,0.9
2025-11-24,Mumbai,Meals,40737.96,107,381.88,6.0,1014.93,0.9
2025-11-24,Chennai,Coffee,57772.79,233,247.58,6.0,1383.99,0.9
2025-11-24,Chennai,Tea,19690.9,120,163.52,6.0,461.33,0.9
2025-11-24,Chennai,Bakery,29781.12,153,194.29,6.0,724.95,0.9
2025-11-24,Chennai,Meals,29014.65,77,377.16,6.0,724.95,0.9
2025-11-24,Pune,Coffee,51784.3,209,247.31,6.0,1245.59,0.9
2025-11-24,Pune,Tea,17260.11,106,162.51,6.0,415.2,0.9
2025-11-24,Pune,Bakery,26273.92,135,194.05,6.0,652.45,0.9
2025-11-24,Pune,Meals,25637.87,67,385.28,6.0,652.45,0.9
2025-11-25,Bengaluru,Coffee,88137.51,356,247.69,4.2,2320.71,1.5
2025-11-25,Bengaluru,Tea,30571.52,184,166.43,4.2,773.57,1.5
2025-11-25,Bengaluru,Bakery,44667.31,227,197.1,4.2,1215.61,1.5
2025-11-25,Bengaluru,Meals,47072.05,118,397.63,4.2,1215.61,1.5
2025-11-25,Mumbai,Coffee,73874.7,291,253.8,4.2,1911.17,1.5
2025-11-25,Mumbai,Tea,24894.79,147,168.96,4.2,637.06,1.5
2025-11-25,Mumbai,Bakery,37471.39,190,197.55,4.2,1001.09,1.5
2025-11-25,Mumbai,Meals,37874.47,95,396.99,4.2,1001.09,1.5
2025-11-25,Chennai,Coffee,54374.5,221,245.76,4.2,1365.12,1.5
2025-11-25,Chennai,Tea,18348.74,112,164.45,4.2,455.04,1.5
2025-11-25,Chennai,Bakery,26261.79,134,196.43,4.2,715.06,1.5
2025-11-25,Chennai,Meals,27530.56,70,391.27,4.2,715.06,1.5
2025-11-25,Pune,Coffee,49419.41,200,246.82,4.2,1228.61,1.5
2025-11-25,Pune,Tea,15970.83,95,167.55,4.2,409.54,1.5
2025-11-25,Pune,Bakery,24169.98,124,194.98,4.2,643.56,1.5
2025-11-25,Pune,Meals,24377.2,62,391.34,4.2,643.56,1.5
2025-11-26,Bengaluru,Coffee,103351.68,418,247.04,4.2,2321.61,0.1
2025-11-26,Bengaluru,Tea,32432.37,191,169.49,4.2,773.87,0.1
2025-11-26,Bengaluru,Bakery,51361.66,261,196.96,4.2,1216.08,0.1
2025-11-26,Bengaluru,Meals,51309.37,130,393.54,4.2,1216.08,0.1
2025-11-26,Mumbai,Coffee,83748.52,328,255.49,4.2,1911.91,0.1
2025-11-26,Mumbai,Tea,27901.14,165,169.15,4.2,637.3,0.1
2025-11-26,Mumbai,Bakery,40341.59,201,200.54,4.2,1001.48,0.1
2025-11-26,Mumbai,Meals,40399.06,100,403.97,4.2,1001.48,0.1
2025-11-26,Chennai,Coffee,58355.49,237,246.12,4.2,1365.65,0.1
2025-11-26,Chennai,Tea,19489.44,117,165.9,4.2,455.22,0.1
2025-11-26,Chennai,Bakery,29155.92,149,196.31,4.2,715.34,0.1
2025-11-26,Chennai,Meals,28988.33,73,396.26,4.2,715.34,0.1
2025-11-26,Pune,Coffee,55357.11,220,251.15,4.2,1229.09,0.1
2025-11-26,Pune,Tea,18035.47,108,167.66,4.2,409.7,0.1
2025-11-26,Pune,Bakery,26236.48,133,197.62,4.2,643.81,0.1
2025-11-26,Pune,Meals,26155.1,66,393.33,4.2,643.81,0.1
2025-11-27,Bengaluru,Coffee,101426.17,404,250.89,4.2,2322.51,0.3
2025-11-27,Bengaluru,Tea,34385.61,203,169.68,4.2,774.17,0.3
2025-11-27,Bengaluru,Bakery,49873.78,248,201.36,4.2,1216.55,0.3
2025-11-27,Bengaluru,Meals,51182.75,130,393.36,4.2,1216.55,0.3
2025-11-27,Mumbai,Coffee,84280.84,334,252.46,4.2,1912.65,0.3
2025-11-27,Mumbai,Tea,29711.53,179,165.9,4.2,637.55,0.3
2025-11-27,Mumbai,Bakery,43318.74,216,200.47,4.2,1001.86,0.3
2025-11-27,Mumbai,Meals,40956.79,105,391.43,4.2,1001.86,0.3
2025-11-27,Chennai,Coffee,60424.06,241,250.8,4.2,1366.18,0.3
2025-11-27,Chennai,Tea,20528.44,122,168.72,4.2,455.39,0.3
2025-11-27,Chennai,Bakery,29963.27,148,201.86,4.2,715.62,0.3
2025-11-27,Chennai,Meals,29427.24,76,389.65,4.2,715.62,0.3
2025-11-27,Pune,Coffee,55061.38,216,255.07,4.2,1229.56,0.3
2025-11-27,Pune,Tea,18033.97,110,164.31,4.2,409.85,0.3
2025-11-27,Pune,Bakery,26580.27,137,194.51,4.2,644.06,0.3
2025-11-27,Pune,Meals,26552.32,68,390.84,4.2,644.06,0.3
2025-11-28,Bengaluru,Coffee,108289.8,438,247.43,4.2,2323.4,0.1
2025-11-28,Bengaluru,Tea,37002.83,221,167.24,4.2,774.47,0.1
2025-11-28,Bengaluru,Bakery,54060.06,268,201.68,4.2,1217.02,0.1
2025-11-28,Bengaluru,Meals,53003.64,133,397.24,4.2,1217.02,0.1
2025-11-28,Mumbai,Coffee,91560.75,366,250.43,4.2,1913.39,0.1
2025-11-28,Mumbai,Tea,29195.67,175,166.58,4.2,637.8,0.1
2025-11-28,Mumbai,Bakery,44215.53,224,196.99,4.2,1002.25,0.1
2025-11-28,Mumbai,Meals,44374.49,110,404.54,4.2,1002.25,0.1
2025-11-28,Chennai,Coffee,62737.02,254,247.22,4.2,1366.71,0.1
2025-11-28,Chennai,Tea,21814.25,132,165.86,4.2,455.57,0.1
2025-11-28,Chennai,Bakery,30535.73,153,199.71,4.2,715.89,0.1
2025-11-28,Chennai,Meals,31385.57,80,394.26,4.2,715.89,0.1
2025-11-28,Pune,Coffee,56701.01,229,247.57,4.2,1230.04,0.1
2025-11-28,Pune,Tea,18825.58,111,169.94,4.2,410.01,0.1
2025-11-28,Pune,Bakery,28122.68,143,196.25,4.2,644.31,0.1
2025-11-28,Pune,Meals,28604.92,71,400.57,4.2,644.31,0.1
2025-11-29,Bengaluru,Coffee,127258.74,511,249.23,4.2,2324.3,0.6
2025-11-29,Bengaluru,Tea,41786.81,247,169.17,4.2,774.77,0.6
2025-11-29,Bengaluru,Bakery,62143.39,310,200.75,4.2,1217.49,0.6
2025-11-29,Bengaluru,Meals,61840.87,155,399.82,4.2,1217.49,0.6
2025-11-29,Mumbai,Coffee,107026.71,423,252.77,4.2,1914.13,0.6
2025-11-29,Mumbai,Tea,34912.75,208,167.63,4.2,638.04,0.6
2025-11-29,Mumbai,Bakery,51128.17,259,197.62,4.2,1002.64,0.6
2025-11-29,Mumbai,Meals,52116.65,129,403.9,4.2,1002.64,0.6
2025-11-29,Chennai,Coffee,74830.42,301,248.27,4.2,1367.24,0.6
2025-11-29,Chennai,Tea,25823.85,153,168.58,4.2,455.75,0.6
2025-11-29,Chennai,Bakery,35523.81,182,195.58,4.2,716.17,0.6
2025-11-29,Chennai,Meals,37192.35,92,404.52,4.2,716.17,0.6
2025-11-29,Pune,Coffee,67329.71,268,251.63,4.2,1230.51,0.6
2025-11-29,Pune,Tea,22433.25,132,169.42,4.2,410.17,0.6
2025-11-29,Pune,Bakery,33103.5,166,199.76,4.2,644.55,0.6
2025-11-29,Pune,Meals,32595.35,81,401.11,4.2,644.55,0.6
2025-11-30,Bengaluru,Coffee,126155.28,498,253.22,4.2,2325.2,0.2
2025-11-30,Bengaluru,Tea,39500.6,232,169.98,4.2,775.07,0.2
2025-11-30,Bengaluru,Bakery,61128.65,313,195.32,4.2,1217.96,0.2
2025-11-30,Bengaluru,Meals,56918.97,145,392.35,4.2,1217.96,0.2
2025-11-30,Mumbai,Coffee,99602.58,398,250.18,4.2,1914.87,0.2
2025-11-30,Mumbai,Tea,34143.37,203,168.12,4.2,638.29,0.2
2025-11-30,Mumbai,Bakery,47431.9,236,200.59,4.2,1003.03,0.2
2025-11-30,Mumbai,Meals,46574.0,118,395.64,4.2,1003.03,0.2
2025-11-30,Chennai,Coffee,73862.54,299,246.66,4.2,1367.77,0.2
2025-11-30,Chennai,Tea,23754.07,144,164.54,4.2,455.92,0.2
2025-11-30,Chennai,Bakery,34382.87,175,196.16,4.2,716.45,0.2
2025-11-30,Chennai,Meals,37023.35,92,400.57,4.2,716.45,0.2
2025-11-30,Pune,Coffee,64049.91,257,248.83,4.2,1230.99,0.2
2025-11-30,Pune,Tea,21267.35,126,168.36,4.2,410.33,0.2
2025-11-30,Pune,Bakery,33469.46,169,197.79,4.2,644.8,0.2
2025-11-30,Pune,Meals,31318.2,79,395.62,4.2,644.8,0.2
2025-12-01,Bengaluru,Coffee,91142.71,366,248.74,4.2,2326.1,0.0
2025-12-01,Bengaluru,Tea,30419.54,183,166.47,4.2,775.37,0.0
2025-12-01,Bengaluru,Bakery,43988.97,221,198.99,4.2,1218.43,0.0
2025-12-01,Bengaluru,Meals,44067.7,113,391.64,4.2,1218.43,0.0
2025-12-01,Mumbai,Coffee,77935.5,315,247.7,4.2,1915.61,0.0
2025-12-01,Mumbai,Tea,25028.14,150,166.4,4.2,638.54,0.0
2025-12-01,Mumbai,Bakery,37929.35,190,199.76,4.2,1003.42,0.0
2025-12-01,Mumbai,Meals,37746.65,95,396.38,4.2,1003.42,0.0
2025-12-01,Chennai,Coffee,53687.48,212,252.76,4.2,1368.3,0.0
2025-12-01,Chennai,Tea,19384.48,114,169.7,4.2,456.1,0.0
2025-12-01,Chennai,Bakery,26427.48,135,195.29,4.2,716.73,0.0
2025-12-01,Chennai,Meals,26399.19,68,389.9,4.2,716.73,0.0
2025-12-01,Pune,Coffee,49117.84,192,255.22,4.2,1231.47,0.0
2025-12-01,Pune,Tea,16219.23,96,169.82,4.2,410.49,0.0
2025-12-01,Pune,Bakery,24497.54,125,195.62,4.2,645.05,0.0
2025-12-01,Pune,Meals,23523.99,60,394.0,4.2,645.05,0.0
2025-12-02,Bengaluru,Coffee,104534.01,435,240.57,2.8,2186.46,0.1
2025-12-02,Bengaluru,Tea,34781.25,210,165.96,2.8,728.82,0.1
2025-12-02,Bengaluru,Bakery,50322.85,262,192.13,2.8,1145.29,0.1
2025-12-02,Bengaluru,Meals,50094.93,131,381.88,2.8,1145.29,0.1
2025-12-02,Mumbai,Coffee,81836.17,340,240.42,2.8,1800.61,0.1
2025-12-02,Mumbai,Tea,28279.64,176,160.75,2.8,600.2,0.1
2025-12-02,Mumbai,Bakery,41062.71,216,189.96,2.8,943.18,0.1
2025-12-02,Mumbai,Meals,40971.42,105,388.93,2.8,943.18,0.1
2025-12-02,Chennai,Coffee,61152.2,255,240.27,2.8,1286.15,0.1
2025-12-02,Chennai,Tea,20287.84,124,163.38,2.8,428.72,0.1
2025-12-02,Chennai,Bakery,29816.2,154,193.33,2.8,673.7,0.1
2025-12-02,Chennai,Meals,29498.98,76,386.92,2.8,673.7,0.1
2025-12-02,Pune,Coffee,52951.42,220,241.03,2.8,1157.54,0.1
2025-12-02,Pune,Tea,17637.86,108,164.04,2.8,385.85,0.1
2025-12-02,Pune,Bakery,26405.88,138,191.45,2.8,606.33,0.1
2025-12-02,Pune,Meals,26933.03,69,389.19,2.8,606.33,0.1
2025-12-03,Bengaluru,Coffee,105002.9,422,248.62,2.8,2187.3,0.5
2025-12-03,Bengaluru,Tea,34447.61,209,164.55,2.8,729.1,0.5
2025-12-03,Bengaluru,Bakery,50064.95,263,190.06,2.8,1145.73,0.5
2025-12-03,Bengaluru,Meals,50272.15,130,385.8,2.8,1145.73,0.5
2025-12-03,Mumbai,Coffee,88372.69,364,242.73,2.8,1801.31,0.5
2025-12-03,Mumbai,Tea,29398.96,183,160.84,2.8,600.44,0.5
2025-12-03,Mumbai,Bakery,40043.22,204,196.18,2.8,943.54,0.5
2025-12-03,Mumbai,Meals,41736.12,108,385.21,2.8,943.54,0.5
2025-12-03,Chennai,Coffee,62129.04,250,248.58,2.8,1286.65,0.5
2025-12-03,Chennai,Tea,20367.2,125,163.05,2.8,428.88,0.5
2025-12-03,Chennai,Bakery,30009.45,155,193.88,2.8,673.96,0.5
2025-12-03,Chennai,Meals,29131.75,74,393.04,2.8,673.96,0.5
2025-12-03,Pune,Coffee,55692.34,229,242.75,2.8,1157.98,0.5
2025-12-03,Pune,Tea,18156.53,110,164.79,2.8,385.99,0.5
2025-12-03,Pune,Bakery,26107.77,136,192.66,2.8,606.56,0.5
2025-12-03,Pune,Meals,25711.94,66,391.73,2.8,606.56,0.5
2025-12-04,Bengaluru,Coffee,103710.01,426,243.19,2.8,2188.15,0.3
2025-12-04,Bengaluru,Tea,34581.91,210,164.63,2.8,729.38,0.3
2025-12-04,Bengaluru,Bakery,51671.56,266,194.35,2.8,1146.17,0.3
2025-12-04,Bengaluru,Meals,52667.03,135,390.36,2.8,1146.17,0.3
2025-12-04,Mumbai,Coffee,84755.22,344,246.26,2.8,1802.01,0.3
2025-12-04,Mumbai,Tea,28408.11,174,162.98,2.8,600.67,0.3
2025-12-04,Mumbai,Bakery,41996.48,217,193.1,2.8,943.91,0.3
2025-12-04,Mumbai,Meals,42106.38,111,379.21,2.8,943.91,0.3
2025-12-04,Chennai,Coffee,60196.32,245,246.11,2.8,1287.15,0.3
2025-12-04,Chennai,Tea,20463.82,125,163.77,2.8,429.05,0.3
2025-12-04,Chennai,Bakery,30569.64,158,193.36,2.8,674.22,0.3
2025-12-04,Chennai,Meals,29941.25,77,388.09,2.8,674.22,0.3
2025-12-04,Pune,Coffee,55036.12,226,243.24,2.8,1158.43,0.3
2025-12-04,Pune,Tea,18857.03,114,165.24,2.8,386.14,0.3
2025-12-04,Pune,Bakery,27498.78,140,196.46,2.8,606.8,0.3
2025-12-04,Pune,Meals,26712.5,70,379.12,2.8,606.8,0.3
2025-12-05,Bengaluru,Coffee,116924.91,469,249.16,2.8,2188.99,0.6
2025-12-05,Bengaluru,Tea,37992.2,230,164.95,2.8,729.66,0.6
2025-12-05,Bengaluru,Bakery,54338.43,278,195.51,2.8,1146.62,0.6
2025-12-05,Bengaluru,Meals,54027.27,138,392.88,2.8,1146.62,0.6
2025-12-05,Mumbai,Coffee,93664.87,381,245.81,2.8,1802.7,0.6
2025-12-05,Mumbai,Tea,32054.26,197,162.65,2.8,600.9,0.6
2025-12-05,Mumbai,Bakery,46039.83,240,191.57,2.8,944.27,0.6
2025-12-05,Mumbai,Meals,45896.97,118,390.37,2.8,944.27,0.6
2025-12-05,Chennai,Coffee,65588.16,274,239.73,2.8,1287.64,0.6
2025-12-05,Chennai,Tea,21992.82,137,161.02,2.8,429.21,0.6
2025-12-05,Chennai,Bakery,31649.87,166,190.55,2.8,674.48,0.6
2025-12-05,Chennai,Meals,31233.04,80,388.13,2.8,674.48,0.6
2025-12-05,Pune,Coffee,62368.44,256,243.47,2.8,1158.88,0.6
2025-12-05,Pune,Tea,19943.57,124,160.44,2.8,386.29,0.6
2025-12-05,Pune,Bakery,30029.08,156,192.17,2.8,607.03,0.6
2025-12-05,Pune,Meals,29316.77,75,390.84,2.8,607.03,0.6
2025-12-06,Bengaluru,Coffee,125519.45,515,243.76,2.8,2189.84,0.0
2025-12-06,Bengaluru,Tea,43033.94,260,165.56,2.8,729.95,0.0
2025-12-06,Bengaluru,Bakery,59859.2,315,189.81,2.8,1147.06,0.0
2025-12-06,Bengaluru,Meals,59563.42,155,384.34,2.8,1147.06,0.0
2025-12-06,Mumbai,Coffee,102205.07,413,247.31,2.8,1803.4,0.0
2025-12-06,Mumbai,Tea,32751.65,197,165.89,2.8,601.13,0.0
2025-12-06,Mumbai,Bakery,49424.07,261,189.67,2.8,944.64,0.0
2025-12-06,Mumbai,Meals,48060.94,124,386.1,2.8,944.64,0.0
2025-12-06,Chennai,Coffee,70892.28,290,244.78,2.8,1288.14,0.0
2025-12-06,Chennai,Tea,24737.83,153,161.24,2.8,429.38,0.0
2025-12-06,Chennai,Bakery,34442.56,179,192.18,2.8,674.74,0.0
2025-12-06,Chennai,Meals,35484.41,92,387.77,2.8,674.74,0.0
2025-12-06,Pune,Coffee,64997.71,268,242.31,2.8,1159.33,0.0
2025-12-06,Pune,Tea,21667.79,135,160.37,2.8,386.44,0.0
2025-12-06,Pune,Bakery,30548.05,160,191.12,2.8,607.27,0.0
2025-12-06,Pune,Meals,31033.64,79,391.33,2.8,607.27,0.0
2025-12-07,Bengaluru,Coffee,121733.72,498,244.67,2.8,2190.69,0.2
2025-12-07,Bengaluru,Tea,39992.83,242,165.12,2.8,730.23,0.2
2025-12-07,Bengaluru,Bakery,56879.86,291,195.56,2.8,1147.5,0.2
2025-12-07,Bengaluru,Meals,55683.57,143,390.08,2.8,1147.5,0.2
2025-12-07,Mumbai,Coffee,97632.15,393,248.23,2.8,1804.09,0.2
2025-12-07,Mumbai,Tea,33276.09,203,163.91,2.8,601.36,0.2
2025-12-07,Mumbai,Bakery,47500.44,248,191.75,2.8,945.0,0.2
2025-12-07,Mumbai,Meals,47706.27,124,385.2,2.8,945.0,0.2
2025-12-07,Chennai,Coffee,68443.1,281,243.52,2.8,1288.64,0.2
2025-12-07,Chennai,Tea,23008.51,139,165.54,2.8,429.55,0.2
2025-12-07,Chennai,Bakery,32829.73,170,193.12,2.8,675.0,0.2
2025-12-07,Chennai,Meals,32567.75,85,383.51,2.8,675.0,0.2
2025-12-07,Pune,Coffee,63099.41,259,243.77,2.8,1159.77,0.2
2025-12-07,Pune,Tea,20299.08,123,165.11,2.8,386.59,0.2
2025-12-07,Pune,Bakery,30270.71,156,194.07,2.8,607.5,0.2
2025-12-07,Pune,Meals,30167.43,78,387.09,2.8,607.5,0.2
2025-12-08,Bengaluru,Coffee,100899.2,407,248.03,2.8,2191.53,0.8
2025-12-08,Bengaluru,Tea,33050.48,204,161.88,2.8,730.51,0.8
2025-12-08,Bengaluru,Bakery,49165.37,253,194.34,2.8,1147.94,0.8
2025-12-08,Bengaluru,Meals,46235.04,118,391.52,2.8,1147.94,0.8
2025-12-08,Mumbai,Coffee,82728.42,334,247.7,2.8,1804.79,0.8
2025-12-08,Mumbai,Tea,26891.03,163,164.5,2.8,601.6,0.8
2025-12-08,Mumbai,Bakery,40143.12,205,195.41,2.8,945.37,0.8
2025-12-08,Mumbai,Meals,39828.62,102,390.04,2.8,945.37,0.8
2025-12-08,Chennai,Coffee,59684.33,243,245.32,2.8,1289.14,0.8
2025-12-08,Chennai,Tea,19878.78,122,162.56,2.8,429.71,0.8
2025-12-08,Chennai,Bakery,29409.34,153,191.64,2.8,675.26,0.8
2025-12-08,Chennai,Meals,28508.47,74,387.68,2.8,675.26,0.8
2025-12-08,Pune,Coffee,54032.73,220,245.81,2.8,1160.22,0.8
2025-12-08,Pune,Tea,17703.61,110,160.25,2.8,386.74,0.8
2025-12-08,Pune,Bakery,26587.16,137,194.34,2.8,607.74,0.8
2025-12-08,Pune,Meals,25093.83,64,393.32,2.8,607.74,0.8
2025-12-09,Bengaluru,Coffee,101932.87,402,253.71,2.3,2279.95,0.2
2025-12-09,Bengaluru,Tea,35291.51,215,164.01,2.3,759.98,0.2
2025-12-09,Bengaluru,Bakery,48041.02,245,196.15,2.3,1194.26,0.2
2025-12-09,Bengaluru,Meals,48974.74,123,397.89,2.3,1194.26,0.2
2025-12-09,Mumbai,Coffee,84455.45,341,247.91,2.3,1877.61,0.2
2025-12-09,Mumbai,Tea,28474.85,169,168.93,2.3,625.87,0.2
2025-12-09,Mumbai,Bakery,38928.82,199,195.71,2.3,983.51,0.2
2025-12-09,Mumbai,Meals,40997.71,105,392.3,2.3,983.51,0.2
2025-12-09,Chennai,Coffee,57109.38,225,253.7,2.3,1341.15,0.2
2025-12-09,Chennai,Tea,19697.91,119,165.48,2.3,447.05,0.2
2025-12-09,Chennai,Bakery,29124.97,146,198.86,2.3,702.51,0.2
2025-12-09,Chennai,Meals,28725.89,72,400.05,2.3,702.51,0.2
2025-12-09,Pune,Coffee,54757.5,222,246.87,2.3,1207.03,0.2
2025-12-09,Pune,Tea,18392.99,111,166.16,2.3,402.34,0.2
2025-12-09,Pune,Bakery,25827.67,131,197.71,2.3,632.26,0.2
2025-12-09,Pune,Meals,25697.85,65,395.12,2.3,632.26,0.2
2025-12-10,Bengaluru,Coffee,105247.89,428,245.99,2.3,2280.83,0.6
2025-12-10,Bengaluru,Tea,34737.44,209,166.07,2.3,760.28,0.6
2025-12-10,Bengaluru,Bakery,48886.9,250,195.57,2.3,1194.72,0.6
2025-12-10,Bengaluru,Meals,48012.5,121,396.72,2.3,1194.72,0.6
2025-12-10,Mumbai,Coffee,87945.11,351,250.85,2.3,1878.33,0.6
2025-12-10,Mumbai,Tea,27609.08,167,165.59,2.3,626.11,0.6
2025-12-10,Mumbai,Bakery,39776.24,204,195.14,2.3,983.89,0.6
2025-12-10,Mumbai,Meals,41556.94,106,391.65,2.3,983.89,0.6
2025-12-10,Chennai,Coffee,59945.51,236,253.62,2.3,1341.67,0.6
2025-12-10,Chennai,Tea,20214.76,122,165.75,2.3,447.22,0.6
2025-12-10,Chennai,Bakery,28338.55,141,200.33,2.3,702.78,0.6
2025-12-10,Chennai,Meals,28252.77,70,400.79,2.3,702.78,0.6
2025-12-10,Pune,Coffee,55076.09,223,246.69,2.3,1207.5,0.6
2025-12-10,Pune,Tea,18427.18,112,164.94,2.3,402.5,0.6
2025-12-10,Pune,Bakery,25028.59,129,194.05,2.3,632.5,0.6
2025-12-10,Pune,Meals,26837.69,68,394.32,2.3,632.5,0.6
2025-12-11,Bengaluru,Coffee,111511.95,452,246.8,2.3,2281.71,0.5
2025-12-11,Bengaluru,Tea,37094.88,225,164.54,2.3,760.57,0.5
2025-12-11,Bengaluru,Bakery,51705.02,259,199.29,2.3,1195.18,0.5
2025-12-11,Bengaluru,Meals,52283.68,131,398.51,2.3,1195.18,0.5
2025-12-11,Mumbai,Coffee,91794.97,361,253.98,2.3,1879.05,0.5
2025-12-11,Mumbai,Tea,30035.1,178,168.7,2.3,626.35,0.5
2025-12-11,Mumbai,Bakery,42673.09,219,195.2,2.3,984.27,0.5
2025-12-11,Mumbai,Meals,42871.62,108,396.07,2.3,984.27,0.5
2025-12-11,Chennai,Coffee,65867.64,267,247.02,2.3,1342.18,0.5
2025-12-11,Chennai,Tea,21794.05,131,166.24,2.3,447.39,0.5
2025-12-11,Chennai,Bakery,29815.1,152,195.7,2.3,703.05,0.5
2025-12-11,Chennai,Meals,31552.23,80,395.54,2.3,703.05,0.5
2025-12-11,Pune,Coffee,56869.91,227,251.01,2.3,1207.96,0.5
2025-12-11,Pune,Tea,19036.63,113,168.19,2.3,402.65,0.5
2025-12-11,Pune,Bakery,27457.91,138,198.98,2.3,632.74,0.5
2025-12-11,Pune,Meals,26900.57,68,395.51,2.3,632.74,0.5
2025-12-12,Bengaluru,Coffee,119367.71,487,245.31,2.3,2282.59,0.0
2025-12-12,Bengaluru,Tea,38599.75,237,163.08,2.3,760.86,0.0
2025-12-12,Bengaluru,Bakery,53928.75,271,199.22,2.3,1195.64,0.0
2025-12-12,Bengaluru,Meals,54112.44,135,399.74,2.3,1195.64,0.0
2025-12-12,Mumbai,Coffee,95148.43,378,251.99,2.3,1879.78,0.0
2025-12-12,Mumbai,Tea,33197.5,203,163.9,2.3,626.59,0.0
2025-12-12,Mumbai,Bakery,45043.84,224,200.78,2.3,984.65,0.0
2025-12-12,Mumbai,Meals,46554.43,120,387.86,2.3,984.65,0.0
2025-12-12,Chennai,Coffee,66255.43,265,250.28,2.3,1342.7,0.0
2025-12-12,Chennai,Tea,22707.16,136,166.95,2.3,447.57,0.0
2025-12-12,Chennai,Bakery,32431.88,166,195.85,2.3,703.32,0.0
2025-12-12,Chennai,Meals,31707.9,79,401.96,2.3,703.32,0.0
2025-12-12,Pune,Coffee,62749.16,256,245.57,2.3,1208.43,0.0
2025-12-12,Pune,Tea,20837.46,124,168.17,2.3,402.81,0.0
2025-12-12,Pune,Bakery,29718.87,151,196.91,2.3,632.99,0.0
2025-12-12,Pune,Meals,29186.98,74,395.36,2.3,632.99,0.0
2025-12-13,Bengaluru,Coffee,127730.88,522,244.72,2.3,2283.47,0.0
2025-12-13,Bengaluru,Tea,43544.92,260,167.8,2.3,761.16,0.0
2025-12-13,Bengaluru,Bakery,59727.05,298,200.22,2.3,1196.1,0.0
2025-12-13,Bengaluru,Meals,61641.06,154,399.8,2.3,1196.1,0.0
2025-12-13,Mumbai,Coffee,104512.63,427,244.72,2.3,1880.5,0.0
2025-12-13,Mumbai,Tea,36441.33,216,168.84,2.3,626.83,0.0
2025-12-13,Mumbai,Bakery,49214.75,248,198.79,2.3,985.03,0.0
2025-12-13,Mumbai,Meals,51063.1,129,396.27,2.3,985.03,0.0
2025-12-13,Chennai,Coffee,75576.49,298,253.64,2.3,1343.22,0.0
2025-12-13,Chennai,Tea,25010.0,149,167.97,2.3,447.74,0.0
2025-12-13,Chennai,Bakery,34285.94,171,200.23,2.3,703.59,0.0
2025-12-13,Chennai,Meals,34786.82,87,401.85,2.3,703.59,0.0
2025-12-13,Pune,Coffee,66739.78,273,244.68,2.3,1208.89,0.0
2025-12-13,Pune,Tea,22086.36,133,166.32,2.3,402.96,0.0
2025-12-13,Pune,Bakery,32965.89,165,199.92,2.3,633.23,0.0
2025-12-13,Pune,Meals,30388.06,78,388.87,2.3,633.23,0.0
2025-12-14,Bengaluru,Coffee,128906.35,508,253.79,2.3,2284.35,0.5
2025-12-14,Bengaluru,Tea,43153.64,255,169.29,2.3,761.45,0.5
2025-12-14,Bengaluru,Bakery,59485.2,297,199.99,2.3,1196.56,0.5
2025-12-14,Bengaluru,Meals,61165.36,152,401.62,2.3,1196.56,0.5
2025-12-14,Mumbai,Coffee,108733.5,434,250.33,2.3,1881.23,0.5
2025-12-14,Mumbai,Tea,34494.54,206,167.38,2.3,627.08,0.5
2025-12-14,Mumbai,Bakery,49679.58,248,200.24,2.3,985.4,0.5
2025-12-14,Mumbai,Meals,49819.31,126,394.25,2.3,985.4,0.5
2025-12-14,Chennai,Coffee,74449.51,303,245.54,2.3,1343.73,0.5
2025-12-14,Chennai,Tea,24939.53,150,166.41,2.3,447.91,0.5
2025-12-14,Chennai,Bakery,34537.79,172,201.04,2.3,703.86,0.5
2025-12-14,Chennai,Meals,34428.13,86,398.06,2.3,703.86,0.5
2025-12-14,Pune,Coffee,66111.73,269,245.87,2.3,1209.36,0.5
2025-12-14,Pune,Tea,21891.71,134,162.91,2.3,403.12,0.5
2025-12-14,Pune,Bakery,31271.57,159,196.91,2.3,633.47,0.5
2025-12-14,Pune,Meals,31132.14,78,397.35,2.3,633.47,0.5
2025-12-15,Bengaluru,Coffee,98249.27,389,252.35,2.3,2285.22,0.4
2025-12-15,Bengaluru,Tea,33947.93,204,166.32,2.3,761.74,0.4
2025-12-15,Bengaluru,Bakery,47361.54,243,194.82,2.3,1197.02,0.4
2025-12-15,Bengaluru,Meals,47652.93,123,386.79,2.3,1197.02,0.4
2025-12-15,Mumbai,Coffee,86109.86,349,246.8,2.3,1881.95,0.4
2025-12-15,Mumbai,Tea,28957.87,173,167.22,2.3,627.32,0.4
2025-12-15,Mumbai,Bakery,39275.8,200,196.52,2.3,985.78,0.4
2025-12-15,Mumbai,Meals,39867.46,103,387.99,2.3,985.78,0.4
2025-12-15,Chennai,Coffee,61371.83,247,248.46,2.3,1344.25,0.4
2025-12-15,Chennai,Tea,20582.53,123,166.69,2.3,448.08,0.4
2025-12-15,Chennai,Bakery,28058.36,141,199.58,2.3,704.13,0.4
2025-12-15,Chennai,Meals,28205.75,72,392.68,2.3,704.13,0.4
2025-12-15,Pune,Coffee,53420.52,216,246.75,2.3,1209.82,0.4
2025-12-15,Pune,Tea,18633.39,112,166.26,2.3,403.27,0.4
2025-12-15,Pune,Bakery,25108.44,127,197.83,2.3,633.72,0.4
2025-12-15,Pune,Meals,25824.69,65,398.12,2.3,633.72,0.4
2025-12-16,Bengaluru,Coffee,109764.46,439,250.26,3.5,2359.15,0.1
2025-12-16,Bengaluru,Tea,36595.92,222,164.82,3.5,786.38,0.1
2025-12-16,Bengaluru,Bakery,51941.12,256,202.51,3.5,1235.74,0.1
2025-12-16,Bengaluru,Meals,51559.08,130,397.56,3.5,1235.74,0.1
2025-12-16,Mumbai,Coffee,90773.38,357,254.5,3.5,1942.83,0.1
2025-12-16,Mumbai,Tea,30742.16,186,164.91,3.5,647.61,0.1
2025-12-16,Mumbai,Bakery,42494.75,215,197.76,3.5,1017.67,0.1
2025-12-16,Mumbai,Meals,43515.07,109,398.28,3.5,1017.67,0.1
2025-12-16,Chennai,Coffee,67187.88,263,255.18,3.5,1387.73,0.1
2025-12-16,Chennai,Tea,22129.06,131,169.29,3.5,462.58,0.1
2025-12-16,Chennai,Bakery,29203.21,149,195.47,3.5,726.91,0.1
2025-12-16,Chennai,Meals,31781.72,80,394.99,3.5,726.91,0.1
2025-12-16,Pune,Coffee,59937.24,236,253.87,3.5,1248.96,0.1
2025-12-16,Pune,Tea,19775.76,120,165.47,3.5,416.32,0.1
2025-12-16,Pune,Bakery,27285.13,138,198.1,3.5,654.22,0.1
2025-12-16,Pune,Meals,27532.81,68,404.89,3.5,654.22,0.1
2025-12-17,Bengaluru,Coffee,108162.8,434,249.32,3.5,2360.05,0.5
2025-12-17,Bengaluru,Tea,36241.53,216,167.45,3.5,786.68,0.5
2025-12-17,Bengaluru,Bakery,50172.46,248,201.98,3.5,1236.22,0.5
2025-12-17,Bengaluru,Meals,50641.14,126,400.98,3.5,1236.22,0.5
2025-12-17,Mumbai,Coffee,89519.47,363,246.89,3.5,1943.57,0.5
2025-12-17,Mumbai,Tea,30300.36,180,168.45,3.5,647.86,0.5
2025-12-17,Mumbai,Bakery,40766.16,202,201.95,3.5,1018.06,0.5
2025-12-17,Mumbai,Meals,41029.55,102,403.55,3.5,1018.06,0.5
2025-12-17,Chennai,Coffee,63577.47,258,246.68,3.5,1388.27,0.5
2025-12-17,Chennai,Tea,21555.51,127,169.54,3.5,462.76,0.5
2025-12-17,Chennai,Bakery,29301.26,148,197.46,3.5,727.19,0.5
2025-12-17,Chennai,Meals,30139.94,75,401.98,3.5,727.19,0.5
2025-12-17,Pune,Coffee,57301.8,224,255.73,3.5,1249.44,0.5
2025-12-17,Pune,Tea,18837.0,111,170.37,3.5,416.48,0.5
2025-12-17,Pune,Bakery,26818.4,135,198.78,3.5,654.47,0.5
2025-12-17,Pune,Meals,26241.83,67,393.04,3.5,654.47,0.5
2025-12-18,Bengaluru,Coffee,113371.85,454,249.64,3.5,2360.96,0.5
2025-12-18,Bengaluru,Tea,38934.03,229,169.83,3.5,786.99,0.5
2025-12-18,Bengaluru,Bakery,55630.12,282,196.94,3.5,1236.69,0.5
2025-12-18,Bengaluru,Meals,53596.76,132,405.52,3.5,1236.69,0.5
2025-12-18,Mumbai,Coffee,92788.59,365,254.22,3.5,1944.32,0.5
2025-12-18,Mumbai,Tea,32560.78,193,168.97,3.5,648.11,0.5
2025-12-18,Mumbai,Bakery,43604.31,219,199.0,3.5,1018.45,0.5
2025-12-18,Mumbai,Meals,43855.18,109,401.65,3.5,1018.45,0.5
2025-12-18,Chennai,Coffee,69577.66,275,253.31,3.5,1388.8,0.5
2025-12-18,Chennai,Tea,21777.86,128,169.72,3.5,462.93,0.5
2025-12-18,Chennai,Bakery,33205.84,166,200.16,3.5,727.47,0.5
2025-12-18,Chennai,Meals,31112.85,78,396.42,3.5,727.47,0.5
2025-12-18,Pune,Coffee,60499.56,241,251.51,3.5,1249.92,0.5
2025-12-18,Pune,Tea,20570.53,124,165.48,3.5,416.64,0.5
2025-12-18,Pune,Bakery,27731.39,137,202.23,3.5,654.72,0.5
2025-12-18,Pune,Meals,28889.36,73,398.15,3.5,654.72,0.5
2025-12-19,Bengaluru,Coffee,119882.25,469,255.41,3.5,2361.87,0.9
2025-12-19,Bengaluru,Tea,40706.41,242,168.39,3.5,787.29,0.9
2025-12-19,Bengaluru,Bakery,56387.65,283,198.96,3.5,1237.17,0.9
2025-12-19,Bengaluru,Meals,56854.93,140,404.73,3.5,1237.17,0.9
2025-12-19,Mumbai,Coffee,104166.05,414,251.84,3.5,1945.07,0.9
2025-12-19,Mumbai,Tea,34245.01,206,166.53,3.5,648.36,0.9
2025-12-19,Mumbai,Bakery,47603.39,236,202.13,3.5,1018.84,0.9
2025-12-19,Mumbai,Meals,47200.14,120,394.06,3.5,1018.84,0.9
2025-12-19,Chennai,Coffee,71533.74,290,246.57,3.5,1389.33,0.9
2025-12-19,Chennai,Tea,23680.46,144,164.32,3.5,463.11,0.9
2025-12-19,Chennai,Bakery,34608.36,174,199.44,3.5,727.75,0.9
2025-12-19,Chennai,Meals,33569.06,85,393.42,3.5,727.75,0.9
2025-12-19,Pune,Coffee,64395.27,252,255.98,3.5,1250.4,0.9
2025-12-19,Pune,Tea,21401.43,128,167.72,3.5,416.8,0.9
2025-12-19,Pune,Bakery,29332.4,145,201.66,3.5,654.97,0.9
2025-12-19,Pune,Meals,30291.77,77,394.34,3.5,654.97,0.9
2025-12-20,Bengaluru,Coffee,133944.35,529,253.4,3.5,2362.77,0.2
2025-12-20,Bengaluru,Tea,45773.09,274,166.8,3.5,787.59,0.2
2025-12-20,Bengaluru,Bakery,62235.18,313,198.87,3.5,1237.64,0.2
2025-12-20,Bengaluru,Meals,62572.52,159,393.39,3.5,1237.64,0.2
2025-12-20,Mumbai,Coffee,108403.39,434,249.56,3.5,1945.81,0.2
2025-12-20,Mumbai,Tea,37785.46,227,166.19,3.5,648.6,0.2
2025-12-20,Mumbai,Bakery,51437.13,256,200.69,3.5,1019.24,0.2
2025-12-20,Mumbai,Meals,50398.42,126,399.11,3.5,1019.24,0.2
2025-12-20,Chennai,Coffee,81244.22,326,248.95,3.5,1389.87,0.2
2025-12-20,Chennai,Tea,27916.36,163,170.94,3.5,463.29,0.2
2025-12-20,Chennai,Bakery,37235.41,184,202.08,3.5,728.03,0.2
2025-12-20,Chennai,Meals,37424.42,93,401.14,3.5,728.03,0.2
2025-12-20,Pune,Coffee,73213.13,292,250.39,3.5,1250.88,0.2
2025-12-20,Pune,Tea,24410.44,144,169.89,3.5,416.96,0.2
2025-12-20,Pune,Bakery,32239.32,165,195.43,3.5,655.22,0.2
2025-12-20,Pune,Meals,34395.46,88,392.25,3.5,655.22,0.2
2025-12-21,Bengaluru,Coffee,137044.16,535,255.93,3.5,2363.68,1.0
2025-12-21,Bengaluru,Tea,46058.49,275,167.43,3.5,787.89,1.0
2025-12-21,Bengaluru,Bakery,62737.07,318,197.35,3.5,1238.12,1.0
2025-12-21,Bengaluru,Meals,60937.64,155,392.58,3.5,1238.12,1.0
2025-12-21,Mumbai,Coffee,112991.09,455,248.55,3.5,1946.56,1.0
2025-12-21,Mumbai,Tea,37806.74,226,167.29,3.5,648.85,1.0
2025-12-21,Mumbai,Bakery,53530.18,270,198.11,3.5,1019.63,1.0
2025-12-21,Mumbai,Meals,51902.63,130,398.75,3.5,1019.63,1.0
2025-12-21,Chennai,Coffee,80424.87,320,251.19,3.5,1390.4,1.0
2025-12-21,Chennai,Tea,26773.56,161,165.89,3.5,463.47,1.0
2025-12-21,Chennai,Bakery,38579.74,195,197.73,3.5,728.31,1.0
2025-12-21,Chennai,Meals,37420.32,92,405.15,3.5,728.31,1.0
2025-12-21,Pune,Coffee,72596.69,294,246.89,3.5,1251.36,1.0
2025-12-21,Pune,Tea,25149.15,148,169.7,3.5,417.12,1.0
2025-12-21,Pune,Bakery,32755.28,165,198.78,3.5,655.47,1.0
2025-12-21,Pune,Meals,34444.92,85,404.36,3.5,655.47,1.0
2025-12-22,Bengaluru,Coffee,107053.52,420,254.81,3.5,2364.59,0.2
2025-12-22,Bengaluru,Tea,36303.63,219,165.75,3.5,788.2,0.2
2025-12-22,Bengaluru,Bakery,50071.75,256,195.33,3.5,1238.59,0.2
2025-12-22,Bengaluru,Meals,50384.13,125,402.66,3.5,1238.59,0.2
2025-12-22,Mumbai,Coffee,88600.83,358,247.34,3.5,1947.31,0.2
2025-12-22,Mumbai,Tea,29341.62,172,170.67,3.5,649.1,0.2
2025-12-22,Mumbai,Bakery,41027.6,202,203.0,3.5,1020.02,0.2
2025-12-22,Mumbai,Meals,40879.68,103,397.01,3.5,1020.02,0.2
2025-12-22,Chennai,Coffee,63555.27,253,251.12,3.5,1390.93,0.2
2025-12-22,Chennai,Tea,21192.89,125,169.16,3.5,463.64,0.2
2025-12-22,Chennai,Bakery,29767.83,152,195.52,3.5,728.58,0.2
2025-12-22,Chennai,Meals,29083.2,73,398.73,3.5,728.58,0.2
2025-12-22,Pune,Coffee,55304.59,219,252.69,3.5,1251.84,0.2
2025-12-22,Pune,Tea,19061.94,113,168.87,3.5,417.28,0.2
2025-12-22,Pune,Bakery,26430.66,132,200.76,3.5,655.73,0.2
2025-12-22,Pune,Meals,25327.72,63,402.89,3.5,655.73,0.2
2025-12-23,Bengaluru,Coffee,112804.38,450,250.88,2.6,2521.5,0.4
2025-12-23,Bengaluru,Tea,35521.17,216,164.09,2.6,840.5,0.4
2025-12-23,Bengaluru,Bakery,50037.52,255,196.3,2.6,1320.79,0.4
2025-12-23,Bengaluru,Meals,50251.44,129,390.61,2.6,1320.79,0.4
2025-12-23,Mumbai,Coffee,88154.04,364,242.5,2.6,2076.53,0.4
2025-12-23,Mumbai,Tea,30912.15,186,165.9,2.6,692.18,0.4
2025-12-23,Mumbai,Bakery,40657.58,204,199.45,2.6,1087.71,0.4
2025-12-23,Mumbai,Meals,41307.2,105,392.2,2.6,1087.71,0.4
2025-12-23,Chennai,Coffee,61952.8,251,246.73,2.6,1483.24,0.4
2025-12-23,Chennai,Tea,20950.76,125,167.53,2.6,494.41,0.4
2025-12-23,Chennai,Bakery,29860.17,152,196.45,2.6,776.93,0.4
2025-12-23,Chennai,Meals,28956.02,73,394.1,2.6,776.93,0.4
2025-12-23,Pune,Coffee,57378.68,230,249.23,2.6,1334.91,0.4
2025-12-23,Pune,Tea,18714.69,113,165.8,2.6,444.97,0.4
2025-12-23,Pune,Bakery,25766.17,134,192.22,2.6,699.24,0.4
2025-12-23,Pune,Meals,25549.86,66,388.0,2.6,699.24,0.4
2025-12-24,Bengaluru,Coffee,109075.04,444,245.77,2.6,2522.47,0.3
2025-12-24,Bengaluru,Tea,36346.61,222,163.39,2.6,840.82,0.3
2025-12-24,Bengaluru,Bakery,50472.47,258,195.29,2.6,1321.29,0.3
2025-12-24,Bengaluru,Meals,50130.33,129,387.73,2.6,1321.29,0.3
2025-12-24,Mumbai,Coffee,95996.95,383,250.75,2.6,2077.33,0.3
2025-12-24,Mumbai,Tea,31230.26,189,164.87,2.6,692.44,0.3
2025-12-24,Mumbai,Bakery,41784.85,214,195.64,2.6,1088.12,0.3
2025-12-24,Mumbai,Meals,41916.18,108,386.92,2.6,1088.12,0.3
2025-12-24,Chennai,Coffee,67224.02,267,251.46,2.6,1483.8,0.3
2025-12-24,Chennai,Tea,22238.08,136,163.8,2.6,494.6,0.3
2025-12-24,Chennai,Bakery,28817.41,147,195.94,2.6,777.23,0.3
2025-12-24,Chennai,Meals,31621.8,80,393.81,2.6,777.23,0.3
2025-12-24,Pune,Coffee,59812.38,239,250.55,2.6,1335.42,0.3
2025-12-24,Pune,Tea,19941.99,123,162.77,2.6,445.14,0.3
2025-12-24,Pune,Bakery,27071.37,138,195.53,2.6,699.51,0.3
2025-12-24,Pune,Meals,27161.77,71,385.25,2.6,699.51,0.3
2025-12-25,Bengaluru,Coffee,116895.34,482,242.72,2.6,2523.43,0.1
2025-12-25,Bengaluru,Tea,39130.33,237,164.79,2.6,841.14,0.1
2025-12-25,Bengaluru,Bakery,55167.4,285,193.43,2.6,1321.8,0.1
2025-12-25,Bengaluru,Meals,53501.76,134,399.34,2.6,1321.8,0.1
2025-12-25,Mumbai,Coffee,98448.94,398,247.47,2.6,2078.12,0.1
2025-12-25,Mumbai,Tea,31625.3,189,166.89,2.6,692.71,0.1
2025-12-25,Mumbai,Bakery,43626.1,220,198.46,2.6,1088.54,0.1
2025-12-25,Mumbai,Meals,45494.42,118,386.81,2.6,1088.54,0.1
2025-12-25,Chennai,Coffee,66846.06,273,244.82,2.6,1484.37,0.1
2025-12-25,Chennai,Tea,22863.56,141,161.93,2.6,494.79,0.1
2025-12-25,Chennai,Bakery,31136.39,156,199.28,2.6,777.53,0.1
2025-12-25,Chennai,Meals,31551.0,81,388.66,2.6,777.53,0.1
2025-12-25,Pune,Coffee,61741.41,246,251.19,2.6,1335.94,0.1
2025-12-25,Pune,Tea,20620.17,127,162.37,2.6,445.31,0.1
2025-12-25,Pune,Bakery,27457.64,138,198.67,2.6,699.78,0.1
2025-12-25,Pune,Meals,28542.31,72,397.51,2.6,699.78,0.1
2025-12-26,Bengaluru,Coffee,124947.97,509,245.54,2.6,2524.4,0.1
2025-12-26,Bengaluru,Tea,44003.87,272,161.94,2.6,841.47,0.1
2025-12-26,Bengaluru,Bakery,57668.95,289,199.3,2.6,1322.31,0.1
2025-12-26,Bengaluru,Meals,57277.77,147,390.44,2.6,1322.31,0.1
2025-12-26,Mumbai,Coffee,107362.22,436,246.52,2.6,2078.92,0.1
2025-12-26,Mumbai,Tea,35003.28,209,167.54,2.6,692.97,0.1
2025-12-26,Mumbai,Bakery,48301.0,252,191.97,2.6,1088.96,0.1
2025-12-26,Mumbai,Meals,48365.61,122,397.64,2.6,1088.96,0.1
2025-12-26,Chennai,Coffee,77978.39,312,249.7,2.6,1484.94,0.1
2025-12-26,Chennai,Tea,26020.45,158,165.15,2.6,494.98,0.1
2025-12-26,Chennai,Bakery,34534.2,178,194.38,2.6,777.83,0.1
2025-12-26,Chennai,Meals,33552.36,86,388.98,2.6,777.83,0.1
2025-12-26,Pune,Coffee,67192.76,274,245.39,2.6,1336.45,0.1
2025-12-26,Pune,Tea,22410.23,136,164.8,2.6,445.48,0.1
2025-12-26,Pune,Bakery,30798.37,157,196.44,2.6,700.04,0.1
2025-12-26,Pune,Meals,30695.1,78,396.03,2.6,700.04,0.1
2025-12-27,Bengaluru,Coffee,139694.83,571,244.56,2.6,2525.37,0.1
2025-12-27,Bengaluru,Tea,45214.1,274,165.01,2.6,841.79,0.1
2025-12-27,Bengaluru,Bakery,63179.92,318,198.88,2.6,1322.81,0.1
2025-12-27,Bengaluru,Meals,60999.03,157,389.53,2.6,1322.81,0.1
2025-12-27,Mumbai,Coffee,116900.5,474,246.68,2.6,2079.71,0.1
2025-12-27,Mumbai,Tea,38378.92,234,164.05,2.6,693.24,0.1
2025-12-27,Mumbai,Bakery,50688.22,259,195.55,2.6,1089.37,0.1
2025-12-27,Mumbai,Meals,51754.05,133,389.07,2.6,1089.37,0.1
2025-12-27,Chennai,Coffee,81013.81,330,245.75,2.6,1485.51,0.1
2025-12-27,Chennai,Tea,27679.96,169,164.05,2.6,495.17,0.1
2025-12-27,Chennai,Bakery,36631.98,185,198.49,2.6,778.12,0.1
2025-12-27,Chennai,Meals,37041.61,93,396.95,2.6,778.12,0.1
2025-12-27,Pune,Coffee,70369.54,286,245.64,2.6,1336.96,0.1
2025-12-27,Pune,Tea,22960.83,141,162.48,2.6,445.65,0.1
2025-12-27,Pune,Bakery,32794.39,168,195.37,2.6,700.31,0.1
2025-12-27,Pune,Meals,31898.37,81,395.53,2.6,700.31,0.1
2025-12-28,Bengaluru,Coffee,134471.78,551,243.88,2.6,2526.33,0.2
2025-12-28,Bengaluru,Tea,45300.2,274,165.17,2.6,842.11,0.2
2025-12-28,Bengaluru,Bakery,60908.5,317,191.86,2.6,1323.32,0.2
2025-12-28,Bengaluru,Meals,60857.3,155,391.73,2.6,1323.32,0.2
2025-12-28,Mumbai,Coffee,111830.97,451,247.78,2.6,2080.51,0.2
2025-12-28,Mumbai,Tea,36922.51,220,168.0,2.6,693.5,0.2
2025-12-28,Mumbai,Bakery,50976.59,265,192.35,2.6,1089.79,0.2
2025-12-28,Mumbai,Meals,49900.5,130,384.52,2.6,1089.79,0.2
2025-12-28,Chennai,Coffee,78066.19,316,246.66,2.6,1486.08,0.2
2025-12-28,Chennai,Tea,25277.31,153,165.39,2.6,495.36,0.2
2025-12-28,Chennai,Bakery,36918.22,186,198.07,2.6,778.42,0.2
2025-12-28,Chennai,Meals,35967.57,91,395.57,2.6,778.42,0.2
2025-12-28,Pune,Coffee,70591.72,284,248.61,2.6,1337.47,0.2
2025-12-28,Pune,Tea,23463.09,144,162.42,2.6,445.82,0.2
2025-12-28,Pune,Bakery,32894.23,168,195.44,2.6,700.58,0.2
2025-12-28,Pune,Meals,32799.7,85,386.56,2.6,700.58,0.2
2025-12-29,Bengaluru,Coffee,109975.04,452,243.34,2.6,2527.3,0.3
2025-12-29,Bengaluru,Tea,37088.74,228,162.4,2.6,842.43,0.3
2025-12-29,Bengaluru,Bakery,49513.58,256,193.59,2.6,1323.82,0.3
2025-12-29,Bengaluru,Meals,48477.83,125,387.47,2.6,1323.82,0.3
2025-12-29,Mumbai,Coffee,89509.05,365,245.02,2.6,2081.31,0.3
2025-12-29,Mumbai,Tea,29798.78,184,162.11,2.6,693.77,0.3
2025-12-29,Mumbai,Bakery,40331.08,206,195.39,2.6,1090.21,0.3
2025-12-29,Mumbai,Meals,40490.41,102,398.71,2.6,1090.21,0.3
2025-12-29,Chennai,Coffee,63239.75,251,251.98,2.6,1486.65,0.3
2025-12-29,Chennai,Tea,21450.78,130,164.65,2.6,495.55,0.3
2025-12-29,Chennai,Bakery,30420.75,154,197.51,2.6,778.72,0.3
2025-12-29,Chennai,Meals,30590.81,78,393.72,2.6,778.72,0.3
2025-12-29,Pune,Coffee,59334.7,240,247.67,2.6,1337.98,0.3
2025-12-29,Pune,Tea,19003.55,114,166.96,2.6,445.99,0.3
2025-12-29,Pune,Bakery,26128.97,136,192.24,2.6,700.85,0.3
2025-12-29,Pune,Meals,26468.72,68,390.75,2.6,700.85,0.3
2025-12-30,Bengaluru,Coffee,107719.3,441,244.45,0.4,2434.56,0.2
2025-12-30,Bengaluru,Tea,37527.72,224,167.38,0.4,811.52,0.2
2025-12-30,Bengaluru,Bakery,49467.36,256,193.1,0.4,1275.25,0.2
2025-12-30,Bengaluru,Meals,50131.17,130,386.51,0.4,1275.25,0.2
2025-12-30,Mumbai,Coffee,92319.41,370,249.45,0.4,2004.93,0.2
2025-12-30,Mumbai,Tea,30098.39,181,166.37,0.4,668.31,0.2
2025-12-30,Mumbai,Bakery,41876.63,215,195.16,0.4,1050.2,0.2
2025-12-30,Mumbai,Meals,40611.75,103,393.82,0.4,1050.2,0.2
2025-12-30,Chennai,Coffee,65120.71,260,250.86,0.4,1432.1,0.2
2025-12-30,Chennai,Tea,21902.33,134,163.46,0.4,477.37,0.2
2025-12-30,Chennai,Bakery,29104.94,147,197.52,0.4,750.15,0.2
2025-12-30,Chennai,Meals,29865.94,77,389.15,0.4,750.15,0.2
2025-12-30,Pune,Coffee,59688.16,244,244.86,0.4,1288.89,0.2
2025-12-30,Pune,Tea,19531.24,118,165.66,0.4,429.63,0.2
2025-12-30,Pune,Bakery,27008.75,137,197.34,0.4,675.13,0.2
2025-12-30,Pune,Meals,26509.72,68,389.95,0.4,675.13,0.2
2025-12-31,Bengaluru,Coffee,109579.0,440,248.81,0.4,2435.49,0.0
2025-12-31,Bengaluru,Tea,36091.72,223,161.94,0.4,811.83,0.0
2025-12-31,Bengaluru,Bakery,48725.11,247,197.33,0.4,1275.73,0.0
2025-12-31,Bengaluru,Meals,52204.13,135,387.78,0.4,1275.73,0.0
2025-12-31,Mumbai,Coffee,90866.39,367,247.79,0.4,2005.7,0.0
2025-12-31,Mumbai,Tea,30061.55,182,165.07,0.4,668.57,0.0
2025-12-31,Mumbai,Bakery,40037.08,206,194.01,0.4,1050.61,0.0
2025-12-31,Mumbai,Meals,41221.52,104,394.77,0.4,1050.61,0.0
2025-12-31,Chennai,Coffee,66518.36,269,247.31,0.4,1432.64,0.0
2025-12-31,Chennai,Tea,20894.33,126,166.32,0.4,477.55,0.0
2025-12-31,Chennai,Bakery,30115.53,151,199.24,0.4,750.43,0.0
2025-12-31,Chennai,Meals,29642.87,77,386.43,0.4,750.43,0.0
2025-12-31,Pune,Coffee,57107.71,228,250.75,0.4,1289.38,0.0
2025-12-31,Pune,Tea,19043.91,118,161.43,0.4,429.79,0.0
2025-12-31,Pune,Bakery,27339.27,138,197.86,0.4,675.39,0.0
2025-12-31,Pune,Meals,26074.32,68,383.4,0.4,675.39,0.0
2026-01-01,Bengaluru,Coffee,117379.66,479,244.83,0.4,2436.42,0.1
2026-01-01,Bengaluru,Tea,39099.06,235,166.55,0.4,812.14,0.1
2026-01-01,Bengaluru,Bakery,52786.06,273,193.04,0.4,1276.22,0.1
2026-01-01,Bengaluru,Meals,53532.06,134,398.64,0.4,1276.22,0.1
2026-01-01,Mumbai,Coffee,92925.6,380,244.43,0.4,2006.47,0.1
2026-01-01,Mumbai,Tea,32834.94,203,161.87,0.4,668.82,0.1
2026-01-01,Mumbai,Bakery,45900.86,235,195.12,0.4,1051.01,0.1
2026-01-01,Mumbai,Meals,44048.84,112,394.2,0.4,1051.01,0.1
2026-01-01,Chennai,Coffee,70556.45,285,247.7,0.4,1433.19,0.1
2026-01-01,Chennai,Tea,23146.52,139,166.73,0.4,477.73,0.1
2026-01-01,Chennai,Bakery,30959.22,159,194.61,0.4,750.72,0.1
2026-01-01,Chennai,Meals,31875.49,81,393.42,0.4,750.72,0.1
2026-01-01,Pune,Coffee,61274.74,244,250.95,0.4,1289.87,0.1
2026-01-01,Pune,Tea,21201.39,129,164.78,0.4,429.96,0.1
2026-01-01,Pune,Bakery,28094.08,144,194.67,0.4,675.65,0.1
2026-01-01,Pune,Meals,28176.02,72,393.06,0.4,675.65,0.1
2026-01-02,Bengaluru,Coffee,126798.32,524,242.16,0.4,2437.36,0.1
2026-01-02,Bengaluru,Tea,41596.66,254,164.0,0.4,812.45,0.1
2026-01-02,Bengaluru,Bakery,59439.52,309,192.21,0.4,1276.71,0.1
2026-01-02,Bengaluru,Meals,57954.2,146,395.8,0.4,1276.71,0.1
2026-01-02,Mumbai,Coffee,103006.03,424,243.07,0.4,2007.23,0.1
2026-01-02,Mumbai,Tea,34997.84,210,166.75,0.4,669.08,0.1
2026-01-02,Mumbai,Bakery,47388.51,243,195.19,0.4,1051.41,0.1
2026-01-02,Mumbai,Meals,47643.75,121,394.99,0.4,1051.41,0.1
2026-01-02,Chennai,Coffee,75324.61,309,243.87,0.4,1433.74,0.1
2026-01-02,Chennai,Tea,24116.01,146,165.21,0.4,477.91,0.1
2026-01-02,Chennai,Bakery,34323.21,179,192.18,0.4,751.01,0.1
2026-01-02,Chennai,Meals,34937.51,91,385.88,0.4,751.01,0.1
2026-01-02,Pune,Coffee,69293.42,277,250.35,0.4,1290.36,0.1
2026-01-02,Pune,Tea,22102.93,135,163.26,0.4,430.12,0.1
2026-01-02,Pune,Bakery,30059.94,156,192.9,0.4,675.91,0.1
2026-01-02,Pune,Meals,29725.14,75,397.77,0.4,675.91,0.1
2026-01-03,Bengaluru,Coffee,138464.22,565,245.28,0.4,2438.29,0.1
2026-01-03,Bengaluru,Tea,45730.97,282,162.08,0.4,812.76,0.1
2026-01-03,Bengaluru,Bakery,64660.55,337,191.92,0.4,1277.2,0.1
2026-01-03,Bengaluru,Meals,64953.85,168,386.39,0.4,1277.2,0.1
2026-01-03,Mumbai,Coffee,110723.72,442,250.5,0.4,2008.0,0.1
2026-01-03,Mumbai,Tea,37873.14,231,163.62,0.4,669.33,0.1
2026-01-03,Mumbai,Bakery,52841.02,272,194.22,0.4,1051.81,0.1
2026-01-03,Mumbai,Meals,52246.28,136,384.55,0.4,1051.81,0.1
2026-01-03,Chennai,Coffee,82723.05,335,246.94,0.4,1434.29,0.1
2026-01-03,Chennai,Tea,27453.57,165,166.41,0.4,478.1,0.1
2026-01-03,Chennai,Bakery,37490.72,194,193.67,0.4,751.29,0.1
2026-01-03,Chennai,Meals,37100.77,96,385.55,0.4,751.29,0.1
2026-01-03,Pune,Coffee,72837.16,293,248.94,0.4,1290.86,0.1
2026-01-03,Pune,Tea,25162.53,155,162.85,0.4,430.29,0.1
2026-01-03,Pune,Bakery,34638.73,181,191.66,0.4,676.16,0.1
2026-01-03,Pune,Meals,34306.14,89,383.49,0.4,676.16,0.1
2026-01-04,Bengaluru,Coffee,130392.34,535,243.51,0.4,2439.22,0.5
2026-01-04,Bengaluru,Tea,44970.54,273,164.49,0.4,813.07,0.5
2026-01-04,Bengaluru,Bakery,61052.4,308,198.47,0.4,1277.69,0.5
2026-01-04,Bengaluru,Meals,61931.11,158,391.2,0.4,1277.69,0.5
2026-01-04,Mumbai,Coffee,112537.66,455,247.13,0.4,2008.77,0.5
2026-01-04,Mumbai,Tea,37539.2,226,166.19,0.4,669.59,0.5
2026-01-04,Mumbai,Bakery,49389.46,256,192.79,0.4,1052.21,0.5
2026-01-04,Mumbai,Meals,51344.65,133,386.99,0.4,1052.21,0.5
2026-01-04,Chennai,Coffee,77434.19,315,245.6,0.4,1434.83,0.5
2026-01-04,Chennai,Tea,26753.68,161,165.86,0.4,478.28,0.5
2026-01-04,Chennai,Bakery,34882.81,178,195.67,0.4,751.58,0.5
2026-01-04,Chennai,Meals,35614.48,91,392.04,0.4,751.58,0.5
2026-01-04,Pune,Coffee,71818.79,288,249.52,0.4,1291.35,0.5
2026-01-04,Pune,Tea,23826.25,148,161.51,0.4,430.45,0.5
2026-01-04,Pune,Bakery,33400.41,170,196.24,0.4,676.42,0.5
2026-01-04,Pune,Meals,32041.42,82,388.85,0.4,676.42,0.5
2026-01-05,Bengaluru,Coffee,105582.62,419,251.93,0.4,2440.15,0.4
2026-01-05,Bengaluru,Tea,36029.62,221,162.96,0.4,813.38,0.4
2026-01-05,Bengaluru,Bakery,53324.92,277,192.76,0.4,1278.17,0.4
2026-01-05,Bengaluru,Meals,51787.84,133,389.36,0.4,1278.17,0.4
2026-01-05,Mumbai,Coffee,91815.17,366,250.56,0.4,2009.53,0.4
2026-01-05,Mumbai,Tea,30439.94,184,165.61,0.4,669.84,0.4
2026-01-05,Mumbai,Bakery,41900.68,217,193.53,0.4,1052.61,0.4
2026-01-05,Mumbai,Meals,40148.43,101,396.92,0.4,1052.61,0.4
2026-01-05,Chennai,Coffee,65404.82,260,251.77,0.4,1435.38,0.4
2026-01-05,Chennai,Tea,21193.12,131,162.05,0.4,478.46,0.4
2026-01-05,Chennai,Bakery,28626.6,144,199.26,0.4,751.87,0.4
2026-01-05,Chennai,Meals,28657.34,74,387.08,0.4,751.87,0.4
2026-01-05,Pune,Coffee,56447.21,232,242.95,0.4,1291.84,0.4
2026-01-05,Pune,Tea,19996.31,120,167.33,0.4,430.61,0.4
2026-01-05,Pune,Bakery,26352.02,133,198.58,0.4,676.68,0.4
2026-01-05,Pune,Meals,27366.33,71,384.19,0.4,676.68,0.4
2026-01-06,Bengaluru,Coffee,113694.57,467,243.35,0.0,2520.48,0.7
2026-01-06,Bengaluru,Tea,38614.16,240,160.67,0.0,840.16,0.7
2026-01-06,Bengaluru,Bakery,50906.29,263,193.28,0.0,1320.25,0.7
2026-01-06,Bengaluru,Meals,50941.95,129,394.04,0.0,1320.25,0.7
2026-01-06,Mumbai,Coffee,89274.51,371,240.45,0.0,2075.69,0.7
2026-01-06,Mumbai,Tea,31498.88,189,166.47,0.0,691.9,0.7
2026-01-06,Mumbai,Bakery,43292.44,222,195.19,0.0,1087.26,0.7
2026-01-06,Mumbai,Meals,42110.47,110,381.33,0.0,1087.26,0.7
2026-01-06,Chennai,Coffee,64581.32,268,241.35,0.0,1482.63,0.7
2026-01-06,Chennai,Tea,22026.13,136,162.35,0.0,494.21,0.7
2026-01-06,Chennai,Bakery,30590.18,158,193.68,0.0,776.62,0.7
2026-01-06,Chennai,Meals,30768.56,78,392.46,0.0,776.62,0.7
2026-01-06,Pune,Coffee,61040.97,244,249.87,0.0,1334.37,0.7
2026-01-06,Pune,Tea,19919.5,122,163.44,0.0,444.79,0.7
2026-01-06,Pune,Bakery,26871.75,140,192.28,0.0,698.96,0.7
2026-01-06,Pune,Meals,27184.74,71,382.97,0.0,698.96,0.7
2026-01-07,Bengaluru,Coffee,115532.27,463,249.65,0.0,2521.44,0.4
2026-01-07,Bengaluru,Tea,39086.72,239,163.4,0.0,840.48,0.4
2026-01-07,Bengaluru,Bakery,53913.92,277,194.55,0.0,1320.75,0.4
2026-01-07,Bengaluru,Meals,52894.54,136,390.25,0.0,1320.75,0.4
2026-01-07,Mumbai,Coffee,100354.69,405,247.99,0.0,2076.48,0.4
2026-01-07,Mumbai,Tea,31792.39,198,160.54,0.0,692.16,0.4
2026-01-07,Mumbai,Bakery,44196.23,232,190.39,0.0,1087.68,0.4
2026-01-07,Mumbai,Meals,45473.67,116,392.81,0.0,1087.68,0.4
2026-01-07,Chennai,Coffee,70753.22,283,249.66,0.0,1483.2,0.4
2026-01-07,Chennai,Tea,22983.43,143,160.61,0.0,494.4,0.4
2026-01-07,Chennai,Bakery,31858.38,166,192.24,0.0,776.91,0.4
2026-01-07,Chennai,Meals,31802.58,81,390.83,0.0,776.91,0.4
2026-01-07,Pune,Coffee,63433.36,260,244.24,0.0,1334.88,0.4
2026-01-07,Pune,Tea,20783.55,128,162.59,0.0,444.96,0.4
2026-01-07,Pune,Bakery,30218.79,158,190.87,0.0,699.22,0.4
2026-01-07,Pune,Meals,30044.7,79,381.37,0.0,699.22,0.4
2026-01-08,Bengaluru,Coffee,117599.73,476,247.22,0.0,2522.4,0.2
2026-01-08,Bengaluru,Tea,39638.97,246,161.16,0.0,840.8,0.2
2026-01-08,Bengaluru,Bakery,54162.4,282,191.99,0.0,1321.26,0.2
2026-01-08,Bengaluru,Meals,52399.19,133,393.4,0.0,1321.26,0.2
2026-01-08,Mumbai,Coffee,96046.01,399,240.64,0.0,2077.27,0.2
2026-01-08,Mumbai,Tea,32215.62,195,165.39,0.0,692.42,0.2
2026-01-08,Mumbai,Bakery,46131.38,240,192.4,0.0,1088.09,0.2
2026-01-08,Mumbai,Meals,44363.24,114,389.43,0.0,1088.09,0.2
2026-01-08,Chennai,Coffee,69917.16,282,247.96,0.0,1483.76,0.2
2026-01-08,Chennai,Tea,22511.28,136,165.13,0.0,494.59,0.2
2026-01-08,Chennai,Bakery,31428.6,164,191.62,0.0,777.21,0.2
2026-01-08,Chennai,Meals,31920.85,83,386.51,0.0,777.21,0.2
2026-01-08,Pune,Coffee,62931.31,256,245.45,0.0,1335.39,0.2
2026-01-08,Pune,Tea,20429.62,123,166.31,0.0,445.13,0.2
2026-01-08,Pune,Bakery,28279.8,148,191.26,0.0,699.49,0.2
2026-01-08,Pune,Meals,29114.52,74,393.19,0.0,699.49,0.2
2026-01-09,Bengaluru,Coffee,124244.49,513,242.02,0.0,2523.36,0.2
2026-01-09,Bengaluru,Tea,41816.75,251,166.49,0.0,841.12,0.2
2026-01-09,Bengaluru,Bakery,53327.17,276,193.49,0.0,1321.76,0.2
2026-01-09,Bengaluru,Meals,57244.93,149,384.41,0.0,1321.76,0.2
2026-01-09,Mumbai,Coffee,102283.9,413,247.43,0.0,2078.06,0.2
2026-01-09,Mumbai,Tea,34287.96,210,163.29,0.0,692.69,0.2
2026-01-09,Mumbai,Bakery,44493.86,226,196.51,0.0,1088.51,0.2
2026-01-09,Mumbai,Meals,45540.0,116,391.64,0.0,1088.51,0.2
2026-01-09,Chennai,Coffee,73411.28,299,245.87,0.0,1484.33,0.2
2026-01-09,Chennai,Tea,24220.39,148,163.63,0.0,494.78,0.2
2026-01-09,Chennai,Bakery,32429.93,166,195.22,0.0,777.51,0.2
2026-01-09,Chennai,Meals,33864.61,87,389.41,0.0,777.51,0.2
2026-01-09,Pune,Coffee,61605.06,247,249.56,0.0,1335.9,0.2
2026-01-09,Pune,Tea,21404.16,129,165.82,0.0,445.3,0.2
2026-01-09,Pune,Bakery,30090.01,157,191.64,0.0,699.76,0.2
2026-01-09,Pune,Meals,28294.27,72,391.29,0.0,699.76,0.2
2026-01-10,Bengaluru,Coffee,143290.36,578,247.83,0.0,2524.32,0.1
2026-01-10,Bengaluru,Tea,46147.91,281,164.01,0.0,841.44,0.1
2026-01-10,Bengaluru,Bakery,64185.76,331,194.08,0.0,1322.26,0.1
2026-01-10,Bengaluru,Meals,64886.43,168,386.16,0.0,1322.26,0.1
2026-01-10,Mumbai,Coffee,118421.79,483,245.17,0.0,2078.85,0.1
2026-01-10,Mumbai,Tea,38466.73,240,160.18,0.0,692.95,0.1
2026-01-10,Mumbai,Bakery,52015.35,264,197.31,0.0,1088.92,0.1
2026-01-10,Mumbai,Meals,53602.84,136,395.29,0.0,1088.92,0.1
2026-01-10,Chennai,Coffee,82873.19,335,247.19,0.0,1484.9,0.1
2026-01-10,Chennai,Tea,28134.12,174,161.38,0.0,494.97,0.1
2026-01-10,Chennai,Bakery,37390.29,196,190.7,0.0,777.8,0.1
2026-01-10,Chennai,Meals,37298.16,97,382.97,0.0,777.8,0.1
2026-01-10,Pune,Coffee,74782.59,310,241.47,0.0,1336.41,0.1
2026-01-10,Pune,Tea,24982.03,150,166.04,0.0,445.47,0.1
2026-01-10,Pune,Bakery,34006.98,178,190.7,0.0,700.02,0.1
2026-01-10,Pune,Meals,33996.93,88,385.36,0.0,700.02,0.1
2026-01-11,Bengaluru,Coffee,125240.32,521,240.52,0.0,2525.28,0.2
2026-01-11,Bengaluru,Tea,42458.52,256,165.81,0.0,841.76,0.2
2026-01-11,Bengaluru,Bakery,59448.73,308,193.23,0.0,1322.77,0.2
2026-01-11,Bengaluru,Meals,59769.7,155,386.51,0.0,1322.77,0.2
2026-01-11,Mumbai,Coffee,109840.69,456,240.74,0.0,2079.65,0.2
2026-01-11,Mumbai,Tea,36942.78,222,166.3,0.0,693.22,0.2
2026-01-11,Mumbai,Bakery,49301.51,249,197.7,0.0,1089.34,0.2
2026-01-11,Mumbai,Meals,48697.59,128,380.8,0.0,1089.34,0.2
2026-01-11,Chennai,Coffee,78134.36,323,241.55,0.0,1485.46,0.2
2026-01-11,Chennai,Tea,25591.35,154,165.72,0.0,495.15,0.2
2026-01-11,Chennai,Bakery,36071.17,185,195.31,0.0,778.1,0.2
2026-01-11,Chennai,Meals,36296.32,93,389.7,0.0,778.1,0.2
2026-01-11,Pune,Coffee,68240.24,284,240.63,0.0,1336.91,0.2
2026-01-11,Pune,Tea,23186.83,140,165.29,0.0,445.64,0.2
2026-01-11,Pune,Bakery,32143.56,167,192.81,0.0,700.29,0.2
2026-01-11,Pune,Meals,30525.01,79,387.16,0.0,700.29,0.2
2026-01-12,Bengaluru,Coffee,102090.8,416,245.39,0.0,2526.24,0.2
2026-01-12,Bengaluru,Tea,33071.67,202,163.74,0.0,842.08,0.2
2026-01-12,Bengaluru,Bakery,46272.95,243,190.09,0.0,1323.27,0.2
2026-01-12,Bengaluru,Meals,47472.53,123,386.47,0.0,1323.27,0.2
2026-01-12,Mumbai,Coffee,86162.1,351,245.67,0.0,2080.44,0.2
2026-01-12,Mumbai,Tea,28572.47,178,160.59,0.0,693.48,0.2
2026-01-12,Mumbai,Bakery,36377.58,186,195.46,0.0,1089.75,0.2
2026-01-12,Mumbai,Meals,39701.46,102,389.18,0.0,1089.75,0.2
2026-01-12,Chennai,Coffee,59548.71,240,247.93,0.0,1486.03,0.2
2026-01-12,Chennai,Tea,19871.87,120,165.96,0.0,495.34,0.2
2026-01-12,Chennai,Bakery,27076.87,142,190.55,0.0,778.39,0.2
2026-01-12,Chennai,Meals,26988.74,69,389.81,0.0,778.39,0.2
2026-01-12,Pune,Coffee,52597.08,219,240.34,0.0,1337.42,0.2
2026-01-12,Pune,Tea,17351.67,107,162.51,0.0,445.81,0.2
2026-01-12,Pune,Bakery,24823.7,129,192.15,0.0,700.56,0.2
2026-01-12,Pune,Meals,23741.09,60,394.56,0.0,700.56,0.2
2026-01-13,Bengaluru,Coffee,113986.09,472,241.65,0.0,2349.73,0.4
2026-01-13,Bengaluru,Tea,38098.19,235,162.28,0.0,783.24,0.4
2026-01-13,Bengaluru,Bakery,53011.43,275,193.02,0.0,1230.81,0.4
2026-01-13,Bengaluru,Meals,51892.75,135,384.43,0.0,1230.81,0.4
2026-01-13,Mumbai,Coffee,96384.65,409,235.51,0.0,1935.07,0.4
2026-01-13,Mumbai,Tea,31489.18,198,159.33,0.0,645.02,0.4
2026-01-13,Mumbai,Bakery,42735.81,226,188.95,0.0,1013.61,0.4
2026-01-13,Mumbai,Meals,44041.2,116,379.09,0.0,1013.61,0.4
2026-01-13,Chennai,Coffee,65762.18,279,235.34,0.0,1382.19,0.4
2026-01-13,Chennai,Tea,23325.34,147,158.43,0.0,460.73,0.4
2026-01-13,Chennai,Bakery,31178.2,162,192.1,0.0,724.01,0.4
2026-01-13,Chennai,Meals,30046.42,81,373.24,0.0,724.01,0.4
2026-01-13,Pune,Coffee,60944.56,250,243.41,0.0,1243.97,0.4
2026-01-13,Pune,Tea,20117.09,125,161.17,0.0,414.66,0.4
2026-01-13,Pune,Bakery,28407.42,150,189.2,0.0,651.61,0.4
2026-01-13,Pune,Meals,28226.59,73,384.21,0.0,651.61,0.4
2026-01-14,Bengaluru,Coffee,114898.21,478,240.28,0.0,2350.62,0.5
2026-01-14,Bengaluru,Tea,39236.97,251,156.61,0.0,783.54,0.5
2026-01-14,Bengaluru,Bakery,54437.57,290,187.52,0.0,1231.28,0.5
2026-01-14,Bengaluru,Meals,53351.93,143,372.7,0.0,1231.28,0.5
2026-01-14,Mumbai,Coffee,95956.8,394,243.32,0.0,1935.81,0.5
2026-01-14,Mumbai,Tea,32340.08,205,158.08,0.0,645.27,0.5
2026-01-14,Mumbai,Bakery,44318.54,237,186.74,0.0,1013.99,0.5
2026-01-14,Mumbai,Meals,42998.33,115,374.47,0.0,1013.99,0.5
2026-01-14,Chennai,Coffee,67409.4,279,241.98,0.0,1382.72,0.5
2026-01-14,Chennai,Tea,22949.13,142,161.99,0.0,460.91,0.5
2026-01-14,Chennai,Bakery,31874.93,169,189.12,0.0,724.28,0.5
2026-01-14,Chennai,Meals,31326.93,82,383.86,0.0,724.28,0.5
2026-01-14,Pune,Coffee,62140.4,258,241.3,0.0,1244.45,0.5
2026-01-14,Pune,Tea,19565.62,125,156.97,0.0,414.82,0.5
2026-01-14,Pune,Bakery,26788.98,141,190.51,0.0,651.85,0.5
2026-01-14,Pune,Meals,29243.49,78,375.47,0.0,651.85,0.5
2026-01-15,Bengaluru,Coffee,120697.33,510,236.47,0.0,2351.52,0.4
2026-01-15,Bengaluru,Tea,39510.64,252,157.07,0.0,783.84,0.4
2026-01-15,Bengaluru,Bakery,53895.91,280,192.33,0.0,1231.75,0.4
2026-01-15,Bengaluru,Meals,55387.08,146,378.4,0.0,1231.75,0.4
2026-01-15,Mumbai,Coffee,100599.72,415,242.29,0.0,1936.54,0.4
2026-01-15,Mumbai,Tea,32961.88,211,156.39,0.0,645.51,0.4
2026-01-15,Mumbai,Bakery,46639.41,245,190.44,0.0,1014.38,0.4
2026-01-15,Mumbai,Meals,46880.09,122,384.51,0.0,1014.38,0.4
2026-01-15,Chennai,Coffee,70545.45,295,239.42,0.0,1383.24,0.4
2026-01-15,Chennai,Tea,24015.77,153,157.14,0.0,461.08,0.4
2026-01-15,Chennai,Bakery,32856.91,172,190.7,0.0,724.56,0.4
2026-01-15,Chennai,Meals,33141.32,88,376.76,0.0,724.56,0.4
2026-01-15,Pune,Coffee,63847.06,270,236.42,0.0,1244.92,0.4
2026-01-15,Pune,Tea,21430.25,133,160.59,0.0,414.97,0.4
2026-01-15,Pune,Bakery,28971.26,155,187.12,0.0,652.1,0.4
2026-01-15,Pune,Meals,28513.45,76,373.55,0.0,652.1,0.4
2026-01-16,Bengaluru,Coffee,134517.25,569,236.24,0.0,2352.41,0.0
2026-01-16,Bengaluru,Tea,43177.34,270,160.0,0.0,784.14,0.0
2026-01-16,Bengaluru,Bakery,61487.66,325,189.15,0.0,1232.21,0.0
2026-01-16,Bengaluru,Meals,61312.07,159,384.54,0.0,1232.21,0.0
2026-01-16,Mumbai,Coffee,107669.62,451,238.68,0.0,1937.28,0.0
2026-01-16,Mumbai,Tea,36441.48,225,161.63,0.0,645.76,0.0
2026-01-16,Mumbai,Bakery,50325.84,270,186.55,0.0,1014.77,0.0
2026-01-16,Mumbai,Meals,49938.18,132,377.03,0.0,1014.77,0.0
2026-01-16,Chennai,Coffee,77770.47,323,240.44,0.0,1383.77,0.0
2026-01-16,Chennai,Tea,26676.5,166,160.49,0.0,461.26,0.0
2026-01-16,Chennai,Bakery,35817.82,191,187.69,0.0,724.83,0.0
2026-01-16,Chennai,Meals,34869.21,91,382.17,0.0,724.83,0.0
2026-01-16,Pune,Coffee,71031.4,294,241.89,0.0,1245.39,0.0
2026-01-16,Pune,Tea,23868.44,149,159.79,0.0,415.13,0.0
2026-01-16,Pune,Bakery,31913.07,170,188.05,0.0,652.35,0.0
2026-01-16,Pune,Meals,32204.5,84,384.33,0.0,652.35,0.0
2026-01-17,Bengaluru,Coffee,142863.52,595,240.06,0.0,2353.3,1.2
2026-01-17,Bengaluru,Tea,45793.06,291,157.6,0.0,784.43,1.2
2026-01-17,Bengaluru,Bakery,63881.58,338,188.91,0.0,1232.68,1.2
2026-01-17,Bengaluru,Meals,64756.29,171,379.41,0.0,1232.68,1.2
2026-01-17,Mumbai,Coffee,114493.32,478,239.4,0.0,1938.01,1.2
2026-01-17,Mumbai,Tea,39733.4,246,161.2,0.0,646.0,1.2
2026-01-17,Mumbai,Bakery,52591.14,281,186.95,0.0,1015.15,1.2
2026-01-17,Mumbai,Meals,51761.38,136,379.71,0.0,1015.15,1.2
2026-01-17,Chennai,Coffee,79816.0,334,238.97,0.0,1384.3,1.2
2026-01-17,Chennai,Tea,27539.28,173,159.43,0.0,461.43,1.2
2026-01-17,Chennai,Bakery,38181.62,203,188.25,0.0,725.11,1.2
2026-01-17,Chennai,Meals,38326.17,100,381.39,0.0,725.11,1.2
2026-01-17,Pune,Coffee,71186.78,292,243.53,0.0,1245.87,1.2
2026-01-17,Pune,Tea,24540.44,155,158.27,0.0,415.29,1.2
2026-01-17,Pune,Bakery,33890.34,179,189.29,0.0,652.6,1.2
2026-01-17,Pune,Meals,34202.7,90,380.35,0.0,652.6,1.2
2026-01-18,Bengaluru,Coffee,140778.85,583,241.67,0.0,2354.2,0.3
2026-01-18,Bengaluru,Tea,46782.45,292,160.21,0.0,784.73,0.3
2026-01-18,Bengaluru,Bakery,66850.24,352,190.01,0.0,1233.15,0.3
2026-01-18,Bengaluru,Meals,63327.16,171,371.37,0.0,1233.15,0.3
2026-01-18,Mumbai,Coffee,113433.75,470,241.26,0.0,1938.75,0.3
2026-01-18,Mumbai,Tea,38500.7,240,160.48,0.0,646.25,0.3
2026-01-18,Mumbai,Bakery,52554.28,277,190.02,0.0,1015.54,0.3
2026-01-18,Mumbai,Meals,54233.53,144,377.8,0.0,1015.54,0.3
2026-01-18,Chennai,Coffee,82709.42,343,240.81,0.0,1384.82,0.3
2026-01-18,Chennai,Tea,28032.77,176,159.4,0.0,461.61,0.3
2026-01-18,Chennai,Bakery,37133.16,194,191.1,0.0,725.38,0.3
2026-01-18,Chennai,Meals,38154.51,99,384.63,0.0,725.38,0.3
2026-01-18,Pune,Coffee,73564.97,303,242.5,0.0,1246.34,0.3
2026-01-18,Pune,Tea,25186.43,158,159.19,0.0,415.45,0.3
2026-01-18,Pune,Bakery,35313.32,185,191.36,0.0,652.84,0.3
2026-01-18,Pune,Meals,34169.64,89,382.7,0.0,652.84,0.3
2026-01-19,Bengaluru,Coffee,109394.5,454,241.19,0.0,2355.09,0.1
2026-01-19,Bengaluru,Tea,37601.79,232,162.19,0.0,785.03,0.1
2026-01-19,Bengaluru,Bakery,50422.37,262,192.74,0.0,1233.62,0.1
2026-01-19,Bengaluru,Meals,51770.32,139,372.42,0.0,1233.62,0.1
2026-01-19,Mumbai,Coffee,90787.37,378,240.0,0.0,1939.49,0.1
2026-01-19,Mumbai,Tea,29919.13,185,161.39,0.0,646.5,0.1
2026-01-19,Mumbai,Bakery,40842.38,212,192.41,0.0,1015.92,0.1
2026-01-19,Mumbai,Meals,42489.8,112,380.71,0.0,1015.92,0.1
2026-01-19,Chennai,Coffee,66512.74,273,243.24,0.0,1385.35,0.1
2026-01-19,Chennai,Tea,21993.78,140,156.82,0.0,461.78,0.1
2026-01-19,Chennai,Bakery,29308.46,153,191.62,0.0,725.66,0.1
2026-01-19,Chennai,Meals,30335.06,80,377.3,0.0,725.66,0.1
2026-01-19,Pune,Coffee,56918.21,235,241.78,0.0,1246.81,0.1
2026-01-19,Pune,Tea,19649.0,121,161.76,0.0,415.6,0.1
2026-01-19,Pune,Bakery,26370.01,141,187.43,0.0,653.09,0.1
2026-01-19,Pune,Meals,26622.65,71,377.29,0.0,653.09,0.1
2026-01-20,Bengaluru,Coffee,108991.3,444,245.28,0.3,2412.35,0.0
2026-01-20,Bengaluru,Tea,36934.23,229,161.46,0.3,804.12,0.0
2026-01-20,Bengaluru,Bakery,50680.34,263,192.98,0.3,1263.61,0.0
2026-01-20,Bengaluru,Meals,50767.74,131,389.02,0.3,1263.61,0.0
2026-01-20,Mumbai,Coffee,92409.77,381,242.28,0.3,1986.64,0.0
2026-01-20,Mumbai,Tea,29545.98,184,160.59,0.3,662.21,0.0
2026-01-20,Mumbai,Bakery,41839.55,219,190.79,0.3,1040.62,0.0
2026-01-20,Mumbai,Meals,40553.41,107,378.54,0.3,1040.62,0.0
2026-01-20,Chennai,Coffee,63168.24,257,246.24,0.3,1419.03,0.0
2026-01-20,Chennai,Tea,22149.63,134,164.99,0.3,473.01,0.0
2026-01-20,Chennai,Bakery,29914.61,153,195.98,0.3,743.3,0.0
2026-01-20,Chennai,Meals,29451.57,77,381.03,0.3,743.3,0.0
2026-01-20,Pune,Coffee,55404.58,224,247.4,0.3,1277.13,0.0
2026-01-20,Pune,Tea,19769.74,122,161.79,0.3,425.71,0.0
2026-01-20,Pune,Bakery,27052.41,143,189.65,0.3,668.97,0.0
2026-01-20,Pune,Meals,27123.48,72,377.71,0.3,668.97,0.0
2026-01-21,Bengaluru,Coffee,111998.31,453,247.07,0.3,2413.27,0.4
2026-01-21,Bengaluru,Tea,38306.03,238,161.25,0.3,804.42,0.4
2026-01-21,Bengaluru,Bakery,52974.67,270,196.08,0.3,1264.09,0.4
2026-01-21,Bengaluru,Meals,50714.14,130,389.68,0.3,1264.09,0.4
2026-01-21,Mumbai,Coffee,96752.59,393,246.07,0.3,1987.39,0.4
2026-01-21,Mumbai,Tea,31049.44,190,163.85,0.3,662.46,0.4
2026-01-21,Mumbai,Bakery,43422.02,225,192.79,0.3,1041.02,0.4
2026-01-21,Mumbai,Meals,43605.13,114,380.91,0.3,1041.02,0.4
2026-01-21,Chennai,Coffee,65835.5,266,247.6,0.3,1419.57,0.4
2026-01-21,Chennai,Tea,21955.63,133,165.06,0.3,473.19,0.4
2026-01-21,Chennai,Bakery,31225.01,164,190.88,0.3,743.58,0.4
2026-01-21,Chennai,Meals,31099.08,82,377.58,0.3,743.58,0.4
2026-01-21,Pune,Coffee,61555.7,253,243.01,0.3,1277.61,0.4
2026-01-21,Pune,Tea,20188.11,124,162.58,0.3,425.87,0.4
2026-01-21,Pune,Bakery,27604.73,141,195.86,0.3,669.22,0.4
2026-01-21,Pune,Meals,27575.5,70,392.06,0.3,669.22,0.4
2026-01-22,Bengaluru,Coffee,112958.71,473,238.91,0.3,2414.18,0.0
2026-01-22,Bengaluru,Tea,34707.82,211,164.39,0.3,804.73,0.0
2026-01-22,Bengaluru,Bakery,49001.03,252,194.16,0.3,1264.57,0.0
2026-01-22,Bengaluru,Meals,50007.19,132,379.51,0.3,1264.57,0.0
2026-01-22,Mumbai,Coffee,89152.38,360,247.84,0.3,1988.15,0.0
2026-01-22,Mumbai,Tea,30284.56,186,163.05,0.3,662.72,0.0
2026-01-22,Mumbai,Bakery,39658.67,207,191.42,0.3,1041.41,0.0
2026-01-22,Mumbai,Meals,40776.32,106,385.17,0.3,1041.41,0.0
2026-01-22,Chennai,Coffee,63190.89,259,244.1,0.3,1420.11,0.0
2026-01-22,Chennai,Tea,21240.54,133,159.48,0.3,473.37,0.0
2026-01-22,Chennai,Bakery,30047.66,157,191.21,0.3,743.87,0.0
2026-01-22,Chennai,Meals,29235.79,75,387.56,0.3,743.87,0.0
2026-01-22,Pune,Coffee,58762.14,238,246.98,0.3,1278.1,0.0
2026-01-22,Pune,Tea,19508.79,119,164.42,0.3,426.03,0.0
2026-01-22,Pune,Bakery,27497.83,143,191.67,0.3,669.48,0.0
2026-01-22,Pune,Meals,26721.07,69,384.66,0.3,669.48,0.0
2026-01-23,Bengaluru,Coffee,130908.66,546,239.88,0.3,2415.1,0.2
2026-01-23,Bengaluru,Tea,43945.53,271,161.98,0.3,805.03,0.2
2026-01-23,Bengaluru,Bakery,60039.11,311,193.02,0.3,1265.05,0.2
2026-01-23,Bengaluru,Meals,59080.94,153,385.3,0.3,1265.05,0.2
2026-01-23,Mumbai,Coffee,105841.46,440,240.76,0.3,1988.9,0.2
2026-01-23,Mumbai,Tea,34029.35,211,161.43,0.3,662.97,0.2
2026-01-23,Mumbai,Bakery,48009.66,251,191.56,0.3,1041.81,0.2
2026-01-23,Mumbai,Meals,49269.2,126,389.73,0.3,1041.81,0.2
2026-01-23,Chennai,Coffee,74711.39,307,243.48,0.3,1420.64,0.2
2026-01-23,Chennai,Tea,26142.87,162,161.48,0.3,473.55,0.2
2026-01-23,Chennai,Bakery,34580.49,180,192.18,0.3,744.15,0.2
2026-01-23,Chennai,Meals,35647.4,93,382.91,0.3,744.15,0.2
2026-01-23,Pune,Coffee,67421.86,277,243.55,0.3,1278.58,0.2
2026-01-23,Pune,Tea,22876.22,141,161.9,0.3,426.19,0.2
2026-01-23,Pune,Bakery,32338.03,167,193.72,0.3,669.73,0.2
2026-01-23,Pune,Meals,32240.89,83,389.94,0.3,669.73,0.2
2026-01-24,Bengaluru,Coffee,128626.56,519,247.93,0.3,2416.01,0.1
2026-01-24,Bengaluru,Tea,43050.46,261,164.97,0.3,805.34,0.1
2026-01-24,Bengaluru,Bakery,62415.08,331,188.74,0.3,1265.53,0.1
2026-01-24,Bengaluru,Meals,59319.28,153,386.8,0.3,1265.53,0.1
2026-01-24,Mumbai,Coffee,108871.1,447,243.72,0.3,1989.66,0.1
2026-01-24,Mumbai,Tea,35408.57,216,164.08,0.3,663.22,0.1
2026-01-24,Mumbai,Bakery,51314.05,263,195.4,0.3,1042.2,0.1
2026-01-24,Mumbai,Meals,49014.97,127,385.34,0.3,1042.2,0.1
2026-01-24,Chennai,Coffee,75819.96,316,240.04,0.3,1421.18,0.1
2026-01-24,Chennai,Tea,25852.11,162,159.98,0.3,473.73,0.1
2026-01-24,Chennai,Bakery,35828.45,183,195.83,0.3,744.43,0.1
2026-01-24,Chennai,Meals,34705.94,88,392.61,0.3,744.43,0.1
2026-01-24,Pune,Coffee,68702.34,279,245.97,0.3,1279.06,0.1
2026-01-24,Pune,Tea,22915.32,139,165.18,0.3,426.35,0.1
2026-01-24,Pune,Bakery,31687.02,167,189.47,0.3,669.99,0.1
2026-01-24,Pune,Meals,31963.66,84,380.57,0.3,669.99,0.1
2026-01-25,Bengaluru,Coffee,128897.75,530,243.38,0.3,2416.93,0.1
2026-01-25,Bengaluru,Tea,44624.6,274,162.61,0.3,805.64,0.1
2026-01-25,Bengaluru,Bakery,62909.54,327,192.46,0.3,1266.01,0.1
2026-01-25,Bengaluru,Meals,60265.91,156,386.84,0.3,1266.01,0.1
2026-01-25,Mumbai,Coffee,109367.22,441,247.78,0.3,1990.41,0.1
2026-01-25,Mumbai,Tea,35553.64,217,163.87,0.3,663.47,0.1
2026-01-25,Mumbai,Bakery,54025.28,276,195.99,0.3,1042.6,0.1
2026-01-25,Mumbai,Meals,51800.26,137,377.62,0.3,1042.6,0.1
2026-01-25,Chennai,Coffee,79120.18,324,244.11,0.3,1421.72,0.1
2026-01-25,Chennai,Tea,26629.75,166,160.66,0.3,473.91,0.1
2026-01-25,Chennai,Bakery,35576.97,186,191.38,0.3,744.71,0.1
2026-01-25,Chennai,Meals,35595.9,91,391.27,0.3,744.71,0.1
2026-01-25,Pune,Coffee,69643.65,292,238.55,0.3,1279.55,0.1
2026-01-25,Pune,Tea,23117.59,145,159.37,0.3,426.52,0.1
2026-01-25,Pune,Bakery,33067.01,168,196.26,0.3,670.24,0.1
2026-01-25,Pune,Meals,32204.91,82,390.83,0.3,670.24,0.1
2026-01-26,Bengaluru,Coffee,101727.4,416,244.47,0.3,2417.84,0.0
2026-01-26,Bengaluru,Tea,35039.66,217,161.34,0.3,805.95,0.0
2026-01-26,Bengaluru,Bakery,48723.03,254,191.82,0.3,1266.49,0.0
2026-01-26,Bengaluru,Meals,49219.14,129,382.05,0.3,1266.49,0.0
2026-01-26,Mumbai,Coffee,85688.55,357,239.98,0.3,1991.16,0.0
2026-01-26,Mumbai,Tea,28817.03,180,159.79,0.3,663.72,0.0
2026-01-26,Mumbai,Bakery,41045.02,213,192.88,0.3,1042.99,0.0
2026-01-26,Mumbai,Meals,41181.92,108,382.28,0.3,1042.99,0.0
2026-01-26,Chennai,Coffee,60169.52,244,246.47,0.3,1422.26,0.0
2026-01-26,Chennai,Tea,21121.55,128,165.23,0.3,474.09,0.0
2026-01-26,Chennai,Bakery,29173.16,149,195.66,0.3,744.99,0.0
2026-01-26,Chennai,Meals,29003.27,75,387.55,0.3,744.99,0.0
2026-01-26,Pune,Coffee,57395.37,232,247.65,0.3,1280.03,0.0
2026-01-26,Pune,Tea,19259.01,117,164.17,0.3,426.68,0.0
2026-01-26,Pune,Bakery,25947.32,137,189.17,0.3,670.49,0.0
2026-01-26,Pune,Meals,25417.38,66,382.45,0.3,670.49,0.0
2026-01-27,Bengaluru,Coffee,111534.17,459,243.23,0.6,2398.18,0.7
2026-01-27,Bengaluru,Tea,36738.05,233,157.63,0.6,799.39,0.7
2026-01-27,Bengaluru,Bakery,51397.68,270,190.3,0.6,1256.19,0.7
2026-01-27,Bengaluru,Meals,52808.68,138,381.86,0.6,1256.19,0.7
2026-01-27,Mumbai,Coffee,89193.62,367,243.29,0.6,1974.97,0.7
2026-01-27,Mumbai,Tea,30347.03,193,157.2,0.6,658.32,0.7
2026-01-27,Mumbai,Bakery,41962.55,218,192.63,0.6,1034.51,0.7
2026-01-27,Mumbai,Meals,43379.03,115,375.87,0.6,1034.51,0.7
2026-01-27,Chennai,Coffee,66854.38,279,239.58,0.6,1410.69,0.7
2026-01-27,Chennai,Tea,21632.6,136,159.52,0.6,470.23,0.7
2026-01-27,Chennai,Bakery,31052.57,163,190.04,0.6,738.93,0.7
2026-01-27,Chennai,Meals,30457.07,81,374.6,0.6,738.93,0.7
2026-01-27,Pune,Coffee,58490.33,248,235.96,0.6,1269.62,0.7
2026-01-27,Pune,Tea,19117.23,120,159.09,0.6,423.21,0.7
2026-01-27,Pune,Bakery,26691.75,142,187.66,0.6,665.04,0.7
2026-01-27,Pune,Meals,28278.52,76,374.48,0.6,665.04,0.7
2026-01-28,Bengaluru,Coffee,107315.96,447,239.98,0.6,2399.09,0.1
2026-01-28,Bengaluru,Tea,37197.34,234,159.14,0.6,799.7,0.1
2026-01-28,Bengaluru,Bakery,52420.2,271,193.4,0.6,1256.66,0.1
2026-01-28,Bengaluru,Meals,51760.12,135,383.08,0.6,1256.66,0.1
2026-01-28,Mumbai,Coffee,88482.29,370,239.19,0.6,1975.72,0.1
2026-01-28,Mumbai,Tea,30849.23,196,157.16,0.6,658.57,0.1
2026-01-28,Mumbai,Bakery,41686.39,222,187.52,0.6,1034.9,0.1
2026-01-28,Mumbai,Meals,43870.6,118,372.57,0.6,1034.9,0.1
2026-01-28,Chennai,Coffee,63360.74,268,236.71,0.6,1411.23,0.1
2026-01-28,Chennai,Tea,22419.4,138,162.06,0.6,470.41,0.1
2026-01-28,Chennai,Bakery,30375.01,162,186.98,0.6,739.21,0.1
2026-01-28,Chennai,Meals,31259.08,81,385.29,0.6,739.21,0.1
2026-01-28,Pune,Coffee,56630.15,240,236.04,0.6,1270.1,0.1
2026-01-28,Pune,Tea,19163.11,121,158.36,0.6,423.37,0.1
2026-01-28,Pune,Bakery,27563.74,146,188.93,0.6,665.29,0.1
2026-01-28,Pune,Meals,26841.6,72,375.02,0.6,665.29,0.1
2026-01-29,Bengaluru,Coffee,124115.92,521,238.14,0.6,2399.99,0.1
2026-01-29,Bengaluru,Tea,41123.04,256,160.78,0.6,800.0,0.1
2026-01-29,Bengaluru,Bakery,58047.61,306,189.75,0.6,1257.14,0.1
2026-01-29,Bengaluru,Meals,58541.87,151,386.6,0.6,1257.14,0.1
2026-01-29,Mumbai,Coffee,99349.98,417,238.34,0.6,1976.46,0.1
2026-01-29,Mumbai,Tea,33606.12,213,157.5,0.6,658.82,0.1
2026-01-29,Mumbai,Bakery,47550.72,253,187.93,0.6,1035.29,0.1
2026-01-29,Mumbai,Meals,49221.87,130,379.1,0.6,1035.29,0.1
2026-01-29,Chennai,Coffee,72621.52,303,239.55,0.6,1411.76,0.1
2026-01-29,Chennai,Tea,24409.21,152,160.5,0.6,470.59,0.1
2026-01-29,Chennai,Bakery,33527.07,176,190.77,0.6,739.49,0.1
2026-01-29,Chennai,Meals,33699.42,88,383.54,0.6,739.49,0.1
2026-01-29,Pune,Coffee,64799.25,266,243.34,0.6,1270.58,0.1
2026-01-29,Pune,Tea,21716.14,136,160.21,0.6,423.53,0.1
2026-01-29,Pune,Bakery,32184.13,171,188.01,0.6,665.54,0.1
2026-01-29,Pune,Meals,31330.99,84,374.16,0.6,665.54,0.1
2026-01-30,Bengaluru,Coffee,117903.19,495,238.35,0.6,2400.9,0.5
2026-01-30,Bengaluru,Tea,37473.57,237,158.27,0.6,800.3,0.5
2026-01-30,Bengaluru,Bakery,54474.86,288,189.04,0.6,1257.61,0.5
2026-01-30,Bengaluru,Meals,57110.4,150,380.25,0.6,1257.61,0.5
2026-01-30,Mumbai,Coffee,95852.22,400,239.61,0.6,1977.21,0.5
2026-01-30,Mumbai,Tea,31837.26,201,158.46,0.6,659.07,0.5
2026-01-30,Mumbai,Bakery,46124.94,248,186.1,0.6,1035.68,0.5
2026-01-30,Mumbai,Meals,46029.11,121,380.83,0.6,1035.68,0.5
2026-01-30,Chennai,Coffee,68464.05,287,238.83,0.6,1412.29,0.5
2026-01-30,Chennai,Tea,21843.63,135,161.53,0.6,470.76,0.5
2026-01-30,Chennai,Bakery,32690.89,171,190.74,0.6,739.77,0.5
2026-01-30,Chennai,Meals,32755.72,87,378.02,0.6,739.77,0.5
2026-01-30,Pune,Coffee,63353.27,262,241.99,0.6,1271.06,0.5
2026-01-30,Pune,Tea,21099.58,133,159.01,0.6,423.69,0.5
2026-01-30,Pune,Bakery,27955.89,148,189.12,0.6,665.8,0.5
2026-01-30,Pune,Meals,29209.65,78,372.47,0.6,665.8,0.5
2026-01-31,Bengaluru,Coffee,132360.55,545,243.05,0.6,2401.81,0.1
2026-01-31,Bengaluru,Tea,46039.88,286,161.25,0.6,800.6,0.1
2026-01-31,Bengaluru,Bakery,64825.05,339,191.01,0.6,1258.09,0.1
2026-01-31,Bengaluru,Meals,62264.81,163,380.86,0.6,1258.09,0.1
2026-01-31,Mumbai,Coffee,116580.05,485,240.34,0.6,1977.96,0.1
2026-01-31,Mumbai,Tea,38083.63,241,158.31,0.6,659.32,0.1
2026-01-31,Mumbai,Bakery,53661.04,289,185.92,0.6,1036.07,0.1
2026-01-31,Mumbai,Meals,51855.38,136,380.34,0.6,1036.07,0.1
2026-01-31,Chennai,Coffee,78117.71,326,239.79,0.6,1412.83,0.1
2026-01-31,Chennai,Tea,27157.53,171,158.5,0.6,470.94,0.1
2026-01-31,Chennai,Bakery,37440.77,198,188.95,0.6,740.05,0.1
2026-01-31,Chennai,Meals,36283.96,96,377.21,0.6,740.05,0.1
2026-01-31,Pune,Coffee,74178.1,313,237.06,0.6,1271.55,0.1
2026-01-31,Pune,Tea,23208.68,143,161.88,0.6,423.85,0.1
2026-01-31,Pune,Bakery,32383.63,170,190.75,0.6,666.05,0.1
2026-01-31,Pune,Meals,33701.24,87,385.19,0.6,666.05,0.1
2026-02-01,Bengaluru,Coffee,124066.01,515,241.06,0.6,2402.71,0.2
2026-02-01,Bengaluru,Tea,43089.13,265,162.46,0.6,800.9,0.2
2026-02-01,Bengaluru,Bakery,59682.7,315,189.57,0.6,1258.56,0.2
2026-02-01,Bengaluru,Meals,60225.64,156,385.95,0.6,1258.56,0.2
2026-02-01,Mumbai,Coffee,101696.23,417,243.93,0.6,1978.71,0.2
2026-02-01,Mumbai,Tea,35152.79,222,158.06,0.6,659.57,0.2
2026-02-01,Mumbai,Bakery,49642.54,258,192.38,0.6,1036.47,0.2
2026-02-01,Mumbai,Meals,48967.91,130,377.04,0.6,1036.47,0.2
2026-02-01,Chennai,Coffee,75630.8,319,237.32,0.6,1413.36,0.2
2026-02-01,Chennai,Tea,25506.41,160,159.13,0.6,471.12,0.2
2026-02-01,Chennai,Bakery,34628.48,184,187.72,0.6,740.33,0.2
2026-02-01,Chennai,Meals,36598.6,95,383.86,0.6,740.33,0.2
2026-02-01,Pune,Coffee,68432.49,288,237.99,0.6,1272.03,0.2
2026-02-01,Pune,Tea,22309.59,138,161.59,0.6,424.01,0.2
2026-02-01,Pune,Bakery,32238.58,171,188.2,0.6,666.3,0.2
2026-02-01,Pune,Meals,32341.42,84,383.75,0.6,666.3,0.2
2026-02-02,Bengaluru,Coffee,99279.09,419,237.21,0.6,2403.62,0.1
2026-02-02,Bengaluru,Tea,32868.13,207,159.03,0.6,801.21,0.1
2026-02-02,Bengaluru,Bakery,47528.56,256,185.89,0.6,1259.04,0.1
2026-02-02,Bengaluru,Meals,46897.39,122,385.78,0.6,1259.04,0.1
2026-02-02,Mumbai,Coffee,83961.02,344,244.08,0.6,1979.45,0.1
2026-02-02,Mumbai,Tea,26832.44,165,162.53,0.6,659.82,0.1
2026-02-02,Mumbai,Bakery,39491.86,207,190.87,0.6,1036.86,0.1
2026-02-02,Mumbai,Meals,39900.38,107,372.02,0.6,1036.86,0.1
2026-02-02,Chennai,Coffee,56880.73,238,238.8,0.6,1413.9,0.1
2026-02-02,Chennai,Tea,19263.36,120,160.49,0.6,471.3,0.1
2026-02-02,Chennai,Bakery,28157.77,151,186.39,0.6,740.61,0.1
2026-02-02,Chennai,Meals,27112.6,71,382.12,0.6,740.61,0.1
2026-02-02,Pune,Coffee,52425.73,219,238.95,0.6,1272.51,0.1
2026-02-02,Pune,Tea,17469.71,110,158.31,0.6,424.17,0.1
2026-02-02,Pune,Bakery,25186.2,132,191.35,0.6,666.55,0.1
2026-02-02,Pune,Meals,24889.86,65,382.92,0.6,666.55,0.1
2026-02-03,Bengaluru,Coffee,119154.57,498,239.13,0.2,2448.54,0.0
2026-02-03,Bengaluru,Tea,38640.99,247,156.7,0.2,816.18,0.0
2026-02-03,Bengaluru,Bakery,55115.27,302,182.48,0.2,1282.57,0.0
2026-02-03,Bengaluru,Meals,53585.22,145,370.5,0.2,1282.57,0.0
2026-02-03,Mumbai,Coffee,95781.96,402,238.06,0.2,2016.44,0.0
2026-02-03,Mumbai,Tea,30083.43,194,155.22,0.2,672.15,0.0
2026-02-03,Mumbai,Bakery,44502.32,235,189.25,0.2,1056.23,0.0
2026-02-03,Mumbai,Meals,45593.49,121,375.26,0.2,1056.23,0.0
2026-02-03,Chennai,Coffee,66948.09,290,230.8,0.2,1440.32,0.0
2026-02-03,Chennai,Tea,23313.38,150,155.01,0.2,480.11,0.0
2026-02-03,Chennai,Bakery,31991.34,175,182.65,0.2,754.45,0.0
2026-02-03,Chennai,Meals,31748.8,85,373.76,0.2,754.45,0.0
2026-02-03,Pune,Coffee,60847.09,256,237.84,0.2,1296.28,0.0
2026-02-03,Pune,Tea,20038.55,126,158.81,0.2,432.09,0.0
2026-02-03,Pune,Bakery,27998.26,148,189.38,0.2,679.01,0.0
2026-02-03,Pune,Meals,28235.53,77,365.42,0.2,679.01,0.0
2026-02-04,Bengaluru,Coffee,111094.74,482,230.39,0.2,2449.46,0.9
2026-02-04,Bengaluru,Tea,38089.26,246,155.07,0.2,816.49,0.9
2026-02-04,Bengaluru,Bakery,52824.01,282,187.48,0.2,1283.05,0.9
2026-02-04,Bengaluru,Meals,54772.94,145,378.13,0.2,1283.05,0.9
2026-02-04,Mumbai,Coffee,92624.92,400,231.59,0.2,2017.2,0.9
2026-02-04,Mumbai,Tea,31359.08,199,157.59,0.2,672.4,0.9
2026-02-04,Mumbai,Bakery,44871.66,244,183.96,0.2,1056.63,0.9
2026-02-04,Mumbai,Meals,45550.01,121,376.33,0.2,1056.63,0.9
2026-02-04,Chennai,Coffee,66482.57,287,232.04,0.2,1440.86,0.9
2026-02-04,Chennai,Tea,22682.81,143,158.84,0.2,480.29,0.9
2026-02-04,Chennai,Bakery,32546.34,174,186.53,0.2,754.74,0.9
2026-02-04,Chennai,Meals,32503.26,86,376.58,0.2,754.74,0.9
2026-02-04,Pune,Coffee,59553.74,252,235.96,0.2,1296.77,0.9
2026-02-04,Pune,Tea,20534.87,133,154.63,0.2,432.26,0.9
2026-02-04,Pune,Bakery,28327.4,150,188.22,0.2,679.26,0.9
2026-02-04,Pune,Meals,28281.39,76,372.06,0.2,679.26,0.9
2026-02-05,Bengaluru,Coffee,129120.7,558,231.3,0.2,2450.39,0.0
2026-02-05,Bengaluru,Tea,39472.97,256,153.96,0.2,816.8,0.0
2026-02-05,Bengaluru,Bakery,59291.3,323,183.29,0.2,1283.54,0.0
2026-02-05,Bengaluru,Meals,60687.1,163,372.0,0.2,1283.54,0.0
2026-02-05,Mumbai,Coffee,106605.27,459,232.15,0.2,2017.96,0.0
2026-02-05,Mumbai,Tea,35626.87,227,156.82,0.2,672.65,0.0
2026-02-05,Mumbai,Bakery,49448.9,263,188.01,0.2,1057.03,0.0
2026-02-05,Mumbai,Meals,51168.96,140,366.14,0.2,1057.03,0.0
2026-02-05,Chennai,Coffee,70567.34,298,236.42,0.2,1441.4,0.0
2026-02-05,Chennai,Tea,25045.65,162,154.15,0.2,480.47,0.0
2026-02-05,Chennai,Bakery,35830.88,191,187.54,0.2,755.02,0.0
2026-02-05,Chennai,Meals,35648.42,94,378.66,0.2,755.02,0.0
2026-02-05,Pune,Coffee,66359.12,278,238.49,0.2,1297.26,0.0
2026-02-05,Pune,Tea,22232.74,143,155.56,0.2,432.42,0.0
2026-02-05,Pune,Bakery,32385.23,173,187.15,0.2,679.52,0.0
2026-02-05,Pune,Meals,31372.34,85,367.33,0.2,679.52,0.0
2026-02-06,Bengaluru,Coffee,126917.94,536,236.69,0.2,2451.31,0.1
2026-02-06,Bengaluru,Tea,41591.83,268,155.48,0.2,817.1,0.1
2026-02-06,Bengaluru,Bakery,61267.89,323,189.4,0.2,1284.02,0.1
2026-02-06,Bengaluru,Meals,62542.12,168,371.36,0.2,1284.02,0.1
2026-02-06,Mumbai,Coffee,106294.56,445,238.93,0.2,2018.73,0.1
2026-02-06,Mumbai,Tea,35184.4,225,156.14,0.2,672.91,0.1
2026-02-06,Mumbai,Bakery,51681.07,277,186.7,0.2,1057.43,0.1
2026-02-06,Mumbai,Meals,52425.3,141,372.37,0.2,1057.43,0.1
2026-02-06,Chennai,Coffee,74852.06,321,233.53,0.2,1441.95,0.1
2026-02-06,Chennai,Tea,25445.26,162,156.79,0.2,480.65,0.1
2026-02-06,Chennai,Bakery,36421.1,193,188.74,0.2,755.31,0.1
2026-02-06,Chennai,Meals,35847.36,97,368.16,0.2,755.31,0.1
2026-02-06,Pune,Coffee,67439.01,286,236.01,0.2,1297.75,0.1
2026-02-06,Pune,Tea,23185.27,149,156.02,0.2,432.58,0.1
2026-02-06,Pune,Bakery,31450.6,167,188.21,0.2,679.77,0.1
2026-02-06,Pune,Meals,32493.52,88,370.65,0.2,679.77,0.1
2026-02-07,Bengaluru,Coffee,134750.97,572,235.78,0.2,2452.23,0.3
2026-02-07,Bengaluru,Tea,45374.62,290,156.46,0.2,817.41,0.3
2026-02-07,Bengaluru,Bakery,70633.39,382,184.76,0.2,1284.5,0.3
2026-02-07,Bengaluru,Meals,66755.12,178,374.96,0.2,1284.5,0.3
2026-02-07,Mumbai,Coffee,109383.1,457,239.3,0.2,2019.49,0.3
2026-02-07,Mumbai,Tea,36281.09,232,156.37,0.2,673.16,0.3
2026-02-07,Mumbai,Bakery,54322.33,296,183.73,0.2,1057.83,0.3
2026-02-07,Mumbai,Meals,53289.88,142,374.55,0.2,1057.83,0.3
2026-02-07,Chennai,Coffee,81172.11,347,233.73,0.2,1442.49,0.3
2026-02-07,Chennai,Tea,26818.63,172,156.15,0.2,480.83,0.3
2026-02-07,Chennai,Bakery,39489.67,210,188.44,0.2,755.59,0.3
2026-02-07,Chennai,Meals,39636.81,108,366.24,0.2,755.59,0.3
2026-02-07,Pune,Coffee,72465.36,312,232.46,0.2,1298.24,0.3
2026-02-07,Pune,Tea,24803.1,157,158.38,0.2,432.75,0.3
2026-02-07,Pune,Bakery,34523.16,183,188.64,0.2,680.03,0.3
2026-02-07,Pune,Meals,34516.33,91,378.28,0.2,680.03,0.3
2026-02-08,Bengaluru,Coffee,135118.43,581,232.48,0.2,2453.16,0.3
2026-02-08,Bengaluru,Tea,44907.97,284,158.08,0.2,817.72,0.3
2026-02-08,Bengaluru,Bakery,66354.23,351,188.96,0.2,1284.99,0.3
2026-02-08,Bengaluru,Meals,63721.93,171,373.46,0.2,1284.99,0.3
2026-02-08,Mumbai,Coffee,109979.52,466,235.95,0.2,2020.25,0.3
2026-02-08,Mumbai,Tea,36433.73,231,157.89,0.2,673.42,0.3
2026-02-08,Mumbai,Bakery,53594.81,293,182.84,0.2,1058.22,0.3
2026-02-08,Mumbai,Meals,52322.65,140,374.92,0.2,1058.22,0.3
2026-02-08,Chennai,Coffee,75346.37,316,238.5,0.2,1443.03,0.3
2026-02-08,Chennai,Tea,25694.67,166,154.91,0.2,481.01,0.3
2026-02-08,Chennai,Bakery,38480.9,205,187.65,0.2,755.87,0.3
2026-02-08,Chennai,Meals,37470.71,100,373.52,0.2,755.87,0.3
2026-02-08,Pune,Coffee,69651.8,293,238.02,0.2,1298.73,0.3
2026-02-08,Pune,Tea,23403.15,149,156.91,0.2,432.91,0.3
2026-02-08,Pune,Bakery,34524.87,188,183.76,0.2,680.29,0.3
2026-02-08,Pune,Meals,31416.27,85,371.22,0.2,680.29,0.3
2026-02-09,Bengaluru,Coffee,102782.12,434,237.01,0.2,2454.08,0.1
2026-02-09,Bengaluru,Tea,33660.87,213,157.77,0.2,818.03,0.1
2026-02-09,Bengaluru,Bakery,47392.52,253,187.53,0.2,1285.47,0.1
2026-02-09,Bengaluru,Meals,47371.41,129,366.11,0.2,1285.47,0.1
2026-02-09,Mumbai,Coffee,81520.63,345,236.39,0.2,2021.01,0.1
2026-02-09,Mumbai,Tea,28760.24,185,155.43,0.2,673.67,0.1
2026-02-09,Mumbai,Bakery,40645.37,219,185.78,0.2,1058.62,0.1
2026-02-09,Mumbai,Meals,39668.51,105,377.15,0.2,1058.62,0.1
2026-02-09,Chennai,Coffee,58459.8,253,230.64,0.2,1443.58,0.1
2026-02-09,Chennai,Tea,20129.39,130,154.32,0.2,481.19,0.1
2026-02-09,Chennai,Bakery,29342.26,160,182.89,0.2,756.16,0.1
2026-02-09,Chennai,Meals,28652.39,77,369.92,0.2,756.16,0.1
2026-02-09,Pune,Coffee,50828.42,219,232.31,0.2,1299.22,0.1
2026-02-09,Pune,Tea,17808.65,116,153.37,0.2,433.07,0.1
2026-02-09,Pune,Bakery,25922.58,137,188.63,0.2,680.54,0.1
2026-02-09,Pune,Meals,26489.38,72,366.59,0.2,680.54,0.1
2026-02-10,Bengaluru,Coffee,100703.29,419,240.09,1.3,2464.61,0.2
2026-02-10,Bengaluru,Tea,34085.05,211,161.88,1.3,821.54,0.2
2026-02-10,Bengaluru,Bakery,49210.91,256,192.02,1.3,1290.99,0.2
2026-02-10,Bengaluru,Meals,50825.78,137,371.55,1.3,1290.99,0.2
2026-02-10,Mumbai,Coffee,83443.35,346,240.84,1.3,2029.68,0.2
2026-02-10,Mumbai,Tea,27837.3,177,157.19,1.3,676.56,0.2
2026-02-10,Mumbai,Bakery,39822.42,209,190.97,1.3,1063.16,0.2
2026-02-10,Mumbai,Meals,42127.61,112,375.66,1.3,1063.16,0.2
2026-02-10,Chennai,Coffee,60154.29,254,236.55,1.3,1449.77,0.2
2026-02-10,Chennai,Tea,19471.88,125,155.99,1.3,483.26,0.2
2026-02-10,Chennai,Bakery,29170.02,155,188.49,1.3,759.4,0.2
2026-02-10,Chennai,Meals,28924.33,77,374.78,1.3,759.4,0.2
2026-02-10,Pune,Coffee,53197.61,221,241.25,1.3,1304.79,0.2
2026-02-10,Pune,Tea,18140.2,115,157.89,1.3,434.93,0.2
2026-02-10,Pune,Bakery,26111.69,140,186.65,1.3,683.46,0.2
2026-02-10,Pune,Meals,26150.12,68,384.05,1.3,683.46,0.2
2026-02-11,Bengaluru,Coffee,110796.89,457,242.47,1.3,2465.54,0.4
2026-02-11,Bengaluru,Tea,37237.34,238,156.56,1.3,821.85,0.4
2026-02-11,Bengaluru,Bakery,56638.52,299,189.72,1.3,1291.47,0.4
2026-02-11,Bengaluru,Meals,56312.73,148,379.37,1.3,1291.47,0.4
2026-02-11,Mumbai,Coffee,94792.44,401,236.22,1.3,2030.44,0.4
2026-02-11,Mumbai,Tea,32134.97,198,161.98,1.3,676.81,0.4
2026-02-11,Mumbai,Bakery,46719.73,251,186.46,1.3,1063.57,0.4
2026-02-11,Mumbai,Meals,47004.76,124,380.07,1.3,1063.57,0.4
2026-02-11,Chennai,Coffee,66534.3,283,235.1,1.3,1450.32,0.4
2026-02-11,Chennai,Tea,21494.3,134,160.52,1.3,483.44,0.4
2026-02-11,Chennai,Bakery,33258.16,176,189.23,1.3,759.69,0.4
2026-02-11,Chennai,Meals,33261.42,87,383.84,1.3,759.69,0.4
2026-02-11,Pune,Coffee,58668.76,250,234.6,1.3,1305.28,0.4
2026-02-11,Pune,Tea,20073.37,128,157.07,1.3,435.09,0.4
2026-02-11,Pune,Bakery,29137.97,153,190.51,1.3,683.72,0.4
2026-02-11,Pune,Meals,29691.41,80,370.68,1.3,683.72,0.4
2026-02-12,Bengaluru,Coffee,116430.28,486,239.67,1.3,2466.46,0.1
2026-02-12,Bengaluru,Tea,38895.76,240,161.87,1.3,822.15,0.1
2026-02-12,Bengaluru,Bakery,54320.94,292,185.86,1.3,1291.96,0.1
2026-02-12,Bengaluru,Meals,56381.84,150,376.52,1.3,1291.96,0.1
2026-02-12,Mumbai,Coffee,91742.06,389,235.77,1.3,2031.21,0.1
2026-02-12,Mumbai,Tea,32275.23,204,158.46,1.3,677.07,0.1
2026-02-12,Mumbai,Bakery,46381.2,241,192.51,1.3,1063.97,0.1
2026-02-12,Mumbai,Meals,47122.47,124,378.81,1.3,1063.97,0.1
2026-02-12,Chennai,Coffee,67499.63,281,240.28,1.3,1450.86,0.1
2026-02-12,Chennai,Tea,21846.32,139,157.73,1.3,483.62,0.1
2026-02-12,Chennai,Bakery,32405.92,169,191.66,1.3,759.98,0.1
2026-02-12,Chennai,Meals,34254.05,91,377.62,1.3,759.98,0.1
2026-02-12,Pune,Coffee,60661.65,254,238.73,1.3,1305.78,0.1
2026-02-12,Pune,Tea,20006.45,126,158.35,1.3,435.26,0.1
2026-02-12,Pune,Bakery,29072.02,151,192.44,1.3,683.98,0.1
2026-02-12,Pune,Meals,29557.11,78,379.48,1.3,683.98,0.1
2026-02-13,Bengaluru,Coffee,116680.23,497,234.84,1.3,2467.39,0.2
2026-02-13,Bengaluru,Tea,40324.0,249,162.1,1.3,822.46,0.2
2026-02-13,Bengaluru,Bakery,58258.53,304,191.96,1.3,1292.44,0.2
2026-02-13,Bengaluru,Meals,57069.39,149,384.08,1.3,1292.44,0.2
2026-02-13,Mumbai,Coffee,94746.18,394,240.39,1.3,2031.97,0.2
2026-02-13,Mumbai,Tea,32138.92,201,159.64,1.3,677.32,0.2
2026-02-13,Mumbai,Bakery,45827.03,238,192.25,1.3,1064.37,0.2
2026-02-13,Mumbai,Meals,47147.79,124,381.74,1.3,1064.37,0.2
2026-02-13,Chennai,Coffee,70317.67,298,236.24,1.3,1451.41,0.2
2026-02-13,Chennai,Tea,23331.7,147,158.19,1.3,483.8,0.2
2026-02-13,Chennai,Bakery,33422.51,177,189.23,1.3,760.26,0.2
2026-02-13,Chennai,Meals,33143.53,87,381.85,1.3,760.26,0.2
2026-02-13,Pune,Coffee,62520.75,259,241.54,1.3,1306.27,0.2
2026-02-13,Pune,Tea,20577.78,129,158.97,1.3,435.42,0.2
2026-02-13,Pune,Bakery,29301.32,158,185.8,1.3,684.23,0.2
2026-02-13,Pune,Meals,30706.22,82,376.24,1.3,684.23,0.2
2026-02-14,Bengaluru,Coffee,129170.45,544,237.54,1.3,2468.32,0.9
2026-02-14,Bengaluru,Tea,43315.32,270,160.49,1.3,822.77,0.9
2026-02-14,Bengaluru,Bakery,63979.92,334,191.55,1.3,1292.93,0.9
2026-02-14,Bengaluru,Meals,63729.75,166,382.78,1.3,1292.93,0.9
2026-02-14,Mumbai,Coffee,108828.67,452,240.53,1.3,2032.73,0.9
2026-02-14,Mumbai,Tea,35433.9,222,159.34,1.3,677.58,0.9
2026-02-14,Mumbai,Bakery,51855.76,271,191.43,1.3,1064.77,0.9
2026-02-14,Mumbai,Meals,52751.43,141,373.81,1.3,1064.77,0.9
2026-02-14,Chennai,Coffee,75159.91,321,234.41,1.3,1451.95,0.9
2026-02-14,Chennai,Tea,25985.86,167,156.02,1.3,483.98,0.9
2026-02-14,Chennai,Bakery,37535.54,202,186.28,1.3,760.55,0.9
2026-02-14,Chennai,Meals,37826.33,101,375.92,1.3,760.55,0.9
2026-02-14,Pune,Coffee,68188.71,280,243.27,1.3,1306.76,0.9
2026-02-14,Pune,Tea,22762.82,142,160.32,1.3,435.59,0.9
2026-02-14,Pune,Bakery,34355.24,184,186.24,1.3,684.49,0.9
2026-02-14,Pune,Meals,33659.72,89,378.7,1.3,684.49,0.9
2026-02-15,Bengaluru,Coffee,129077.27,535,241.04,1.3,2469.25,0.8
2026-02-15,Bengaluru,Tea,43202.21,269,160.54,1.3,823.08,0.8
2026-02-15,Bengaluru,Bakery,63337.66,335,189.21,1.3,1293.42,0.8
2026-02-15,Bengaluru,Meals,61868.03,162,380.86,1.3,1293.42,0.8
2026-02-15,Mumbai,Coffee,97909.3,403,242.74,1.3,2033.5,0.8
2026-02-15,Mumbai,Tea,35275.64,218,161.68,1.3,677.83,0.8
2026-02-15,Mumbai,Bakery,53303.87,288,185.27,1.3,1065.17,0.8
2026-02-15,Mumbai,Meals,51160.35,136,375.34,1.3,1065.17,0.8
2026-02-15,Chennai,Coffee,75571.31,316,238.85,1.3,1452.5,0.8
2026-02-15,Chennai,Tea,24890.77,157,158.51,1.3,484.17,0.8
2026-02-15,Chennai,Bakery,36819.39,193,190.86,1.3,760.83,0.8
2026-02-15,Chennai,Meals,37319.44,97,382.91,1.3,760.83,0.8
2026-02-15,Pune,Coffee,68105.71,287,236.97,1.3,1307.25,0.8
2026-02-15,Pune,Tea,22181.96,139,159.39,1.3,435.75,0.8
2026-02-15,Pune,Bakery,32946.14,175,187.89,1.3,684.75,0.8
2026-02-15,Pune,Meals,33599.76,91,370.73,1.3,684.75,0.8
2026-02-16,Bengaluru,Coffee,100440.18,429,234.2,1.3,2470.17,0.0
2026-02-16,Bengaluru,Tea,34500.78,219,157.74,1.3,823.39,0.0
2026-02-16,Bengaluru,Bakery,50083.03,263,190.66,1.3,1293.9,0.0
2026-02-16,Bengaluru,Meals,51922.76,138,376.03,1.3,1293.9,0.0
2026-02-16,Mumbai,Coffee,86053.06,361,238.62,1.3,2034.26,0.0
2026-02-16,Mumbai,Tea,29031.62,181,160.53,1.3,678.09,0.0
2026-02-16,Mumbai,Bakery,42554.51,225,189.17,1.3,1065.57,0.0
2026-02-16,Mumbai,Meals,43600.28,114,381.94,1.3,1065.57,0.0
2026-02-16,Chennai,Coffee,60725.07,257,236.5,1.3,1453.04,0.0
2026-02-16,Chennai,Tea,20887.67,131,159.04,1.3,484.35,0.0
2026-02-16,Chennai,Bakery,29851.94,160,186.22,1.3,761.12,0.0
2026-02-16,Chennai,Meals,31587.26,84,377.22,1.3,761.12,0.0
2026-02-16,Pune,Coffee,55915.78,231,242.31,1.3,1307.74,0.0
2026-02-16,Pune,Tea,18531.12,118,156.61,1.3,435.91,0.0
2026-02-16,Pune,Bakery,28380.78,149,190.07,1.3,685.01,0.0
2026-02-16,Pune,Meals,28328.08,76,371.73,1.3,685.01,0.0
2026-02-17,Bengaluru,Coffee,104958.72,438,239.65,0.8,2624.43,0.5
2026-02-17,Bengaluru,Tea,34672.0,217,159.77,0.8,874.81,0.5
2026-02-17,Bengaluru,Bakery,52625.11,286,184.0,0.8,1374.7,0.5
2026-02-17,Bengaluru,Meals,54486.64,147,371.2,0.8,1374.7,0.5
2026-02-17,Mumbai,Coffee,85691.76,367,233.43,0.8,2161.29,0.5
2026-02-17,Mumbai,Tea,29164.73,185,158.02,0.8,720.43,0.5
2026-02-17,Mumbai,Bakery,43100.85,229,187.9,0.8,1132.11,0.5
2026-02-17,Mumbai,Meals,41739.83,110,380.57,0.8,1132.11,0.5
2026-02-17,Chennai,Coffee,62569.86,265,236.55,0.8,1543.78,0.5
2026-02-17,Chennai,Tea,21092.97,133,158.69,0.8,514.59,0.5
2026-02-17,Chennai,Bakery,31389.25,167,188.05,0.8,808.65,0.5
2026-02-17,Chennai,Meals,30153.3,80,376.07,0.8,808.65,0.5
2026-02-17,Pune,Coffee,55063.92,230,238.92,0.8,1389.4,0.5
2026-02-17,Pune,Tea,18174.31,114,158.91,0.8,463.13,0.5
2026-02-17,Pune,Bakery,28367.87,151,187.29,0.8,727.78,0.5
2026-02-17,Pune,Meals,28491.51,77,369.97,0.8,727.78,0.5
2026-02-18,Bengaluru,Coffee,107468.8,458,234.4,0.8,2625.41,0.1
2026-02-18,Bengaluru,Tea,34162.57,219,156.14,0.8,875.14,0.1
2026-02-18,Bengaluru,Bakery,53296.16,287,185.55,0.8,1375.22,0.1
2026-02-18,Bengaluru,Meals,52276.95,138,380.05,0.8,1375.22,0.1
2026-02-18,Mumbai,Coffee,87492.2,371,235.68,0.8,2162.1,0.1
2026-02-18,Mumbai,Tea,28156.5,178,158.33,0.8,720.7,0.1
2026-02-18,Mumbai,Bakery,42631.32,224,190.23,0.8,1132.53,0.1
2026-02-18,Mumbai,Meals,42700.27,116,367.68,0.8,1132.53,0.1
2026-02-18,Chennai,Coffee,61086.13,260,235.32,0.8,1544.36,0.1
2026-02-18,Chennai,Tea,21473.96,134,159.72,0.8,514.79,0.1
2026-02-18,Chennai,Bakery,30359.86,161,188.16,0.8,808.95,0.1
2026-02-18,Chennai,Meals,29807.44,80,371.55,0.8,808.95,0.1
2026-02-18,Pune,Coffee,57587.52,242,237.53,0.8,1389.92,0.1
2026-02-18,Pune,Tea,17865.15,111,160.58,0.8,463.31,0.1
2026-02-18,Pune,Bakery,28211.95,149,188.86,0.8,728.06,0.1
2026-02-18,Pune,Meals,26606.85,71,375.04,0.8,728.06,0.1
2026-02-19,Bengaluru,Coffee,112053.11,478,234.55,0.8,2626.4,0.1
2026-02-19,Bengaluru,Tea,36965.27,232,159.34,0.8,875.47,0.1
2026-02-19,Bengaluru,Bakery,56936.44,301,189.3,0.8,1375.73,0.1
2026-02-19,Bengaluru,Meals,56204.77,149,377.27,0.8,1375.73,0.1
2026-02-19,Mumbai,Coffee,94094.67,404,232.96,0.8,2162.91,0.1
2026-02-19,Mumbai,Tea,30906.84,198,156.19,0.8,720.97,0.1
2026-02-19,Mumbai,Bakery,45835.91,244,187.69,0.8,1132.96,0.1
2026-02-19,Mumbai,Meals,45585.98,124,367.47,0.8,1132.96,0.1
2026-02-19,Chennai,Coffee,64281.8,274,234.78,0.8,1544.94,0.1
2026-02-19,Chennai,Tea,21800.98,139,156.86,0.8,514.98,0.1
2026-02-19,Chennai,Bakery,33983.52,185,183.95,0.8,809.25,0.1
2026-02-19,Chennai,Meals,34079.43,91,374.49,0.8,809.25,0.1
2026-02-19,Pune,Coffee,58468.47,252,231.65,0.8,1390.44,0.1
2026-02-19,Pune,Tea,20421.93,128,159.34,0.8,463.48,0.1
2026-02-19,Pune,Bakery,29573.48,156,189.45,0.8,728.33,0.1
2026-02-19,Pune,Meals,30638.93,82,373.41,0.8,728.33,0.1
2026-02-20,Bengaluru,Coffee,119547.68,501,238.38,0.8,2627.38,1.0
2026-02-20,Bengaluru,Tea,39067.28,244,160.11,0.8,875.79,1.0
2026-02-20,Bengaluru,Bakery,58100.05,316,183.97,0.8,1376.25,1.0
2026-02-20,Bengaluru,Meals,58531.09,157,372.16,0.8,1376.25,1.0
2026-02-20,Mumbai,Coffee,93524.68,393,238.15,0.8,2163.73,1.0
2026-02-20,Mumbai,Tea,32787.58,206,158.9,0.8,721.24,1.0
2026-02-20,Mumbai,Bakery,47176.33,253,186.57,0.8,1133.38,1.0
2026-02-20,Mumbai,Meals,48212.28,128,376.25,0.8,1133.38,1.0
2026-02-20,Chennai,Coffee,68373.26,293,233.62,0.8,1545.52,1.0
2026-02-20,Chennai,Tea,23576.15,151,156.25,0.8,515.17,1.0
2026-02-20,Chennai,Bakery,34932.72,187,186.56,0.8,809.56,1.0
2026-02-20,Chennai,Meals,33459.65,89,376.53,0.8,809.56,1.0
2026-02-20,Pune,Coffee,60442.75,252,239.55,0.8,1390.97,1.0
2026-02-20,Pune,Tea,19972.26,125,159.48,0.8,463.66,1.0
2026-02-20,Pune,Bakery,31209.64,168,185.8,0.8,728.6,1.0
2026-02-20,Pune,Meals,30665.31,82,372.44,0.8,728.6,1.0
2026-02-21,Bengaluru,Coffee,133915.08,560,239.14,0.8,2628.37,1.2
2026-02-21,Bengaluru,Tea,43957.0,276,159.27,0.8,876.12,1.2
2026-02-21,Bengaluru,Bakery,66487.37,349,190.27,0.8,1376.76,1.2
2026-02-21,Bengaluru,Meals,64117.74,173,369.6,0.8,1376.76,1.2
2026-02-21,Mumbai,Coffee,108005.66,453,238.36,0.8,2164.54,1.2
2026-02-21,Mumbai,Tea,36220.4,230,157.77,0.8,721.51,1.2
2026-02-21,Mumbai,Bakery,53399.41,283,188.67,0.8,1133.8,1.2
2026-02-21,Mumbai,Meals,54927.38,145,377.82,0.8,1133.8,1.2
2026-02-21,Chennai,Coffee,76227.18,323,235.96,0.8,1546.1,1.2
2026-02-21,Chennai,Tea,25434.98,164,155.12,0.8,515.37,1.2
2026-02-21,Chennai,Bakery,39258.9,207,189.77,0.8,809.86,1.2
2026-02-21,Chennai,Meals,37997.76,101,377.24,0.8,809.86,1.2
2026-02-21,Pune,Coffee,68110.01,289,235.9,0.8,1391.49,1.2
2026-02-21,Pune,Tea,24112.08,153,157.98,0.8,463.83,1.2
2026-02-21,Pune,Bakery,35154.07,186,188.87,0.8,728.87,1.2
2026-02-21,Pune,Meals,35669.57,96,371.48,0.8,728.87,1.2
2026-02-22,Bengaluru,Coffee,124709.5,536,232.8,0.8,2629.35,0.3
2026-02-22,Bengaluru,Tea,39784.9,251,158.8,0.8,876.45,0.3
2026-02-22,Bengaluru,Bakery,60414.25,329,183.54,0.8,1377.28,0.3
2026-02-22,Bengaluru,Meals,62942.03,165,381.34,0.8,1377.28,0.3
2026-02-22,Mumbai,Coffee,101745.41,431,236.2,0.8,2165.35,0.3
2026-02-22,Mumbai,Tea,33189.15,209,158.83,0.8,721.78,0.3
2026-02-22,Mumbai,Bakery,51612.93,279,184.73,0.8,1134.23,0.3
2026-02-22,Mumbai,Meals,51840.23,141,368.89,0.8,1134.23,0.3
2026-02-22,Chennai,Coffee,70413.96,303,232.65,0.8,1546.68,0.3
2026-02-22,Chennai,Tea,24070.55,151,159.38,0.8,515.56,0.3
2026-02-22,Chennai,Bakery,36178.73,196,184.29,0.8,810.16,0.3
2026-02-22,Chennai,Meals,36993.58,99,373.75,0.8,810.16,0.3
2026-02-22,Pune,Coffee,65849.65,276,238.6,0.8,1392.01,0.3
2026-02-22,Pune,Tea,21744.96,139,156.56,0.8,464.0,0.3
2026-02-22,Pune,Bakery,33987.03,184,184.6,0.8,729.15,0.3
2026-02-22,Pune,Meals,31971.01,84,378.99,0.8,729.15,0.3
2026-02-23,Bengaluru,Coffee,89501.27,379,235.84,0.8,2630.34,0.1
2026-02-23,Bengaluru,Tea,29352.88,183,160.37,0.8,876.78,0.1
2026-02-23,Bengaluru,Bakery,45915.01,248,185.05,0.8,1377.8,0.1
2026-02-23,Bengaluru,Meals,45584.98,120,378.87,0.8,1377.8,0.1
2026-02-23,Mumbai,Coffee,76138.64,318,239.12,0.8,2166.16,0.1
2026-02-23,Mumbai,Tea,25386.49,158,160.2,0.8,722.05,0.1
2026-02-23,Mumbai,Bakery,37543.37,202,186.09,0.8,1134.65,0.1
2026-02-23,Mumbai,Meals,38297.78,104,368.74,0.8,1134.65,0.1
2026-02-23,Chennai,Coffee,54918.82,237,231.61,0.8,1547.26,0.1
2026-02-23,Chennai,Tea,17750.43,113,157.58,0.8,515.75,0.1
2026-02-23,Chennai,Bakery,26060.56,142,183.55,0.8,810.47,0.1
2026-02-23,Chennai,Meals,27060.53,71,380.96,0.8,810.47,0.1
2026-02-23,Pune,Coffee,47049.84,199,236.71,0.8,1392.53,0.1
2026-02-23,Pune,Tea,15924.32,101,158.2,0.8,464.18,0.1
2026-02-23,Pune,Bakery,23640.38,126,187.22,0.8,729.42,0.1
2026-02-23,Pune,Meals,23882.77,63,378.31,0.8,729.42,0.1
2026-02-24,Bengaluru,Coffee,103824.07,442,234.67,0.0,2594.16,0.1
2026-02-24,Bengaluru,Tea,36073.24,228,158.38,0.0,864.72,0.1
2026-02-24,Bengaluru,Bakery,52663.34,285,184.9,0.0,1358.85,0.1
2026-02-24,Bengaluru,Meals,55324.27,149,372.39,0.0,1358.85,0.1
2026-02-24,Mumbai,Coffee,87650.72,366,239.67,0.0,2136.37,0.1
2026-02-24,Mumbai,Tea,28610.93,178,160.99,0.0,712.12,0.1
2026-02-24,Mumbai,Bakery,44476.67,237,187.7,0.0,1119.05,0.1
2026-02-24,Mumbai,Meals,42920.36,114,376.68,0.0,1119.05,0.1
2026-02-24,Chennai,Coffee,63673.17,267,238.57,0.0,1525.98,0.1
2026-02-24,Chennai,Tea,20290.89,129,157.46,0.0,508.66,0.1
2026-02-24,Chennai,Bakery,31815.55,166,191.2,0.0,799.32,0.1
2026-02-24,Chennai,Meals,31031.36,82,378.48,0.0,799.32,0.1
2026-02-24,Pune,Coffee,56769.68,243,233.34,0.0,1373.38,0.1
2026-02-24,Pune,Tea,18834.86,117,160.61,0.0,457.79,0.1
2026-02-24,Pune,Bakery,27644.1,147,187.86,0.0,719.39,0.1
2026-02-24,Pune,Meals,28828.84,76,378.6,0.0,719.39,0.1
2026-02-25,Bengaluru,Coffee,99582.99,412,241.76,0.0,2595.13,0.2
2026-02-25,Bengaluru,Tea,33571.69,211,158.83,0.0,865.04,0.2
2026-02-25,Bengaluru,Bakery,51023.3,276,184.72,0.0,1359.36,0.2
2026-02-25,Bengaluru,Meals,51846.41,139,374.15,0.0,1359.36,0.2
2026-02-25,Mumbai,Coffee,79858.49,337,237.15,0.0,2137.17,0.2
2026-02-25,Mumbai,Tea,27978.71,177,157.82,0.0,712.39,0.2
2026-02-25,Mumbai,Bakery,41611.28,223,186.81,0.0,1119.47,0.2
2026-02-25,Mumbai,Meals,42975.85,115,372.98,0.0,1119.47,0.2
2026-02-25,Chennai,Coffee,57318.31,237,241.36,0.0,1526.55,0.2
2026-02-25,Chennai,Tea,19658.99,126,155.74,0.0,508.85,0.2
2026-02-25,Chennai,Bakery,29651.81,160,185.7,0.0,799.62,0.2
2026-02-25,Chennai,Meals,29538.68,80,370.18,0.0,799.62,0.2
2026-02-25,Pune,Coffee,52528.67,223,235.13,0.0,1373.89,0.2
2026-02-25,Pune,Tea,17121.81,110,155.98,0.0,457.96,0.2
2026-02-25,Pune,Bakery,27424.62,145,189.0,0.0,719.66,0.2
2026-02-25,Pune,Meals,27584.19,73,377.03,0.0,719.66,0.2
2026-02-26,Bengaluru,Coffee,109047.11,457,238.4,0.0,2596.11,0.1
2026-02-26,Bengaluru,Tea,36666.17,231,158.39,0.0,865.37,0.1
2026-02-26,Bengaluru,Bakery,56423.1,294,191.98,0.0,1359.87,0.1
2026-02-26,Bengaluru,Meals,54466.95,145,375.19,0.0,1359.87,0.1
2026-02-26,Mumbai,Coffee,91356.28,379,241.0,0.0,2137.97,0.1
2026-02-26,Mumbai,Tea,29686.59,190,156.17,0.0,712.66,0.1
2026-02-26,Mumbai,Bakery,45871.74,245,187.34,0.0,1119.89,0.1
2026-02-26,Mumbai,Meals,44823.7,119,377.0,0.0,1119.89,0.1
2026-02-26,Chennai,Coffee,63769.03,269,236.65,0.0,1527.12,0.1
2026-02-26,Chennai,Tea,21172.83,134,157.73,0.0,509.04,0.1
2026-02-26,Chennai,Bakery,33898.15,180,188.59,0.0,799.92,0.1
2026-02-26,Chennai,Meals,32815.31,87,375.72,0.0,799.92,0.1
2026-02-26,Pune,Coffee,58389.19,241,242.08,0.0,1374.41,0.1
2026-02-26,Pune,Tea,19449.27,122,159.48,0.0,458.14,0.1
2026-02-26,Pune,Bakery,29470.28,157,188.29,0.0,719.93,0.1
2026-02-26,Pune,Meals,29669.78,78,380.79,0.0,719.93,0.1
2026-02-27,Bengaluru,Coffee,116375.67,480,242.36,0.0,2597.08,0.1
2026-02-27,Bengaluru,Tea,38331.76,246,156.08,0.0,865.69,0.1
2026-02-27,Bengaluru,Bakery,60731.67,328,185.41,0.0,1360.37,0.1
2026-02-27,Bengaluru,Meals,60294.35,158,381.02,0.0,1360.37,0.1
2026-02-27,Mumbai,Coffee,94193.17,391,241.05,0.0,2138.77,0.1
2026-02-27,Mumbai,Tea,32917.27,209,157.86,0.0,712.92,0.1
2026-02-27,Mumbai,Bakery,47336.17,256,185.23,0.0,1120.31,0.1
2026-02-27,Mumbai,Meals,49558.09,129,384.26,0.0,1120.31,0.1
2026-02-27,Chennai,Coffee,67125.35,279,240.75,0.0,1527.69,0.1
2026-02-27,Chennai,Tea,22252.87,138,160.68,0.0,509.23,0.1
2026-02-27,Chennai,Bakery,35624.62,186,191.95,0.0,800.22,0.1
2026-02-27,Chennai,Meals,34178.1,91,375.28,0.0,800.22,0.1
2026-02-27,Pune,Coffee,62901.43,263,239.25,0.0,1374.92,0.1
2026-02-27,Pune,Tea,20206.4,126,160.07,0.0,458.31,0.1
2026-02-27,Pune,Bakery,30959.81,164,188.82,0.0,720.2,0.1
2026-02-27,Pune,Meals,30913.32,81,381.83,0.0,720.2,0.1
2026-02-28,Bengaluru,Coffee,121152.6,519,233.43,0.0,2598.05,1.6
2026-02-28,Bengaluru,Tea,40533.66,255,159.03,0.0,866.02,1.6
2026-02-28,Bengaluru,Bakery,60573.32,325,186.27,0.0,1360.88,1.6
2026-02-28,Bengaluru,Meals,60440.96,159,379.68,0.0,1360.88,1.6
2026-02-28,Mumbai,Coffee,102741.95,427,240.74,0.0,2139.57,1.6
2026-02-28,Mumbai,Tea,33291.34,213,156.03,0.0,713.19,1.6
2026-02-28,Mumbai,Bakery,50614.77,269,187.97,0.0,1120.73,1.6
2026-02-28,Mumbai,Meals,50395.75,133,378.34,0.0,1120.73,1.6
2026-02-28,Chennai,Coffee,69995.36,300,233.68,0.0,1528.26,1.6
2026-02-28,Chennai,Tea,24139.3,151,159.95,0.0,509.42,1.6
2026-02-28,Chennai,Bakery,37385.74,197,189.85,0.0,800.52,1.6
2026-02-28,Chennai,Meals,36200.3,95,379.91,0.0,800.52,1.6
2026-02-28,Pune,Coffee,64820.87,278,233.34,0.0,1375.44,1.6
2026-02-28,Pune,Tea,21730.76,137,158.84,0.0,458.48,1.6
2026-02-28,Pune,Bakery,32767.09,171,191.86,0.0,720.47,1.6
2026-02-28,Pune,Meals,33347.39,89,375.98,0.0,720.47,1.6
2026-03-01,Bengaluru,Coffee,118571.35,492,240.98,0.0,2599.02,0.3
2026-03-01,Bengaluru,Tea,39081.88,250,156.49,0.0,866.34,0.3
2026-03-01,Bengaluru,Bakery,60069.44,324,185.52,0.0,1361.39,0.3
2026-03-01,Bengaluru,Meals,57396.6,150,381.55,0.0,1361.39,0.3
2026-03-01,Mumbai,Coffee,93555.82,388,241.21,0.0,2140.37,0.3
2026-03-01,Mumbai,Tea,31294.99,194,161.15,0.0,713.46,0.3
2026-03-01,Mumbai,Bakery,48165.68,254,189.54,0.0,1121.15,0.3
2026-03-01,Mumbai,Meals,50144.13,131,381.89,0.0,1121.15,0.3
2026-03-01,Chennai,Coffee,71558.06,299,239.72,0.0,1528.83,0.3
2026-03-01,Chennai,Tea,22981.16,144,159.95,0.0,509.61,0.3
2026-03-01,Chennai,Bakery,34284.96,182,188.81,0.0,800.82,0.3
2026-03-01,Chennai,Meals,34888.22,94,372.73,0.0,800.82,0.3
2026-03-01,Pune,Coffee,61785.24,255,242.42,0.0,1375.95,0.3
2026-03-01,Pune,Tea,20292.21,129,157.15,0.0,458.65,0.3
2026-03-01,Pune,Bakery,31512.31,170,184.93,0.0,720.74,0.3
2026-03-01,Pune,Meals,30577.96,80,380.38,0.0,720.74,0.3
2026-03-02,Bengaluru,Coffee,101805.43,435,233.86,0.0,2599.99,0.1
2026-03-02,Bengaluru,Tea,34270.49,214,160.07,0.0,866.66,0.1
2026-03-02,Bengaluru,Bakery,52456.92,283,185.05,0.0,1361.9,0.1
2026-03-02,Bengaluru,Meals,52282.77,138,377.62,0.0,1361.9,0.1
2026-03-02,Mumbai,Coffee,85074.34,353,241.01,0.0,2141.17,0.1
2026-03-02,Mumbai,Tea,27822.55,177,157.1,0.0,713.72,0.1
2026-03-02,Mumbai,Bakery,43497.1,228,191.15,0.0,1121.56,0.1
2026-03-02,Mumbai,Meals,40848.64,106,384.46,0.0,1121.56,0.1
2026-03-02,Chennai,Coffee,61045.88,256,238.36,0.0,1529.41,0.1
2026-03-02,Chennai,Tea,20240.97,127,159.92,0.0,509.8,0.1
2026-03-02,Chennai,Bakery,32004.96,171,187.67,0.0,801.12,0.1
2026-03-02,Chennai,Meals,30829.85,81,379.98,0.0,801.12,0.1
2026-03-02,Pune,Coffee,55167.03,234,235.75,0.0,1376.47,0.1
2026-03-02,Pune,Tea,18498.71,115,161.44,0.0,458.82,0.1
2026-03-02,Pune,Bakery,27015.05,144,187.76,0.0,721.01,0.1
2026-03-02,Pune,Meals,27884.42,75,373.36,0.0,721.01,0.1
2026-03-03,Bengaluru,Coffee,95334.66,392,243.02,0.0,2586.35,0.1
2026-03-03,Bengaluru,Tea,33075.21,212,156.34,0.0,862.12,0.1
2026-03-03,Bengaluru,Bakery,50762.71,272,186.74,0.0,1354.75,0.1
2026-03-03,Bengaluru,Meals,50483.24,135,373.58,0.0,1354.75,0.1
2026-03-03,Mumbai,Coffee,82021.1,350,234.55,0.0,2129.93,0.1
2026-03-03,Mumbai,Tea,27277.68,171,159.53,0.0,709.98,0.1
2026-03-03,Mumbai,Bakery,40391.66,213,190.03,0.0,1115.68,0.1
2026-03-03,Mumbai,Meals,41855.09,109,385.24,0.0,1115.68,0.1
2026-03-03,Chennai,Coffee,56531.63,234,241.48,0.0,1521.38,0.1
2026-03-03,Chennai,Tea,19495.4,124,157.16,0.0,507.13,0.1
2026-03-03,Chennai,Bakery,29471.44,155,190.12,0.0,796.91,0.1
2026-03-03,Chennai,Meals,31251.93,82,380.28,0.0,796.91,0.1
2026-03-03,Pune,Coffee,53525.45,225,237.38,0.0,1369.24,0.1
2026-03-03,Pune,Tea,17273.8,108,160.39,0.0,456.41,0.1
2026-03-03,Pune,Bakery,26584.89,141,189.07,0.0,717.22,0.1
2026-03-03,Pune,Meals,26604.54,72,371.39,0.0,717.22,0.1
2026-03-04,Bengaluru,Coffee,106934.11,442,241.8,0.0,2587.31,1.0
2026-03-04,Bengaluru,Tea,34050.18,210,162.41,0.0,862.44,1.0
2026-03-04,Bengaluru,Bakery,53467.48,280,191.25,0.0,1355.26,1.0
2026-03-04,Bengaluru,Meals,54531.76,142,383.52,0.0,1355.26,1.0
2026-03-04,Mumbai,Coffee,85848.21,359,239.08,0.0,2130.73,1.0
2026-03-04,Mumbai,Tea,28993.01,180,160.72,0.0,710.24,1.0
2026-03-04,Mumbai,Bakery,43392.61,228,190.5,0.0,1116.1,1.0
2026-03-04,Mumbai,Meals,44184.47,116,380.57,0.0,1116.1,1.0
2026-03-04,Chennai,Coffee,63933.96,267,239.75,0.0,1521.95,1.0
2026-03-04,Chennai,Tea,20232.63,125,162.0,0.0,507.32,1.0
2026-03-04,Chennai,Bakery,31312.67,166,188.69,0.0,797.21,1.0
2026-03-04,Chennai,Meals,31743.76,83,381.42,0.0,797.21,1.0
2026-03-04,Pune,Coffee,53634.04,224,239.9,0.0,1369.75,1.0
2026-03-04,Pune,Tea,18000.9,114,158.1,0.0,456.58,1.0
2026-03-04,Pune,Bakery,28265.91,150,188.93,0.0,717.49,1.0
2026-03-04,Pune,Meals,28631.28,76,375.21,0.0,717.49,1.0
2026-03-05,Bengaluru,Coffee,107008.98,444,241.17,0.0,2588.28,0.3
2026-03-05,Bengaluru,Tea,35761.23,222,161.44,0.0,862.76,0.3
2026-03-05,Bengaluru,Bakery,53130.09,276,192.46,0.0,1355.77,0.3
2026-03-05,Bengaluru,Meals,52974.48,140,378.15,0.0,1355.77,0.3
2026-03-05,Mumbai,Coffee,83520.6,356,234.51,0.0,2131.52,0.3
2026-03-05,Mumbai,Tea,28506.69,181,157.92,0.0,710.51,0.3
2026-03-05,Mumbai,Bakery,44321.64,239,185.58,0.0,1116.51,0.3
2026-03-05,Mumbai,Meals,43861.08,118,371.89,0.0,1116.51,0.3
2026-03-05,Chennai,Coffee,61948.98,260,237.94,0.0,1522.52,0.3
2026-03-05,Chennai,Tea,20665.26,130,158.5,0.0,507.51,0.3
2026-03-05,Chennai,Bakery,32752.89,172,190.82,0.0,797.51,0.3
2026-03-05,Chennai,Meals,31990.95,83,385.0,0.0,797.51,0.3
2026-03-05,Pune,Coffee,55248.63,233,237.13,0.0,1370.27,0.3
2026-03-05,Pune,Tea,18781.59,116,161.45,0.0,456.76,0.3
2026-03-05,Pune,Bakery,28508.21,153,186.23,0.0,717.76,0.3
2026-03-05,Pune,Meals,27802.78,73,383.04,0.0,717.76,0.3
2026-03-06,Bengaluru,Coffee,114708.48,483,237.39,0.0,2589.25,0.1
2026-03-06,Bengaluru,Tea,38440.75,243,157.96,0.0,863.08,0.1
2026-03-06,Bengaluru,Bakery,59724.14,318,187.67,0.0,1356.27,0.1
2026-03-06,Bengaluru,Meals,57450.97,154,372.58,0.0,1356.27,0.1
2026-03-06,Mumbai,Coffee,94911.73,398,238.53,0.0,2132.32,0.1
2026-03-06,Mumbai,Tea,32022.65,197,162.29,0.0,710.77,0.1
2026-03-06,Mumbai,Bakery,48604.8,256,189.69,0.0,1116.93,0.1
2026-03-06,Mumbai,Meals,48291.23,126,381.84,0.0,1116.93,0.1
2026-03-06,Chennai,Coffee,68874.86,283,243.71,0.0,1523.09,0.1
2026-03-06,Chennai,Tea,22605.71,145,156.23,0.0,507.7,0.1
2026-03-06,Chennai,Bakery,35176.86,186,189.02,0.0,797.81,0.1
2026-03-06,Chennai,Meals,35149.4,92,382.37,0.0,797.81,0.1
2026-03-06,Pune,Coffee,62264.33,262,237.29,0.0,1370.78,0.1
2026-03-06,Pune,Tea,20913.06,129,162.47,0.0,456.93,0.1
2026-03-06,Pune,Bakery,31548.81,164,192.86,0.0,718.03,0.1
2026-03-06,Pune,Meals,32729.44,85,385.52,0.0,718.03,0.1
2026-03-07,Bengaluru,Coffee,127518.33,530,240.45,0.0,2590.21,0.1
2026-03-07,Bengaluru,Tea,40832.21,253,161.38,0.0,863.4,0.1
2026-03-07,Bengaluru,Bakery,62706.16,327,191.76,0.0,1356.78,0.1
2026-03-07,Bengaluru,Meals,63965.78,171,374.97,0.0,1356.78,0.1
2026-03-07,Mumbai,Coffee,102405.82,420,243.72,0.0,2133.12,0.1
2026-03-07,Mumbai,Tea,33895.82,210,161.71,0.0,711.04,0.1
2026-03-07,Mumbai,Bakery,51874.4,276,188.16,0.0,1117.35,0.1
2026-03-07,Mumbai,Meals,53312.34,142,375.45,0.0,1117.35,0.1
2026-03-07,Chennai,Coffee,70867.88,293,241.94,0.0,1523.65,0.1
2026-03-07,Chennai,Tea,23833.34,147,161.68,0.0,507.88,0.1
2026-03-07,Chennai,Bakery,36834.01,198,186.34,0.0,798.1,0.1
2026-03-07,Chennai,Meals,36815.78,98,376.87,0.0,798.1,0.1
2026-03-07,Pune,Coffee,65957.78,277,237.69,0.0,1371.29,0.1
2026-03-07,Pune,Tea,21029.29,133,158.45,0.0,457.1,0.1
2026-03-07,Pune,Bakery,34608.17,184,188.16,0.0,718.29,0.1
2026-03-07,Pune,Meals,32688.91,85,383.05,0.0,718.29,0.1
2026-03-08,Bengaluru,Coffee,111920.8,462,242.29,0.0,2591.18,0.1
2026-03-08,Bengaluru,Tea,38532.93,244,157.64,0.0,863.73,0.1
2026-03-08,Bengaluru,Bakery,59311.81,314,188.73,0.0,1357.28,0.1
2026-03-08,Bengaluru,Meals,58478.74,152,385.35,0.0,1357.28,0.1
2026-03-08,Mumbai,Coffee,89481.66,378,237.01,0.0,2133.91,0.1
2026-03-08,Mumbai,Tea,30610.67,190,161.35,0.0,711.3,0.1
2026-03-08,Mumbai,Bakery,48539.28,258,187.91,0.0,1117.76,0.1
2026-03-08,Mumbai,Meals,47706.61,125,382.69,0.0,1117.76,0.1
2026-03-08,Chennai,Coffee,67928.1,288,236.04,0.0,1524.22,0.1
2026-03-08,Chennai,Tea,22038.71,140,157.65,0.0,508.07,0.1
2026-03-08,Chennai,Bakery,34305.47,184,186.07,0.0,798.4,0.1
2026-03-08,Chennai,Meals,32697.45,87,374.67,0.0,798.4,0.1
2026-03-08,Pune,Coffee,59218.71,251,236.28,0.0,1371.8,0.1
2026-03-08,Pune,Tea,19474.27,121,161.59,0.0,457.27,0.1
2026-03-08,Pune,Bakery,31960.59,166,191.98,0.0,718.56,0.1
2026-03-08,Pune,Meals,30799.96,81,379.7,0.0,718.56,0.1
2026-03-09,Bengaluru,Coffee,91351.59,377,242.27,0.0,2592.14,1.0
2026-03-09,Bengaluru,Tea,32005.65,204,156.89,0.0,864.05,1.0
2026-03-09,Bengaluru,Bakery,49556.88,265,187.24,0.0,1357.79,1.0
2026-03-09,Bengaluru,Meals,47099.18,123,382.08,0.0,1357.79,1.0
2026-03-09,Mumbai,Coffee,75672.88,315,240.2,0.0,2134.71,1.0
2026-03-09,Mumbai,Tea,26672.59,167,159.75,0.0,711.57,1.0
2026-03-09,Mumbai,Bakery,38775.67,204,190.15,0.0,1118.18,1.0
2026-03-09,Mumbai,Meals,40204.82,108,371.09,0.0,1118.18,1.0
2026-03-09,Chennai,Coffee,54162.75,227,239.01,0.0,1524.79,1.0
2026-03-09,Chennai,Tea,18664.02,118,158.49,0.0,508.26,1.0
2026-03-09,Chennai,Bakery,27452.92,144,190.14,0.0,798.7,1.0
2026-03-09,Chennai,Meals,27299.84,72,377.0,0.0,798.7,1.0
2026-03-09,Pune,Coffee,50303.41,210,239.28,0.0,1372.31,1.0
2026-03-09,Pune,Tea,16573.89,103,160.99,0.0,457.44,1.0
2026-03-09,Pune,Bakery,24995.81,135,185.59,0.0,718.83,1.0
2026-03-09,Pune,Meals,25776.52,69,375.4,0.0,718.83,1.0
2026-03-10,Bengaluru,Coffee,103814.28,444,233.8,3.7,2800.62,1.5
2026-03-10,Bengaluru,Tea,34323.81,219,157.03,3.7,933.54,1.5
2026-03-10,Bengaluru,Bakery,53996.14,283,190.97,3.7,1466.99,1.5
2026-03-10,Bengaluru,Meals,53759.32,145,370.36,3.7,1466.99,1.5
2026-03-10,Mumbai,Coffee,87042.3,362,240.35,3.7,2306.39,1.5
2026-03-10,Mumbai,Tea,27858.29,177,157.65,3.7,768.8,1.5
2026-03-10,Mumbai,Bakery,43864.05,232,189.31,3.7,1208.11,1.5
2026-03-10,Mumbai,Meals,45490.51,122,374.19,3.7,1208.11,1.5
2026-03-10,Chennai,Coffee,61131.73,257,238.04,3.7,1647.42,1.5
2026-03-10,Chennai,Tea,20484.05,127,161.41,3.7,549.14,1.5
2026-03-10,Chennai,Bakery,32602.57,177,184.69,3.7,862.94,1.5
2026-03-10,Chennai,Meals,32160.52,86,374.82,3.7,862.94,1.5
2026-03-10,Pune,Coffee,55450.58,235,235.64,3.7,1482.68,1.5
2026-03-10,Pune,Tea,18383.49,118,155.69,3.7,494.23,1.5
2026-03-10,Pune,Bakery,28809.41,155,185.94,3.7,776.64,1.5
2026-03-10,Pune,Meals,28250.18,75,374.99,3.7,776.64,1.5
2026-03-11,Bengaluru,Coffee,100164.99,429,233.27,3.7,2801.66,0.4
2026-03-11,Bengaluru,Tea,33618.14,212,158.41,3.7,933.89,0.4
2026-03-11,Bengaluru,Bakery,53052.13,278,190.64,3.7,1467.54,0.4
2026-03-11,Bengaluru,Meals,53676.38,142,379.08,3.7,1467.54,0.4
2026-03-11,Mumbai,Coffee,82264.19,344,238.97,3.7,2307.25,0.4
2026-03-11,Mumbai,Tea,28734.48,185,155.45,3.7,769.08,0.4
2026-03-11,Mumbai,Bakery,42862.52,229,187.34,3.7,1208.56,0.4
2026-03-11,Mumbai,Meals,41659.36,110,379.72,3.7,1208.56,0.4
2026-03-11,Chennai,Coffee,58466.05,246,237.65,3.7,1648.04,0.4
2026-03-11,Chennai,Tea,19790.55,125,158.4,3.7,549.35,0.4
2026-03-11,Chennai,Bakery,31219.5,169,184.42,3.7,863.26,0.4
2026-03-11,Chennai,Meals,30846.45,81,382.51,3.7,863.26,0.4
2026-03-11,Pune,Coffee,51721.02,215,240.42,3.7,1483.23,0.4
2026-03-11,Pune,Tea,18606.68,120,155.27,3.7,494.41,0.4
2026-03-11,Pune,Bakery,27819.01,147,189.3,3.7,776.93,0.4
2026-03-11,Pune,Meals,27122.09,71,383.38,3.7,776.93,0.4
2026-03-12,Bengaluru,Coffee,104875.47,450,233.16,3.7,2802.7,0.0
2026-03-12,Bengaluru,Tea,35878.99,225,159.38,3.7,934.23,0.0
2026-03-12,Bengaluru,Bakery,56013.22,298,187.89,3.7,1468.08,0.0
2026-03-12,Bengaluru,Meals,55718.63,149,374.28,3.7,1468.08,0.0
2026-03-12,Mumbai,Coffee,90135.18,375,240.14,3.7,2308.11,0.0
2026-03-12,Mumbai,Tea,30241.95,188,161.09,3.7,769.37,0.0
2026-03-12,Mumbai,Bakery,45484.07,244,186.44,3.7,1209.01,0.0
2026-03-12,Mumbai,Meals,45829.88,120,380.89,3.7,1209.01,0.0
2026-03-12,Chennai,Coffee,62602.23,266,235.69,3.7,1648.65,0.0
2026-03-12,Chennai,Tea,21393.55,134,159.9,3.7,549.55,0.0
2026-03-12,Chennai,Bakery,33088.98,175,189.17,3.7,863.58,0.0
2026-03-12,Chennai,Meals,32635.81,86,381.61,3.7,863.58,0.0
2026-03-12,Pune,Coffee,56638.9,234,242.09,3.7,1483.78,0.0
2026-03-12,Pune,Tea,19299.43,124,155.7,3.7,494.59,0.0
2026-03-12,Pune,Bakery,30053.7,162,186.09,3.7,777.22,0.0
2026-03-12,Pune,Meals,29677.0,80,369.68,3.7,777.22,0.0
2026-03-13,Bengaluru,Coffee,117468.16,492,238.92,3.7,2803.75,0.5
2026-03-13,Bengaluru,Tea,40792.12,256,159.1,3.7,934.58,0.5
2026-03-13,Bengaluru,Bakery,60354.46,325,185.54,3.7,1468.63,0.5
2026-03-13,Bengaluru,Meals,59739.8,161,371.11,3.7,1468.63,0.5
2026-03-13,Mumbai,Coffee,99391.97,423,235.14,3.7,2308.97,0.5
2026-03-13,Mumbai,Tea,32295.98,202,159.78,3.7,769.66,0.5
2026-03-13,Mumbai,Bakery,50850.14,275,184.94,3.7,1209.46,0.5
2026-03-13,Mumbai,Meals,47723.4,129,371.24,3.7,1209.46,0.5
2026-03-13,Chennai,Coffee,72380.55,308,235.04,3.7,1649.26,0.5
2026-03-13,Chennai,Tea,23102.33,144,160.65,3.7,549.75,0.5
2026-03-13,Chennai,Bakery,35501.24,191,185.42,3.7,863.9,0.5
2026-03-13,Chennai,Meals,36240.56,96,378.93,3.7,863.9,0.5
2026-03-13,Pune,Coffee,62847.78,263,239.4,3.7,1484.34,0.5
2026-03-13,Pune,Tea,20566.43,131,156.4,3.7,494.78,0.5
2026-03-13,Pune,Bakery,31670.78,167,189.49,3.7,777.51,0.5
2026-03-13,Pune,Meals,33009.72,87,378.12,3.7,777.51,0.5
2026-03-14,Bengaluru,Coffee,136392.0,579,235.75,3.7,2804.79,0.3
2026-03-14,Bengaluru,Tea,44517.21,286,155.86,3.7,934.93,0.3
2026-03-14,Bengaluru,Bakery,68860.24,371,185.73,3.7,1469.18,0.3
2026-03-14,Bengaluru,Meals,70553.79,188,374.31,3.7,1469.18,0.3
2026-03-14,Mumbai,Coffee,110463.89,468,235.89,3.7,2309.83,0.3
2026-03-14,Mumbai,Tea,37015.05,235,157.41,3.7,769.94,0.3
2026-03-14,Mumbai,Bakery,55621.03,291,191.39,3.7,1209.91,0.3
2026-03-14,Mumbai,Meals,56401.46,151,374.27,3.7,1209.91,0.3
2026-03-14,Chennai,Coffee,79848.52,339,235.23,3.7,1649.88,0.3
2026-03-14,Chennai,Tea,26569.12,170,155.87,3.7,549.96,0.3
2026-03-14,Chennai,Bakery,40448.08,218,185.76,3.7,864.22,0.3
2026-03-14,Chennai,Meals,39718.83,105,378.48,3.7,864.22,0.3
2026-03-14,Pune,Coffee,69493.21,288,241.43,3.7,1484.89,0.3
2026-03-14,Pune,Tea,22997.78,148,155.64,3.7,494.96,0.3
2026-03-14,Pune,Bakery,36027.75,189,190.82,3.7,777.8,0.3
2026-03-14,Pune,Meals,37116.7,99,374.5,3.7,777.8,0.3
2026-03-15,Bengaluru,Coffee,127598.8,531,240.1,3.7,2805.83,0.6
2026-03-15,Bengaluru,Tea,43942.94,281,156.35,3.7,935.28,0.6
2026-03-15,Bengaluru,Bakery,67137.54,356,188.59,3.7,1469.72,0.6
2026-03-15,Bengaluru,Meals,66264.58,177,374.63,3.7,1469.72,0.6
2026-03-15,Mumbai,Coffee,110194.17,468,235.4,3.7,2310.68,0.6
2026-03-15,Mumbai,Tea,36047.45,224,161.17,3.7,770.23,0.6
2026-03-15,Mumbai,Bakery,56871.07,298,190.94,3.7,1210.36,0.6
2026-03-15,Mumbai,Meals,56842.9,149,381.18,3.7,1210.36,0.6
2026-03-15,Chennai,Coffee,75492.76,321,235.07,3.7,1650.49,0.6
2026-03-15,Chennai,Tea,26617.03,165,161.48,3.7,550.16,0.6
2026-03-15,Chennai,Bakery,39508.97,211,187.58,3.7,864.54,0.6
2026-03-15,Chennai,Meals,40162.0,105,381.08,3.7,864.54,0.6
2026-03-15,Pune,Coffee,71855.9,297,241.7,3.7,1485.44,0.6
2026-03-15,Pune,Tea,23499.09,148,159.09,3.7,495.15,0.6
2026-03-15,Pune,Bakery,36480.19,192,190.32,3.7,778.09,0.6
2026-03-15,Pune,Meals,37364.09,97,383.46,3.7,778.09,0.6
2026-03-16,Bengaluru,Coffee,93165.75,396,234.98,3.7,2806.87,0.1
2026-03-16,Bengaluru,Tea,31786.46,201,157.85,3.7,935.62,0.1
2026-03-16,Bengaluru,Bakery,52017.24,278,186.96,3.7,1470.27,0.1
2026-03-16,Bengaluru,Meals,48883.44,128,380.42,3.7,1470.27,0.1
2026-03-16,Mumbai,Coffee,76354.28,319,239.13,3.7,2311.54,0.1
2026-03-16,Mumbai,Tea,26253.53,168,156.24,3.7,770.51,0.1
2026-03-16,Mumbai,Bakery,40088.28,214,187.21,3.7,1210.81,0.1
2026-03-16,Mumbai,Meals,40707.05,109,374.23,3.7,1210.81,0.1
2026-03-16,Chennai,Coffee,53309.83,228,233.83,3.7,1651.1,0.1
2026-03-16,Chennai,Tea,18598.99,119,156.77,3.7,550.37,0.1
2026-03-16,Chennai,Bakery,28804.86,154,186.54,3.7,864.86,0.1
2026-03-16,Chennai,Meals,28517.25,76,372.93,3.7,864.86,0.1
2026-03-16,Pune,Coffee,49238.76,205,239.81,3.7,1485.99,0.1
2026-03-16,Pune,Tea,16598.58,103,160.74,3.7,495.33,0.1
2026-03-16,Pune,Bakery,25075.54,133,188.57,3.7,778.38,0.1
2026-03-16,Pune,Meals,26821.39,71,379.13,3.7,778.38,0.1
2026-03-17,Bengaluru,Coffee,104951.06,450,233.37,2.0,2809.13,0.4
2026-03-17,Bengaluru,Tea,34294.44,222,154.58,2.0,936.38,0.4
2026-03-17,Bengaluru,Bakery,52761.24,287,183.75,2.0,1471.45,0.4
2026-03-17,Bengaluru,Meals,50352.49,133,378.99,2.0,1471.45,0.4
2026-03-17,Mumbai,Coffee,87218.09,368,236.91,2.0,2313.4,0.4
2026-03-17,Mumbai,Tea,28139.51,182,154.52,2.0,771.13,0.4
2026-03-17,Mumbai,Bakery,44187.79,234,188.51,2.0,1211.78,0.4
2026-03-17,Mumbai,Meals,45129.96,123,366.4,2.0,1211.78,0.4
2026-03-17,Chennai,Coffee,59370.24,254,233.73,2.0,1652.43,0.4
2026-03-17,Chennai,Tea,20186.88,127,158.59,2.0,550.81,0.4
2026-03-17,Chennai,Bakery,30957.36,168,183.86,2.0,865.56,0.4
2026-03-17,Chennai,Meals,31613.9,85,370.26,2.0,865.56,0.4
2026-03-17,Pune,Coffee,55011.56,230,238.98,2.0,1487.18,0.4
2026-03-17,Pune,Tea,18264.86,116,157.73,2.0,495.73,0.4
2026-03-17,Pune,Bakery,28785.08,153,187.83,2.0,779.0,0.4
2026-03-17,Pune,Meals,28225.26,76,370.26,2.0,779.0,0.4
2026-03-18,Bengaluru,Coffee,110057.79,460,239.09,2.0,2810.17,0.1
2026-03-18,Bengaluru,Tea,36198.69,230,157.35,2.0,936.72,0.1
2026-03-18,Bengaluru,Bakery,59582.59,324,183.87,2.0,1471.99,0.1
2026-03-18,Bengaluru,Meals,56599.13,149,379.03,2.0,1471.99,0.1
2026-03-18,Mumbai,Coffee,92233.39,389,237.18,2.0,2314.26,0.1
2026-03-18,Mumbai,Tea,30713.87,197,155.88,2.0,771.42,0.1
2026-03-18,Mumbai,Bakery,47429.5,255,185.83,2.0,1212.23,0.1
2026-03-18,Mumbai,Meals,47985.79,127,378.58,2.0,1212.23,0.1
2026-03-18,Chennai,Coffee,65112.99,280,232.52,2.0,1653.04,0.1
2026-03-18,Chennai,Tea,22714.41,145,156.72,2.0,551.01,0.1
2026-03-18,Chennai,Bakery,33532.84,181,185.11,2.0,865.88,0.1
2026-03-18,Chennai,Meals,35487.47,97,366.36,2.0,865.88,0.1
2026-03-18,Pune,Coffee,59474.47,248,239.71,2.0,1487.74,0.1
2026-03-18,Pune,Tea,20352.49,131,155.58,2.0,495.91,0.1
2026-03-18,Pune,Bakery,30847.3,164,188.13,2.0,779.29,0.1
2026-03-18,Pune,Meals,30542.98,83,366.55,2.0,779.29,0.1
2026-03-19,Bengaluru,Coffee,104731.45,442,236.95,2.0,2811.21,0.0
2026-03-19,Bengaluru,Tea,34092.2,219,155.93,2.0,937.07,0.0
2026-03-19,Bengaluru,Bakery,54029.66,288,187.66,2.0,1472.54,0.0
2026-03-19,Bengaluru,Meals,55116.25,147,375.14,2.0,1472.54,0.0
2026-03-19,Mumbai,Coffee,83540.88,353,236.52,2.0,2315.12,0.0
2026-03-19,Mumbai,Tea,28124.07,178,157.97,2.0,771.71,0.0
2026-03-19,Mumbai,Bakery,44944.75,237,189.44,2.0,1212.68,0.0
2026-03-19,Mumbai,Meals,45547.77,120,378.5,2.0,1212.68,0.0
2026-03-19,Chennai,Coffee,61152.96,255,239.86,2.0,1653.66,0.0
2026-03-19,Chennai,Tea,19888.98,125,158.82,2.0,551.22,0.0
2026-03-19,Chennai,Bakery,31676.27,169,187.05,2.0,866.2,0.0
2026-03-19,Chennai,Meals,32178.04,85,376.39,2.0,866.2,0.0
2026-03-19,Pune,Coffee,55845.15,234,238.8,2.0,1488.29,0.0
2026-03-19,Pune,Tea,18376.07,117,156.94,2.0,496.1,0.0
2026-03-19,Pune,Bakery,28667.62,154,186.44,2.0,779.58,0.0
2026-03-19,Pune,Meals,27948.89,75,373.1,2.0,779.58,0.0
2026-03-20,Bengaluru,Coffee,111861.93,474,236.03,2.0,2812.26,0.2
2026-03-20,Bengaluru,Tea,36392.98,235,154.71,2.0,937.42,0.2
2026-03-20,Bengaluru,Bakery,59110.55,322,183.4,2.0,1473.09,0.2
2026-03-20,Bengaluru,Meals,58616.93,157,373.82,2.0,1473.09,0.2
2026-03-20,Mumbai,Coffee,93982.2,397,236.68,2.0,2315.98,0.2
2026-03-20,Mumbai,Tea,31731.88,201,157.54,2.0,771.99,0.2
2026-03-20,Mumbai,Bakery,49230.28,264,186.69,2.0,1213.13,0.2
2026-03-20,Mumbai,Meals,47620.53,127,374.82,2.0,1213.13,0.2
2026-03-20,Chennai,Coffee,66015.34,280,235.93,2.0,1654.27,0.2
2026-03-20,Chennai,Tea,21770.05,139,156.41,2.0,551.42,0.2
2026-03-20,Chennai,Bakery,33900.1,180,187.98,2.0,866.52,0.2
2026-03-20,Chennai,Meals,34060.51,90,376.76,2.0,866.52,0.2
2026-03-20,Pune,Coffee,60056.57,250,239.81,2.0,1488.84,0.2
2026-03-20,Pune,Tea,19474.67,124,156.45,2.0,496.28,0.2
2026-03-20,Pune,Bakery,32107.86,173,185.99,2.0,779.87,0.2
2026-03-20,Pune,Meals,29909.62,81,370.89,2.0,779.87,0.2
2026-03-21,Bengaluru,Coffee,129174.1,548,235.51,2.0,2813.3,0.3
2026-03-21,Bengaluru,Tea,44737.73,283,158.12,2.0,937.77,0.3
2026-03-21,Bengaluru,Bakery,67060.31,356,188.53,2.0,1473.63,0.3
2026-03-21,Bengaluru,Meals,71364.9,190,375.8,2.0,1473.63,0.3
2026-03-21,Mumbai,Coffee,111921.64,472,237.1,2.0,2316.84,0.3
2026-03-21,Mumbai,Tea,36273.87,230,157.76,2.0,772.28,0.3
2026-03-21,Mumbai,Bakery,55864.31,303,184.41,2.0,1213.58,0.3
2026-03-21,Mumbai,Meals,56490.63,152,371.95,2.0,1213.58,0.3
2026-03-21,Chennai,Coffee,77003.58,328,234.9,2.0,1654.88,0.3
2026-03-21,Chennai,Tea,26173.07,163,160.09,2.0,551.63,0.3
2026-03-21,Chennai,Bakery,41550.01,221,188.37,2.0,866.84,0.3
2026-03-21,Chennai,Meals,40096.32,109,369.51,2.0,866.84,0.3
2026-03-21,Pune,Coffee,70295.85,301,233.33,2.0,1489.39,0.3
2026-03-21,Pune,Tea,23712.26,150,158.18,2.0,496.46,0.3
2026-03-21,Pune,Bakery,37277.63,201,185.29,2.0,780.16,0.3
2026-03-21,Pune,Meals,37093.38,99,374.62,2.0,780.16,0.3
2026-03-22,Bengaluru,Coffee,125368.08,538,233.02,2.0,2814.34,0.4
2026-03-22,Bengaluru,Tea,40737.2,263,155.14,2.0,938.11,0.4
2026-03-22,Bengaluru,Bakery,63200.39,336,188.14,2.0,1474.18,0.4
2026-03-22,Bengaluru,Meals,66057.45,174,378.75,2.0,1474.18,0.4
2026-03-22,Mumbai,Coffee,101889.72,425,239.83,2.0,2317.7,0.4
2026-03-22,Mumbai,Tea,34377.38,222,155.01,2.0,772.57,0.4
2026-03-22,Mumbai,Bakery,51988.76,277,187.48,2.0,1214.03,0.4
2026-03-22,Mumbai,Meals,54292.38,148,366.08,2.0,1214.03,0.4
2026-03-22,Chennai,Coffee,74062.11,315,235.03,2.0,1655.5,0.4
2026-03-22,Chennai,Tea,25025.02,159,156.99,2.0,551.83,0.4
2026-03-22,Chennai,Bakery,37797.28,202,187.5,2.0,867.16,0.4
2026-03-22,Chennai,Meals,38514.23,105,367.1,2.0,867.16,0.4
2026-03-22,Pune,Coffee,64970.31,278,233.47,2.0,1489.95,0.4
2026-03-22,Pune,Tea,22055.69,138,159.67,2.0,496.65,0.4
2026-03-22,Pune,Bakery,35481.22,187,189.28,2.0,780.45,0.4
2026-03-22,Pune,Meals,34535.23,93,369.48,2.0,780.45,0.4
2026-03-23,Bengaluru,Coffee,98445.6,414,237.61,2.0,2815.39,0.3
2026-03-23,Bengaluru,Tea,31869.05,203,156.85,2.0,938.46,0.3
2026-03-23,Bengaluru,Bakery,50660.55,277,183.2,2.0,1474.73,0.3
2026-03-23,Bengaluru,Meals,51223.16,139,367.46,2.0,1474.73,0.3
2026-03-23,Mumbai,Coffee,79451.54,344,231.16,2.0,2318.55,0.3
2026-03-23,Mumbai,Tea,26655.57,170,156.37,2.0,772.85,0.3
2026-03-23,Mumbai,Bakery,41027.0,216,189.62,2.0,1214.48,0.3
2026-03-23,Mumbai,Meals,42295.06,114,369.66,2.0,1214.48,0.3
2026-03-23,Chennai,Coffee,57006.85,245,232.8,2.0,1656.11,0.3
2026-03-23,Chennai,Tea,18753.84,118,159.4,2.0,552.04,0.3
2026-03-23,Chennai,Bakery,29421.11,156,188.71,2.0,867.49,0.3
2026-03-23,Chennai,Meals,30016.76,80,375.03,2.0,867.49,0.3
2026-03-23,Pune,Coffee,50498.89,216,233.6,2.0,1490.5,0.3
2026-03-23,Pune,Tea,17260.64,111,156.16,2.0,496.83,0.3
2026-03-23,Pune,Bakery,26940.99,142,189.63,2.0,780.74,0.3
2026-03-23,Pune,Meals,26486.53,71,370.57,2.0,780.74,0.3
2026-03-24,Bengaluru,Coffee,109596.42,468,234.21,6.9,2752.28,0.5
2026-03-24,Bengaluru,Tea,36522.4,230,158.99,6.9,917.43,0.5
2026-03-24,Bengaluru,Bakery,56982.39,310,183.62,6.9,1441.67,0.5
2026-03-24,Bengaluru,Meals,56806.24,155,366.16,6.9,1441.67,0.5
2026-03-24,Mumbai,Coffee,91235.61,391,233.57,6.9,2266.59,0.5
2026-03-24,Mumbai,Tea,28543.98,182,157.25,6.9,755.53,0.5
2026-03-24,Mumbai,Bakery,46620.57,248,187.72,6.9,1187.26,0.5
2026-03-24,Mumbai,Meals,46677.76,123,378.52,6.9,1187.26,0.5
2026-03-24,Chennai,Coffee,64663.62,275,235.02,6.9,1618.99,0.5
2026-03-24,Chennai,Tea,21852.37,142,153.48,6.9,539.66,0.5
2026-03-24,Chennai,Bakery,32879.83,180,182.79,6.9,848.04,0.5
2026-03-24,Chennai,Meals,34177.13,91,374.54,6.9,848.04,0.5
2026-03-24,Pune,Coffee,57649.47,242,238.03,6.9,1457.09,0.5
2026-03-24,Pune,Tea,18826.02,120,156.48,6.9,485.7,0.5
2026-03-24,Pune,Bakery,29357.25,155,189.27,6.9,763.24,0.5
2026-03-24,Pune,Meals,29875.08,81,367.04,6.9,763.24,0.5
2026-03-25,Bengaluru,Coffee,116311.06,492,236.62,6.9,2753.3,0.6
2026-03-25,Bengaluru,Tea,38805.27,252,153.88,6.9,917.77,0.6
2026-03-25,Bengaluru,Bakery,59772.45,327,183.03,6.9,1442.21,0.6
2026-03-25,Bengaluru,Meals,59058.02,158,374.93,6.9,1442.21,0.6
2026-03-25,Mumbai,Coffee,94476.74,407,232.05,6.9,2267.42,0.6
2026-03-25,Mumbai,Tea,31052.8,201,154.58,6.9,755.81,0.6
2026-03-25,Mumbai,Bakery,49342.29,263,187.28,6.9,1187.7,0.6
2026-03-25,Mumbai,Meals,49553.96,131,377.24,6.9,1187.7,0.6
2026-03-25,Chennai,Coffee,65493.12,278,235.39,6.9,1619.59,0.6
2026-03-25,Chennai,Tea,22639.51,143,158.09,6.9,539.86,0.6
2026-03-25,Chennai,Bakery,35664.45,189,188.9,6.9,848.36,0.6
2026-03-25,Chennai,Meals,35560.94,97,365.12,6.9,848.36,0.6
2026-03-25,Pune,Coffee,61320.7,257,238.33,6.9,1457.63,0.6
2026-03-25,Pune,Tea,20650.45,130,158.27,6.9,485.88,0.6
2026-03-25,Pune,Bakery,30102.33,163,184.96,6.9,763.52,0.6
2026-03-25,Pune,Meals,29941.81,80,372.18,6.9,763.52,0.6
2026-03-26,Bengaluru,Coffee,117425.14,509,230.59,6.9,2754.32,0.4
2026-03-26,Bengaluru,Tea,37477.53,241,155.7,6.9,918.11,0.4
2026-03-26,Bengaluru,Bakery,59959.56,329,182.12,6.9,1442.74,0.4
2026-03-26,Bengaluru,Meals,59442.85,163,365.33,6.9,1442.74,0.4
2026-03-26,Mumbai,Coffee,93115.75,396,235.4,6.9,2268.26,0.4
2026-03-26,Mumbai,Tea,31541.3,205,153.87,6.9,756.09,0.4
2026-03-26,Mumbai,Bakery,47844.97,254,188.56,6.9,1188.14,0.4
2026-03-26,Mumbai,Meals,48146.37,128,376.17,6.9,1188.14,0.4
2026-03-26,Chennai,Coffee,68120.54,291,234.26,6.9,1620.19,0.4
2026-03-26,Chennai,Tea,22311.83,141,157.77,6.9,540.06,0.4
2026-03-26,Chennai,Bakery,35339.08,191,184.73,6.9,848.67,0.4
2026-03-26,Chennai,Meals,35995.83,96,373.79,6.9,848.67,0.4
2026-03-26,Pune,Coffee,59779.48,253,236.52,6.9,1458.17,0.4
2026-03-26,Pune,Tea,20327.58,132,153.89,6.9,486.06,0.4
2026-03-26,Pune,Bakery,31686.82,171,185.17,6.9,763.8,0.4
2026-03-26,Pune,Meals,31936.44,87,367.19,6.9,763.8,0.4
2026-03-27,Bengaluru,Coffee,123589.91,529,233.55,6.9,2755.34,0.2
2026-03-27,Bengaluru,Tea,40351.43,260,154.96,6.9,918.45,0.2
2026-03-27,Bengaluru,Bakery,65978.14,349,188.9,6.9,1443.27,0.2
2026-03-27,Bengaluru,Meals,64774.56,174,373.19,6.9,1443.27,0.2
2026-03-27,Mumbai,Coffee,103979.23,443,234.64,6.9,2269.1,0.2
2026-03-27,Mumbai,Tea,34401.77,218,158.05,6.9,756.37,0.2
2026-03-27,Mumbai,Bakery,55214.09,298,185.59,6.9,1188.58,0.2
2026-03-27,Mumbai,Meals,53451.29,143,373.62,6.9,1188.58,0.2
2026-03-27,Chennai,Coffee,75139.25,319,235.89,6.9,1620.79,0.2
2026-03-27,Chennai,Tea,24805.55,160,154.81,6.9,540.26,0.2
2026-03-27,Chennai,Bakery,38426.97,205,187.74,6.9,848.98,0.2
2026-03-27,Chennai,Meals,38376.97,102,374.95,6.9,848.98,0.2
2026-03-27,Pune,Coffee,67851.85,294,231.05,6.9,1458.71,0.2
2026-03-27,Pune,Tea,22097.41,144,153.36,6.9,486.24,0.2
2026-03-27,Pune,Bakery,36407.05,193,188.46,6.9,764.09,0.2
2026-03-27,Pune,Meals,36048.94,98,367.19,6.9,764.09,0.2
2026-03-28,Bengaluru,Coffee,139128.88,591,235.57,6.9,2756.36,0.4
2026-03-28,Bengaluru,Tea,46256.02,291,158.93,6.9,918.79,0.4
2026-03-28,Bengaluru,Bakery,71389.09,379,188.49,6.9,1443.81,0.4
2026-03-28,Bengaluru,Meals,70177.06,191,367.85,6.9,1443.81,0.4
2026-03-28,Mumbai,Coffee,111598.65,481,231.97,6.9,2269.94,0.4
2026-03-28,Mumbai,Tea,37350.79,236,158.44,6.9,756.65,0.4
2026-03-28,Mumbai,Bakery,57722.66,310,186.03,6.9,1189.02,0.4
2026-03-28,Mumbai,Meals,57031.68,153,372.75,6.9,1189.02,0.4
2026-03-28,Chennai,Coffee,79980.2,340,235.24,6.9,1621.39,0.4
2026-03-28,Chennai,Tea,26730.65,171,156.57,6.9,540.46,0.4
2026-03-28,Chennai,Bakery,42267.55,231,183.26,6.9,849.3,0.4
2026-03-28,Chennai,Meals,41754.08,112,371.64,6.9,849.3,0.4
2026-03-28,Pune,Coffee,72427.95,315,230.29,6.9,1459.25,0.4
2026-03-28,Pune,Tea,23758.16,149,159.2,6.9,486.42,0.4
2026-03-28,Pune,Bakery,36952.66,198,186.88,6.9,764.37,0.4
2026-03-28,Pune,Meals,37720.61,103,364.49,6.9,764.37,0.4
2026-03-29,Bengaluru,Coffee,135277.8,567,238.52,6.9,2757.38,0.2
2026-03-29,Bengaluru,Tea,46653.35,299,155.9,6.9,919.13,0.2
2026-03-29,Bengaluru,Bakery,70804.49,378,187.53,6.9,1444.34,0.2
2026-03-29,Bengaluru,Meals,67972.08,182,373.01,6.9,1444.34,0.2
2026-03-29,Mumbai,Coffee,110042.21,478,230.33,6.9,2270.78,0.2
2026-03-29,Mumbai,Tea,35014.33,222,157.51,6.9,756.93,0.2
2026-03-29,Mumbai,Bakery,56578.69,302,187.16,6.9,1189.46,0.2
2026-03-29,Mumbai,Meals,57601.89,154,372.86,6.9,1189.46,0.2
2026-03-29,Chennai,Coffee,81585.77,352,231.74,6.9,1621.99,0.2
2026-03-29,Chennai,Tea,26384.3,168,157.06,6.9,540.66,0.2
2026-03-29,Chennai,Bakery,42058.94,225,186.67,6.9,849.61,0.2
2026-03-29,Chennai,Meals,40011.92,110,364.18,6.9,849.61,0.2
2026-03-29,Pune,Coffee,69688.25,301,231.41,6.9,1459.79,0.2
2026-03-29,Pune,Tea,24265.93,157,154.16,6.9,486.6,0.2
2026-03-29,Pune,Bakery,36737.3,200,183.61,6.9,764.65,0.2
2026-03-29,Pune,Meals,36786.17,98,377.0,6.9,764.65,0.2
2026-03-30,Bengaluru,Coffee,104446.4,453,230.66,6.9,2758.4,0.6
2026-03-30,Bengaluru,Tea,35457.25,228,155.77,6.9,919.47,0.6
2026-03-30,Bengaluru,Bakery,55177.75,295,186.8,6.9,1444.88,0.6
2026-03-30,Bengaluru,Meals,55833.95,152,368.39,6.9,1444.88,0.6
2026-03-30,Mumbai,Coffee,87747.31,377,232.77,6.9,2271.62,0.6
2026-03-30,Mumbai,Tea,29229.37,190,153.98,6.9,757.21,0.6
2026-03-30,Mumbai,Bakery,44589.29,239,186.54,6.9,1189.9,0.6
2026-03-30,Mumbai,Meals,46049.04,126,366.01,6.9,1189.9,0.6
2026-03-30,Chennai,Coffee,64606.31,274,235.77,6.9,1622.59,0.6
2026-03-30,Chennai,Tea,21149.89,137,154.84,6.9,540.86,0.6
2026-03-30,Chennai,Bakery,32128.93,173,185.38,6.9,849.93,0.6
2026-03-30,Chennai,Meals,32739.5,89,368.6,6.9,849.93,0.6
2026-03-30,Pune,Coffee,56482.53,239,236.81,6.9,1460.33,0.6
2026-03-30,Pune,Tea,19417.23,122,158.59,6.9,486.78,0.6
2026-03-30,Pune,Bakery,28940.26,154,188.43,6.9,764.93,0.6
2026-03-30,Pune,Meals,28825.29,79,364.22,6.9,764.93,0.6
2026-03-31,Bengaluru,Coffee,107274.39,464,231.19,5.9,2642.7,0.1
2026-03-31,Bengaluru,Tea,36394.27,230,158.48,5.9,880.9,0.1
2026-03-31,Bengaluru,Bakery,55029.25,295,186.79,5.9,1384.27,0.1
2026-03-31,Bengaluru,Meals,57889.39,158,366.09,5.9,1384.27,0.1
2026-03-31,Mumbai,Coffee,87430.25,367,238.49,5.9,2176.34,0.1
2026-03-31,Mumbai,Tea,28365.17,184,154.51,5.9,725.45,0.1
2026-03-31,Mumbai,Bakery,46151.14,251,183.7,5.9,1139.99,0.1
2026-03-31,Mumbai,Meals,46448.95,123,377.93,5.9,1139.99,0.1
2026-03-31,Chennai,Coffee,63690.64,277,230.02,5.9,1554.53,0.1
2026-03-31,Chennai,Tea,21476.83,135,159.02,5.9,518.18,0.1
2026-03-31,Chennai,Bakery,32409.25,175,185.33,5.9,814.28,0.1
2026-03-31,Chennai,Meals,32690.99,87,376.23,5.9,814.28,0.1
2026-03-31,Pune,Coffee,56514.92,244,231.39,5.9,1399.08,0.1
2026-03-31,Pune,Tea,19684.65,126,156.0,5.9,466.36,0.1
2026-03-31,Pune,Bakery,29143.38,156,187.19,5.9,732.85,0.1
2026-03-31,Pune,Meals,29527.46,81,365.09,5.9,732.85,0.1
2026-04-01,Bengaluru,Coffee,103085.27,429,240.03,5.9,2643.68,0.8
2026-04-01,Bengaluru,Tea,35258.18,222,158.52,5.9,881.23,0.8
2026-04-01,Bengaluru,Bakery,55259.69,287,192.29,5.9,1384.78,0.8
2026-04-01,Bengaluru,Meals,54266.14,143,380.56,5.9,1384.78,0.8
2026-04-01,Mumbai,Coffee,88661.56,370,239.59,5.9,2177.15,0.8
2026-04-01,Mumbai,Tea,29476.57,182,161.68,5.9,725.72,0.8
2026-04-01,Mumbai,Bakery,43768.42,232,188.6,5.9,1140.41,0.8
2026-04-01,Mumbai,Meals,45561.22,118,387.32,5.9,1140.41,0.8
2026-04-01,Chennai,Coffee,63253.47,257,245.69,5.9,1555.11,0.8
2026-04-01,Chennai,Tea,21178.09,133,158.74,5.9,518.37,0.8
2026-04-01,Chennai,Bakery,33508.34,174,192.75,5.9,814.58,0.8
2026-04-01,Chennai,Meals,32520.69,85,382.18,5.9,814.58,0.8
2026-04-01,Pune,Coffee,56534.37,232,243.76,5.9,1399.59,0.8
2026-04-01,Pune,Tea,18518.13,115,161.5,5.9,466.53,0.8
2026-04-01,Pune,Bakery,29215.14,152,191.8,5.9,733.12,0.8
2026-04-01,Pune,Meals,30156.41,79,384.05,5.9,733.12,0.8
2026-04-02,Bengaluru,Coffee,115473.92,480,240.5,5.9,2644.66,0.1
2026-04-02,Bengaluru,Tea,38596.76,238,162.47,5.9,881.55,0.1
2026-04-02,Bengaluru,Bakery,58965.76,303,194.56,5.9,1385.3,0.1
2026-04-02,Bengaluru,Meals,59126.83,153,387.02,5.9,1385.3,0.1
2026-04-02,Mumbai,Coffee,95453.84,401,238.18,5.9,2177.95,0.1
2026-04-02,Mumbai,Tea,31576.31,197,160.63,5.9,725.98,0.1
2026-04-02,Mumbai,Bakery,50678.29,268,189.37,5.9,1140.83,0.1
2026-04-02,Mumbai,Meals,49921.21,129,387.53,5.9,1140.83,0.1
2026-04-02,Chennai,Coffee,67931.18,280,242.25,5.9,1555.68,0.1
2026-04-02,Chennai,Tea,21877.86,138,158.63,5.9,518.56,0.1
2026-04-02,Chennai,Bakery,36136.19,191,189.68,5.9,814.88,0.1
2026-04-02,Chennai,Meals,34816.73,90,387.26,5.9,814.88,0.1
2026-04-02,Pune,Coffee,58220.14,241,241.81,5.9,1400.11,0.1
2026-04-02,Pune,Tea,20211.25,126,160.96,5.9,466.7,0.1
2026-04-02,Pune,Bakery,31313.84,165,190.18,5.9,733.39,0.1
2026-04-02,Pune,Meals,30623.63,80,384.76,5.9,733.39,0.1
2026-04-03,Bengaluru,Coffee,117240.13,476,246.42,5.9,2645.63,0.1
2026-04-03,Bengaluru,Tea,38985.62,239,162.81,5.9,881.88,0.1
2026-04-03,Bengaluru,Bakery,60755.43,322,188.45,5.9,1385.81,0.1
2026-04-03,Bengaluru,Meals,61747.77,160,386.63,5.9,1385.81,0.1
2026-04-03,Mumbai,Coffee,98729.2,409,241.44,5.9,2178.76,0.1
2026-04-03,Mumbai,Tea,33278.88,203,163.84,5.9,726.25,0.1
2026-04-03,Mumbai,Bakery,50373.99,263,191.38,5.9,1141.25,0.1
2026-04-03,Mumbai,Meals,51085.28,134,381.23,5.9,1141.25,0.1
2026-04-03,Chennai,Coffee,68335.65,279,245.25,5.9,1556.25,0.1
2026-04-03,Chennai,Tea,23150.4,142,162.58,5.9,518.75,0.1
2026-04-03,Chennai,Bakery,35725.65,185,192.6,5.9,815.18,0.1
2026-04-03,Chennai,Meals,36121.07,93,386.41,5.9,815.18,0.1
2026-04-03,Pune,Coffee,60909.61,248,245.16,5.9,1400.63,0.1
2026-04-03,Pune,Tea,20869.76,128,163.11,5.9,466.88,0.1
2026-04-03,Pune,Bakery,33114.12,171,193.32,5.9,733.66,0.1
2026-04-03,Pune,Meals,33609.37,88,382.89,5.9,733.66,0.1
2026-04-04,Bengaluru,Coffee,127253.28,530,240.11,5.9,2646.61,0.4
2026-04-04,Bengaluru,Tea,42888.9,271,158.35,5.9,882.2,0.4
2026-04-04,Bengaluru,Bakery,64411.57,333,193.4,5.9,1386.32,0.4
2026-04-04,Bengaluru,Meals,63786.15,165,385.45,5.9,1386.32,0.4
2026-04-04,Mumbai,Coffee,104272.78,430,242.45,5.9,2179.56,0.4
2026-04-04,Mumbai,Tea,34767.67,215,161.96,5.9,726.52,0.4
2026-04-04,Mumbai,Bakery,56783.14,302,188.3,5.9,1141.67,0.4
2026-04-04,Mumbai,Meals,55989.71,144,388.02,5.9,1141.67,0.4
2026-04-04,Chennai,Coffee,75256.09,307,244.88,5.9,1556.83,0.4
2026-04-04,Chennai,Tea,25198.09,157,160.34,5.9,518.94,0.4
2026-04-04,Chennai,Bakery,37773.77,196,192.72,5.9,815.48,0.4
2026-04-04,Chennai,Meals,37687.21,100,375.62,5.9,815.48,0.4
2026-04-04,Pune,Coffee,67340.45,278,242.3,5.9,1401.15,0.4
2026-04-04,Pune,Tea,22277.52,138,161.86,5.9,467.05,0.4
2026-04-04,Pune,Bakery,35326.6,187,188.43,5.9,733.93,0.4
2026-04-04,Pune,Meals,34621.88,90,382.61,5.9,733.93,0.4
2026-04-05,Bengaluru,Coffee,118705.83,491,241.98,5.9,2647.58,0.2
2026-04-05,Bengaluru,Tea,38052.06,232,164.03,5.9,882.53,0.2
2026-04-05,Bengaluru,Bakery,63169.92,334,189.21,5.9,1386.83,0.2
2026-04-05,Bengaluru,Meals,63053.02,163,386.72,5.9,1386.83,0.2
2026-04-05,Mumbai,Coffee,97655.69,411,237.71,5.9,2180.36,0.2
2026-04-05,Mumbai,Tea,34030.6,208,163.52,5.9,726.79,0.2
2026-04-05,Mumbai,Bakery,50009.69,260,192.59,5.9,1142.1,0.2
2026-04-05,Mumbai,Meals,52213.67,134,388.22,5.9,1142.1,0.2
2026-04-05,Chennai,Coffee,71929.93,295,244.05,5.9,1557.4,0.2
2026-04-05,Chennai,Tea,23655.05,145,163.44,5.9,519.13,0.2
2026-04-05,Chennai,Bakery,36321.68,192,188.95,5.9,815.78,0.2
2026-04-05,Chennai,Meals,36979.64,96,383.83,5.9,815.78,0.2
2026-04-05,Pune,Coffee,63400.21,263,241.31,5.9,1401.66,0.2
2026-04-05,Pune,Tea,20111.23,127,158.55,5.9,467.22,0.2
2026-04-05,Pune,Bakery,33999.75,179,189.79,5.9,734.2,0.2
2026-04-05,Pune,Meals,33899.31,89,380.64,5.9,734.2,0.2
2026-04-06,Bengaluru,Coffee,98178.26,403,243.78,5.9,2648.56,0.5
2026-04-06,Bengaluru,Tea,32684.86,201,162.69,5.9,882.85,0.5
2026-04-06,Bengaluru,Bakery,51284.53,271,189.52,5.9,1387.34,0.5
2026-04-06,Bengaluru,Meals,51985.35,137,378.18,5.9,1387.34,0.5
2026-04-06,Mumbai,Coffee,79465.35,329,241.35,5.9,2181.17,0.5
2026-04-06,Mumbai,Tea,27561.22,169,162.75,5.9,727.06,0.5
2026-04-06,Mumbai,Bakery,43782.25,230,190.49,5.9,1142.52,0.5
2026-04-06,Mumbai,Meals,42632.68,111,383.77,5.9,1142.52,0.5
2026-04-06,Chennai,Coffee,56851.09,238,238.42,5.9,1557.98,0.5
2026-04-06,Chennai,Tea,19256.21,119,162.12,5.9,519.33,0.5
2026-04-06,Chennai,Bakery,30064.59,157,191.26,5.9,816.08,0.5
2026-04-06,Chennai,Meals,30567.33,80,383.11,5.9,816.08,0.5
2026-04-06,Pune,Coffee,51172.67,211,242.82,5.9,1402.18,0.5
2026-04-06,Pune,Tea,17369.66,109,160.09,5.9,467.39,0.5
2026-04-06,Pune,Bakery,26614.06,137,194.12,5.9,734.47,0.5
2026-04-06,Pune,Meals,27513.83,71,387.27,5.9,734.47,0.5
2026-04-07,Bengaluru,Coffee,107932.38,451,239.06,7.3,2662.42,0.5
2026-04-07,Bengaluru,Tea,34954.84,214,163.68,7.3,887.47,0.5
2026-04-07,Bengaluru,Bakery,56663.83,299,189.41,7.3,1394.6,0.5
2026-04-07,Bengaluru,Meals,55268.32,146,377.52,7.3,1394.6,0.5
2026-04-07,Mumbai,Coffee,87528.15,362,241.63,7.3,2192.58,0.5
2026-04-07,Mumbai,Tea,28669.71,177,162.25,7.3,730.86,0.5
2026-04-07,Mumbai,Bakery,45728.26,239,191.54,7.3,1148.5,0.5
2026-04-07,Mumbai,Meals,42485.96,109,388.17,7.3,1148.5,0.5
2026-04-07,Chennai,Coffee,63741.04,261,243.77,7.3,1566.13,0.5
2026-04-07,Chennai,Tea,20865.99,128,162.62,7.3,522.04,0.5
2026-04-07,Chennai,Bakery,31861.73,169,188.85,7.3,820.35,0.5
2026-04-07,Chennai,Meals,32840.89,87,379.6,7.3,820.35,0.5
2026-04-07,Pune,Coffee,54985.39,225,244.07,7.3,1409.52,0.5
2026-04-07,Pune,Tea,18957.78,117,162.01,7.3,469.84,0.5
2026-04-07,Pune,Bakery,28095.27,148,190.07,7.3,738.32,0.5
2026-04-07,Pune,Meals,29302.81,78,376.87,7.3,738.32,0.5
2026-04-08,Bengaluru,Coffee,104953.39,433,242.5,7.3,2663.4,0.2
2026-04-08,Bengaluru,Tea,36937.44,232,159.51,7.3,887.8,0.2
2026-04-08,Bengaluru,Bakery,56941.43,295,193.06,7.3,1395.12,0.2
2026-04-08,Bengaluru,Meals,56797.65,151,377.06,7.3,1395.12,0.2
2026-04-08,Mumbai,Coffee,89705.98,376,238.34,7.3,2193.39,0.2
2026-04-08,Mumbai,Tea,29410.26,184,159.95,7.3,731.13,0.2
2026-04-08,Mumbai,Bakery,45935.26,244,187.9,7.3,1148.92,0.2
2026-04-08,Mumbai,Meals,46461.2,123,377.75,7.3,1148.92,0.2
2026-04-08,Chennai,Coffee,61135.8,248,246.34,7.3,1566.71,0.2
2026-04-08,Chennai,Tea,21658.07,135,160.54,7.3,522.24,0.2
2026-04-08,Chennai,Bakery,33051.45,171,193.73,7.3,820.66,0.2
2026-04-08,Chennai,Meals,33681.22,88,384.42,7.3,820.66,0.2
2026-04-08,Pune,Coffee,56579.65,232,244.36,7.3,1410.04,0.2
2026-04-08,Pune,Tea,19090.73,119,159.89,7.3,470.01,0.2
2026-04-08,Pune,Bakery,30620.27,162,189.48,7.3,738.59,0.2
2026-04-08,Pune,Meals,29418.29,76,386.4,7.3,738.59,0.2
2026-04-09,Bengaluru,Coffee,111990.57,460,243.46,7.3,2664.38,0.2
2026-04-09,Bengaluru,Tea,37744.22,230,163.83,7.3,888.13,0.2
2026-04-09,Bengaluru,Bakery,60398.92,319,189.36,7.3,1395.63,0.2
2026-04-09,Bengaluru,Meals,61190.36,159,385.66,7.3,1395.63,0.2
2026-04-09,Mumbai,Coffee,92794.75,383,242.38,7.3,2194.2,0.2
2026-04-09,Mumbai,Tea,31332.91,197,159.1,7.3,731.4,0.2
2026-04-09,Mumbai,Bakery,49206.88,260,188.91,7.3,1149.34,0.2
2026-04-09,Mumbai,Meals,49135.69,129,382.32,7.3,1149.34,0.2
2026-04-09,Chennai,Coffee,65658.85,274,239.36,7.3,1567.28,0.2
2026-04-09,Chennai,Tea,22342.18,139,161.07,7.3,522.43,0.2
2026-04-09,Chennai,Bakery,34451.98,180,191.78,7.3,820.96,0.2
2026-04-09,Chennai,Meals,36280.18,97,375.89,7.3,820.96,0.2
2026-04-09,Pune,Coffee,60463.54,254,238.17,7.3,1410.56,0.2
2026-04-09,Pune,Tea,20111.36,126,159.84,7.3,470.19,0.2
2026-04-09,Pune,Bakery,31959.35,164,194.53,7.3,738.86,0.2
2026-04-09,Pune,Meals,31669.73,84,378.19,7.3,738.86,0.2
2026-04-10,Bengaluru,Coffee,114069.96,471,241.94,7.3,2665.36,0.3
2026-04-10,Bengaluru,Tea,39165.97,241,162.53,7.3,888.45,0.3
2026-04-10,Bengaluru,Bakery,60682.85,323,188.07,7.3,1396.14,0.3
2026-04-10,Bengaluru,Meals,61589.96,164,375.58,7.3,1396.14,0.3
2026-04-10,Mumbai,Coffee,98101.5,403,243.67,7.3,2195.01,0.3
2026-04-10,Mumbai,Tea,32567.23,201,162.19,7.3,731.67,0.3
2026-04-10,Mumbai,Bakery,50122.7,265,189.32,7.3,1149.76,0.3
2026-04-10,Mumbai,Meals,51488.95,135,380.45,7.3,1149.76,0.3
2026-04-10,Chennai,Coffee,68167.62,278,244.85,7.3,1567.86,0.3
2026-04-10,Chennai,Tea,22140.52,138,160.7,7.3,522.62,0.3
2026-04-10,Chennai,Bakery,34513.69,178,193.86,7.3,821.26,0.3
2026-04-10,Chennai,Meals,36792.81,95,387.55,7.3,821.26,0.3
2026-04-10,Pune,Coffee,63025.04,264,239.15,7.3,1411.08,0.3
2026-04-10,Pune,Tea,20644.01,128,161.03,7.3,470.36,0.3
2026-04-10,Pune,Bakery,32394.8,172,188.55,7.3,739.13,0.3
2026-04-10,Pune,Meals,31818.83,85,375.04,7.3,739.13,0.3
2026-04-11,Bengaluru,Coffee,128235.73,527,243.32,7.3,2666.35,0.3
2026-04-11,Bengaluru,Tea,42218.77,266,158.85,7.3,888.78,0.3
2026-04-11,Bengaluru,Bakery,66325.34,345,192.3,7.3,1396.66,0.3
2026-04-11,Bengaluru,Meals,68604.44,179,382.78,7.3,1396.66,0.3
2026-04-11,Mumbai,Coffee,107252.53,436,245.88,7.3,2195.81,0.3
2026-04-11,Mumbai,Tea,35676.41,224,159.49,7.3,731.94,0.3
2026-04-11,Mumbai,Bakery,56095.37,292,192.24,7.3,1150.19,0.3
2026-04-11,Mumbai,Meals,57219.84,150,380.59,7.3,1150.19,0.3
2026-04-11,Chennai,Coffee,73983.27,301,245.75,7.3,1568.44,0.3
2026-04-11,Chennai,Tea,25083.37,159,158.09,7.3,522.81,0.3
2026-04-11,Chennai,Bakery,38844.79,205,189.61,7.3,821.56,0.3
2026-04-11,Chennai,Meals,40217.76,107,377.39,7.3,821.56,0.3
2026-04-11,Pune,Coffee,68736.3,286,240.27,7.3,1411.59,0.3
2026-04-11,Pune,Tea,22366.88,140,160.02,7.3,470.53,0.3
2026-04-11,Pune,Bakery,34868.2,183,190.53,7.3,739.41,0.3
2026-04-11,Pune,Meals,35901.49,94,380.54,7.3,739.41,0.3
2026-04-12,Bengaluru,Coffee,114731.36,484,236.86,7.3,2667.33,0.9
2026-04-12,Bengaluru,Tea,38799.44,239,162.59,7.3,889.11,0.9
2026-04-12,Bengaluru,Bakery,63484.77,333,190.68,7.3,1397.17,0.9
2026-04-12,Bengaluru,Meals,62258.48,161,387.8,7.3,1397.17,0.9
2026-04-12,Mumbai,Coffee,101213.34,411,246.45,7.3,2196.62,0.9
2026-04-12,Mumbai,Tea,34487.31,216,159.7,7.3,732.21,0.9
2026-04-12,Mumbai,Bakery,51681.2,274,188.62,7.3,1150.61,0.9
2026-04-12,Mumbai,Meals,51716.78,136,380.09,7.3,1150.61,0.9
2026-04-12,Chennai,Coffee,69877.3,291,240.03,7.3,1569.02,0.9
2026-04-12,Chennai,Tea,24022.51,147,163.87,7.3,523.01,0.9
2026-04-12,Chennai,Bakery,37299.72,197,189.11,7.3,821.87,0.9
2026-04-12,Chennai,Meals,37615.4,99,381.47,7.3,821.87,0.9
2026-04-12,Pune,Coffee,64277.26,270,238.35,7.3,1412.11,0.9
2026-04-12,Pune,Tea,21524.62,132,162.49,7.3,470.7,0.9
2026-04-12,Pune,Bakery,31693.23,168,188.45,7.3,739.68,0.9
2026-04-12,Pune,Meals,33299.71,86,388.53,7.3,739.68,0.9
2026-04-13,Bengaluru,Coffee,102005.75,417,244.36,7.3,2668.31,0.5
2026-04-13,Bengaluru,Tea,32755.05,203,160.98,7.3,889.44,0.5
2026-04-13,Bengaluru,Bakery,54218.33,289,187.62,7.3,1397.69,0.5
2026-04-13,Bengaluru,Meals,52712.42,136,388.37,7.3,1397.69,0.5
2026-04-13,Mumbai,Coffee,84367.93,350,241.06,7.3,2197.43,0.5
2026-04-13,Mumbai,Tea,28079.51,175,160.91,7.3,732.48,0.5
2026-04-13,Mumbai,Bakery,44792.04,231,193.57,7.3,1151.03,0.5
2026-04-13,Mumbai,Meals,44201.68,114,388.42,7.3,1151.03,0.5
2026-04-13,Chennai,Coffee,60548.29,253,238.95,7.3,1569.59,0.5
2026-04-13,Chennai,Tea,20239.5,127,159.84,7.3,523.2,0.5
2026-04-13,Chennai,Bakery,30809.95,162,190.72,7.3,822.17,0.5
2026-04-13,Chennai,Meals,32096.51,83,385.53,7.3,822.17,0.5
2026-04-13,Pune,Coffee,53500.1,225,238.19,7.3,1412.63,0.5
2026-04-13,Pune,Tea,17806.02,109,163.21,7.3,470.88,0.5
2026-04-13,Pune,Bakery,28038.19,147,190.35,7.3,739.95,0.5
2026-04-13,Pune,Meals,27688.14,72,385.08,7.3,739.95,0.5
2026-04-14,Bengaluru,Coffee,101251.89,413,245.32,4.1,2675.25,1.6
2026-04-14,Bengaluru,Tea,34641.45,217,159.91,4.1,891.75,1.6
2026-04-14,Bengaluru,Bakery,53847.44,274,196.66,4.1,1401.32,1.6
2026-04-14,Bengaluru,Meals,55811.86,144,387.21,4.1,1401.32,1.6
2026-04-14,Mumbai,Coffee,84164.48,347,242.57,4.1,2203.15,1.6
2026-04-14,Mumbai,Tea,27741.21,172,161.13,4.1,734.38,1.6
2026-04-14,Mumbai,Bakery,44634.53,227,196.62,4.1,1154.03,1.6
2026-04-14,Mumbai,Meals,43914.82,111,394.27,4.1,1154.03,1.6
2026-04-14,Chennai,Coffee,57945.85,242,239.33,4.1,1573.68,1.6
2026-04-14,Chennai,Tea,19811.85,122,161.99,4.1,524.56,1.6
2026-04-14,Chennai,Bakery,31662.18,161,196.25,4.1,824.31,1.6
2026-04-14,Chennai,Meals,33114.33,86,386.04,4.1,824.31,1.6
2026-04-14,Pune,Coffee,54589.05,227,240.72,4.1,1416.31,1.6
2026-04-14,Pune,Tea,17760.86,111,159.64,4.1,472.1,1.6
2026-04-14,Pune,Bakery,28570.55,148,193.16,4.1,741.88,1.6
2026-04-14,Pune,Meals,28736.95,76,379.44,4.1,741.88,1.6
2026-04-15,Bengaluru,Coffee,105486.86,433,243.37,4.1,2676.23,0.7
2026-04-15,Bengaluru,Tea,35610.12,220,161.84,4.1,892.08,0.7
2026-04-15,Bengaluru,Bakery,54926.51,281,195.6,4.1,1401.84,0.7
2026-04-15,Bengaluru,Meals,55993.1,144,389.34,4.1,1401.84,0.7
2026-04-15,Mumbai,Coffee,86001.67,353,243.49,4.1,2203.96,0.7
2026-04-15,Mumbai,Tea,28034.29,175,160.62,4.1,734.65,0.7
2026-04-15,Mumbai,Bakery,45010.16,229,196.29,4.1,1154.45,0.7
2026-04-15,Mumbai,Meals,46370.84,121,381.9,4.1,1154.45,0.7
2026-04-15,Chennai,Coffee,59402.86,243,244.76,4.1,1574.25,0.7
2026-04-15,Chennai,Tea,20921.5,129,162.02,4.1,524.75,0.7
2026-04-15,Chennai,Bakery,31670.42,164,192.74,4.1,824.61,0.7
2026-04-15,Chennai,Meals,31660.83,81,391.76,4.1,824.61,0.7
2026-04-15,Pune,Coffee,53390.26,219,243.31,4.1,1416.83,0.7
2026-04-15,Pune,Tea,18739.5,117,160.39,4.1,472.28,0.7
2026-04-15,Pune,Bakery,28931.24,151,191.54,4.1,742.15,0.7
2026-04-15,Pune,Meals,29138.85,75,386.22,4.1,742.15,0.7
2026-04-16,Bengaluru,Coffee,106644.05,432,246.67,4.1,2677.21,0.2
2026-04-16,Bengaluru,Tea,34264.23,207,165.59,4.1,892.4,0.2
2026-04-16,Bengaluru,Bakery,56391.13,292,192.98,4.1,1402.35,0.2
2026-04-16,Bengaluru,Meals,53919.12,139,386.54,4.1,1402.35,0.2
2026-04-16,Mumbai,Coffee,86831.65,362,239.65,4.1,2204.76,0.2
2026-04-16,Mumbai,Tea,28622.12,179,160.14,4.1,734.92,0.2
2026-04-16,Mumbai,Bakery,45266.23,233,194.57,4.1,1154.88,0.2
2026-04-16,Mumbai,Meals,45551.29,116,392.68,4.1,1154.88,0.2
2026-04-16,Chennai,Coffee,61730.92,252,244.65,4.1,1574.83,0.2
2026-04-16,Chennai,Tea,20492.35,124,164.78,4.1,524.94,0.2
2026-04-16,Chennai,Bakery,32780.18,171,191.23,4.1,824.91,0.2
2026-04-16,Chennai,Meals,32266.42,82,393.29,4.1,824.91,0.2
2026-04-16,Pune,Coffee,55461.1,224,248.09,4.1,1417.35,0.2
2026-04-16,Pune,Tea,19043.81,115,165.07,4.1,472.45,0.2
2026-04-16,Pune,Bakery,29260.63,149,195.95,4.1,742.42,0.2
2026-04-16,Pune,Meals,29564.96,76,391.02,4.1,742.42,0.2
2026-04-17,Bengaluru,Coffee,113818.12,474,240.25,4.1,2678.2,0.5
2026-04-17,Bengaluru,Tea,38907.28,239,162.61,4.1,892.73,0.5
2026-04-17,Bengaluru,Bakery,63410.27,330,192.06,4.1,1402.87,0.5
2026-04-17,Bengaluru,Meals,59777.86,152,393.0,4.1,1402.87,0.5
2026-04-17,Mumbai,Coffee,99966.02,403,247.97,4.1,2205.57,0.5
2026-04-17,Mumbai,Tea,31541.01,192,164.46,4.1,735.19,0.5
2026-04-17,Mumbai,Bakery,50465.23,260,193.75,4.1,1155.3,0.5
2026-04-17,Mumbai,Meals,51260.71,131,390.51,4.1,1155.3,0.5
2026-04-17,Chennai,Coffee,70037.2,286,244.59,4.1,1575.41,0.5
2026-04-17,Chennai,Tea,23494.53,145,161.98,4.1,525.14,0.5
2026-04-17,Chennai,Bakery,35204.39,179,196.93,4.1,825.22,0.5
2026-04-17,Chennai,Meals,36309.78,96,379.1,4.1,825.22,0.5
2026-04-17,Pune,Coffee,63124.99,256,246.24,4.1,1417.87,0.5
2026-04-17,Pune,Tea,20545.23,126,163.54,4.1,472.62,0.5
2026-04-17,Pune,Bakery,33160.63,172,192.29,4.1,742.69,0.5
2026-04-17,Pune,Meals,32393.96,84,387.55,4.1,742.69,0.5
2026-04-18,Bengaluru,Coffee,123911.14,517,239.78,4.1,2679.18,0.2
2026-04-18,Bengaluru,Tea,43319.1,269,160.9,4.1,893.06,0.2
2026-04-18,Bengaluru,Bakery,66629.26,351,189.58,4.1,1403.38,0.2
2026-04-18,Bengaluru,Meals,66112.9,172,385.11,4.1,1403.38,0.2
2026-04-18,Mumbai,Coffee,100600.83,409,245.91,4.1,2206.38,0.2
2026-04-18,Mumbai,Tea,34967.1,214,163.71,4.1,735.46,0.2
2026-04-18,Mumbai,Bakery,56207.84,287,196.03,4.1,1155.73,0.2
2026-04-18,Mumbai,Meals,54953.64,144,382.59,4.1,1155.73,0.2
2026-04-18,Chennai,Coffee,73812.44,301,244.89,4.1,1575.99,0.2
2026-04-18,Chennai,Tea,24499.59,152,160.71,4.1,525.33,0.2
2026-04-18,Chennai,Bakery,38257.46,198,193.09,4.1,825.52,0.2
2026-04-18,Chennai,Meals,39297.57,103,382.9,4.1,825.52,0.2
2026-04-18,Pune,Coffee,65183.61,269,242.28,4.1,1418.39,0.2
2026-04-18,Pune,Tea,21442.35,130,164.35,4.1,472.8,0.2
2026-04-18,Pune,Bakery,34163.21,179,191.12,4.1,742.97,0.2
2026-04-18,Pune,Meals,35043.32,90,391.29,4.1,742.97,0.2
2026-04-19,Bengaluru,Coffee,115281.45,471,244.51,4.1,2680.16,0.7
2026-04-19,Bengaluru,Tea,39856.36,247,161.34,4.1,893.39,0.7
2026-04-19,Bengaluru,Bakery,65033.79,336,193.53,4.1,1403.9,0.7
2026-04-19,Bengaluru,Meals,61066.35,157,388.28,4.1,1403.9,0.7
2026-04-19,Mumbai,Coffee,97421.98,403,241.78,4.1,2207.19,0.7
2026-04-19,Mumbai,Tea,32379.71,198,163.41,4.1,735.73,0.7
2026-04-19,Mumbai,Bakery,50064.78,259,193.49,4.1,1156.15,0.7
2026-04-19,Mumbai,Meals,51720.62,133,388.86,4.1,1156.15,0.7
2026-04-19,Chennai,Coffee,69333.58,286,242.32,4.1,1576.57,0.7
2026-04-19,Chennai,Tea,23727.95,146,163.02,4.1,525.52,0.7
2026-04-19,Chennai,Bakery,36037.4,187,193.0,4.1,825.82,0.7
2026-04-19,Chennai,Meals,36575.98,94,388.48,4.1,825.82,0.7
2026-04-19,Pune,Coffee,63196.41,263,240.52,4.1,1418.91,0.7
2026-04-19,Pune,Tea,20910.09,131,159.77,4.1,472.97,0.7
2026-04-19,Pune,Bakery,33255.49,171,194.9,4.1,743.24,0.7
2026-04-19,Pune,Meals,33752.96,88,381.51,4.1,743.24,0.7
2026-04-20,Bengaluru,Coffee,94346.66,379,248.81,4.1,2681.15,0.3
2026-04-20,Bengaluru,Tea,30565.88,187,163.56,4.1,893.72,0.3
2026-04-20,Bengaluru,Bakery,50183.52,260,193.16,4.1,1404.41,0.3
2026-04-20,Bengaluru,Meals,50908.81,129,394.23,4.1,1404.41,0.3
2026-04-20,Mumbai,Coffee,77577.48,316,245.47,4.1,2208.0,0.3
2026-04-20,Mumbai,Tea,25475.56,155,164.38,4.1,736.0,0.3
2026-04-20,Mumbai,Bakery,41250.32,212,194.39,4.1,1156.57,0.3
2026-04-20,Mumbai,Meals,39258.59,101,389.0,4.1,1156.57,0.3
2026-04-20,Chennai,Coffee,54586.29,227,240.04,4.1,1577.15,0.3
2026-04-20,Chennai,Tea,18672.0,116,161.06,4.1,525.72,0.3
2026-04-20,Chennai,Bakery,30480.34,155,196.82,4.1,826.12,0.3
2026-04-20,Chennai,Meals,29120.48,76,384.48,4.1,826.12,0.3
2026-04-20,Pune,Coffee,50786.07,205,247.48,4.1,1419.43,0.3
2026-04-20,Pune,Tea,16388.33,100,163.72,4.1,473.14,0.3
2026-04-20,Pune,Bakery,26497.19,135,196.37,4.1,743.51,0.3
2026-04-20,Pune,Meals,26248.03,68,383.4,4.1,743.51,0.3
2026-04-21,Bengaluru,Coffee,96540.45,397,243.28,3.9,2784.69,0.5
2026-04-21,Bengaluru,Tea,33975.72,213,159.19,3.9,928.23,0.5
2026-04-21,Bengaluru,Bakery,50625.09,263,192.83,3.9,1458.65,0.5
2026-04-21,Bengaluru,Meals,53124.04,140,380.06,3.9,1458.65,0.5
2026-04-21,Mumbai,Coffee,82314.18,335,245.74,3.9,2293.28,0.5
2026-04-21,Mumbai,Tea,26932.39,171,157.9,3.9,764.43,0.5
2026-04-21,Mumbai,Bakery,42732.4,221,193.15,3.9,1201.24,0.5
2026-04-21,Mumbai,Meals,42353.24,111,381.66,3.9,1201.24,0.5
2026-04-21,Chennai,Coffee,56165.44,236,237.55,3.9,1638.05,0.5
2026-04-21,Chennai,Tea,19589.99,123,159.83,3.9,546.02,0.5
2026-04-21,Chennai,Bakery,30813.08,163,189.57,3.9,858.03,0.5
2026-04-21,Chennai,Meals,30997.55,81,383.4,3.9,858.03,0.5
2026-04-21,Pune,Coffee,50432.93,210,240.64,3.9,1474.25,0.5
2026-04-21,Pune,Tea,17561.09,107,164.09,3.9,491.42,0.5
2026-04-21,Pune,Bakery,26954.2,141,191.06,3.9,772.23,0.5
2026-04-21,Pune,Meals,27602.19,72,383.45,3.9,772.23,0.5
2026-04-22,Bengaluru,Coffee,105378.18,433,243.57,3.9,2785.71,0.4
2026-04-22,Bengaluru,Tea,35298.09,216,163.16,3.9,928.57,0.4
2026-04-22,Bengaluru,Bakery,56906.02,295,193.2,3.9,1459.18,0.4
2026-04-22,Bengaluru,Meals,56505.86,149,379.5,3.9,1459.18,0.4
2026-04-22,Mumbai,Coffee,86652.01,354,244.44,3.9,2294.12,0.4
2026-04-22,Mumbai,Tea,29702.15,186,159.37,3.9,764.71,0.4
2026-04-22,Mumbai,Bakery,46755.1,245,190.99,3.9,1201.68,0.4
2026-04-22,Mumbai,Meals,46699.08,123,381.06,3.9,1201.68,0.4
2026-04-22,Chennai,Coffee,61070.93,251,243.65,3.9,1638.65,0.4
2026-04-22,Chennai,Tea,21460.82,131,163.98,3.9,546.22,0.4
2026-04-22,Chennai,Bakery,32892.75,170,193.34,3.9,858.34,0.4
2026-04-22,Chennai,Meals,31448.75,82,384.4,3.9,858.34,0.4
2026-04-22,Pune,Coffee,57038.68,232,246.34,3.9,1474.79,0.4
2026-04-22,Pune,Tea,18759.17,116,161.94,3.9,491.6,0.4
2026-04-22,Pune,Bakery,29134.95,151,193.17,3.9,772.51,0.4
2026-04-22,Pune,Meals,29954.73,78,383.09,3.9,772.51,0.4
2026-04-23,Bengaluru,Coffee,108693.29,458,237.11,3.9,2786.73,0.4
2026-04-23,Bengaluru,Tea,36825.92,227,161.94,3.9,928.91,0.4
2026-04-23,Bengaluru,Bakery,56656.55,296,191.55,3.9,1459.72,0.4
2026-04-23,Bengaluru,Meals,57488.72,153,376.46,3.9,1459.72,0.4
2026-04-23,Mumbai,Coffee,90591.82,372,243.52,3.9,2294.96,0.4
2026-04-23,Mumbai,Tea,28984.87,181,159.91,3.9,764.99,0.4
2026-04-23,Mumbai,Bakery,49169.33,256,192.3,3.9,1202.12,0.4
2026-04-23,Mumbai,Meals,49098.05,131,375.85,3.9,1202.12,0.4
2026-04-23,Chennai,Coffee,64949.23,269,241.33,3.9,1639.26,0.4
2026-04-23,Chennai,Tea,21410.46,133,161.34,3.9,546.42,0.4
2026-04-23,Chennai,Bakery,34454.19,179,192.52,3.9,858.66,0.4
2026-04-23,Chennai,Meals,33954.67,89,380.32,3.9,858.66,0.4
2026-04-23,Pune,Coffee,59549.67,245,243.0,3.9,1475.33,0.4
2026-04-23,Pune,Tea,20108.86,127,158.75,3.9,491.78,0.4
2026-04-23,Pune,Bakery,29785.68,156,191.21,3.9,772.79,0.4
2026-04-23,Pune,Meals,31387.17,81,389.47,3.9,772.79,0.4
2026-04-24,Bengaluru,Coffee,116386.94,485,239.96,3.9,2787.76,1.0
2026-04-24,Bengaluru,Tea,40047.12,248,161.18,3.9,929.25,1.0
2026-04-24,Bengaluru,Bakery,61932.22,327,189.49,3.9,1460.25,1.0
2026-04-24,Bengaluru,Meals,63679.09,165,386.21,3.9,1460.25,1.0
2026-04-24,Mumbai,Coffee,99420.99,407,244.29,3.9,2295.8,1.0
2026-04-24,Mumbai,Tea,33115.54,203,162.77,3.9,765.27,1.0
2026-04-24,Mumbai,Bakery,51504.22,269,191.7,3.9,1202.56,1.0
2026-04-24,Mumbai,Meals,52564.81,137,382.44,3.9,1202.56,1.0
2026-04-24,Chennai,Coffee,70894.03,292,242.71,3.9,1639.86,1.0
2026-04-24,Chennai,Tea,24180.28,148,163.48,3.9,546.62,1.0
2026-04-24,Chennai,Bakery,35176.84,182,193.53,3.9,858.97,1.0
2026-04-24,Chennai,Meals,37671.82,98,382.65,3.9,858.97,1.0
2026-04-24,Pune,Coffee,64584.82,265,244.1,3.9,1475.87,1.0
2026-04-24,Pune,Tea,20767.79,130,160.26,3.9,491.96,1.0
2026-04-24,Pune,Bakery,33319.38,177,187.95,3.9,773.07,1.0
2026-04-24,Pune,Meals,32494.75,86,379.58,3.9,773.07,1.0
2026-04-25,Bengaluru,Coffee,126558.47,524,241.73,3.9,2788.78,0.7
2026-04-25,Bengaluru,Tea,41239.49,259,159.38,3.9,929.59,0.7
2026-04-25,Bengaluru,Bakery,65982.85,351,187.81,3.9,1460.79,0.7
2026-04-25,Bengaluru,Meals,66968.08,174,385.34,3.9,1460.79,0.7
2026-04-25,Mumbai,Coffee,103288.32,436,237.03,3.9,2296.64,0.7
2026-04-25,Mumbai,Tea,34395.67,216,159.51,3.9,765.55,0.7
2026-04-25,Mumbai,Bakery,56168.16,291,192.92,3.9,1203.0,0.7
2026-04-25,Mumbai,Meals,55616.65,147,377.77,3.9,1203.0,0.7
2026-04-25,Chennai,Coffee,71838.54,301,238.58,3.9,1640.46,0.7
2026-04-25,Chennai,Tea,24753.6,154,160.88,3.9,546.82,0.7
2026-04-25,Chennai,Bakery,39383.11,208,189.32,3.9,859.29,0.7
2026-04-25,Chennai,Meals,38442.63,100,383.25,3.9,859.29,0.7
2026-04-25,Pune,Coffee,68081.34,279,244.04,3.9,1476.41,0.7
2026-04-25,Pune,Tea,22443.17,138,162.36,3.9,492.14,0.7
2026-04-25,Pune,Bakery,35015.21,184,190.45,3.9,773.36,0.7
2026-04-25,Pune,Meals,34527.18,92,377.21,3.9,773.36,0.7
2026-04-26,Bengaluru,Coffee,131436.39,533,246.49,3.9,2789.8,0.7
2026-04-26,Bengaluru,Tea,44552.73,272,163.84,3.9,929.93,0.7
2026-04-26,Bengaluru,Bakery,69833.33,359,194.34,3.9,1461.32,0.7
2026-04-26,Bengaluru,Meals,70513.8,184,383.58,3.9,1461.32,0.7
2026-04-26,Mumbai,Coffee,110273.65,460,239.71,3.9,2297.48,0.7
2026-04-26,Mumbai,Tea,34990.19,218,160.28,3.9,765.83,0.7
2026-04-26,Mumbai,Bakery,58239.01,299,194.77,3.9,1203.44,0.7
2026-04-26,Mumbai,Meals,57647.25,148,388.4,3.9,1203.44,0.7
2026-04-26,Chennai,Coffee,76290.94,315,242.28,3.9,1641.06,0.7
2026-04-26,Chennai,Tea,25393.31,157,161.85,3.9,547.02,0.7
2026-04-26,Chennai,Bakery,40296.53,209,192.97,3.9,859.6,0.7
2026-04-26,Chennai,Meals,39867.01,104,381.77,3.9,859.6,0.7
2026-04-26,Pune,Coffee,69216.32,290,238.5,3.9,1476.95,0.7
2026-04-26,Pune,Tea,24140.58,152,158.86,3.9,492.32,0.7
2026-04-26,Pune,Bakery,36466.42,192,190.41,3.9,773.64,0.7
2026-04-26,Pune,Meals,37257.47,99,375.45,3.9,773.64,0.7
2026-04-27,Bengaluru,Coffee,100342.98,411,244.1,3.9,2790.82,0.8
2026-04-27,Bengaluru,Tea,32468.15,203,159.9,3.9,930.27,0.8
2026-04-27,Bengaluru,Bakery,51981.87,271,192.06,3.9,1461.86,0.8
2026-04-27,Bengaluru,Meals,51465.86,134,382.88,3.9,1461.86,0.8
2026-04-27,Mumbai,Coffee,83729.65,345,242.81,3.9,2298.32,0.8
2026-04-27,Mumbai,Tea,27181.55,169,160.79,3.9,766.11,0.8
2026-04-27,Mumbai,Bakery,42379.59,225,188.64,3.9,1203.88,0.8
2026-04-27,Mumbai,Meals,42523.11,113,377.51,3.9,1203.88,0.8
2026-04-27,Chennai,Coffee,58434.3,238,245.8,3.9,1641.66,0.8
2026-04-27,Chennai,Tea,19497.17,122,159.82,3.9,547.22,0.8
2026-04-27,Chennai,Bakery,30400.64,159,190.93,3.9,859.92,0.8
2026-04-27,Chennai,Meals,30783.37,80,386.27,3.9,859.92,0.8
2026-04-27,Pune,Coffee,53181.3,221,240.62,3.9,1477.49,0.8
2026-04-27,Pune,Tea,17969.62,110,162.94,3.9,492.5,0.8
2026-04-27,Pune,Bakery,26224.22,137,192.0,3.9,773.92,0.8
2026-04-27,Pune,Meals,27213.89,72,376.54,3.9,773.92,0.8
2026-04-28,Bengaluru,Coffee,109883.36,448,245.43,6.7,2778.46,1.0
2026-04-28,Bengaluru,Tea,35600.17,222,160.64,6.7,926.15,1.0
2026-04-28,Bengaluru,Bakery,54998.49,290,189.48,6.7,1455.38,1.0
2026-04-28,Bengaluru,Meals,55959.74,146,383.38,6.7,1455.38,1.0
2026-04-28,Mumbai,Coffee,85545.26,357,239.75,6.7,2288.14,1.0
2026-04-28,Mumbai,Tea,29067.94,180,161.22,6.7,762.71,1.0
2026-04-28,Mumbai,Bakery,44977.05,237,189.46,6.7,1198.55,1.0
2026-04-28,Mumbai,Meals,46044.69,121,381.09,6.7,1198.55,1.0
2026-04-28,Chennai,Coffee,65189.94,265,245.96,6.7,1634.39,1.0
2026-04-28,Chennai,Tea,20616.59,130,158.81,6.7,544.8,1.0
2026-04-28,Chennai,Bakery,32904.59,169,194.39,6.7,856.11,1.0
2026-04-28,Chennai,Meals,33207.09,88,375.91,6.7,856.11,1.0
2026-04-28,Pune,Coffee,57972.0,244,237.6,6.7,1470.95,1.0
2026-04-28,Pune,Tea,19310.24,122,158.46,6.7,490.32,1.0
2026-04-28,Pune,Bakery,30045.59,157,190.94,6.7,770.5,1.0
2026-04-28,Pune,Meals,29456.07,78,379.92,6.7,770.5,1.0
2026-04-29,Bengaluru,Coffee,109975.99,461,238.61,6.7,2779.47,1.1
2026-04-29,Bengaluru,Tea,36217.24,227,159.25,6.7,926.49,1.1
2026-04-29,Bengaluru,Bakery,57953.33,303,191.5,6.7,1455.91,1.1
2026-04-29,Bengaluru,Meals,57765.32,151,381.54,6.7,1455.91,1.1
2026-04-29,Mumbai,Coffee,87869.88,371,236.94,6.7,2288.98,1.1
2026-04-29,Mumbai,Tea,29847.31,186,160.32,6.7,762.99,1.1
2026-04-29,Mumbai,Bakery,46941.98,249,188.62,6.7,1198.99,1.1
2026-04-29,Mumbai,Meals,46510.99,122,382.35,6.7,1198.99,1.1
2026-04-29,Chennai,Coffee,62846.0,263,238.74,6.7,1634.98,1.1
2026-04-29,Chennai,Tea,21474.99,136,157.91,6.7,544.99,1.1
2026-04-29,Chennai,Bakery,32968.87,175,188.86,6.7,856.42,1.1
2026-04-29,Chennai,Meals,33755.62,88,384.9,6.7,856.42,1.1
2026-04-29,Pune,Coffee,56678.23,234,241.99,6.7,1471.49,1.1
2026-04-29,Pune,Tea,19450.37,120,162.55,6.7,490.5,1.1
2026-04-29,Pune,Bakery,29285.62,151,193.66,6.7,770.78,1.1
2026-04-29,Pune,Meals,30442.15,79,387.52,6.7,770.78,1.1
2026-04-30,Bengaluru,Coffee,115035.02,474,242.6,6.7,2780.49,0.9
2026-04-30,Bengaluru,Tea,39282.71,243,161.38,6.7,926.83,0.9
2026-04-30,Bengaluru,Bakery,61723.41,325,189.65,6.7,1456.45,0.9
2026-04-30,Bengaluru,Meals,60080.77,159,376.87,6.7,1456.45,0.9
2026-04-30,Mumbai,Coffee,96858.9,398,243.48,6.7,2289.81,0.9
2026-04-30,Mumbai,Tea,32251.25,198,162.52,6.7,763.27,0.9
2026-04-30,Mumbai,Bakery,50412.13,264,191.23,6.7,1199.43,0.9
2026-04-30,Mumbai,Meals,51941.88,137,379.76,6.7,1199.43,0.9
2026-04-30,Chennai,Coffee,67983.52,279,243.67,6.7,1635.58,0.9
2026-04-30,Chennai,Tea,22736.8,140,162.87,6.7,545.19,0.9
2026-04-30,Chennai,Bakery,37290.42,191,195.13,6.7,856.73,0.9
2026-04-30,Chennai,Meals,36424.31,95,384.63,6.7,856.73,0.9
2026-04-30,Pune,Coffee,63374.98,260,243.8,6.7,1472.02,0.9
2026-04-30,Pune,Tea,20710.51,128,161.78,6.7,490.67,0.9
2026-04-30,Pune,Bakery,33101.33,171,193.13,6.7,771.06,0.9
2026-04-30,Pune,Meals,32762.92,85,387.52,6.7,771.06,0.9
2026-05-01,Bengaluru,Coffee,117473.98,492,238.71,6.7,2781.51,1.1
2026-05-01,Bengaluru,Tea,38539.09,236,163.51,6.7,927.17,1.1
2026-05-01,Bengaluru,Bakery,61017.29,318,192.09,6.7,1456.98,1.1
2026-05-01,Bengaluru,Meals,58868.87,157,376.1,6.7,1456.98,1.1
2026-05-01,Mumbai,Coffee,97003.86,394,246.36,6.7,2290.65,1.1
2026-05-01,Mumbai,Tea,32732.51,202,162.13,6.7,763.55,1.1
2026-05-01,Mumbai,Bakery,49297.8,254,193.96,6.7,1199.87,1.1
2026-05-01,Mumbai,Meals,49395.44,128,386.92,6.7,1199.87,1.1
2026-05-01,Chennai,Coffee,66835.84,272,246.0,6.7,1636.18,1.1
2026-05-01,Chennai,Tea,23097.07,141,163.41,6.7,545.39,1.1
2026-05-01,Chennai,Bakery,35703.69,184,193.54,6.7,857.05,1.1
2026-05-01,Chennai,Meals,35240.14,94,375.49,6.7,857.05,1.1
2026-05-01,Pune,Coffee,58645.94,242,242.01,6.7,1472.56,1.1
2026-05-01,Pune,Tea,20757.98,131,158.32,6.7,490.85,1.1
2026-05-01,Pune,Bakery,32120.31,169,189.72,6.7,771.34,1.1
2026-05-01,Pune,Meals,31922.89,85,377.7,6.7,771.34,1.1
2026-05-02,Bengaluru,Coffee,138346.43,569,243.27,6.7,2782.52,0.9
2026-05-02,Bengaluru,Tea,45752.85,287,159.55,6.7,927.51,0.9
2026-05-02,Bengaluru,Bakery,72986.46,376,193.88,6.7,1457.51,0.9
2026-05-02,Bengaluru,Meals,71218.09,185,385.25,6.7,1457.51,0.9
2026-05-02,Mumbai,Coffee,111719.81,459,243.26,6.7,2291.49,0.9
2026-05-02,Mumbai,Tea,36348.05,229,158.65,6.7,763.83,0.9
2026-05-02,Mumbai,Bakery,57385.95,294,194.93,6.7,1200.3,0.9
2026-05-02,Mumbai,Meals,59774.18,155,385.0,6.7,1200.3,0.9
2026-05-02,Chennai,Coffee,81546.62,335,243.49,6.7,1636.78,0.9
2026-05-02,Chennai,Tea,25879.41,162,159.72,6.7,545.59,0.9
2026-05-02,Chennai,Bakery,43022.98,221,195.02,6.7,857.36,0.9
2026-05-02,Chennai,Meals,41140.07,106,388.46,6.7,857.36,0.9
2026-05-02,Pune,Coffee,72274.28,302,239.16,6.7,1473.1,0.9
2026-05-02,Pune,Tea,23776.41,149,159.92,6.7,491.03,0.9
2026-05-02,Pune,Bakery,38927.69,200,194.7,6.7,771.62,0.9
2026-05-02,Pune,Meals,37419.95,97,383.83,6.7,771.62,0.9
2026-05-03,Bengaluru,Coffee,123679.67,505,244.76,6.7,2783.54,1.2
2026-05-03,Bengaluru,Tea,42939.65,267,160.99,6.7,927.85,1.2
2026-05-03,Bengaluru,Bakery,67424.07,353,190.81,6.7,1458.04,1.2
2026-05-03,Bengaluru,Meals,69883.35,186,375.07,6.7,1458.04,1.2
2026-05-03,Mumbai,Coffee,108520.33,457,237.64,6.7,2292.33,1.2
2026-05-03,Mumbai,Tea,34617.42,214,161.53,6.7,764.11,1.2
2026-05-03,Mumbai,Bakery,57337.08,301,190.57,6.7,1200.74,1.2
2026-05-03,Mumbai,Meals,55941.52,144,388.35,6.7,1200.74,1.2
2026-05-03,Chennai,Coffee,75276.58,314,239.58,6.7,1637.38,1.2
2026-05-03,Chennai,Tea,24055.82,148,162.7,6.7,545.79,1.2
2026-05-03,Chennai,Bakery,41494.49,214,194.13,6.7,857.67,1.2
2026-05-03,Chennai,Meals,40047.38,104,383.43,6.7,857.67,1.2
2026-05-03,Pune,Coffee,66849.37,278,240.25,6.7,1473.64,1.2
2026-05-03,Pune,Tea,22344.14,140,159.55,6.7,491.21,1.2
2026-05-03,Pune,Bakery,35436.92,186,190.31,6.7,771.91,1.2
2026-05-03,Pune,Meals,34618.39,91,381.96,6.7,771.91,1.2
2026-05-04,Bengaluru,Coffee,103393.67,429,240.88,6.7,2784.55,1.7
2026-05-04,Bengaluru,Tea,34004.02,210,162.3,6.7,928.18,1.7
2026-05-04,Bengaluru,Bakery,54138.7,278,194.63,6.7,1458.58,1.7
2026-05-04,Bengaluru,Meals,53632.61,142,376.78,6.7,1458.58,1.7
2026-05-04,Mumbai,Coffee,84759.68,353,240.13,6.7,2293.16,1.7
2026-05-04,Mumbai,Tea,27077.77,170,159.15,6.7,764.39,1.7
2026-05-04,Mumbai,Bakery,44785.05,237,188.79,6.7,1201.18,1.7
2026-05-04,Mumbai,Meals,43274.63,111,389.44,6.7,1201.18,1.7
2026-05-04,Chennai,Coffee,58319.39,240,242.8,6.7,1637.97,1.7
2026-05-04,Chennai,Tea,20374.56,124,164.09,6.7,545.99,1.7
2026-05-04,Chennai,Bakery,31627.18,163,194.47,6.7,857.99,1.7
2026-05-04,Chennai,Meals,31596.38,84,377.41,6.7,857.99,1.7
2026-05-04,Pune,Coffee,54969.71,228,241.47,6.7,1474.18,1.7
2026-05-04,Pune,Tea,17626.41,110,160.76,6.7,491.39,1.7
2026-05-04,Pune,Bakery,28041.43,146,191.68,6.7,772.19,1.7
2026-05-04,Pune,Meals,27905.94,72,388.82,6.7,772.19,1.7
2026-05-05,Bengaluru,Coffee,101597.73,422,240.73,4.4,2895.04,1.8
2026-05-05,Bengaluru,Tea,34613.1,214,161.63,4.4,965.01,1.8
2026-05-05,Bengaluru,Bakery,51437.83,268,191.79,4.4,1516.45,1.8
2026-05-05,Bengaluru,Meals,52452.47,137,383.25,4.4,1516.45,1.8
2026-05-05,Mumbai,Coffee,80849.07,333,243.11,4.4,2384.15,1.8
2026-05-05,Mumbai,Tea,27453.82,172,159.43,4.4,794.72,1.8
2026-05-05,Mumbai,Bakery,43243.85,221,195.53,4.4,1248.84,1.8
2026-05-05,Mumbai,Meals,42790.84,113,378.02,4.4,1248.84,1.8
2026-05-05,Chennai,Coffee,56710.47,232,244.92,4.4,1702.96,1.8
2026-05-05,Chennai,Tea,19283.68,118,163.99,4.4,567.65,1.8
2026-05-05,Chennai,Bakery,30026.58,158,189.56,4.4,892.03,1.8
2026-05-05,Chennai,Meals,30405.31,78,389.28,4.4,892.03,1.8
2026-05-05,Pune,Coffee,51051.99,209,244.29,4.4,1532.67,1.8
2026-05-05,Pune,Tea,17659.92,110,159.82,4.4,510.89,1.8
2026-05-05,Pune,Bakery,26976.65,142,190.14,4.4,802.83,1.8
2026-05-05,Pune,Meals,27595.8,72,382.99,4.4,802.83,1.8
2026-05-06,Bengaluru,Coffee,103976.51,427,243.58,4.4,2896.09,1.6
2026-05-06,Bengaluru,Tea,33314.52,205,162.85,4.4,965.36,1.6
2026-05-06,Bengaluru,Bakery,54005.77,287,188.1,4.4,1517.0,1.6
2026-05-06,Bengaluru,Meals,53641.29,138,388.98,4.4,1517.0,1.6
2026-05-06,Mumbai,Coffee,85900.98,362,237.61,4.4,2385.02,1.6
2026-05-06,Mumbai,Tea,28052.51,175,160.04,4.4,795.01,1.6
2026-05-06,Mumbai,Bakery,44506.39,229,193.94,4.4,1249.29,1.6
2026-05-06,Mumbai,Meals,44306.89,113,390.66,4.4,1249.29,1.6
2026-05-06,Chennai,Coffee,58818.22,242,243.06,4.4,1703.58,1.6
2026-05-06,Chennai,Tea,20114.68,122,164.38,4.4,567.86,1.6
2026-05-06,Chennai,Bakery,31807.59,167,190.36,4.4,892.35,1.6
2026-05-06,Chennai,Meals,31301.58,81,386.55,4.4,892.35,1.6
2026-05-06,Pune,Coffee,53725.34,225,239.06,4.4,1533.23,1.6
2026-05-06,Pune,Tea,18146.23,113,161.03,4.4,511.08,1.6
2026-05-06,Pune,Bakery,28898.56,152,190.65,4.4,803.12,1.6
2026-05-06,Pune,Meals,28801.8,75,385.04,4.4,803.12,1.6
2026-05-07,Bengaluru,Coffee,116672.61,488,239.09,4.4,2897.15,1.1
2026-05-07,Bengaluru,Tea,38215.98,235,162.48,4.4,965.72,1.1
2026-05-07,Bengaluru,Bakery,60689.22,317,191.53,4.4,1517.55,1.1
2026-05-07,Bengaluru,Meals,58759.77,154,381.72,4.4,1517.55,1.1
2026-05-07,Mumbai,Coffee,94880.95,397,239.22,4.4,2385.89,1.1
2026-05-07,Mumbai,Tea,31815.78,195,162.76,4.4,795.3,1.1
2026-05-07,Mumbai,Bakery,50899.43,267,190.61,4.4,1249.75,1.1
2026-05-07,Mumbai,Meals,50686.72,133,380.2,4.4,1249.75,1.1
2026-05-07,Chennai,Coffee,67811.4,280,242.41,4.4,1704.2,1.1
2026-05-07,Chennai,Tea,22002.83,138,159.78,4.4,568.07,1.1
2026-05-07,Chennai,Bakery,34607.4,184,187.94,4.4,892.68,1.1
2026-05-07,Chennai,Meals,35646.71,95,376.66,4.4,892.68,1.1
2026-05-07,Pune,Coffee,60060.9,250,240.1,4.4,1533.78,1.1
2026-05-07,Pune,Tea,20297.05,127,160.44,4.4,511.26,1.1
2026-05-07,Pune,Bakery,31146.48,165,188.86,4.4,803.41,1.1
2026-05-07,Pune,Meals,31092.64,81,385.15,4.4,803.41,1.1
2026-05-08,Bengaluru,Coffee,123162.23,504,244.19,4.4,2898.2,1.9
2026-05-08,Bengaluru,Tea,39629.59,249,159.41,4.4,966.07,1.9
2026-05-08,Bengaluru,Bakery,64889.21,339,191.65,4.4,1518.11,1.9
2026-05-08,Bengaluru,Meals,63416.86,163,388.68,4.4,1518.11,1.9
2026-05-08,Mumbai,Coffee,97160.6,405,239.66,4.4,2386.76,1.9
2026-05-08,Mumbai,Tea,32621.91,201,161.94,4.4,795.59,1.9
2026-05-08,Mumbai,Bakery,52893.13,279,189.55,4.4,1250.21,1.9
2026-05-08,Mumbai,Meals,52594.18,139,377.84,4.4,1250.21,1.9
2026-05-08,Chennai,Coffee,70870.06,294,240.84,4.4,1704.83,1.9
2026-05-08,Chennai,Tea,24207.35,151,159.84,4.4,568.28,1.9
2026-05-08,Chennai,Bakery,38342.99,201,191.12,4.4,893.0,1.9
2026-05-08,Chennai,Meals,37921.39,98,385.7,4.4,893.0,1.9
2026-05-08,Pune,Coffee,63042.03,256,246.49,4.4,1534.34,1.9
2026-05-08,Pune,Tea,21840.32,135,161.72,4.4,511.45,1.9
2026-05-08,Pune,Bakery,33378.61,177,188.13,4.4,803.7,1.9
2026-05-08,Pune,Meals,34425.95,88,390.23,4.4,803.7,1.9
2026-05-09,Bengaluru,Coffee,123354.2,506,243.98,4.4,2899.26,2.0
2026-05-09,Bengaluru,Tea,40640.56,256,158.82,4.4,966.42,2.0
2026-05-09,Bengaluru,Bakery,63688.86,331,192.22,4.4,1518.66,2.0
2026-05-09,Bengaluru,Meals,65582.52,170,385.9,4.4,1518.66,2.0
2026-05-09,Mumbai,Coffee,100997.44,421,240.14,4.4,2387.63,2.0
2026-05-09,Mumbai,Tea,33662.75,205,163.95,4.4,795.88,2.0
2026-05-09,Mumbai,Bakery,52351.13,277,189.16,4.4,1250.66,2.0
2026-05-09,Mumbai,Meals,51681.6,136,379.08,4.4,1250.66,2.0
2026-05-09,Chennai,Coffee,71993.49,296,243.18,4.4,1705.45,2.0
2026-05-09,Chennai,Tea,24337.55,149,163.34,4.4,568.48,2.0
2026-05-09,Chennai,Bakery,37937.77,200,190.14,4.4,893.33,2.0
2026-05-09,Chennai,Meals,37653.54,97,388.07,4.4,893.33,2.0
2026-05-09,Pune,Coffee,64640.37,265,244.37,4.4,1534.9,2.0
2026-05-09,Pune,Tea,22093.89,135,164.09,4.4,511.63,2.0
2026-05-09,Pune,Bakery,34087.12,175,195.25,4.4,804.0,2.0
2026-05-09,Pune,Meals,34460.37,90,382.25,4.4,804.0,2.0
2026-05-10,Bengaluru,Coffee,125296.06,522,240.25,4.4,2900.32,1.5
2026-05-10,Bengaluru,Tea,44324.5,272,162.82,4.4,966.77,1.5
2026-05-10,Bengaluru,Bakery,69063.72,364,189.65,4.4,1519.21,1.5
2026-05-10,Bengaluru,Meals,65204.48,169,385.93,4.4,1519.21,1.5
2026-05-10,Mumbai,Coffee,107107.79,435,246.27,4.4,2388.5,1.5
2026-05-10,Mumbai,Tea,34922.5,220,158.47,4.4,796.17,1.5
2026-05-10,Mumbai,Bakery,54720.4,286,191.66,4.4,1251.12,1.5
2026-05-10,Mumbai,Meals,53216.25,137,388.44,4.4,1251.12,1.5
2026-05-10,Chennai,Coffee,75918.53,317,239.24,4.4,1706.07,1.5
2026-05-10,Chennai,Tea,24968.9,155,160.88,4.4,568.69,1.5
2026-05-10,Chennai,Bakery,38559.13,202,191.14,4.4,893.66,1.5
2026-05-10,Chennai,Meals,39137.72,101,386.15,4.4,893.66,1.5
2026-05-10,Pune,Coffee,69054.03,281,245.97,4.4,1535.46,1.5
2026-05-10,Pune,Tea,22565.96,142,158.97,4.4,511.82,1.5
2026-05-10,Pune,Bakery,34326.86,178,192.74,4.4,804.29,1.5
2026-05-10,Pune,Meals,35073.76,90,387.97,4.4,804.29,1.5
2026-05-11,Bengaluru,Coffee,99782.86,416,240.05,4.4,2901.37,1.4
2026-05-11,Bengaluru,Tea,33350.98,204,163.17,4.4,967.12,1.4
2026-05-11,Bengaluru,Bakery,53235.14,277,192.0,4.4,1519.77,1.4
2026-05-11,Bengaluru,Meals,51286.38,133,386.23,4.4,1519.77,1.4
2026-05-11,Mumbai,Coffee,82104.56,336,244.1,4.4,2389.37,1.4
2026-05-11,Mumbai,Tea,27299.1,170,160.6,4.4,796.46,1.4
2026-05-11,Mumbai,Bakery,42279.9,218,193.69,4.4,1251.57,1.4
2026-05-11,Mumbai,Meals,43115.7,114,377.38,4.4,1251.57,1.4
2026-05-11,Chennai,Coffee,54745.73,230,238.45,4.4,1706.69,1.4
2026-05-11,Chennai,Tea,19680.07,123,160.34,4.4,568.9,1.4
2026-05-11,Chennai,Bakery,30672.84,162,189.35,4.4,893.98,1.4
2026-05-11,Chennai,Meals,30171.95,78,385.08,4.4,893.98,1.4
2026-05-11,Pune,Coffee,50726.3,206,245.68,4.4,1536.02,1.4
2026-05-11,Pune,Tea,17715.92,110,160.57,4.4,512.01,1.4
2026-05-11,Pune,Bakery,27108.64,141,192.21,4.4,804.58,1.4
2026-05-11,Pune,Meals,27347.49,71,382.49,4.4,804.58,1.4
2026-05-12,Bengaluru,Coffee,104784.72,428,244.7,3.0,2875.32,2.5
2026-05-12,Bengaluru,Tea,35039.15,220,159.12,3.0,958.44,2.5
2026-05-12,Bengaluru,Bakery,55976.08,291,192.61,3.0,1506.12,2.5
2026-05-12,Bengaluru,Meals,54322.41,140,389.35,3.0,1506.12,2.5
2026-05-12,Mumbai,Coffee,88030.36,361,243.55,3.0,2367.91,2.5
2026-05-12,Mumbai,Tea,29425.11,186,158.49,3.0,789.3,2.5
2026-05-12,Mumbai,Bakery,45553.51,235,193.54,3.0,1240.33,2.5
2026-05-12,Mumbai,Meals,45826.38,121,378.66,3.0,1240.33,2.5
2026-05-12,Chennai,Coffee,60753.07,251,241.59,3.0,1691.36,2.5
2026-05-12,Chennai,Tea,20704.57,129,160.04,3.0,563.79,2.5
2026-05-12,Chennai,Bakery,32088.53,167,192.18,3.0,885.95,2.5
2026-05-12,Chennai,Meals,33578.42,88,382.34,3.0,885.95,2.5
2026-05-12,Pune,Coffee,55680.57,227,245.75,3.0,1522.23,2.5
2026-05-12,Pune,Tea,18517.99,116,159.78,3.0,507.41,2.5
2026-05-12,Pune,Bakery,29042.25,149,194.47,3.0,797.36,2.5
2026-05-12,Pune,Meals,28745.33,75,382.63,3.0,797.36,2.5
2026-05-13,Bengaluru,Coffee,108296.24,453,239.13,3.0,2876.36,2.1
2026-05-13,Bengaluru,Tea,35846.71,219,163.67,3.0,958.79,2.1
2026-05-13,Bengaluru,Bakery,56290.73,294,191.59,3.0,1506.67,2.1
2026-05-13,Bengaluru,Meals,57090.61,148,384.53,3.0,1506.67,2.1
2026-05-13,Mumbai,Coffee,86548.85,360,240.09,3.0,2368.77,2.1
2026-05-13,Mumbai,Tea,28831.42,177,162.45,3.0,789.59,2.1
2026-05-13,Mumbai,Bakery,47110.44,246,191.7,3.0,1240.78,2.1
2026-05-13,Mumbai,Meals,46352.87,123,375.44,3.0,1240.78,2.1
2026-05-13,Chennai,Coffee,62700.45,260,240.77,3.0,1691.98,2.1
2026-05-13,Chennai,Tea,20629.73,127,161.87,3.0,563.99,2.1
2026-05-13,Chennai,Bakery,32734.22,169,193.66,3.0,886.27,2.1
2026-05-13,Chennai,Meals,32111.68,84,380.38,3.0,886.27,2.1
2026-05-13,Pune,Coffee,57986.02,244,238.08,3.0,1522.78,2.1
2026-05-13,Pune,Tea,18565.1,116,159.56,3.0,507.59,2.1
2026-05-13,Pune,Bakery,30548.11,157,193.98,3.0,797.65,2.1
2026-05-13,Pune,Meals,29447.4,77,383.16,3.0,797.65,2.1
2026-05-14,Bengaluru,Coffee,108953.02,448,243.03,3.0,2877.41,3.1
2026-05-14,Bengaluru,Tea,35893.75,223,160.98,3.0,959.14,3.1
2026-05-14,Bengaluru,Bakery,57423.12,305,188.48,3.0,1507.21,3.1
2026-05-14,Bengaluru,Meals,60181.06,157,383.05,3.0,1507.21,3.1
2026-05-14,Mumbai,Coffee,88382.6,362,243.85,3.0,2369.63,3.1
2026-05-14,Mumbai,Tea,29578.87,184,160.61,3.0,789.88,3.1
2026-05-14,Mumbai,Bakery,47336.86,252,188.05,3.0,1241.23,3.1
2026-05-14,Mumbai,Meals,47219.24,126,375.49,3.0,1241.23,3.1
2026-05-14,Chennai,Coffee,63643.7,265,240.48,3.0,1692.59,3.1
2026-05-14,Chennai,Tea,21785.66,136,160.63,3.0,564.2,3.1
2026-05-14,Chennai,Bakery,34321.15,177,193.99,3.0,886.6,3.1
2026-05-14,Chennai,Meals,33608.8,86,390.06,3.0,886.6,3.1
2026-05-14,Pune,Coffee,60376.22,255,236.84,3.0,1523.33,3.1
2026-05-14,Pune,Tea,19556.72,123,159.49,3.0,507.78,3.1
2026-05-14,Pune,Bakery,30282.34,155,194.98,3.0,797.94,3.1
2026-05-14,Pune,Meals,29748.13,78,380.97,3.0,797.94,3.1
2026-05-15,Bengaluru,Coffee,117666.02,494,238.14,3.0,2878.45,1.6
2026-05-15,Bengaluru,Tea,38341.09,235,163.5,3.0,959.48,1.6
2026-05-15,Bengaluru,Bakery,60543.42,312,194.29,3.0,1507.76,1.6
2026-05-15,Bengaluru,Meals,60542.43,161,375.62,3.0,1507.76,1.6
2026-05-15,Mumbai,Coffee,96277.28,394,244.65,3.0,2370.49,1.6
2026-05-15,Mumbai,Tea,30625.15,193,158.92,3.0,790.16,1.6
2026-05-15,Mumbai,Bakery,49402.79,256,193.19,3.0,1241.69,1.6
2026-05-15,Mumbai,Meals,50714.69,133,380.44,3.0,1241.69,1.6
2026-05-15,Chennai,Coffee,66223.66,271,244.62,3.0,1693.21,1.6
2026-05-15,Chennai,Tea,22999.22,144,159.45,3.0,564.4,1.6
2026-05-15,Chennai,Bakery,36129.54,187,192.91,3.0,886.92,1.6
2026-05-15,Chennai,Meals,34659.18,89,387.73,3.0,886.92,1.6
2026-05-15,Pune,Coffee,65057.0,271,239.88,3.0,1523.89,1.6
2026-05-15,Pune,Tea,20864.32,129,161.2,3.0,507.96,1.6
2026-05-15,Pune,Bakery,32458.86,168,193.64,3.0,798.23,1.6
2026-05-15,Pune,Meals,31303.83,82,384.0,3.0,798.23,1.6
2026-05-16,Bengaluru,Coffee,126316.87,521,242.52,3.0,2879.5,2.4
2026-05-16,Bengaluru,Tea,43135.72,264,163.37,3.0,959.83,2.4
2026-05-16,Bengaluru,Bakery,66879.78,344,194.51,3.0,1508.31,2.4
2026-05-16,Bengaluru,Meals,66951.79,178,376.57,3.0,1508.31,2.4
2026-05-16,Mumbai,Coffee,107070.81,441,242.77,3.0,2371.35,2.4
2026-05-16,Mumbai,Tea,33850.58,206,164.27,3.0,790.45,2.4
2026-05-16,Mumbai,Bakery,53827.1,285,189.02,3.0,1242.14,2.4
2026-05-16,Mumbai,Meals,54535.09,143,380.78,3.0,1242.14,2.4
2026-05-16,Chennai,Coffee,72725.05,301,241.88,3.0,1693.82,2.4
2026-05-16,Chennai,Tea,25688.08,158,162.48,3.0,564.61,2.4
2026-05-16,Chennai,Bakery,38443.24,197,195.05,3.0,887.24,2.4
2026-05-16,Chennai,Meals,39096.89,104,377.43,3.0,887.24,2.4
2026-05-16,Pune,Coffee,66206.91,270,245.27,3.0,1524.44,2.4
2026-05-16,Pune,Tea,23131.61,146,158.55,3.0,508.15,2.4
2026-05-16,Pune,Bakery,33992.19,180,188.53,3.0,798.52,2.4
2026-05-16,Pune,Meals,34702.7,91,381.66,3.0,798.52,2.4
2026-05-17,Bengaluru,Coffee,119577.87,495,241.37,3.0,2880.55,1.9
2026-05-17,Bengaluru,Tea,40266.91,248,162.2,3.0,960.18,1.9
2026-05-17,Bengaluru,Bakery,61371.6,323,189.89,3.0,1508.86,1.9
2026-05-17,Bengaluru,Meals,65761.06,172,381.56,3.0,1508.86,1.9
2026-05-17,Mumbai,Coffee,98570.11,400,246.41,3.0,2372.21,1.9
2026-05-17,Mumbai,Tea,33253.87,203,163.65,3.0,790.74,1.9
2026-05-17,Mumbai,Bakery,52412.14,274,191.37,3.0,1242.59,1.9
2026-05-17,Mumbai,Meals,51460.28,137,376.38,3.0,1242.59,1.9
2026-05-17,Chennai,Coffee,71638.61,292,245.73,3.0,1694.44,1.9
2026-05-17,Chennai,Tea,23769.33,145,163.86,3.0,564.81,1.9
2026-05-17,Chennai,Bakery,37739.36,198,190.82,3.0,887.56,1.9
2026-05-17,Chennai,Meals,36481.98,96,380.17,3.0,887.56,1.9
2026-05-17,Pune,Coffee,64756.5,273,237.52,3.0,1524.99,1.9
2026-05-17,Pune,Tea,21563.51,132,163.41,3.0,508.33,1.9
2026-05-17,Pune,Bakery,33139.14,177,187.71,3.0,798.81,1.9
2026-05-17,Pune,Meals,33530.32,88,380.01,3.0,798.81,1.9
2026-05-18,Bengaluru,Coffee,97787.06,400,244.52,3.0,2881.59,2.4
2026-05-18,Bengaluru,Tea,30818.97,195,158.43,3.0,960.53,2.4
2026-05-18,Bengaluru,Bakery,50997.82,263,193.75,3.0,1509.41,2.4
2026-05-18,Bengaluru,Meals,48741.25,126,388.18,3.0,1509.41,2.4
2026-05-18,Mumbai,Coffee,77093.05,313,246.01,3.0,2373.08,2.4
2026-05-18,Mumbai,Tea,26067.93,164,159.24,3.0,791.03,2.4
2026-05-18,Mumbai,Bakery,39475.17,205,192.43,3.0,1243.04,2.4
2026-05-18,Mumbai,Meals,40332.58,106,380.24,3.0,1243.04,2.4
2026-05-18,Chennai,Coffee,56146.15,232,241.66,3.0,1695.05,2.4
2026-05-18,Chennai,Tea,18366.23,115,159.12,3.0,565.02,2.4
2026-05-18,Chennai,Bakery,29907.13,154,194.54,3.0,887.89,2.4
2026-05-18,Chennai,Meals,27761.56,72,387.09,3.0,887.89,2.4
2026-05-18,Pune,Coffee,51605.43,210,245.51,3.0,1525.55,2.4
2026-05-18,Pune,Tea,16862.69,103,163.74,3.0,508.52,2.4
2026-05-18,Pune,Bakery,25908.07,135,191.28,3.0,799.1,2.4
2026-05-18,Pune,Meals,26515.56,68,388.32,3.0,799.1,2.4
2026-05-19,Bengaluru,Coffee,101537.65,422,240.65,3.6,3123.33,2.9
2026-05-19,Bengaluru,Tea,33207.03,205,161.79,3.6,1041.11,2.9
2026-05-19,Bengaluru,Bakery,51737.06,269,191.98,3.6,1636.03,2.9
2026-05-19,Bengaluru,Meals,53079.58,139,382.71,3.6,1636.03,2.9
2026-05-19,Mumbai,Coffee,83992.74,345,243.51,3.6,2572.15,2.9
2026-05-19,Mumbai,Tea,27177.67,171,158.49,3.6,857.38,2.9
2026-05-19,Mumbai,Bakery,42396.12,222,190.6,3.6,1347.32,2.9
2026-05-19,Mumbai,Meals,43421.59,112,387.29,3.6,1347.32,2.9
2026-05-19,Chennai,Coffee,59720.85,245,243.77,3.6,1837.25,2.9
2026-05-19,Chennai,Tea,20081.02,127,158.17,3.6,612.42,2.9
2026-05-19,Chennai,Bakery,30612.82,157,194.61,3.6,962.37,2.9
2026-05-19,Chennai,Meals,29895.44,78,385.52,3.6,962.37,2.9
2026-05-19,Pune,Coffee,54752.18,227,241.56,3.6,1653.53,2.9
2026-05-19,Pune,Tea,17374.82,108,161.53,3.6,551.18,2.9
2026-05-19,Pune,Bakery,28234.77,146,193.35,3.6,866.13,2.9
2026-05-19,Pune,Meals,27211.04,70,389.44,3.6,866.13,2.9
2026-05-20,Bengaluru,Coffee,112181.52,468,239.84,3.6,3124.46,2.4
2026-05-20,Bengaluru,Tea,35806.25,223,160.81,3.6,1041.49,2.4
2026-05-20,Bengaluru,Bakery,57445.6,299,192.28,3.6,1636.62,2.4
2026-05-20,Bengaluru,Meals,57244.86,152,377.01,3.6,1636.62,2.4
2026-05-20,Mumbai,Coffee,90641.94,373,242.76,3.6,2573.08,2.4
2026-05-20,Mumbai,Tea,30104.5,190,158.48,3.6,857.69,2.4
2026-05-20,Mumbai,Bakery,48442.43,254,190.73,3.6,1347.81,2.4
2026-05-20,Mumbai,Meals,47091.65,125,376.4,3.6,1347.81,2.4
2026-05-20,Chennai,Coffee,66284.54,272,243.72,3.6,1837.92,2.4
2026-05-20,Chennai,Tea,21633.23,137,158.11,3.6,612.64,2.4
2026-05-20,Chennai,Bakery,34533.39,179,192.86,3.6,962.72,2.4
2026-05-20,Chennai,Meals,33458.14,88,379.5,3.6,962.72,2.4
2026-05-20,Pune,Coffee,57306.72,238,240.44,3.6,1654.13,2.4
2026-05-20,Pune,Tea,19830.08,125,159.01,3.6,551.38,2.4
2026-05-20,Pune,Bakery,30216.7,156,193.49,3.6,866.45,2.4
2026-05-20,Pune,Meals,30771.93,79,388.68,3.6,866.45,2.4
2026-05-21,Bengaluru,Coffee,111921.91,472,236.97,3.6,3125.59,3.5
2026-05-21,Bengaluru,Tea,37515.2,237,158.58,3.6,1041.86,3.5
2026-05-21,Bengaluru,Bakery,59708.51,307,194.56,3.6,1637.22,3.5
2026-05-21,Bengaluru,Meals,57638.26,152,380.32,3.6,1637.22,3.5
2026-05-21,Mumbai,Coffee,92213.15,386,239.17,3.6,2574.02,3.5
2026-05-21,Mumbai,Tea,32600.59,199,163.7,3.6,858.01,3.5
2026-05-21,Mumbai,Bakery,50036.11,259,192.89,3.6,1348.3,3.5
2026-05-21,Mumbai,Meals,48688.86,125,388.92,3.6,1348.3,3.5
2026-05-21,Chennai,Coffee,68335.92,283,241.58,3.6,1838.58,3.5
2026-05-21,Chennai,Tea,22115.02,137,160.95,3.6,612.86,3.5
2026-05-21,Chennai,Bakery,34620.12,185,187.53,3.6,963.07,3.5
2026-05-21,Chennai,Meals,36227.4,95,379.57,3.6,963.07,3.5
2026-05-21,Pune,Coffee,61584.32,251,245.13,3.6,1654.73,3.5
2026-05-21,Pune,Tea,20555.76,125,163.87,3.6,551.58,3.5
2026-05-21,Pune,Bakery,31550.43,166,190.33,3.6,866.76,3.5
2026-05-21,Pune,Meals,32031.5,85,378.31,3.6,866.76,3.5
2026-05-22,Bengaluru,Coffee,113022.13,463,244.21,3.6,3126.73,3.5
2026-05-22,Bengaluru,Tea,37951.93,236,161.0,3.6,1042.24,3.5
2026-05-22,Bengaluru,Bakery,61240.54,326,187.75,3.6,1637.81,3.5
2026-05-22,Bengaluru,Meals,60853.13,160,381.32,3.6,1637.81,3.5
2026-05-22,Mumbai,Coffee,95935.66,392,245.04,3.6,2574.95,3.5
2026-05-22,Mumbai,Tea,31790.77,200,158.67,3.6,858.32,3.5
2026-05-22,Mumbai,Bakery,48060.43,256,188.07,3.6,1348.78,3.5
2026-05-22,Mumbai,Meals,50447.76,134,375.61,3.6,1348.78,3.5
2026-05-22,Chennai,Coffee,66963.83,280,239.5,3.6,1839.25,3.5
2026-05-22,Chennai,Tea,22665.54,138,163.94,3.6,613.08,3.5
2026-05-22,Chennai,Bakery,35798.96,184,194.76,3.6,963.42,3.5
2026-05-22,Chennai,Meals,35097.28,91,384.9,3.6,963.42,3.5
2026-05-22,Pune,Coffee,59732.33,242,246.4,3.6,1655.33,3.5
2026-05-22,Pune,Tea,20616.76,130,158.89,3.6,551.78,3.5
2026-05-22,Pune,Bakery,31143.39,164,190.07,3.6,867.08,3.5
2026-05-22,Pune,Meals,32587.98,85,385.02,3.6,867.08,3.5
2026-05-23,Bengaluru,Coffee,123617.92,515,240.12,3.6,3127.86,3.8
2026-05-23,Bengaluru,Tea,41193.9,257,160.49,3.6,1042.62,3.8
2026-05-23,Bengaluru,Bakery,64901.32,341,190.15,3.6,1638.4,3.8
2026-05-23,Bengaluru,Meals,66773.23,174,383.67,3.6,1638.4,3.8
2026-05-23,Mumbai,Coffee,103019.61,427,241.41,3.6,2575.89,3.8
2026-05-23,Mumbai,Tea,33480.75,212,158.06,3.6,858.63,3.8
2026-05-23,Mumbai,Bakery,53018.34,280,189.52,3.6,1349.27,3.8
2026-05-23,Mumbai,Meals,52578.45,135,388.09,3.6,1349.27,3.8
2026-05-23,Chennai,Coffee,70185.82,295,237.75,3.6,1839.92,3.8
2026-05-23,Chennai,Tea,24539.37,155,158.51,3.6,613.31,3.8
2026-05-23,Chennai,Bakery,37142.66,191,194.18,3.6,963.77,3.8
2026-05-23,Chennai,Meals,38600.29,101,383.25,3.6,963.77,3.8
2026-05-23,Pune,Coffee,66268.86,273,242.83,3.6,1655.93,3.8
2026-05-23,Pune,Tea,21062.35,132,160.05,3.6,551.98,3.8
2026-05-23,Pune,Bakery,34321.96,181,189.78,3.6,867.39,3.8
2026-05-23,Pune,Meals,33497.12,89,376.76,3.6,867.39,3.8
2026-05-24,Bengaluru,Coffee,120881.62,506,238.86,3.6,3128.99,3.6
2026-05-24,Bengaluru,Tea,39996.84,252,158.58,3.6,1043.0,3.6
2026-05-24,Bengaluru,Bakery,64286.98,330,194.67,3.6,1639.0,3.6
2026-05-24,Bengaluru,Meals,62318.87,163,381.93,3.6,1639.0,3.6
2026-05-24,Mumbai,Coffee,100172.12,413,242.79,3.6,2576.82,3.6
2026-05-24,Mumbai,Tea,32535.91,204,159.56,3.6,858.94,3.6
2026-05-24,Mumbai,Bakery,54001.31,286,188.97,3.6,1349.76,3.6
2026-05-24,Mumbai,Meals,53941.02,144,375.72,3.6,1349.76,3.6
2026-05-24,Chennai,Coffee,71434.49,291,245.87,3.6,1840.58,3.6
2026-05-24,Chennai,Tea,22810.91,143,159.17,3.6,613.53,3.6
2026-05-24,Chennai,Bakery,38053.37,202,187.97,3.6,964.12,3.6
2026-05-24,Chennai,Meals,37273.39,96,386.74,3.6,964.12,3.6
2026-05-24,Pune,Coffee,63773.4,266,239.75,3.6,1656.53,3.6
2026-05-24,Pune,Tea,21783.12,135,161.8,3.6,552.18,3.6
2026-05-24,Pune,Bakery,32366.39,167,193.75,3.6,867.7,3.6
2026-05-24,Pune,Meals,33769.26,89,377.74,3.6,867.7,3.6
2026-05-25,Bengaluru,Coffee,98978.7,416,238.11,3.6,3130.13,4.9
2026-05-25,Bengaluru,Tea,31945.54,195,163.57,3.6,1043.38,4.9
2026-05-25,Bengaluru,Bakery,48517.67,254,191.07,3.6,1639.59,4.9
2026-05-25,Bengaluru,Meals,50236.8,133,378.76,3.6,1639.59,4.9
2026-05-25,Mumbai,Coffee,79682.99,331,240.44,3.6,2577.75,4.9
2026-05-25,Mumbai,Tea,26720.55,166,160.56,3.6,859.25,4.9
2026-05-25,Mumbai,Bakery,40255.64,210,192.07,3.6,1350.25,4.9
2026-05-25,Mumbai,Meals,42368.3,110,383.45,3.6,1350.25,4.9
2026-05-25,Chennai,Coffee,59036.65,248,237.67,3.6,1841.25,4.9
2026-05-25,Chennai,Tea,18573.81,114,163.64,3.6,613.75,4.9
2026-05-25,Chennai,Bakery,29420.9,156,188.54,3.6,964.47,4.9
2026-05-25,Chennai,Meals,29787.74,78,382.24,3.6,964.47,4.9
2026-05-25,Pune,Coffee,51721.84,211,244.71,3.6,1657.13,4.9
2026-05-25,Pune,Tea,16867.42,106,158.94,3.6,552.38,4.9
2026-05-25,Pune,Bakery,26010.74,139,187.69,3.6,868.02,4.9
2026-05-25,Pune,Meals,27206.36,72,377.8,3.6,868.02,4.9
2026-05-26,Bengaluru,Coffee,93145.99,389,239.56,4.3,3135.16,4.4
2026-05-26,Bengaluru,Tea,32012.52,201,159.53,4.3,1045.05,4.4
2026-05-26,Bengaluru,Bakery,51194.97,272,188.38,4.3,1642.22,4.4
2026-05-26,Bengaluru,Meals,52724.93,139,378.39,4.3,1642.22,4.4
2026-05-26,Mumbai,Coffee,80498.45,327,246.0,4.3,2581.89,4.4
2026-05-26,Mumbai,Tea,27263.08,167,163.27,4.3,860.63,4.4
2026-05-26,Mumbai,Bakery,40597.41,214,189.42,4.3,1352.42,4.4
2026-05-26,Mumbai,Meals,44035.94,116,378.0,4.3,1352.42,4.4
2026-05-26,Chennai,Coffee,59065.13,245,240.6,4.3,1844.21,4.4
2026-05-26,Chennai,Tea,19547.01,124,158.02,4.3,614.74,4.4
2026-05-26,Chennai,Bakery,30094.06,156,192.69,4.3,966.01,4.4
2026-05-26,Chennai,Meals,30000.41,80,376.34,4.3,966.01,4.4
2026-05-26,Pune,Coffee,52038.04,215,241.99,4.3,1659.79,4.4
2026-05-26,Pune,Tea,17269.06,107,161.59,4.3,553.26,4.4
2026-05-26,Pune,Bakery,27365.83,142,192.79,4.3,869.41,4.4
2026-05-26,Pune,Meals,27976.9,74,378.81,4.3,869.41,4.4
2026-05-27,Bengaluru,Coffee,106077.93,445,238.39,4.3,3136.29,4.1
2026-05-27,Bengaluru,Tea,33705.3,213,158.39,4.3,1045.43,4.1
2026-05-27,Bengaluru,Bakery,54979.0,283,194.49,4.3,1642.82,4.1
2026-05-27,Bengaluru,Meals,55315.21,143,387.33,4.3,1642.82,4.1
2026-05-27,Mumbai,Coffee,83354.03,348,239.26,4.3,2582.83,4.1
2026-05-27,Mumbai,Tea,28336.61,175,161.54,4.3,860.94,4.1
2026-05-27,Mumbai,Bakery,44350.63,228,194.94,4.3,1352.91,4.1
2026-05-27,Mumbai,Meals,45410.44,121,376.18,4.3,1352.91,4.1
2026-05-27,Chennai,Coffee,60686.99,248,244.93,4.3,1844.88,4.1
2026-05-27,Chennai,Tea,20246.76,128,158.54,4.3,614.96,4.1
2026-05-27,Chennai,Bakery,32107.09,170,188.81,4.3,966.36,4.1
2026-05-27,Chennai,Meals,31741.05,82,388.77,4.3,966.36,4.1
2026-05-27,Pune,Coffee,52733.31,215,245.31,4.3,1660.39,4.1
2026-05-27,Pune,Tea,17895.72,112,159.9,4.3,553.46,4.1
2026-05-27,Pune,Bakery,27594.71,143,192.46,4.3,869.73,4.1
2026-05-27,Pune,Meals,28221.82,74,381.53,4.3,869.73,4.1
2026-05-28,Bengaluru,Coffee,115547.92,481,240.12,4.3,3137.43,3.2
2026-05-28,Bengaluru,Tea,37538.55,238,158.05,4.3,1045.81,3.2
2026-05-28,Bengaluru,Bakery,57537.24,299,192.46,4.3,1643.41,3.2
2026-05-28,Bengaluru,Meals,60490.79,161,376.57,4.3,1643.41,3.2
2026-05-28,Mumbai,Coffee,91517.43,373,245.36,4.3,2583.76,3.2
2026-05-28,Mumbai,Tea,30466.96,189,161.03,4.3,861.25,3.2
2026-05-28,Mumbai,Bakery,49974.37,264,189.09,4.3,1353.4,3.2
2026-05-28,Mumbai,Meals,49179.24,127,388.66,4.3,1353.4,3.2
2026-05-28,Chennai,Coffee,64082.15,266,240.84,4.3,1845.54,3.2
2026-05-28,Chennai,Tea,21589.03,134,160.85,4.3,615.18,3.2
2026-05-28,Chennai,Bakery,35293.62,187,188.84,4.3,966.71,3.2
2026-05-28,Chennai,Meals,35200.11,92,381.42,4.3,966.71,3.2
2026-05-28,Pune,Coffee,59213.6,242,244.83,4.3,1660.99,3.2
2026-05-28,Pune,Tea,19696.17,124,158.98,4.3,553.66,3.2
2026-05-28,Pune,Bakery,31220.34,164,190.9,4.3,870.04,3.2
2026-05-28,Pune,Meals,31787.83,83,383.58,4.3,870.04,3.2
2026-05-29,Bengaluru,Coffee,119068.54,495,240.51,4.3,3138.56,4.7
2026-05-29,Bengaluru,Tea,39512.91,242,163.35,4.3,1046.19,4.7
2026-05-29,Bengaluru,Bakery,62688.49,322,194.48,4.3,1644.01,4.7
2026-05-29,Bengaluru,Meals,62426.46,161,387.6,4.3,1644.01,4.7
2026-05-29,Mumbai,Coffee,101059.33,419,241.31,4.3,2584.7,4.7
2026-05-29,Mumbai,Tea,33702.16,211,159.7,4.3,861.57,4.7
2026-05-29,Mumbai,Bakery,52653.62,276,190.52,4.3,1353.89,4.7
2026-05-29,Mumbai,Meals,52767.82,138,381.47,4.3,1353.89,4.7
2026-05-29,Chennai,Coffee,68299.98,281,243.36,4.3,1846.21,4.7
2026-05-29,Chennai,Tea,23213.16,145,160.43,4.3,615.4,4.7
2026-05-29,Chennai,Bakery,36421.49,190,192.08,4.3,967.06,4.7
2026-05-29,Chennai,Meals,37568.7,100,376.5,4.3,967.06,4.7
2026-05-29,Pune,Coffee,65230.67,274,238.3,4.3,1661.59,4.7
2026-05-29,Pune,Tea,21435.88,132,162.34,4.3,553.86,4.7
2026-05-29,Pune,Bakery,32827.21,170,192.78,4.3,870.36,4.7
2026-05-29,Pune,Meals,33843.02,88,385.6,4.3,870.36,4.7
2026-05-30,Bengaluru,Coffee,135444.57,572,236.96,4.3,3139.7,5.0
2026-05-30,Bengaluru,Tea,43827.9,270,162.26,4.3,1046.57,5.0
2026-05-30,Bengaluru,Bakery,71528.69,368,194.57,4.3,1644.6,5.0
2026-05-30,Bengaluru,Meals,70080.16,181,386.29,4.3,1644.6,5.0
2026-05-30,Mumbai,Coffee,113825.37,470,242.12,4.3,2585.63,5.0
2026-05-30,Mumbai,Tea,38290.23,241,159.19,4.3,861.88,5.0
2026-05-30,Mumbai,Bakery,57241.99,302,189.56,4.3,1354.38,5.0
2026-05-30,Mumbai,Meals,59398.05,155,383.29,4.3,1354.38,5.0
2026-05-30,Chennai,Coffee,80092.41,333,240.51,4.3,1846.88,5.0
2026-05-30,Chennai,Tea,26046.5,162,160.38,4.3,615.63,5.0
2026-05-30,Chennai,Bakery,41615.68,215,193.16,4.3,967.41,5.0
2026-05-30,Chennai,Meals,41123.79,108,381.19,4.3,967.41,5.0
2026-05-30,Pune,Coffee,70294.54,286,245.69,4.3,1662.19,5.0
2026-05-30,Pune,Tea,23578.1,148,159.41,4.3,554.06,5.0
2026-05-30,Pune,Bakery,38739.83,202,191.98,4.3,870.67,5.0
2026-05-30,Pune,Meals,37689.89,98,384.87,4.3,870.67,5.0
2026-05-31,Bengaluru,Coffee,117628.43,487,241.69,4.3,3140.83,4.4
2026-05-31,Bengaluru,Tea,42326.43,262,161.76,4.3,1046.94,4.4
2026-05-31,Bengaluru,Bakery,65776.44,348,188.95,4.3,1645.2,4.4
2026-05-31,Bengaluru,Meals,66610.25,174,381.9,4.3,1645.2,4.4
2026-05-31,Mumbai,Coffee,100711.15,420,239.95,4.3,2586.57,4.4
2026-05-31,Mumbai,Tea,34010.44,207,164.33,4.3,862.19,4.4
2026-05-31,Mumbai,Bakery,52796.87,278,190.18,4.3,1354.87,4.4
2026-05-31,Mumbai,Meals,53637.68,142,378.5,4.3,1354.87,4.4
2026-05-31,Chennai,Coffee,72890.24,300,243.13,4.3,1847.55,4.4
2026-05-31,Chennai,Tea,24234.08,151,160.87,4.3,615.85,4.4
2026-05-31,Chennai,Bakery,36785.47,189,194.31,4.3,967.76,4.4
2026-05-31,Chennai,Meals,38014.35,100,379.8,4.3,967.76,4.4
2026-05-31,Pune,Coffee,66139.37,269,246.12,4.3,1662.79,4.4
2026-05-31,Pune,Tea,21369.96,135,158.07,4.3,554.26,4.4
2026-05-31,Pune,Bakery,34504.27,179,192.73,4.3,870.99,4.4
2026-05-31,Pune,Meals,34815.77,93,375.79,4.3,870.99,4.4
2026-06-01,Bengaluru,Coffee,92815.05,389,238.83,4.3,3141.97,5.9
2026-06-01,Bengaluru,Tea,30704.18,192,159.76,4.3,1047.32,5.9
2026-06-01,Bengaluru,Bakery,46440.17,243,190.75,4.3,1645.79,5.9
2026-06-01,Bengaluru,Meals,48480.87,124,390.24,4.3,1645.79,5.9
2026-06-01,Mumbai,Coffee,75899.97,318,238.96,4.3,2587.5,5.9
2026-06-01,Mumbai,Tea,25626.35,158,162.2,4.3,862.5,5.9
2026-06-01,Mumbai,Bakery,40084.18,210,191.3,4.3,1355.36,5.9
2026-06-01,Mumbai,Meals,39473.69,101,388.96,4.3,1355.36,5.9
2026-06-01,Chennai,Coffee,53957.24,227,237.93,4.3,1848.21,5.9
2026-06-01,Chennai,Tea,18833.76,116,162.88,4.3,616.07,5.9
2026-06-01,Chennai,Bakery,28166.73,145,194.92,4.3,968.11,5.9
2026-06-01,Chennai,Meals,27946.23,73,380.85,4.3,968.11,5.9
2026-06-01,Pune,Coffee,48807.55,200,244.56,4.3,1663.39,5.9
2026-06-01,Pune,Tea,16235.78,101,159.99,4.3,554.46,5.9
2026-06-01,Pune,Bakery,25618.8,134,190.59,4.3,871.3,5.9
2026-06-01,Pune,Meals,24834.31,64,389.19,4.3,871.3,5.9
2026-06-02,Bengaluru,Coffee,96713.45,390,248.08,1.4,3252.42,6.1
2026-06-02,Bengaluru,Tea,33043.54,208,159.23,1.4,1084.14,6.1
2026-06-02,Bengaluru,Bakery,50109.16,261,191.91,1.4,1703.65,6.1
2026-06-02,Bengaluru,Meals,51531.76,135,382.15,1.4,1703.65,6.1
2026-06-02,Mumbai,Coffee,76645.02,310,247.4,1.4,2678.46,6.1
2026-06-02,Mumbai,Tea,25692.65,157,164.1,1.4,892.82,6.1
2026-06-02,Mumbai,Bakery,40931.54,212,193.28,1.4,1403.0,6.1
2026-06-02,Mumbai,Meals,41013.25,105,392.18,1.4,1403.0,6.1
2026-06-02,Chennai,Coffee,55494.06,224,248.12,1.4,1913.19,6.1
2026-06-02,Chennai,Tea,18895.6,115,164.6,1.4,637.73,6.1
2026-06-02,Chennai,Bakery,29199.49,149,195.82,1.4,1002.15,6.1
2026-06-02,Chennai,Meals,29702.34,77,384.27,1.4,1002.15,6.1
2026-06-02,Pune,Coffee,51587.57,210,245.58,1.4,1721.87,6.1
2026-06-02,Pune,Tea,16197.94,98,165.08,1.4,573.96,6.1
2026-06-02,Pune,Bakery,27476.74,141,194.7,1.4,901.93,6.1
2026-06-02,Pune,Meals,27469.54,70,390.85,1.4,901.93,6.1
2026-06-03,Bengaluru,Coffee,97319.8,407,238.91,1.4,3253.59,4.8
2026-06-03,Bengaluru,Tea,32536.99,201,161.52,1.4,1084.53,4.8
2026-06-03,Bengaluru,Bakery,52762.7,272,193.7,1.4,1704.26,4.8
2026-06-03,Bengaluru,Meals,52045.45,136,382.5,1.4,1704.26,4.8
2026-06-03,Mumbai,Coffee,79812.96,333,239.34,1.4,2679.43,4.8
2026-06-03,Mumbai,Tea,27443.29,171,160.57,1.4,893.14,4.8
2026-06-03,Mumbai,Bakery,41281.01,217,189.88,1.4,1403.51,4.8
2026-06-03,Mumbai,Meals,43555.76,112,388.87,1.4,1403.51,4.8
2026-06-03,Chennai,Coffee,59739.46,246,242.68,1.4,1913.88,4.8
2026-06-03,Chennai,Tea,18903.56,118,159.79,1.4,637.96,4.8
2026-06-03,Chennai,Bakery,29168.09,150,194.82,1.4,1002.51,4.8
2026-06-03,Chennai,Meals,29090.79,75,389.86,1.4,1002.51,4.8
2026-06-03,Pune,Coffee,51249.29,210,244.08,1.4,1722.49,4.8
2026-06-03,Pune,Tea,17034.82,103,164.94,1.4,574.16,4.8
2026-06-03,Pune,Bakery,26285.51,135,194.95,1.4,902.26,4.8
2026-06-03,Pune,Meals,26621.65,68,391.42,1.4,902.26,4.8
2026-06-04,Bengaluru,Coffee,100369.97,413,242.88,1.4,3254.77,5.9
2026-06-04,Bengaluru,Tea,34655.94,210,165.32,1.4,1084.92,5.9
2026-06-04,Bengaluru,Bakery,54128.23,284,190.28,1.4,1704.88,5.9
2026-06-04,Bengaluru,Meals,53179.92,136,391.11,1.4,1704.88,5.9
2026-06-04,Mumbai,Coffee,85816.47,352,243.86,1.4,2680.4,5.9
2026-06-04,Mumbai,Tea,27894.74,171,163.41,1.4,893.47,5.9
2026-06-04,Mumbai,Bakery,44337.13,228,194.23,1.4,1404.02,5.9
2026-06-04,Mumbai,Meals,44189.19,114,389.1,1.4,1404.02,5.9
2026-06-04,Chennai,Coffee,58593.42,240,243.74,1.4,1914.57,5.9
2026-06-04,Chennai,Tea,19706.19,121,163.41,1.4,638.19,5.9
2026-06-04,Chennai,Bakery,30927.66,162,190.73,1.4,1002.87,5.9
2026-06-04,Chennai,Meals,32516.23,85,384.44,1.4,1002.87,5.9
2026-06-04,Pune,Coffee,53256.34,220,242.45,1.4,1723.11,5.9
2026-06-04,Pune,Tea,18506.54,113,164.06,1.4,574.37,5.9
2026-06-04,Pune,Bakery,28658.2,149,191.77,1.4,902.58,5.9
2026-06-04,Pune,Meals,28495.68,73,392.09,1.4,902.58,5.9
2026-06-05,Bengaluru,Coffee,107682.12,443,243.34,1.4,3255.94,6.5
2026-06-05,Bengaluru,Tea,35934.91,221,162.77,1.4,1085.31,6.5
2026-06-05,Bengaluru,Bakery,58573.57,300,195.34,1.4,1705.49,6.5
2026-06-05,Bengaluru,Meals,55573.73,145,383.56,1.4,1705.49,6.5
2026-06-05,Mumbai,Coffee,87469.65,366,239.06,1.4,2681.36,6.5
2026-06-05,Mumbai,Tea,29982.85,181,165.39,1.4,893.79,6.5
2026-06-05,Mumbai,Bakery,46914.34,243,192.91,1.4,1404.52,6.5
2026-06-05,Mumbai,Meals,45996.31,117,391.93,1.4,1404.52,6.5
2026-06-05,Chennai,Coffee,61714.4,255,241.95,1.4,1915.26,6.5
2026-06-05,Chennai,Tea,21315.93,133,160.32,1.4,638.42,6.5
2026-06-05,Chennai,Bakery,33107.85,173,191.13,1.4,1003.23,6.5
2026-06-05,Chennai,Meals,32800.7,84,390.16,1.4,1003.23,6.5
2026-06-05,Pune,Coffee,57411.75,235,244.57,1.4,1723.73,6.5
2026-06-05,Pune,Tea,19650.33,123,159.77,1.4,574.58,6.5
2026-06-05,Pune,Bakery,31507.25,162,194.76,1.4,902.91,6.5
2026-06-05,Pune,Meals,29519.12,75,391.49,1.4,902.91,6.5
2026-06-06,Bengaluru,Coffee,123307.45,514,239.88,1.4,3257.12,6.0
2026-06-06,Bengaluru,Tea,41368.33,255,162.25,1.4,1085.71,6.0
2026-06-06,Bengaluru,Bakery,65284.51,342,191.02,1.4,1706.11,6.0
2026-06-06,Bengaluru,Meals,67036.22,177,379.72,1.4,1706.11,6.0
2026-06-06,Mumbai,Coffee,108177.13,437,247.51,1.4,2682.33,6.0
2026-06-06,Mumbai,Tea,34462.95,211,162.95,1.4,894.11,6.0
2026-06-06,Mumbai,Bakery,54300.58,277,196.04,1.4,1405.03,6.0
2026-06-06,Mumbai,Meals,53162.25,137,388.41,1.4,1405.03,6.0
2026-06-06,Chennai,Coffee,75414.23,314,240.49,1.4,1915.95,6.0
2026-06-06,Chennai,Tea,24824.49,150,165.14,1.4,638.65,6.0
2026-06-06,Chennai,Bakery,39671.2,208,190.85,1.4,1003.59,6.0
2026-06-06,Chennai,Meals,38588.82,101,382.93,1.4,1003.59,6.0
2026-06-06,Pune,Coffee,68427.4,282,242.72,1.4,1724.36,6.0
2026-06-06,Pune,Tea,21459.54,135,159.37,1.4,574.79,6.0
2026-06-06,Pune,Bakery,34796.88,182,190.92,1.4,903.23,6.0
2026-06-06,Pune,Meals,33852.49,89,381.31,1.4,903.23,6.0
2026-06-07,Bengaluru,Coffee,113846.0,469,242.55,1.4,3258.29,5.2
2026-06-07,Bengaluru,Tea,38375.97,237,161.74,1.4,1086.1,5.2
2026-06-07,Bengaluru,Bakery,60251.1,306,196.72,1.4,1706.72,5.2
2026-06-07,Bengaluru,Meals,58566.65,151,388.36,1.4,1706.72,5.2
2026-06-07,Mumbai,Coffee,95626.54,395,242.19,1.4,2683.3,5.2
2026-06-07,Mumbai,Tea,30068.27,184,163.42,1.4,894.43,5.2
2026-06-07,Mumbai,Bakery,50400.83,261,192.8,1.4,1405.54,5.2
2026-06-07,Mumbai,Meals,46259.06,119,387.45,1.4,1405.54,5.2
2026-06-07,Chennai,Coffee,69376.67,286,242.7,1.4,1916.64,5.2
2026-06-07,Chennai,Tea,22445.56,137,164.01,1.4,638.88,5.2
2026-06-07,Chennai,Bakery,34661.68,178,194.91,1.4,1003.96,5.2
2026-06-07,Chennai,Meals,35293.65,91,389.18,1.4,1003.96,5.2
2026-06-07,Pune,Coffee,61445.83,253,243.02,1.4,1724.98,5.2
2026-06-07,Pune,Tea,20060.79,122,165.1,1.4,574.99,5.2
2026-06-07,Pune,Bakery,32175.75,164,196.74,1.4,903.56,5.2
2026-06-07,Pune,Meals,32805.59,85,385.5,1.4,903.56,5.2
2026-06-08,Bengaluru,Coffee,96347.42,396,243.53,1.4,3259.47,6.1
2026-06-08,Bengaluru,Tea,31429.53,192,163.66,1.4,1086.49,6.1
2026-06-08,Bengaluru,Bakery,50246.25,256,196.63,1.4,1707.34,6.1
2026-06-08,Bengaluru,Meals,49551.13,127,390.9,1.4,1707.34,6.1
2026-06-08,Mumbai,Coffee,80081.19,331,242.16,1.4,2684.27,6.1
2026-06-08,Mumbai,Tea,25368.58,157,161.15,1.4,894.76,6.1
2026-06-08,Mumbai,Bakery,41043.34,214,191.39,1.4,1406.04,6.1
2026-06-08,Mumbai,Meals,40128.03,104,384.02,1.4,1406.04,6.1
2026-06-08,Chennai,Coffee,55114.09,225,244.72,1.4,1917.33,6.1
2026-06-08,Chennai,Tea,18166.58,110,164.92,1.4,639.11,6.1
2026-06-08,Chennai,Bakery,29211.93,152,192.47,1.4,1004.32,6.1
2026-06-08,Chennai,Meals,29621.9,77,384.24,1.4,1004.32,6.1
2026-06-08,Pune,Coffee,52025.53,216,240.68,1.4,1725.6,6.1
2026-06-08,Pune,Tea,16459.37,102,161.22,1.4,575.2,6.1
2026-06-08,Pune,Bakery,26159.38,138,189.88,1.4,903.89,6.1
2026-06-08,Pune,Meals,26762.74,69,389.67,1.4,903.89,6.1
2026-06-09,Bengaluru,Coffee,98589.78,412,239.1,0.0,3327.6,6.4
2026-06-09,Bengaluru,Tea,34446.33,217,158.91,0.0,1109.2,6.4
2026-06-09,Bengaluru,Bakery,56051.46,289,194.05,0.0,1743.03,6.4
2026-06-09,Bengaluru,Meals,53817.8,140,384.8,0.0,1743.03,6.4
2026-06-09,Mumbai,Coffee,83060.92,349,238.31,0.0,2740.38,6.4
2026-06-09,Mumbai,Tea,27914.96,172,162.63,0.0,913.46,6.4
2026-06-09,Mumbai,Bakery,43822.67,228,192.06,0.0,1435.44,6.4
2026-06-09,Mumbai,Meals,44447.59,114,389.59,0.0,1435.44,6.4
2026-06-09,Chennai,Coffee,59323.72,244,242.84,0.0,1957.41,6.4
2026-06-09,Chennai,Tea,19749.66,121,163.42,0.0,652.47,6.4
2026-06-09,Chennai,Bakery,31075.1,162,191.54,0.0,1025.31,6.4
2026-06-09,Chennai,Meals,31405.3,82,381.84,0.0,1025.31,6.4
2026-06-09,Pune,Coffee,54343.15,225,241.72,0.0,1761.67,6.4
2026-06-09,Pune,Tea,18125.75,114,158.74,0.0,587.22,6.4
2026-06-09,Pune,Bakery,27355.45,143,191.48,0.0,922.78,6.4
2026-06-09,Pune,Meals,27226.57,72,378.97,0.0,922.78,6.4
2026-06-10,Bengaluru,Coffee,95811.49,393,243.68,0.0,3328.8,9.3
2026-06-10,Bengaluru,Tea,33261.77,210,158.44,0.0,1109.6,9.3
2026-06-10,Bengaluru,Bakery,50743.87,260,194.96,0.0,1743.66,9.3
2026-06-10,Bengaluru,Meals,50026.17,128,389.77,0.0,1743.66,9.3
2026-06-10,Mumbai,Coffee,81424.94,335,243.17,0.0,2741.37,9.3
2026-06-10,Mumbai,Tea,27678.6,173,160.22,0.0,913.79,9.3
2026-06-10,Mumbai,Bakery,42702.02,222,192.02,0.0,1435.95,9.3
2026-06-10,Mumbai,Meals,42774.9,111,385.88,0.0,1435.95,9.3
2026-06-10,Chennai,Coffee,57116.62,237,241.03,0.0,1958.12,9.3
2026-06-10,Chennai,Tea,19576.42,124,158.45,0.0,652.71,9.3
2026-06-10,Chennai,Bakery,30000.96,159,189.06,0.0,1025.68,9.3
2026-06-10,Chennai,Meals,30744.25,81,380.2,0.0,1025.68,9.3
2026-06-10,Pune,Coffee,52209.05,217,241.12,0.0,1762.31,9.3
2026-06-10,Pune,Tea,17145.4,105,163.71,0.0,587.44,9.3
2026-06-10,Pune,Bakery,27194.41,145,187.84,0.0,923.11,9.3
2026-06-10,Pune,Meals,27028.57,70,386.39,0.0,923.11,9.3
2026-06-11,Bengaluru,Coffee,97276.69,406,239.62,0.0,3330.0,11.8
2026-06-11,Bengaluru,Tea,31602.79,193,163.43,0.0,1110.0,11.8
2026-06-11,Bengaluru,Bakery,49430.0,259,190.83,0.0,1744.29,11.8
2026-06-11,Bengaluru,Meals,50378.43,130,388.44,0.0,1744.29,11.8
2026-06-11,Mumbai,Coffee,79980.34,325,245.96,0.0,2742.35,11.8
2026-06-11,Mumbai,Tea,26247.36,162,161.6,0.0,914.12,11.8
2026-06-11,Mumbai,Bakery,39739.44,206,192.87,0.0,1436.47,11.8
2026-06-11,Mumbai,Meals,39493.23,105,377.64,0.0,1436.47,11.8
2026-06-11,Chennai,Coffee,56856.9,234,243.46,0.0,1958.82,11.8
2026-06-11,Chennai,Tea,19010.85,119,160.04,0.0,652.94,11.8
2026-06-11,Chennai,Bakery,29390.67,152,193.0,0.0,1026.05,11.8
2026-06-11,Chennai,Meals,29231.98,77,379.2,0.0,1026.05,11.8
2026-06-11,Pune,Coffee,51084.44,214,238.72,0.0,1762.94,11.8
2026-06-11,Pune,Tea,16680.51,105,159.51,0.0,587.65,11.8
2026-06-11,Pune,Bakery,25710.26,134,191.82,0.0,923.45,11.8
2026-06-11,Pune,Meals,25882.48,68,378.24,0.0,923.45,11.8
2026-06-12,Bengaluru,Coffee,111414.58,454,245.16,0.0,3331.2,7.5
2026-06-12,Bengaluru,Tea,36524.78,226,161.35,0.0,1110.4,7.5
2026-06-12,Bengaluru,Bakery,60064.32,316,190.34,0.0,1744.91,7.5
2026-06-12,Bengaluru,Meals,59203.63,156,378.31,0.0,1744.91,7.5
2026-06-12,Mumbai,Coffee,95749.1,393,243.9,0.0,2743.34,7.5
2026-06-12,Mumbai,Tea,31063.04,190,163.71,0.0,914.45,7.5
2026-06-12,Mumbai,Bakery,48110.81,250,192.67,0.0,1436.99,7.5
2026-06-12,Mumbai,Meals,50138.1,130,386.59,0.0,1436.99,7.5
2026-06-12,Chennai,Coffee,64746.37,271,239.33,0.0,1959.53,7.5
2026-06-12,Chennai,Tea,21993.72,135,163.11,0.0,653.18,7.5
2026-06-12,Chennai,Bakery,34874.98,184,189.58,0.0,1026.42,7.5
2026-06-12,Chennai,Meals,35986.91,94,381.6,0.0,1026.42,7.5
2026-06-12,Pune,Coffee,60666.41,248,244.37,0.0,1763.58,7.5
2026-06-12,Pune,Tea,19618.05,120,163.26,0.0,587.86,7.5
2026-06-12,Pune,Bakery,31990.69,170,187.74,0.0,923.78,7.5
2026-06-12,Pune,Meals,31879.23,85,376.91,0.0,923.78,7.5
2026-06-13,Bengaluru,Coffee,128416.27,534,240.6,0.0,3332.4,5.5
2026-06-13,Bengaluru,Tea,39616.55,241,164.07,0.0,1110.8,5.5
2026-06-13,Bengaluru,Bakery,63302.41,327,193.73,0.0,1745.54,5.5
2026-06-13,Bengaluru,Meals,63640.93,169,377.29,0.0,1745.54,5.5
2026-06-13,Mumbai,Coffee,99349.79,418,237.42,0.0,2744.33,5.5
2026-06-13,Mumbai,Tea,32988.52,204,161.43,0.0,914.78,5.5
2026-06-13,Mumbai,Bakery,52468.29,271,193.41,0.0,1437.5,5.5
2026-06-13,Mumbai,Meals,51564.51,133,387.94,0.0,1437.5,5.5
2026-06-13,Chennai,Coffee,72426.69,295,245.24,0.0,1960.23,5.5
2026-06-13,Chennai,Tea,23639.34,147,161.04,0.0,653.41,5.5
2026-06-13,Chennai,Bakery,38426.78,199,193.04,0.0,1026.79,5.5
2026-06-13,Chennai,Meals,36085.74,93,386.03,0.0,1026.79,5.5
2026-06-13,Pune,Coffee,64454.16,271,238.27,0.0,1764.21,5.5
2026-06-13,Pune,Tea,21915.53,136,161.3,0.0,588.07,5.5
2026-06-13,Pune,Bakery,32820.66,170,193.18,0.0,924.11,5.5
2026-06-13,Pune,Meals,33085.9,86,383.88,0.0,924.11,5.5
2026-06-14,Bengaluru,Coffee,119257.58,485,246.09,0.0,3333.6,7.2
2026-06-14,Bengaluru,Tea,38706.32,238,162.71,0.0,1111.2,7.2
2026-06-14,Bengaluru,Bakery,61914.16,320,193.2,0.0,1746.17,7.2
2026-06-14,Bengaluru,Meals,63819.32,164,389.19,0.0,1746.17,7.2
2026-06-14,Mumbai,Coffee,98239.29,404,243.04,0.0,2745.31,7.2
2026-06-14,Mumbai,Tea,31610.61,196,161.45,0.0,915.1,7.2
2026-06-14,Mumbai,Bakery,51168.79,272,188.35,0.0,1438.02,7.2
2026-06-14,Mumbai,Meals,49578.77,127,390.28,0.0,1438.02,7.2
2026-06-14,Chennai,Coffee,69520.75,285,243.66,0.0,1960.94,7.2
2026-06-14,Chennai,Tea,23367.68,146,159.84,0.0,653.65,7.2
2026-06-14,Chennai,Bakery,35855.9,185,194.32,0.0,1027.16,7.2
2026-06-14,Chennai,Meals,36734.86,94,389.18,0.0,1027.16,7.2
2026-06-14,Pune,Coffee,62960.87,262,239.97,0.0,1764.84,7.2
2026-06-14,Pune,Tea,20986.38,128,163.97,0.0,588.28,7.2
2026-06-14,Pune,Bakery,33153.55,171,193.76,0.0,924.44,7.2
2026-06-14,Pune,Meals,33355.03,86,388.79,0.0,924.44,7.2
2026-06-15,Bengaluru,Coffee,98159.7,410,239.33,0.0,3334.79,6.2
2026-06-15,Bengaluru,Tea,32049.73,199,161.2,0.0,1111.6,6.2
2026-06-15,Bengaluru,Bakery,50513.9,260,194.46,0.0,1746.8,6.2
2026-06-15,Bengaluru,Meals,49730.21,131,380.46,0.0,1746.8,6.2
2026-06-15,Mumbai,Coffee,80164.09,326,245.56,0.0,2746.3,6.2
2026-06-15,Mumbai,Tea,25268.16,156,161.59,0.0,915.43,6.2
2026-06-15,Mumbai,Bakery,41771.03,218,191.91,0.0,1438.54,6.2
2026-06-15,Mumbai,Meals,41412.12,107,387.2,0.0,1438.54,6.2
2026-06-15,Chennai,Coffee,54883.61,228,240.52,0.0,1961.64,6.2
2026-06-15,Chennai,Tea,19626.64,121,162.58,0.0,653.88,6.2
2026-06-15,Chennai,Bakery,27962.47,146,192.11,0.0,1027.53,6.2
2026-06-15,Chennai,Meals,29273.3,75,389.83,0.0,1027.53,6.2
2026-06-15,Pune,Coffee,50265.84,206,244.01,0.0,1765.48,6.2
2026-06-15,Pune,Tea,17265.35,106,163.59,0.0,588.49,6.2
2026-06-15,Pune,Bakery,26247.93,138,190.17,0.0,924.77,6.2
2026-06-15,Pune,Meals,27115.65,70,386.73,0.0,924.77,6.2
2026-06-16,Bengaluru,Coffee,88580.24,359,246.96,0.6,3155.39,8.1
2026-06-16,Bengaluru,Tea,30050.21,187,160.57,0.6,1051.8,8.1
2026-06-16,Bengaluru,Bakery,48139.04,249,193.69,0.6,1652.82,8.1
2026-06-16,Bengaluru,Meals,47713.42,124,384.53,0.6,1652.82,8.1
2026-06-16,Mumbai,Coffee,72768.85,302,240.71,0.6,2598.55,8.1
2026-06-16,Mumbai,Tea,25428.85,155,164.13,0.6,866.18,8.1
2026-06-16,Mumbai,Bakery,39725.95,203,196.17,0.6,1361.15,8.1
2026-06-16,Mumbai,Meals,39499.88,102,388.57,0.6,1361.15,8.1
2026-06-16,Chennai,Coffee,52700.34,216,244.4,0.6,1856.11,8.1
2026-06-16,Chennai,Tea,17913.44,109,164.78,0.6,618.7,8.1
2026-06-16,Chennai,Bakery,27639.64,142,195.03,0.6,972.25,8.1
2026-06-16,Chennai,Meals,26743.31,69,385.05,0.6,972.25,8.1
2026-06-16,Pune,Coffee,46868.68,194,241.58,0.6,1670.5,8.1
2026-06-16,Pune,Tea,15803.84,95,166.64,0.6,556.83,8.1
2026-06-16,Pune,Bakery,24856.29,126,197.27,0.6,875.02,8.1
2026-06-16,Pune,Meals,24957.65,64,387.75,0.6,875.02,8.1
2026-06-17,Bengaluru,Coffee,91281.77,376,242.49,0.6,3156.52,8.9
2026-06-17,Bengaluru,Tea,30656.92,189,162.19,0.6,1052.17,8.9
2026-06-17,Bengaluru,Bakery,49173.48,254,193.32,0.6,1653.41,8.9
2026-06-17,Bengaluru,Meals,50124.59,129,388.27,0.6,1653.41,8.9
2026-06-17,Mumbai,Coffee,76851.78,308,249.9,0.6,2599.49,8.9
2026-06-17,Mumbai,Tea,24581.33,149,164.87,0.6,866.5,8.9
2026-06-17,Mumbai,Bakery,39809.46,204,195.29,0.6,1361.64,8.9
2026-06-17,Mumbai,Meals,41134.14,104,396.36,0.6,1361.64,8.9
2026-06-17,Chennai,Coffee,55414.87,222,249.16,0.6,1856.78,8.9
2026-06-17,Chennai,Tea,17506.55,107,163.32,0.6,618.93,8.9
2026-06-17,Chennai,Bakery,28136.26,145,193.42,0.6,972.6,8.9
2026-06-17,Chennai,Meals,28198.94,73,384.21,0.6,972.6,8.9
2026-06-17,Pune,Coffee,50965.13,210,242.15,0.6,1671.1,8.9
2026-06-17,Pune,Tea,16344.99,101,161.05,0.6,557.03,8.9
2026-06-17,Pune,Bakery,25409.11,130,195.42,0.6,875.34,8.9
2026-06-17,Pune,Meals,25862.23,66,392.64,0.6,875.34,8.9
2026-06-18,Bengaluru,Coffee,95693.66,388,246.69,0.6,3157.65,7.1
2026-06-18,Bengaluru,Tea,32978.09,205,160.97,0.6,1052.55,7.1
2026-06-18,Bengaluru,Bakery,52702.17,271,194.45,0.6,1654.01,7.1
2026-06-18,Bengaluru,Meals,51038.17,133,383.28,0.6,1654.01,7.1
2026-06-18,Mumbai,Coffee,81902.59,332,246.54,0.6,2600.42,7.1
2026-06-18,Mumbai,Tea,26540.85,165,160.72,0.6,866.81,7.1
2026-06-18,Mumbai,Bakery,44014.75,225,195.21,0.6,1362.12,7.1
2026-06-18,Mumbai,Meals,42477.38,108,394.93,0.6,1362.12,7.1
2026-06-18,Chennai,Coffee,58063.45,235,246.6,0.6,1857.44,7.1
2026-06-18,Chennai,Tea,20406.64,127,160.99,0.6,619.15,7.1
2026-06-18,Chennai,Bakery,31008.21,161,193.03,0.6,972.95,7.1
2026-06-18,Chennai,Meals,30932.31,79,390.15,0.6,972.95,7.1
2026-06-18,Pune,Coffee,51858.43,208,248.9,0.6,1671.7,7.1
2026-06-18,Pune,Tea,17306.38,107,162.45,0.6,557.23,7.1
2026-06-18,Pune,Bakery,27268.4,142,191.38,0.6,875.65,7.1
2026-06-18,Pune,Meals,28088.77,73,382.31,0.6,875.65,7.1
2026-06-19,Bengaluru,Coffee,101118.9,404,250.24,0.6,3158.79,10.5
2026-06-19,Bengaluru,Tea,33185.65,207,160.5,0.6,1052.93,10.5
2026-06-19,Bengaluru,Bakery,50939.8,267,190.59,0.6,1654.6,10.5
2026-06-19,Bengaluru,Meals,54469.49,138,395.78,0.6,1654.6,10.5
2026-06-19,Mumbai,Coffee,84110.59,342,245.84,0.6,2601.35,10.5
2026-06-19,Mumbai,Tea,28708.64,174,165.21,0.6,867.12,10.5
2026-06-19,Mumbai,Bakery,42547.22,217,196.01,0.6,1362.61,10.5
2026-06-19,Mumbai,Meals,44235.89,113,392.55,0.6,1362.61,10.5
2026-06-19,Chennai,Coffee,59141.14,242,244.28,0.6,1858.11,10.5
2026-06-19,Chennai,Tea,19618.85,119,165.11,0.6,619.37,10.5
2026-06-19,Chennai,Bakery,30211.99,157,192.95,0.6,973.3,10.5
2026-06-19,Chennai,Meals,31421.37,82,385.02,0.6,973.3,10.5
2026-06-19,Pune,Coffee,50286.07,202,248.84,0.6,1672.3,10.5
2026-06-19,Pune,Tea,17985.59,112,160.6,0.6,557.43,10.5
2026-06-19,Pune,Bakery,28200.13,143,197.08,0.6,875.97,10.5
2026-06-19,Pune,Meals,27786.9,72,387.6,0.6,875.97,10.5
2026-06-20,Bengaluru,Coffee,112281.3,451,249.07,0.6,3159.92,11.1
2026-06-20,Bengaluru,Tea,37206.15,226,164.6,0.6,1053.31,11.1
2026-06-20,Bengaluru,Bakery,56610.66,294,192.32,0.6,1655.2,11.1
2026-06-20,Bengaluru,Meals,56582.01,143,396.15,0.6,1655.2,11.1
2026-06-20,Mumbai,Coffee,93805.41,375,250.3,0.6,2602.29,11.1
2026-06-20,Mumbai,Tea,30956.19,189,163.95,0.6,867.43,11.1
2026-06-20,Mumbai,Bakery,48553.37,249,194.64,0.6,1363.1,11.1
2026-06-20,Mumbai,Meals,49330.95,127,389.21,0.6,1363.1,11.1
2026-06-20,Chennai,Coffee,66042.75,268,246.56,0.6,1858.78,11.1
2026-06-20,Chennai,Tea,22511.21,137,164.7,0.6,619.59,11.1
2026-06-20,Chennai,Bakery,34511.45,180,191.4,0.6,973.64,11.1
2026-06-20,Chennai,Meals,34066.16,89,382.73,0.6,973.64,11.1
2026-06-20,Pune,Coffee,58369.59,237,246.76,0.6,1672.9,11.1
2026-06-20,Pune,Tea,19808.25,123,161.36,0.6,557.63,11.1
2026-06-20,Pune,Bakery,31855.92,162,196.06,0.6,876.28,11.1
2026-06-20,Pune,Meals,32089.52,83,387.62,0.6,876.28,11.1
2026-06-21,Bengaluru,Coffee,112364.29,456,246.19,0.6,3161.05,13.3
2026-06-21,Bengaluru,Tea,37966.86,236,160.77,0.6,1053.68,13.3
2026-06-21,Bengaluru,Bakery,59641.64,304,196.27,0.6,1655.79,13.3
2026-06-21,Bengaluru,Meals,59959.97,155,388.04,0.6,1655.79,13.3
2026-06-21,Mumbai,Coffee,90818.73,374,242.51,0.6,2603.22,13.3
2026-06-21,Mumbai,Tea,31991.2,197,162.35,0.6,867.74,13.3
2026-06-21,Mumbai,Bakery,50869.93,267,190.51,0.6,1363.59,13.3
2026-06-21,Mumbai,Meals,49456.94,126,392.42,0.6,1363.59,13.3
2026-06-21,Chennai,Coffee,66887.67,269,248.95,0.6,1859.44,13.3
2026-06-21,Chennai,Tea,22681.24,137,166.13,0.6,619.81,13.3
2026-06-21,Chennai,Bakery,35993.52,187,192.51,0.6,973.99,13.3
2026-06-21,Chennai,Meals,33891.28,86,394.14,0.6,973.99,13.3
2026-06-21,Pune,Coffee,60215.68,247,243.84,0.6,1673.5,13.3
2026-06-21,Pune,Tea,20261.86,122,165.86,0.6,557.83,13.3
2026-06-21,Pune,Bakery,31134.48,160,194.26,0.6,876.59,13.3
2026-06-21,Pune,Meals,32611.44,84,386.59,0.6,876.59,13.3
2026-06-22,Bengaluru,Coffee,86759.95,347,249.77,0.6,3162.19,14.7
2026-06-22,Bengaluru,Tea,26988.92,167,161.43,0.6,1054.06,14.7
2026-06-22,Bengaluru,Bakery,43671.22,228,191.76,0.6,1656.38,14.7
2026-06-22,Bengaluru,Meals,44070.07,115,383.8,0.6,1656.38,14.7
2026-06-22,Mumbai,Coffee,68303.8,284,240.88,0.6,2604.15,14.7
2026-06-22,Mumbai,Tea,23200.94,140,165.35,0.6,868.05,14.7
2026-06-22,Mumbai,Bakery,37791.05,194,194.69,0.6,1364.08,14.7
2026-06-22,Mumbai,Meals,36284.23,94,386.65,0.6,1364.08,14.7
2026-06-22,Chennai,Coffee,49364.08,202,244.94,0.6,1860.11,14.7
2026-06-22,Chennai,Tea,17223.82,105,164.41,0.6,620.04,14.7
2026-06-22,Chennai,Bakery,26507.32,136,194.76,0.6,974.34,14.7
2026-06-22,Chennai,Meals,25569.98,66,387.13,0.6,974.34,14.7
2026-06-22,Pune,Coffee,43735.52,180,243.39,0.6,1674.1,14.7
2026-06-22,Pune,Tea,15293.04,93,163.69,0.6,558.03,14.7
2026-06-22,Pune,Bakery,23347.26,120,193.98,0.6,876.91,14.7
2026-06-22,Pune,Meals,23910.31,61,389.67,0.6,876.91,14.7
2026-06-23,Bengaluru,Coffee,94113.47,379,248.35,1.1,3325.02,12.9
2026-06-23,Bengaluru,Tea,31024.98,190,163.15,1.1,1108.34,12.9
2026-06-23,Bengaluru,Bakery,49314.72,255,193.25,1.1,1741.68,12.9
2026-06-23,Bengaluru,Meals,48235.49,126,382.01,1.1,1741.68,12.9
2026-06-23,Mumbai,Coffee,76292.98,314,242.94,1.1,2738.25,12.9
2026-06-23,Mumbai,Tea,25665.6,160,160.71,1.1,912.75,12.9
2026-06-23,Mumbai,Bakery,40333.31,212,190.3,1.1,1434.32,12.9
2026-06-23,Mumbai,Meals,39643.18,103,384.39,1.1,1434.32,12.9
2026-06-23,Chennai,Coffee,54492.42,220,247.61,1.1,1955.89,12.9
2026-06-23,Chennai,Tea,17845.44,112,159.92,1.1,651.96,12.9
2026-06-23,Chennai,Bakery,28303.93,146,193.85,1.1,1024.52,12.9
2026-06-23,Chennai,Meals,28751.73,76,379.94,1.1,1024.52,12.9
2026-06-23,Pune,Coffee,48523.33,200,243.19,1.1,1760.3,12.9
2026-06-23,Pune,Tea,16558.88,101,163.19,1.1,586.77,12.9
2026-06-23,Pune,Bakery,25376.68,132,192.48,1.1,922.06,12.9
2026-06-23,Pune,Meals,26927.18,68,393.97,1.1,922.06,12.9
2026-06-24,Bengaluru,Coffee,96789.74,389,248.78,1.1,3326.21,17.1
2026-06-24,Bengaluru,Tea,33693.88,203,165.71,1.1,1108.74,17.1
2026-06-24,Bengaluru,Bakery,50536.07,261,193.52,1.1,1742.3,17.1
2026-06-24,Bengaluru,Meals,49539.67,126,393.48,1.1,1742.3,17.1
2026-06-24,Mumbai,Coffee,80261.56,323,248.22,1.1,2739.23,17.1
2026-06-24,Mumbai,Tea,26808.05,166,161.67,1.1,913.08,17.1
2026-06-24,Mumbai,Bakery,43300.91,220,197.09,1.1,1434.84,17.1
2026-06-24,Mumbai,Meals,41935.1,110,380.56,1.1,1434.84,17.1
2026-06-24,Chennai,Coffee,55729.76,225,247.39,1.1,1956.59,17.1
2026-06-24,Chennai,Tea,18385.8,114,160.7,1.1,652.2,17.1
2026-06-24,Chennai,Bakery,29933.03,155,193.13,1.1,1024.88,17.1
2026-06-24,Chennai,Meals,30310.37,78,390.46,1.1,1024.88,17.1
2026-06-24,Pune,Coffee,51392.67,206,249.43,1.1,1760.93,17.1
2026-06-24,Pune,Tea,16742.86,101,166.38,1.1,586.98,17.1
2026-06-24,Pune,Bakery,26000.12,135,192.66,1.1,922.39,17.1
2026-06-24,Pune,Meals,27019.38,71,380.22,1.1,922.39,17.1
2026-06-25,Bengaluru,Coffee,100569.33,411,244.87,1.1,3327.4,9.4
2026-06-25,Bengaluru,Tea,33539.35,204,164.09,1.1,1109.13,9.4
2026-06-25,Bengaluru,Bakery,51799.43,271,190.99,1.1,1742.92,9.4
2026-06-25,Bengaluru,Meals,53279.49,140,380.01,1.1,1742.92,9.4
2026-06-25,Mumbai,Coffee,78925.0,322,245.21,1.1,2740.21,9.4
2026-06-25,Mumbai,Tea,27461.84,166,165.22,1.1,913.4,9.4
2026-06-25,Mumbai,Bakery,42248.97,218,193.95,1.1,1435.35,9.4
2026-06-25,Mumbai,Meals,41245.49,107,385.48,1.1,1435.35,9.4
2026-06-25,Chennai,Coffee,59140.5,240,246.46,1.1,1957.3,9.4
2026-06-25,Chennai,Tea,19556.67,120,162.66,1.1,652.43,9.4
2026-06-25,Chennai,Bakery,30307.42,159,190.21,1.1,1025.25,9.4
2026-06-25,Chennai,Meals,31343.81,80,390.33,1.1,1025.25,9.4
2026-06-25,Pune,Coffee,53061.92,219,242.46,1.1,1761.57,9.4
2026-06-25,Pune,Tea,17040.84,105,162.62,1.1,587.19,9.4
2026-06-25,Pune,Bakery,26228.27,134,196.45,1.1,922.72,9.4
2026-06-25,Pune,Meals,27741.47,71,389.19,1.1,922.72,9.4
2026-06-26,Bengaluru,Coffee,108778.29,439,247.93,1.1,3328.59,11.2
2026-06-26,Bengaluru,Tea,35886.64,216,165.96,1.1,1109.53,11.2
2026-06-26,Bengaluru,Bakery,57101.87,294,194.46,1.1,1743.55,11.2
2026-06-26,Bengaluru,Meals,54978.33,142,387.11,1.1,1743.55,11.2
2026-06-26,Mumbai,Coffee,86356.36,347,248.61,1.1,2741.19,11.2
2026-06-26,Mumbai,Tea,28187.75,175,161.3,1.1,913.73,11.2
2026-06-26,Mumbai,Bakery,44190.87,228,193.68,1.1,1435.86,11.2
2026-06-26,Mumbai,Meals,45078.42,118,382.35,1.1,1435.86,11.2
2026-06-26,Chennai,Coffee,60473.95,250,241.8,1.1,1958.0,11.2
2026-06-26,Chennai,Tea,20779.28,126,165.42,1.1,652.67,11.2
2026-06-26,Chennai,Bakery,32585.47,169,192.74,1.1,1025.62,11.2
2026-06-26,Chennai,Meals,33021.09,87,380.26,1.1,1025.62,11.2
2026-06-26,Pune,Coffee,55796.24,225,248.13,1.1,1762.2,11.2
2026-06-26,Pune,Tea,18802.66,114,165.02,1.1,587.4,11.2
2026-06-26,Pune,Bakery,29214.23,149,195.97,1.1,923.06,11.2
2026-06-26,Pune,Meals,29319.14,76,386.29,1.1,923.06,11.2
2026-06-27,Bengaluru,Coffee,121068.8,504,240.13,1.1,3329.79,11.1
2026-06-27,Bengaluru,Tea,42359.62,257,164.62,1.1,1109.93,11.1
2026-06-27,Bengaluru,Bakery,63002.41,320,196.88,1.1,1744.17,11.1
2026-06-27,Bengaluru,Meals,62309.26,161,387.26,1.1,1744.17,11.1
2026-06-27,Mumbai,Coffee,97984.19,405,241.7,1.1,2742.18,11.1
2026-06-27,Mumbai,Tea,32458.96,196,165.44,1.1,914.06,11.1
2026-06-27,Mumbai,Bakery,51662.77,266,194.3,1.1,1436.38,11.1
2026-06-27,Mumbai,Meals,51758.17,134,386.96,1.1,1436.38,11.1
2026-06-27,Chennai,Coffee,70089.49,283,247.6,1.1,1958.7,11.1
2026-06-27,Chennai,Tea,23640.75,147,160.63,1.1,652.9,11.1
2026-06-27,Chennai,Bakery,37262.1,194,192.0,1.1,1025.98,11.1
2026-06-27,Chennai,Meals,38179.5,98,389.76,1.1,1025.98,11.1
2026-06-27,Pune,Coffee,63470.19,263,241.59,1.1,1762.83,11.1
2026-06-27,Pune,Tea,21863.59,134,162.91,1.1,587.61,11.1
2026-06-27,Pune,Bakery,33531.78,175,191.44,1.1,923.39,11.1
2026-06-27,Pune,Meals,32845.72,86,383.83,1.1,923.39,11.1
2026-06-28,Bengaluru,Coffee,110072.24,449,245.05,1.1,3330.98,12.1
2026-06-28,Bengaluru,Tea,34653.41,216,160.55,1.1,1110.33,12.1
2026-06-28,Bengaluru,Bakery,54574.38,283,193.06,1.1,1744.8,12.1
2026-06-28,Bengaluru,Meals,56815.13,149,381.18,1.1,1744.8,12.1
2026-06-28,Mumbai,Coffee,91657.2,373,245.62,1.1,2743.16,12.1
2026-06-28,Mumbai,Tea,29098.89,177,164.65,1.1,914.39,12.1
2026-06-28,Mumbai,Bakery,48935.15,251,195.13,1.1,1436.89,12.1
2026-06-28,Mumbai,Meals,47200.48,123,384.52,1.1,1436.89,12.1
2026-06-28,Chennai,Coffee,62170.59,258,240.82,1.1,1959.4,12.1
2026-06-28,Chennai,Tea,20382.36,127,159.96,1.1,653.13,12.1
2026-06-28,Chennai,Bakery,33156.62,169,195.71,1.1,1026.35,12.1
2026-06-28,Chennai,Meals,33395.92,85,392.18,1.1,1026.35,12.1
2026-06-28,Pune,Coffee,57757.62,239,241.31,1.1,1763.46,12.1
2026-06-28,Pune,Tea,19515.23,121,161.67,1.1,587.82,12.1
2026-06-28,Pune,Bakery,29464.5,149,197.62,1.1,923.72,12.1
2026-06-28,Pune,Meals,29893.92,77,387.77,1.1,923.72,12.1
2026-06-29,Bengaluru,Coffee,91650.42,374,244.83,1.1,3332.17,14.3
2026-06-29,Bengaluru,Tea,31122.92,193,161.49,1.1,1110.72,14.3
2026-06-29,Bengaluru,Bakery,51596.84,263,196.37,1.1,1745.42,14.3
2026-06-29,Bengaluru,Meals,47993.55,126,380.68,1.1,1745.42,14.3
2026-06-29,Mumbai,Coffee,79857.59,328,243.36,1.1,2744.14,14.3
2026-06-29,Mumbai,Tea,26744.96,163,164.11,1.1,914.71,14.3
2026-06-29,Mumbai,Bakery,41278.85,213,193.75,1.1,1437.41,14.3
2026-06-29,Mumbai,Meals,40857.92,107,382.17,1.1,1437.41,14.3
2026-06-29,Chennai,Coffee,55300.46,230,240.62,1.1,1960.1,14.3
2026-06-29,Chennai,Tea,18534.71,114,163.18,1.1,653.37,14.3
2026-06-29,Chennai,Bakery,28806.3,148,194.61,1.1,1026.72,14.3
2026-06-29,Chennai,Meals,29924.65,79,380.52,1.1,1026.72,14.3
2026-06-29,Pune,Coffee,50215.52,207,242.52,1.1,1764.09,14.3
2026-06-29,Pune,Tea,16472.61,102,161.71,1.1,588.03,14.3
2026-06-29,Pune,Bakery,25270.67,131,193.4,1.1,924.05,14.3
2026-06-29,Pune,Meals,26655.88,68,391.67,1.1,924.05,14.3
2026-06-30,Bengaluru,Coffee,93651.33,387,242.1,2.6,3282.87,10.9
2026-06-30,Bengaluru,Tea,30354.64,185,163.86,2.6,1094.29,10.9
2026-06-30,Bengaluru,Bakery,46596.73,241,193.65,2.6,1719.6,10.9
2026-06-30,Bengaluru,Meals,48318.14,124,390.28,2.6,1719.6,10.9
2026-06-30,Mumbai,Coffee,74360.19,301,246.7,2.6,2703.54,10.9
2026-06-30,Mumbai,Tea,25775.82,158,162.65,2.6,901.18,10.9
2026-06-30,Mumbai,Bakery,39930.59,207,193.1,2.6,1416.14,10.9
2026-06-30,Mumbai,Meals,38352.95,102,377.24,2.6,1416.14,10.9
2026-06-30,Chennai,Coffee,53389.23,221,241.19,2.6,1931.1,10.9
2026-06-30,Chennai,Tea,18019.13,111,162.66,2.6,643.7,10.9
2026-06-30,Chennai,Bakery,28488.42,146,194.8,2.6,1011.53,10.9
2026-06-30,Chennai,Meals,29404.0,76,385.19,2.6,1011.53,10.9
2026-06-30,Pune,Coffee,47482.51,196,241.76,2.6,1737.99,10.9
2026-06-30,Pune,Tea,16859.66,103,163.19,2.6,579.33,10.9
2026-06-30,Pune,Bakery,25637.74,131,195.59,2.6,910.38,10.9
2026-06-30,Pune,Meals,25042.25,66,382.27,2.6,910.38,10.9
2026-07-01,Bengaluru,Coffee,96058.44,392,245.23,2.6,3284.04,17.6
2026-07-01,Bengaluru,Tea,31428.46,192,163.69,2.6,1094.68,17.6
2026-07-01,Bengaluru,Bakery,49484.73,255,194.03,2.6,1720.21,17.6
2026-07-01,Bengaluru,Meals,50944.59,134,380.03,2.6,1720.21,17.6
2026-07-01,Mumbai,Coffee,79157.7,324,244.42,2.6,2704.51,17.6
2026-07-01,Mumbai,Tea,26794.89,163,163.91,2.6,901.5,17.6
2026-07-01,Mumbai,Bakery,42574.21,225,189.14,2.6,1416.65,17.6
2026-07-01,Mumbai,Meals,40893.67,106,384.76,2.6,1416.65,17.6
2026-07-01,Chennai,Coffee,54798.83,229,239.41,2.6,1931.79,17.6
2026-07-01,Chennai,Tea,18852.21,115,164.14,2.6,643.93,17.6
2026-07-01,Chennai,Bakery,29492.51,157,188.36,2.6,1011.89,17.6
2026-07-01,Chennai,Meals,30002.98,77,389.79,2.6,1011.89,17.6
2026-07-01,Pune,Coffee,52006.62,216,240.52,2.6,1738.61,17.6
2026-07-01,Pune,Tea,17382.01,110,158.26,2.6,579.54,17.6
2026-07-01,Pune,Bakery,25818.08,134,192.58,2.6,910.7,17.6
2026-07-01,Pune,Meals,26772.21,70,385.11,2.6,910.7,17.6
2026-07-02,Bengaluru,Coffee,94894.52,385,246.65,2.6,3285.22,15.9
2026-07-02,Bengaluru,Tea,32749.75,199,164.41,2.6,1095.07,15.9
2026-07-02,Bengaluru,Bakery,49536.75,259,190.92,2.6,1720.83,15.9
2026-07-02,Bengaluru,Meals,50587.3,131,387.47,2.6,1720.83,15.9
2026-07-02,Mumbai,Coffee,80761.88,331,244.17,2.6,2705.47,15.9
2026-07-02,Mumbai,Tea,25927.98,159,162.85,2.6,901.82,15.9
2026-07-02,Mumbai,Bakery,41219.44,215,191.86,2.6,1417.15,15.9
2026-07-02,Mumbai,Meals,41850.99,108,388.67,2.6,1417.15,15.9
2026-07-02,Chennai,Coffee,54867.8,226,242.54,2.6,1932.48,15.9
2026-07-02,Chennai,Tea,18750.24,116,162.3,2.6,644.16,15.9
2026-07-02,Chennai,Bakery,29241.66,155,188.79,2.6,1012.25,15.9
2026-07-02,Chennai,Meals,29706.67,76,388.82,2.6,1012.25,15.9
2026-07-02,Pune,Coffee,51255.33,216,237.79,2.6,1739.23,15.9
2026-07-02,Pune,Tea,17566.5,108,162.11,2.6,579.74,15.9
2026-07-02,Pune,Bakery,25606.49,135,189.5,2.6,911.03,15.9
2026-07-02,Pune,Meals,26245.71,67,389.95,2.6,911.03,15.9
2026-07-03,Bengaluru,Coffee,105705.59,428,247.06,2.6,3286.39,14.3
2026-07-03,Bengaluru,Tea,35820.7,223,160.75,2.6,1095.46,14.3
2026-07-03,Bengaluru,Bakery,55601.92,293,189.64,2.6,1721.44,14.3
2026-07-03,Bengaluru,Meals,54744.38,142,386.15,2.6,1721.44,14.3
2026-07-03,Mumbai,Coffee,83527.77,344,242.76,2.6,2706.44,14.3
2026-07-03,Mumbai,Tea,28661.11,175,163.86,2.6,902.15,14.3
2026-07-03,Mumbai,Bakery,44772.67,235,190.89,2.6,1417.66,14.3
2026-07-03,Mumbai,Meals,43464.63,116,376.09,2.6,1417.66,14.3
2026-07-03,Chennai,Coffee,61723.06,251,246.03,2.6,1933.17,14.3
2026-07-03,Chennai,Tea,20628.83,127,162.31,2.6,644.39,14.3
2026-07-03,Chennai,Bakery,31734.18,168,188.39,2.6,1012.61,14.3
2026-07-03,Chennai,Meals,30889.49,80,386.4,2.6,1012.61,14.3
2026-07-03,Pune,Coffee,55664.96,228,243.7,2.6,1739.85,14.3
2026-07-03,Pune,Tea,18464.62,112,164.37,2.6,579.95,14.3
2026-07-03,Pune,Bakery,28835.94,152,189.27,2.6,911.35,14.3
2026-07-03,Pune,Meals,29131.63,76,384.18,2.6,911.35,14.3
2026-07-04,Bengaluru,Coffee,115955.83,473,245.18,2.6,3287.56,13.4
2026-07-04,Bengaluru,Tea,40843.0,253,161.55,2.6,1095.85,13.4
2026-07-04,Bengaluru,Bakery,62642.86,329,190.68,2.6,1722.06,13.4
2026-07-04,Bengaluru,Meals,63999.83,170,376.34,2.6,1722.06,13.4
2026-07-04,Mumbai,Coffee,99788.78,406,245.5,2.6,2707.41,13.4
2026-07-04,Mumbai,Tea,33631.07,212,158.39,2.6,902.47,13.4
2026-07-04,Mumbai,Bakery,53420.52,274,194.76,2.6,1418.16,13.4
2026-07-04,Mumbai,Meals,51929.36,137,380.08,2.6,1418.16,13.4
2026-07-04,Chennai,Coffee,72825.39,301,241.58,2.6,1933.86,13.4
2026-07-04,Chennai,Tea,22856.91,141,162.37,2.6,644.62,13.4
2026-07-04,Chennai,Bakery,36135.55,186,194.67,2.6,1012.97,13.4
2026-07-04,Chennai,Meals,37398.0,97,385.13,2.6,1012.97,13.4
2026-07-04,Pune,Coffee,65725.82,268,244.79,2.6,1740.48,13.4
2026-07-04,Pune,Tea,22381.73,139,161.24,2.6,580.16,13.4
2026-07-04,Pune,Bakery,33386.9,173,192.97,2.6,911.68,13.4
2026-07-04,Pune,Meals,33988.85,89,380.86,2.6,911.68,13.4
2026-07-05,Bengaluru,Coffee,118374.5,495,239.26,2.6,3288.74,9.7
2026-07-05,Bengaluru,Tea,39379.58,244,161.41,2.6,1096.25,9.7
2026-07-05,Bengaluru,Bakery,59753.99,313,191.18,2.6,1722.67,9.7
2026-07-05,Bengaluru,Meals,62747.8,166,377.34,2.6,1722.67,9.7
2026-07-05,Mumbai,Coffee,93014.35,384,242.29,2.6,2708.37,9.7
2026-07-05,Mumbai,Tea,32376.7,197,164.62,2.6,902.79,9.7
2026-07-05,Mumbai,Bakery,49632.35,255,194.31,2.6,1418.67,9.7
2026-07-05,Mumbai,Meals,48684.08,125,390.19,2.6,1418.67,9.7
2026-07-05,Chennai,Coffee,68924.71,288,239.64,2.6,1934.55,9.7
2026-07-05,Chennai,Tea,22771.06,139,163.76,2.6,644.85,9.7
2026-07-05,Chennai,Bakery,37644.68,194,193.94,2.6,1013.34,9.7
2026-07-05,Chennai,Meals,36271.33,94,386.33,2.6,1013.34,9.7
2026-07-05,Pune,Coffee,63181.51,258,244.99,2.6,1741.1,9.7
2026-07-05,Pune,Tea,20674.89,129,159.97,2.6,580.37,9.7
2026-07-05,Pune,Bakery,32186.78,171,187.96,2.6,912.0,9.7
2026-07-05,Pune,Meals,31887.93,84,380.85,2.6,912.0,9.7
2026-07-06,Bengaluru,Coffee,93769.34,392,239.34,2.6,3289.91,6.7
2026-07-06,Bengaluru,Tea,30306.5,185,163.81,2.6,1096.64,6.7
2026-07-06,Bengaluru,Bakery,50648.38,267,189.72,2.6,1723.29,6.7
2026-07-06,Bengaluru,Meals,51021.75,131,389.62,2.6,1723.29,6.7
2026-07-06,Mumbai,Coffee,76006.94,319,238.02,2.6,2709.34,6.7
2026-07-06,Mumbai,Tea,25777.58,162,158.98,2.6,903.11,6.7
2026-07-06,Mumbai,Bakery,41981.2,220,190.6,2.6,1419.18,6.7
2026-07-06,Mumbai,Meals,41294.48,108,383.21,2.6,1419.18,6.7
2026-07-06,Chennai,Coffee,56610.89,236,239.4,2.6,1935.24,6.7
2026-07-06,Chennai,Tea,19368.76,120,161.56,2.6,645.08,6.7
2026-07-06,Chennai,Bakery,30710.99,161,190.99,2.6,1013.7,6.7
2026-07-06,Chennai,Meals,29596.33,78,379.44,2.6,1013.7,6.7
2026-07-06,Pune,Coffee,50244.15,205,245.08,2.6,1741.72,6.7
2026-07-06,Pune,Tea,17327.28,107,161.6,2.6,580.57,6.7
2026-07-06,Pune,Bakery,26292.37,139,189.76,2.6,912.33,6.7
2026-07-06,Pune,Meals,26373.16,68,387.16,2.6,912.33,6.7
2026-07-07,Bengaluru,Coffee,88889.63,361,246.04,2.3,3437.1,12.2
2026-07-07,Bengaluru,Tea,29737.53,183,162.67,2.3,1145.7,12.2
2026-07-07,Bengaluru,Bakery,46701.33,238,196.01,2.3,1800.38,12.2
2026-07-07,Bengaluru,Meals,47178.83,120,393.02,2.3,1800.38,12.2
2026-07-07,Mumbai,Coffee,74749.41,301,248.29,2.3,2830.55,12.2
2026-07-07,Mumbai,Tea,24921.5,153,163.06,2.3,943.52,12.2
2026-07-07,Mumbai,Bakery,39560.31,207,191.24,2.3,1482.67,12.2
2026-07-07,Mumbai,Meals,37759.66,97,387.65,2.3,1482.67,12.2
2026-07-07,Chennai,Coffee,52774.34,218,241.93,2.3,2021.82,12.2
2026-07-07,Chennai,Tea,17636.9,107,164.11,2.3,673.94,12.2
2026-07-07,Chennai,Bakery,27767.26,142,195.22,2.3,1059.05,12.2
2026-07-07,Chennai,Meals,27644.77,70,393.73,2.3,1059.05,12.2
2026-07-07,Pune,Coffee,48621.71,201,241.65,2.3,1819.64,12.2
2026-07-07,Pune,Tea,15667.79,97,160.92,2.3,606.55,12.2
2026-07-07,Pune,Bakery,24148.93,127,189.74,2.3,953.14,12.2
2026-07-07,Pune,Meals,25785.2,66,392.13,2.3,953.14,12.2
2026-07-08,Bengaluru,Coffee,96365.01,388,248.13,2.3,3438.32,14.0
2026-07-08,Bengaluru,Tea,31909.43,197,161.75,2.3,1146.11,14.0
2026-07-08,Bengaluru,Bakery,50619.21,261,193.73,2.3,1801.03,14.0
2026-07-08,Bengaluru,Meals,49863.97,131,379.6,2.3,1801.03,14.0
2026-07-08,Mumbai,Coffee,78899.53,322,245.09,2.3,2831.56,14.0
2026-07-08,Mumbai,Tea,25985.33,159,163.69,2.3,943.85,14.0
2026-07-08,Mumbai,Bakery,39944.96,206,193.76,2.3,1483.2,14.0
2026-07-08,Mumbai,Meals,40895.21,108,379.55,2.3,1483.2,14.0
2026-07-08,Chennai,Coffee,54193.81,219,247.13,2.3,2022.54,14.0
2026-07-08,Chennai,Tea,18977.18,115,164.88,2.3,674.18,14.0
2026-07-08,Chennai,Bakery,29278.22,152,192.17,2.3,1059.43,14.0
2026-07-08,Chennai,Meals,30345.19,78,386.79,2.3,1059.43,14.0
2026-07-08,Pune,Coffee,51598.65,210,245.24,2.3,1820.29,14.0
2026-07-08,Pune,Tea,16608.84,100,165.48,2.3,606.76,14.0
2026-07-08,Pune,Bakery,26697.62,136,195.6,2.3,953.48,14.0
2026-07-08,Pune,Meals,26100.8,67,389.12,2.3,953.48,14.0
2026-07-09,Bengaluru,Coffee,93528.64,377,247.97,2.3,3439.55,13.6
2026-07-09,Bengaluru,Tea,32105.8,195,164.8,2.3,1146.52,13.6
2026-07-09,Bengaluru,Bakery,50837.79,263,193.03,2.3,1801.67,13.6
2026-07-09,Bengaluru,Meals,48160.0,122,393.16,2.3,1801.67,13.6
2026-07-09,Mumbai,Coffee,79472.95,320,248.44,2.3,2832.57,13.6
2026-07-09,Mumbai,Tea,25493.85,158,161.45,2.3,944.19,13.6
2026-07-09,Mumbai,Bakery,40199.58,211,190.2,2.3,1483.73,13.6
2026-07-09,Mumbai,Meals,39418.62,101,391.79,2.3,1483.73,13.6
2026-07-09,Chennai,Coffee,55630.32,232,239.37,2.3,2023.26,13.6
2026-07-09,Chennai,Tea,18775.85,117,160.15,2.3,674.42,13.6
2026-07-09,Chennai,Bakery,29088.09,151,192.74,2.3,1059.8,13.6
2026-07-09,Chennai,Meals,29492.92,77,381.16,2.3,1059.8,13.6
2026-07-09,Pune,Coffee,49150.05,204,240.92,2.3,1820.94,13.6
2026-07-09,Pune,Tea,17090.24,105,163.38,2.3,606.98,13.6
2026-07-09,Pune,Bakery,27664.17,142,195.48,2.3,953.82,13.6
2026-07-09,Pune,Meals,26149.95,69,379.76,2.3,953.82,13.6
2026-07-10,Bengaluru,Coffee,108950.88,454,239.82,2.3,3440.77,10.2
2026-07-10,Bengaluru,Tea,36529.89,227,161.27,2.3,1146.92,10.2
2026-07-10,Bengaluru,Bakery,56290.13,289,194.91,2.3,1802.31,10.2
2026-07-10,Bengaluru,Meals,58289.06,150,388.43,2.3,1802.31,10.2
2026-07-10,Mumbai,Coffee,86813.31,352,246.31,2.3,2833.58,10.2
2026-07-10,Mumbai,Tea,29840.69,183,163.42,2.3,944.53,10.2
2026-07-10,Mumbai,Bakery,47564.58,246,193.69,2.3,1484.26,10.2
2026-07-10,Mumbai,Meals,46843.49,123,380.85,2.3,1484.26,10.2
2026-07-10,Chennai,Coffee,63602.59,265,239.83,2.3,2023.98,10.2
2026-07-10,Chennai,Tea,20996.26,129,162.6,2.3,674.66,10.2
2026-07-10,Chennai,Bakery,32654.82,171,191.21,2.3,1060.18,10.2
2026-07-10,Chennai,Meals,33980.28,89,381.85,2.3,1060.18,10.2
2026-07-10,Pune,Coffee,58512.66,240,243.68,2.3,1821.59,10.2
2026-07-10,Pune,Tea,19039.9,119,159.45,2.3,607.2,10.2
2026-07-10,Pune,Bakery,30400.2,156,194.54,2.3,954.16,10.2
2026-07-10,Pune,Meals,29267.22,75,392.28,2.3,954.16,10.2
2026-07-11,Bengaluru,Coffee,120636.15,503,239.86,2.3,3442.0,11.8
2026-07-11,Bengaluru,Tea,39013.07,244,160.19,2.3,1147.33,11.8
2026-07-11,Bengaluru,Bakery,63244.11,324,195.5,2.3,1802.95,11.8
2026-07-11,Bengaluru,Meals,62742.86,162,386.22,2.3,1802.95,11.8
2026-07-11,Mumbai,Coffee,97727.18,397,246.33,2.3,2834.59,11.8
2026-07-11,Mumbai,Tea,31628.89,196,161.76,2.3,944.86,11.8
2026-07-11,Mumbai,Bakery,49610.89,258,192.46,2.3,1484.78,11.8
2026-07-11,Mumbai,Meals,51885.47,135,383.46,2.3,1484.78,11.8
2026-07-11,Chennai,Coffee,68612.04,277,247.71,2.3,2024.71,11.8
2026-07-11,Chennai,Tea,22811.72,142,160.42,2.3,674.9,11.8
2026-07-11,Chennai,Bakery,36582.44,186,196.67,2.3,1060.56,11.8
2026-07-11,Chennai,Meals,36414.98,94,388.52,2.3,1060.56,11.8
2026-07-11,Pune,Coffee,62030.59,258,240.7,2.3,1822.23,11.8
2026-07-11,Pune,Tea,21420.14,134,159.92,2.3,607.41,11.8
2026-07-11,Pune,Bakery,32270.95,168,191.7,2.3,954.5,11.8
2026-07-11,Pune,Meals,32749.21,84,388.62,2.3,954.5,11.8
2026-07-12,Bengaluru,Coffee,114495.96,477,239.94,2.3,3443.23,20.9
2026-07-12,Bengaluru,Tea,37935.88,235,161.26,2.3,1147.74,20.9
2026-07-12,Bengaluru,Bakery,58501.24,300,194.85,2.3,1803.59,20.9
2026-07-12,Bengaluru,Meals,59341.57,153,387.96,2.3,1803.59,20.9
2026-07-12,Mumbai,Coffee,95047.36,392,242.22,2.3,2835.6,20.9
2026-07-12,Mumbai,Tea,31008.86,188,164.57,2.3,945.2,20.9
2026-07-12,Mumbai,Bakery,47125.46,241,195.89,2.3,1485.31,20.9
2026-07-12,Mumbai,Meals,47435.16,125,378.94,2.3,1485.31,20.9
2026-07-12,Chennai,Coffee,62657.66,260,240.66,2.3,2025.43,20.9
2026-07-12,Chennai,Tea,22671.82,141,160.47,2.3,675.14,20.9
2026-07-12,Chennai,Bakery,34663.97,179,193.32,2.3,1060.94,20.9
2026-07-12,Chennai,Meals,34502.47,91,380.58,2.3,1060.94,20.9
2026-07-12,Pune,Coffee,59088.0,239,247.73,2.3,1822.88,20.9
2026-07-12,Pune,Tea,19817.97,123,161.64,2.3,607.63,20.9
2026-07-12,Pune,Bakery,30372.51,160,189.77,2.3,954.84,20.9
2026-07-12,Pune,Meals,30790.01,80,385.78,2.3,954.84,20.9
2026-07-13,Bengaluru,Coffee,93880.2,384,244.71,2.3,3444.45,16.1
2026-07-13,Bengaluru,Tea,29307.25,182,161.14,2.3,1148.15,16.1
2026-07-13,Bengaluru,Bakery,48678.33,249,195.51,2.3,1804.24,16.1
2026-07-13,Bengaluru,Meals,46779.96,120,390.56,2.3,1804.24,16.1
2026-07-13,Mumbai,Coffee,72912.01,299,244.15,2.3,2836.61,16.1
2026-07-13,Mumbai,Tea,24603.67,150,164.2,2.3,945.54,16.1
2026-07-13,Mumbai,Bakery,38637.45,198,195.02,2.3,1485.84,16.1
2026-07-13,Mumbai,Meals,39619.06,101,392.21,2.3,1485.84,16.1
2026-07-13,Chennai,Coffee,53079.16,220,240.82,2.3,2026.15,16.1
2026-07-13,Chennai,Tea,18285.3,114,160.8,2.3,675.38,16.1
2026-07-13,Chennai,Bakery,28102.88,144,194.67,2.3,1061.32,16.1
2026-07-13,Chennai,Meals,28094.34,74,379.88,2.3,1061.32,16.1
2026-07-13,Pune,Coffee,47932.29,199,240.54,2.3,1823.53,16.1
2026-07-13,Pune,Tea,15854.03,97,163.86,2.3,607.84,16.1
2026-07-13,Pune,Bakery,25283.07,132,192.06,2.3,955.18,16.1
2026-07-13,Pune,Meals,24919.41,65,383.1,2.3,955.18,16.1
2026-07-14,Bengaluru,Coffee,89306.93,354,252.06,3.5,3162.6,15.7
2026-07-14,Bengaluru,Tea,29042.99,176,164.67,3.5,1054.2,15.7
2026-07-14,Bengaluru,Bakery,46012.23,231,199.0,3.5,1656.6,15.7
2026-07-14,Bengaluru,Meals,46082.12,116,396.19,3.5,1656.6,15.7
2026-07-14,Mumbai,Coffee,71838.18,284,252.83,3.5,2604.49,15.7
2026-07-14,Mumbai,Tea,24270.82,145,167.33,3.5,868.16,15.7
2026-07-14,Mumbai,Bakery,36709.33,184,199.64,3.5,1364.26,15.7
2026-07-14,Mumbai,Meals,37213.77,95,393.3,3.5,1364.26,15.7
2026-07-14,Chennai,Coffee,51477.12,209,246.43,3.5,1860.35,15.7
2026-07-14,Chennai,Tea,17895.85,109,164.43,3.5,620.12,15.7
2026-07-14,Chennai,Bakery,26547.55,135,196.65,3.5,974.47,15.7
2026-07-14,Chennai,Meals,27081.38,70,387.76,3.5,974.47,15.7
2026-07-14,Pune,Coffee,45356.23,179,253.95,3.5,1674.32,15.7
2026-07-14,Pune,Tea,15783.72,97,163.26,3.5,558.11,15.7
2026-07-14,Pune,Bakery,23964.12,121,198.0,3.5,877.02,15.7
2026-07-14,Pune,Meals,24666.46,63,392.05,3.5,877.02,15.7
2026-07-15,Bengaluru,Coffee,93805.56,383,245.01,3.5,3163.72,13.1
2026-07-15,Bengaluru,Tea,33602.59,205,163.73,3.5,1054.57,13.1
2026-07-15,Bengaluru,Bakery,50203.03,250,201.01,3.5,1657.19,13.1
2026-07-15,Bengaluru,Meals,51278.43,129,398.23,3.5,1657.19,13.1
2026-07-15,Mumbai,Coffee,77089.16,310,248.73,3.5,2605.42,13.1
2026-07-15,Mumbai,Tea,26131.08,156,167.92,3.5,868.47,13.1
2026-07-15,Mumbai,Bakery,42122.77,214,196.68,3.5,1364.74,13.1
2026-07-15,Mumbai,Meals,41014.2,106,386.53,3.5,1364.74,13.1
2026-07-15,Chennai,Coffee,54918.08,223,246.67,3.5,1861.01,13.1
2026-07-15,Chennai,Tea,18495.06,109,169.25,3.5,620.34,13.1
2026-07-15,Chennai,Bakery,29233.49,147,198.43,3.5,974.82,13.1
2026-07-15,Chennai,Meals,29534.04,75,393.67,3.5,974.82,13.1
2026-07-15,Pune,Coffee,50102.67,200,250.5,3.5,1674.91,13.1
2026-07-15,Pune,Tea,16984.68,104,163.63,3.5,558.3,13.1
2026-07-15,Pune,Bakery,25970.02,131,198.76,3.5,877.33,13.1
2026-07-15,Pune,Meals,26280.98,66,397.01,3.5,877.33,13.1
2026-07-16,Bengaluru,Coffee,91220.78,360,253.28,3.5,3164.85,17.1
2026-07-16,Bengaluru,Tea,31877.11,195,163.48,3.5,1054.95,17.1
2026-07-16,Bengaluru,Bakery,47881.59,243,197.37,3.5,1657.78,17.1
2026-07-16,Bengaluru,Meals,48742.35,126,386.57,3.5,1657.78,17.1
2026-07-16,Mumbai,Coffee,77244.62,311,248.02,3.5,2606.34,17.1
2026-07-16,Mumbai,Tea,26337.46,157,168.11,3.5,868.78,17.1
2026-07-16,Mumbai,Bakery,41919.3,211,198.36,3.5,1365.23,17.1
2026-07-16,Mumbai,Meals,41898.95,107,391.39,3.5,1365.23,17.1
2026-07-16,Chennai,Coffee,56308.89,228,246.7,3.5,1861.67,17.1
2026-07-16,Chennai,Tea,18257.53,109,166.81,3.5,620.56,17.1
2026-07-16,Chennai,Bakery,29761.16,149,200.41,3.5,975.16,17.1
2026-07-16,Chennai,Meals,29376.62,76,387.33,3.5,975.16,17.1
2026-07-16,Pune,Coffee,48368.69,192,252.1,3.5,1675.51,17.1
2026-07-16,Pune,Tea,17344.48,105,164.41,3.5,558.5,17.1
2026-07-16,Pune,Bakery,25545.71,131,195.18,3.5,877.65,17.1
2026-07-16,Pune,Meals,25366.96,65,392.88,3.5,877.65,17.1
2026-07-17,Bengaluru,Coffee,104857.9,426,246.24,3.5,3165.97,19.5
2026-07-17,Bengaluru,Tea,36295.85,220,165.16,3.5,1055.32,19.5
2026-07-17,Bengaluru,Bakery,58400.05,301,193.7,3.5,1658.37,19.5
2026-07-17,Bengaluru,Meals,56676.01,143,396.61,3.5,1658.37,19.5
2026-07-17,Mumbai,Coffee,90275.92,365,247.16,3.5,2607.27,19.5
2026-07-17,Mumbai,Tea,29579.28,180,164.73,3.5,869.09,19.5
2026-07-17,Mumbai,Bakery,47315.05,236,200.44,3.5,1365.71,19.5
2026-07-17,Mumbai,Meals,46332.8,117,394.85,3.5,1365.71,19.5
2026-07-17,Chennai,Coffee,63066.47,250,252.69,3.5,1862.34,19.5
2026-07-17,Chennai,Tea,21119.81,126,167.22,3.5,620.78,19.5
2026-07-17,Chennai,Bakery,33093.82,166,199.26,3.5,975.51,19.5
2026-07-17,Chennai,Meals,33812.99,87,388.0,3.5,975.51,19.5
2026-07-17,Pune,Coffee,58229.23,234,248.99,3.5,1676.1,19.5
2026-07-17,Pune,Tea,18030.97,107,168.26,3.5,558.7,19.5
2026-07-17,Pune,Bakery,29850.27,150,198.99,3.5,877.96,19.5
2026-07-17,Pune,Meals,29184.5,74,393.11,3.5,877.96,19.5
2026-07-18,Bengaluru,Coffee,109854.51,439,250.21,3.5,3167.1,17.1
2026-07-18,Bengaluru,Tea,37635.44,228,165.16,3.5,1055.7,17.1
2026-07-18,Bengaluru,Bakery,57881.13,298,194.33,3.5,1658.96,17.1
2026-07-18,Bengaluru,Meals,58252.69,149,391.43,3.5,1658.96,17.1
2026-07-18,Mumbai,Coffee,90478.78,366,247.53,3.5,2608.2,17.1
2026-07-18,Mumbai,Tea,30394.46,181,168.23,3.5,869.4,17.1
2026-07-18,Mumbai,Bakery,47821.91,241,198.75,3.5,1366.2,17.1
2026-07-18,Mumbai,Meals,47611.57,119,399.77,3.5,1366.2,17.1
2026-07-18,Chennai,Coffee,66076.15,262,251.84,3.5,1863.0,17.1
2026-07-18,Chennai,Tea,21105.29,127,166.71,3.5,621.0,17.1
2026-07-18,Chennai,Bakery,36590.04,188,194.84,3.5,975.86,17.1
2026-07-18,Chennai,Meals,34570.17,87,396.06,3.5,975.86,17.1
2026-07-18,Pune,Coffee,59730.49,241,247.42,3.5,1676.7,17.1
2026-07-18,Pune,Tea,19949.81,118,168.91,3.5,558.9,17.1
2026-07-18,Pune,Bakery,31297.66,158,197.85,3.5,878.27,17.1
2026-07-18,Pune,Meals,30968.47,78,395.84,3.5,878.27,17.1
2026-07-19,Bengaluru,Coffee,114878.56,459,250.02,3.5,3168.22,12.7
2026-07-19,Bengaluru,Tea,39591.05,239,165.49,3.5,1056.07,12.7
2026-07-19,Bengaluru,Bakery,58289.26,297,196.0,3.5,1659.54,12.7
2026-07-19,Bengaluru,Meals,58971.48,149,395.65,3.5,1659.54,12.7
2026-07-19,Mumbai,Coffee,97584.64,393,248.26,3.5,2609.12,12.7
2026-07-19,Mumbai,Tea,32193.32,196,164.35,3.5,869.71,12.7
2026-07-19,Mumbai,Bakery,50946.96,254,200.62,3.5,1366.68,12.7
2026-07-19,Mumbai,Meals,49418.15,128,387.12,3.5,1366.68,12.7
2026-07-19,Chennai,Coffee,66109.98,263,251.46,3.5,1863.66,12.7
2026-07-19,Chennai,Tea,22324.71,133,167.71,3.5,621.22,12.7
2026-07-19,Chennai,Bakery,36073.08,180,200.86,3.5,976.2,12.7
2026-07-19,Chennai,Meals,35389.82,88,401.37,3.5,976.2,12.7
2026-07-19,Pune,Coffee,59372.31,242,245.18,3.5,1677.29,12.7
2026-07-19,Pune,Tea,20438.89,125,162.95,3.5,559.1,12.7
2026-07-19,Pune,Bakery,32423.89,164,198.08,3.5,878.58,12.7
2026-07-19,Pune,Meals,33253.36,84,394.95,3.5,878.58,12.7
2026-07-20,Bengaluru,Coffee,86111.82,343,250.76,3.5,3169.35,15.2
2026-07-20,Bengaluru,Tea,29732.37,180,164.76,3.5,1056.45,15.2
2026-07-20,Bengaluru,Bakery,45507.11,232,196.18,3.5,1660.13,15.2
2026-07-20,Bengaluru,Meals,46661.27,117,397.77,3.5,1660.13,15.2
2026-07-20,Mumbai,Coffee,70663.57,278,253.86,3.5,2610.05,15.2
2026-07-20,Mumbai,Tea,23812.15,141,168.74,3.5,870.02,15.2
2026-07-20,Mumbai,Bakery,38051.36,193,196.7,3.5,1367.17,15.2
2026-07-20,Mumbai,Meals,36617.27,93,393.87,3.5,1367.17,15.2
2026-07-20,Chennai,Coffee,51829.22,206,251.93,3.5,1864.32,15.2
2026-07-20,Chennai,Tea,16877.51,100,168.82,3.5,621.44,15.2
2026-07-20,Chennai,Bakery,27765.4,142,194.98,3.5,976.55,15.2
2026-07-20,Chennai,Meals,27372.67,69,398.61,3.5,976.55,15.2
2026-07-20,Pune,Coffee,46178.5,183,253.02,3.5,1677.89,15.2
2026-07-20,Pune,Tea,15370.76,91,168.43,3.5,559.3,15.2
2026-07-20,Pune,Bakery,24306.57,124,196.19,3.5,878.89,15.2
2026-07-20,Pune,Meals,24071.04,62,391.02,3.5,878.89,15.2
2026-07-21,Bengaluru,Coffee,95608.59,383,249.8,5.9,2908.1,11.3
2026-07-21,Bengaluru,Tea,30696.61,181,169.37,5.9,969.37,11.3
2026-07-21,Bengaluru,Bakery,48926.53,241,203.27,5.9,1523.29,11.3
2026-07-21,Bengaluru,Meals,48020.72,120,398.62,5.9,1523.29,11.3
2026-07-21,Mumbai,Coffee,76525.13,299,256.09,5.9,2394.91,11.3
2026-07-21,Mumbai,Tea,25111.31,151,166.43,5.9,798.3,11.3
2026-07-21,Mumbai,Bakery,41075.08,207,198.75,5.9,1254.48,11.3
2026-07-21,Mumbai,Meals,39909.99,97,409.9,5.9,1254.48,11.3
2026-07-21,Chennai,Coffee,54810.01,211,259.7,5.9,1710.65,11.3
2026-07-21,Chennai,Tea,17983.4,108,167.27,5.9,570.22,11.3
2026-07-21,Chennai,Bakery,29418.41,145,202.23,5.9,896.05,11.3
2026-07-21,Chennai,Meals,28268.65,71,399.12,5.9,896.05,11.3
2026-07-21,Pune,Coffee,48404.4,190,255.11,5.9,1539.58,11.3
2026-07-21,Pune,Tea,16636.71,97,171.86,5.9,513.19,11.3
2026-07-21,Pune,Bakery,25302.89,128,197.89,5.9,806.45,11.3
2026-07-21,Pune,Meals,25562.87,62,409.07,5.9,806.45,11.3
2026-07-22,Bengaluru,Coffee,92891.22,358,259.73,5.9,2909.13,13.6
2026-07-22,Bengaluru,Tea,31466.92,188,167.6,5.9,969.71,13.6
2026-07-22,Bengaluru,Bakery,50906.53,256,198.71,5.9,1523.83,13.6
2026-07-22,Bengaluru,Meals,49325.01,121,407.51,5.9,1523.83,13.6
2026-07-22,Mumbai,Coffee,77424.75,310,250.07,5.9,2395.76,13.6
2026-07-22,Mumbai,Tea,26353.49,155,170.18,5.9,798.59,13.6
2026-07-22,Mumbai,Bakery,40478.21,198,204.07,5.9,1254.92,13.6
2026-07-22,Mumbai,Meals,41215.52,101,407.93,5.9,1254.92,13.6
2026-07-22,Chennai,Coffee,56012.38,220,254.42,5.9,1711.26,13.6
2026-07-22,Chennai,Tea,18201.93,108,169.26,5.9,570.42,13.6
2026-07-22,Chennai,Bakery,30258.41,150,201.11,5.9,896.37,13.6
2026-07-22,Chennai,Meals,28323.87,69,407.85,5.9,896.37,13.6
2026-07-22,Pune,Coffee,50598.23,197,256.22,5.9,1540.13,13.6
2026-07-22,Pune,Tea,16712.47,97,172.96,5.9,513.38,13.6
2026-07-22,Pune,Bakery,25908.46,131,198.17,5.9,806.73,13.6
2026-07-22,Pune,Meals,25870.15,64,402.1,5.9,806.73,13.6
2026-07-23,Bengaluru,Coffee,92555.37,365,253.64,5.9,2910.17,16.3
2026-07-23,Bengaluru,Tea,29711.77,173,171.34,5.9,970.06,16.3
2026-07-23,Bengaluru,Bakery,47172.26,232,203.73,5.9,1524.37,16.3
2026-07-23,Bengaluru,Meals,48627.37,122,398.08,5.9,1524.37,16.3
2026-07-23,Mumbai,Coffee,75897.61,297,255.12,5.9,2396.61,16.3
2026-07-23,Mumbai,Tea,25052.93,149,168.22,5.9,798.87,16.3
2026-07-23,Mumbai,Bakery,40168.9,201,200.0,5.9,1255.37,16.3
2026-07-23,Mumbai,Meals,38697.31,94,410.08,5.9,1255.37,16.3
2026-07-23,Chennai,Coffee,54362.86,214,253.5,5.9,1711.86,16.3
2026-07-23,Chennai,Tea,17824.96,106,168.74,5.9,570.62,16.3
2026-07-23,Chennai,Bakery,27927.12,139,201.11,5.9,896.69,16.3
2026-07-23,Chennai,Meals,28441.79,71,400.28,5.9,896.69,16.3
2026-07-23,Pune,Coffee,49132.34,196,251.19,5.9,1540.68,16.3
2026-07-23,Pune,Tea,15162.19,91,166.43,5.9,513.56,16.3
2026-07-23,Pune,Bakery,25633.68,127,201.28,5.9,807.02,16.3
2026-07-23,Pune,Meals,25470.95,64,398.41,5.9,807.02,16.3
2026-07-24,Bengaluru,Coffee,107661.8,420,256.5,5.9,2911.2,12.7
2026-07-24,Bengaluru,Tea,35357.74,205,172.42,5.9,970.4,12.7
2026-07-24,Bengaluru,Bakery,54471.55,274,199.06,5.9,1524.91,12.7
2026-07-24,Bengaluru,Meals,55251.93,140,395.9,5.9,1524.91,12.7
2026-07-24,Mumbai,Coffee,88672.11,349,254.1,5.9,2397.46,12.7
2026-07-24,Mumbai,Tea,30087.3,177,169.72,5.9,799.15,12.7
2026-07-24,Mumbai,Bakery,46471.84,231,200.76,5.9,1255.81,12.7
2026-07-24,Mumbai,Meals,45237.16,113,398.96,5.9,1255.81,12.7
2026-07-24,Chennai,Coffee,64689.81,255,254.03,5.9,1712.47,12.7
2026-07-24,Chennai,Tea,21150.43,124,170.8,5.9,570.82,12.7
2026-07-24,Chennai,Bakery,33370.25,163,204.31,5.9,897.01,12.7
2026-07-24,Chennai,Meals,34045.76,84,405.5,5.9,897.01,12.7
2026-07-24,Pune,Coffee,57346.58,226,253.8,5.9,1541.22,12.7
2026-07-24,Pune,Tea,18916.02,109,172.87,5.9,513.74,12.7
2026-07-24,Pune,Bakery,28267.12,142,199.24,5.9,807.31,12.7
2026-07-24,Pune,Meals,29616.2,74,400.04,5.9,807.31,12.7
2026-07-25,Bengaluru,Coffee,108760.21,425,255.77,5.9,2912.23,13.3
2026-07-25,Bengaluru,Tea,36597.49,218,168.24,5.9,970.74,13.3
2026-07-25,Bengaluru,Bakery,58034.52,287,202.35,5.9,1525.45,13.3
2026-07-25,Bengaluru,Meals,56168.37,137,411.19,5.9,1525.45,13.3
2026-07-25,Mumbai,Coffee,88719.99,349,254.34,5.9,2398.31,13.3
2026-07-25,Mumbai,Tea,30115.67,181,166.43,5.9,799.44,13.3
2026-07-25,Mumbai,Bakery,47789.01,233,205.54,5.9,1256.26,13.3
2026-07-25,Mumbai,Meals,49001.52,121,405.62,5.9,1256.26,13.3
2026-07-25,Chennai,Coffee,65215.86,258,253.23,5.9,1713.08,13.3
2026-07-25,Chennai,Tea,21383.17,126,169.13,5.9,571.03,13.3
2026-07-25,Chennai,Bakery,34019.18,169,200.79,5.9,897.33,13.3
2026-07-25,Chennai,Meals,32003.13,78,408.68,5.9,897.33,13.3
2026-07-25,Pune,Coffee,58555.53,225,259.74,5.9,1541.77,13.3
2026-07-25,Pune,Tea,19503.24,113,172.38,5.9,513.92,13.3
2026-07-25,Pune,Bakery,31053.45,153,203.2,5.9,807.59,13.3
2026-07-25,Pune,Meals,30340.8,77,396.22,5.9,807.59,13.3
2026-07-26,Bengaluru,Coffee,103154.33,402,256.89,5.9,2913.26,20.4
2026-07-26,Bengaluru,Tea,34232.62,198,172.93,5.9,971.09,20.4
2026-07-26,Bengaluru,Bakery,53087.97,265,200.32,5.9,1525.99,20.4
2026-07-26,Bengaluru,Meals,54056.69,136,398.25,5.9,1525.99,20.4
2026-07-26,Mumbai,Coffee,84889.62,329,258.22,5.9,2399.16,20.4
2026-07-26,Mumbai,Tea,28157.5,165,170.7,5.9,799.72,20.4
2026-07-26,Mumbai,Bakery,44528.81,223,199.64,5.9,1256.7,20.4
2026-07-26,Mumbai,Meals,45130.49,111,408.05,5.9,1256.7,20.4
2026-07-26,Chennai,Coffee,61800.58,241,256.21,5.9,1713.68,20.4
2026-07-26,Chennai,Tea,19852.2,115,172.15,5.9,571.23,20.4
2026-07-26,Chennai,Bakery,31413.93,157,199.64,5.9,897.64,20.4
2026-07-26,Chennai,Meals,29470.11,73,405.69,5.9,897.64,20.4
2026-07-26,Pune,Coffee,55248.07,220,251.32,5.9,1542.32,20.4
2026-07-26,Pune,Tea,18277.12,109,168.0,5.9,514.11,20.4
2026-07-26,Pune,Bakery,28987.89,141,205.35,5.9,807.88,20.4
2026-07-26,Pune,Meals,28204.56,71,396.68,5.9,807.88,20.4
2026-07-27,Bengaluru,Coffee,88340.67,343,257.91,5.9,2914.29,13.9
2026-07-27,Bengaluru,Tea,29425.72,174,169.3,5.9,971.43,13.9
2026-07-27,Bengaluru,Bakery,45118.78,221,204.59,5.9,1526.53,13.9
2026-07-27,Bengaluru,Meals,47996.39,121,396.51,5.9,1526.53,13.9
2026-07-27,Mumbai,Coffee,73955.8,290,255.44,5.9,2400.01,13.9
2026-07-27,Mumbai,Tea,23619.95,139,170.29,5.9,800.0,13.9
2026-07-27,Mumbai,Bakery,37620.09,183,205.57,5.9,1257.15,13.9
2026-07-27,Mumbai,Meals,40176.64,98,408.86,5.9,1257.15,13.9
2026-07-27,Chennai,Coffee,52917.74,211,251.32,5.9,1714.29,13.9
2026-07-27,Chennai,Tea,18169.62,108,168.42,5.9,571.43,13.9
2026-07-27,Chennai,Bakery,27928.43,136,205.63,5.9,897.96,13.9
2026-07-27,Chennai,Meals,27659.46,69,401.47,5.9,897.96,13.9
2026-07-27,Pune,Coffee,47742.5,189,252.39,5.9,1542.86,13.9
2026-07-27,Pune,Tea,15743.77,93,169.71,5.9,514.29,13.9
2026-07-27,Pune,Bakery,25139.48,123,203.59,5.9,808.17,13.9
2026-07-27,Pune,Meals,24819.93,61,408.09,5.9,808.17,13.9
2026-07-28,Bengaluru,Coffee,92658.21,377,246.0,3.5,2630.36,17.0
2026-07-28,Bengaluru,Tea,30860.21,183,168.79,3.5,876.79,17.0
2026-07-28,Bengaluru,Bakery,48137.56,246,195.85,3.5,1377.81,17.0
2026-07-28,Bengaluru,Meals,49546.83,125,397.95,3.5,1377.81,17.0
2026-07-28,Mumbai,Coffee,74731.24,299,249.73,3.5,2166.18,17.0
2026-07-28,Mumbai,Tea,24683.16,146,169.26,3.5,722.06,17.0
2026-07-28,Mumbai,Bakery,40253.8,204,197.07,3.5,1134.66,17.0
2026-07-28,Mumbai,Meals,39031.34,98,399.88,3.5,1134.66,17.0
2026-07-28,Chennai,Coffee,54212.51,214,253.18,3.5,1547.27,17.0
2026-07-28,Chennai,Tea,17819.45,107,165.87,3.5,515.76,17.0
2026-07-28,Chennai,Bakery,28361.77,145,196.04,3.5,810.47,17.0
2026-07-28,Chennai,Meals,28869.73,74,391.03,3.5,810.47,17.0
2026-07-28,Pune,Coffee,48005.21,193,249.33,3.5,1392.54,17.0
2026-07-28,Pune,Tea,16384.26,99,165.95,3.5,464.18,17.0
2026-07-28,Pune,Bakery,25668.59,128,200.15,3.5,729.43,17.0
2026-07-28,Pune,Meals,25553.01,65,393.8,3.5,729.43,17.0
2026-07-29,Bengaluru,Coffee,92343.54,376,245.33,3.5,2631.29,12.9
2026-07-29,Bengaluru,Tea,32346.4,193,167.17,3.5,877.1,12.9
2026-07-29,Bengaluru,Bakery,50808.35,258,196.67,3.5,1378.29,12.9
2026-07-29,Bengaluru,Meals,49258.77,126,390.11,3.5,1378.29,12.9
2026-07-29,Mumbai,Coffee,80237.79,321,249.64,3.5,2166.94,12.9
2026-07-29,Mumbai,Tea,27607.35,167,165.01,3.5,722.31,12.9
2026-07-29,Mumbai,Bakery,40723.33,207,196.89,3.5,1135.07,12.9
2026-07-29,Mumbai,Meals,41788.91,108,387.36,3.5,1135.07,12.9
2026-07-29,Chennai,Coffee,56307.51,222,253.62,3.5,1547.82,12.9
2026-07-29,Chennai,Tea,18794.43,114,164.55,3.5,515.94,12.9
2026-07-29,Chennai,Bakery,29040.67,149,194.36,3.5,810.76,12.9
2026-07-29,Chennai,Meals,28808.73,72,402.46,3.5,810.76,12.9
2026-07-29,Pune,Coffee,51218.46,208,246.71,3.5,1393.03,12.9
2026-07-29,Pune,Tea,17078.12,105,163.39,3.5,464.34,12.9
2026-07-29,Pune,Bakery,26320.77,134,196.87,3.5,729.68,12.9
2026-07-29,Pune,Meals,26626.78,68,392.33,3.5,729.68,12.9
2026-07-30,Bengaluru,Coffee,94532.27,375,252.39,3.5,2632.22,10.4
2026-07-30,Bengaluru,Tea,32188.16,195,165.29,3.5,877.41,10.4
2026-07-30,Bengaluru,Bakery,50160.23,256,196.25,3.5,1378.78,10.4
2026-07-30,Bengaluru,Meals,50464.93,128,394.72,3.5,1378.78,10.4
2026-07-30,Mumbai,Coffee,75928.46,302,251.67,3.5,2167.71,10.4
2026-07-30,Mumbai,Tea,25819.33,153,168.62,3.5,722.57,10.4
2026-07-30,Mumbai,Bakery,41197.16,209,196.71,3.5,1135.47,10.4
2026-07-30,Mumbai,Meals,40488.04,104,388.46,3.5,1135.47,10.4
2026-07-30,Chennai,Coffee,55350.19,225,245.69,3.5,1548.36,10.4
2026-07-30,Chennai,Tea,17527.41,107,163.34,3.5,516.12,10.4
2026-07-30,Chennai,Bakery,30850.04,154,199.89,3.5,811.05,10.4
2026-07-30,Chennai,Meals,28601.88,73,391.12,3.5,811.05,10.4
2026-07-30,Pune,Coffee,49261.04,200,246.34,3.5,1393.53,10.4
2026-07-30,Pune,Tea,17174.32,103,166.72,3.5,464.51,10.4
2026-07-30,Pune,Bakery,26164.44,133,196.44,3.5,729.94,10.4
2026-07-30,Pune,Meals,25483.89,65,390.72,3.5,729.94,10.4
2026-07-31,Bengaluru,Coffee,98891.54,396,249.92,3.5,2633.15,13.9
2026-07-31,Bengaluru,Tea,32847.69,201,163.46,3.5,877.72,13.9
2026-07-31,Bengaluru,Bakery,51217.78,257,199.59,3.5,1379.27,13.9
2026-07-31,Bengaluru,Meals,52252.18,134,389.6,3.5,1379.27,13.9
2026-07-31,Mumbai,Coffee,80611.71,328,245.42,3.5,2168.48,13.9
2026-07-31,Mumbai,Tea,26692.83,158,169.07,3.5,722.83,13.9
2026-07-31,Mumbai,Bakery,41676.65,211,197.5,3.5,1135.87,13.9
2026-07-31,Mumbai,Meals,42127.06,106,398.25,3.5,1135.87,13.9
2026-07-31,Chennai,Coffee,57736.25,230,250.76,3.5,1548.91,13.9
2026-07-31,Chennai,Tea,19413.21,118,164.59,3.5,516.3,13.9
2026-07-31,Chennai,Bakery,29569.49,149,198.63,3.5,811.33,13.9
2026-07-31,Chennai,Meals,29097.87,74,395.04,3.5,811.33,13.9
2026-07-31,Pune,Coffee,51094.1,202,253.42,3.5,1394.02,13.9
2026-07-31,Pune,Tea,17241.81,103,166.66,3.5,464.67,13.9
2026-07-31,Pune,Bakery,27952.26,140,199.61,3.5,730.2,13.9
2026-07-31,Pune,Meals,26630.05,68,390.63,3.5,730.2,13.9
2026-08-01,Bengaluru,Coffee,103642.95,414,250.28,3.5,2634.08,12.7
2026-08-01,Bengaluru,Tea,34638.15,206,168.07,3.5,878.03,12.7
2026-08-01,Bengaluru,Bakery,54127.8,274,197.53,3.5,1379.76,12.7
2026-08-01,Bengaluru,Meals,56712.02,145,390.56,3.5,1379.76,12.7
2026-08-01,Mumbai,Coffee,84564.61,333,254.16,3.5,2169.24,12.7
2026-08-01,Mumbai,Tea,28161.25,172,163.8,3.5,723.08,12.7
2026-08-01,Mumbai,Bakery,44845.07,227,197.78,3.5,1136.27,12.7
2026-08-01,Mumbai,Meals,44461.47,113,392.21,3.5,1136.27,12.7
2026-08-01,Chennai,Coffee,62595.87,251,249.73,3.5,1549.46,12.7
2026-08-01,Chennai,Tea,20315.91,121,168.22,3.5,516.49,12.7
2026-08-01,Chennai,Bakery,31416.46,161,195.43,3.5,811.62,12.7
2026-08-01,Chennai,Meals,32239.77,80,401.66,3.5,811.62,12.7
2026-08-01,Pune,Coffee,53250.17,212,251.46,3.5,1394.51,12.7
2026-08-01,Pune,Tea,18371.23,110,166.48,3.5,464.84,12.7
2026-08-01,Pune,Bakery,28245.22,146,194.01,3.5,730.46,12.7
2026-08-01,Pune,Meals,27849.71,69,402.19,3.5,730.46,12.7
2026-08-02,Bengaluru,Coffee,112318.58,447,251.43,3.5,2635.01,8.3
2026-08-02,Bengaluru,Tea,36444.56,221,164.64,3.5,878.34,8.3
2026-08-02,Bengaluru,Bakery,57355.18,288,198.95,3.5,1380.24,8.3
2026-08-02,Bengaluru,Meals,56974.64,144,395.36,3.5,1380.24,8.3
2026-08-02,Mumbai,Coffee,91778.6,373,246.05,3.5,2170.01,8.3
2026-08-02,Mumbai,Tea,29805.14,181,165.06,3.5,723.34,8.3
2026-08-02,Mumbai,Bakery,46537.28,239,194.72,3.5,1136.67,8.3
2026-08-02,Mumbai,Meals,46805.13,119,393.15,3.5,1136.67,8.3
2026-08-02,Chennai,Coffee,64698.79,254,254.35,3.5,1550.01,8.3
2026-08-02,Chennai,Tea,21593.64,129,167.96,3.5,516.67,8.3
2026-08-02,Chennai,Bakery,34280.77,172,199.68,3.5,811.91,8.3
2026-08-02,Chennai,Meals,34502.61,86,400.58,3.5,811.91,8.3
2026-08-02,Pune,Coffee,58081.16,236,246.15,3.5,1395.01,8.3
2026-08-02,Pune,Tea,19370.19,117,165.96,3.5,465.0,8.3
2026-08-02,Pune,Bakery,29646.8,149,199.62,3.5,730.72,8.3
2026-08-02,Pune,Meals,31775.51,80,399.43,3.5,730.72,8.3
2026-08-03,Bengaluru,Coffee,88295.8,359,246.12,3.5,2635.94,10.8
2026-08-03,Bengaluru,Tea,29086.05,175,166.1,3.5,878.65,10.8
2026-08-03,Bengaluru,Bakery,46887.27,242,193.98,3.5,1380.73,10.8
2026-08-03,Bengaluru,Meals,46642.28,117,399.51,3.5,1380.73,10.8
2026-08-03,Mumbai,Coffee,72156.74,289,250.04,3.5,2170.78,10.8
2026-08-03,Mumbai,Tea,24430.23,145,168.3,3.5,723.59,10.8
2026-08-03,Mumbai,Bakery,38242.95,197,194.6,3.5,1137.07,10.8
2026-08-03,Mumbai,Meals,37637.74,94,400.92,3.5,1137.07,10.8
2026-08-03,Chennai,Coffee,50760.37,201,252.71,3.5,1550.55,10.8
2026-08-03,Chennai,Tea,17357.26,103,168.37,3.5,516.85,10.8
2026-08-03,Chennai,Bakery,27256.1,137,198.95,3.5,812.2,10.8
2026-08-03,Chennai,Meals,26057.98,65,401.01,3.5,812.2,10.8
2026-08-03,Pune,Coffee,46095.4,188,245.83,3.5,1395.5,10.8
2026-08-03,Pune,Tea,15079.95,92,163.12,3.5,465.17,10.8
2026-08-03,Pune,Bakery,24214.44,124,195.61,3.5,730.98,10.8
2026-08-03,Pune,Meals,24013.11,60,400.45,3.5,730.98,10.8
2026-08-04,Bengaluru,Coffee,87857.52,339,259.13,5.5,2393.5,12.3
2026-08-04,Bengaluru,Tea,29818.59,176,169.09,5.5,797.83,12.3
2026-08-04,Bengaluru,Bakery,46226.83,231,200.15,5.5,1253.74,12.3
2026-08-04,Bengaluru,Meals,45690.52,111,412.87,5.5,1253.74,12.3
2026-08-04,Mumbai,Coffee,75092.37,297,252.78,5.5,1971.12,12.3
2026-08-04,Mumbai,Tea,25067.41,147,170.14,5.5,657.04,12.3
2026-08-04,Mumbai,Bakery,37767.06,187,201.47,5.5,1032.49,12.3
2026-08-04,Mumbai,Meals,38417.97,93,413.64,5.5,1032.49,12.3
2026-08-04,Chennai,Coffee,50764.79,201,252.32,5.5,1407.94,12.3
2026-08-04,Chennai,Tea,17107.54,102,168.4,5.5,469.31,12.3
2026-08-04,Chennai,Bakery,26777.41,132,203.52,5.5,737.49,12.3
2026-08-04,Chennai,Meals,27550.61,67,412.65,5.5,737.49,12.3
2026-08-04,Pune,Coffee,48698.14,194,251.5,5.5,1267.15,12.3
2026-08-04,Pune,Tea,16071.08,93,172.05,5.5,422.38,12.3
2026-08-04,Pune,Bakery,24302.02,121,200.39,5.5,663.74,12.3
2026-08-04,Pune,Meals,23678.01,59,399.1,5.5,663.74,12.3
2026-08-05,Bengaluru,Coffee,91738.62,362,253.12,5.5,2394.35,19.4
2026-08-05,Bengaluru,Tea,31217.36,182,171.9,5.5,798.12,19.4
2026-08-05,Bengaluru,Bakery,48144.27,237,202.89,5.5,1254.18,19.4
2026-08-05,Bengaluru,Meals,47415.53,117,406.44,5.5,1254.18,19.4
2026-08-05,Mumbai,Coffee,77813.77,307,253.08,5.5,1971.81,19.4
2026-08-05,Mumbai,Tea,26545.86,156,170.35,5.5,657.27,19.4
2026-08-05,Mumbai,Bakery,39920.88,199,200.3,5.5,1032.85,19.4
2026-08-05,Mumbai,Meals,41050.07,101,405.74,5.5,1032.85,19.4
2026-08-05,Chennai,Coffee,56254.76,217,259.79,5.5,1408.44,19.4
2026-08-05,Chennai,Tea,17974.43,106,169.45,5.5,469.48,19.4
2026-08-05,Chennai,Bakery,29496.92,147,200.14,5.5,737.75,19.4
2026-08-05,Chennai,Meals,28700.65,71,403.21,5.5,737.75,19.4
2026-08-05,Pune,Coffee,49364.77,190,260.05,5.5,1267.59,19.4
2026-08-05,Pune,Tea,16118.32,93,173.25,5.5,422.53,19.4
2026-08-05,Pune,Bakery,25797.17,125,205.65,5.5,663.98,19.4
2026-08-05,Pune,Meals,25508.96,63,401.79,5.5,663.98,19.4
2026-08-06,Bengaluru,Coffee,92525.52,366,252.67,5.5,2395.19,11.8
2026-08-06,Bengaluru,Tea,31714.82,183,173.08,5.5,798.4,11.8
2026-08-06,Bengaluru,Bakery,50247.2,249,201.94,5.5,1254.62,11.8
2026-08-06,Bengaluru,Meals,51209.88,128,400.26,5.5,1254.62,11.8
2026-08-06,Mumbai,Coffee,76749.79,303,253.29,5.5,1972.51,11.8
2026-08-06,Mumbai,Tea,26625.85,158,168.33,5.5,657.5,11.8
2026-08-06,Mumbai,Bakery,40724.7,203,200.49,5.5,1033.22,11.8
2026-08-06,Mumbai,Meals,40161.82,100,399.91,5.5,1033.22,11.8
2026-08-06,Chennai,Coffee,55559.45,217,256.08,5.5,1408.94,11.8
2026-08-06,Chennai,Tea,18351.53,108,169.41,5.5,469.65,11.8
2026-08-06,Chennai,Bakery,29205.12,147,198.86,5.5,738.01,11.8
2026-08-06,Chennai,Meals,28487.12,71,402.43,5.5,738.01,11.8
2026-08-06,Pune,Coffee,49519.57,196,252.78,5.5,1268.04,11.8
2026-08-06,Pune,Tea,16832.87,98,172.0,5.5,422.68,11.8
2026-08-06,Pune,Bakery,26277.64,132,198.95,5.5,664.21,11.8
2026-08-06,Pune,Meals,26506.14,66,403.44,5.5,664.21,11.8
2026-08-07,Bengaluru,Coffee,98447.3,383,257.22,5.5,2396.04,13.3
2026-08-07,Bengaluru,Tea,32951.75,197,167.47,5.5,798.68,13.3
2026-08-07,Bengaluru,Bakery,51692.3,255,202.9,5.5,1255.07,13.3
2026-08-07,Bengaluru,Meals,50741.45,127,400.88,5.5,1255.07,13.3
2026-08-07,Mumbai,Coffee,80838.65,319,253.74,5.5,1973.21,13.3
2026-08-07,Mumbai,Tea,27876.91,165,168.65,5.5,657.74,13.3
2026-08-07,Mumbai,Bakery,42762.86,211,203.12,5.5,1033.58,13.3
2026-08-07,Mumbai,Meals,43710.91,107,407.12,5.5,1033.58,13.3
2026-08-07,Chennai,Coffee,59827.26,231,259.47,5.5,1409.43,13.3
2026-08-07,Chennai,Tea,19424.03,116,167.88,5.5,469.81,13.3
2026-08-07,Chennai,Bakery,29837.78,149,200.83,5.5,738.27,13.3
2026-08-07,Chennai,Meals,31381.17,78,403.15,5.5,738.27,13.3
2026-08-07,Pune,Coffee,52610.38,204,258.29,5.5,1268.49,13.3
2026-08-07,Pune,Tea,17463.77,102,171.34,5.5,422.83,13.3
2026-08-07,Pune,Bakery,27208.18,134,203.46,5.5,664.45,13.3
2026-08-07,Pune,Meals,27792.99,69,401.37,5.5,664.45,13.3
2026-08-08,Bengaluru,Coffee,106471.4,424,251.31,5.5,2396.88,15.4
2026-08-08,Bengaluru,Tea,35436.51,211,167.55,5.5,798.96,15.4
2026-08-08,Bengaluru,Bakery,56516.18,274,206.46,5.5,1255.51,15.4
2026-08-08,Bengaluru,Meals,57615.12,140,411.0,5.5,1255.51,15.4
2026-08-08,Mumbai,Coffee,86459.39,333,259.46,5.5,1973.9,15.4
2026-08-08,Mumbai,Tea,28961.44,172,167.96,5.5,657.97,15.4
2026-08-08,Mumbai,Bakery,46764.51,230,203.62,5.5,1033.95,15.4
2026-08-08,Mumbai,Meals,45871.61,114,401.22,5.5,1033.95,15.4
2026-08-08,Chennai,Coffee,59824.27,233,257.16,5.5,1409.93,15.4
2026-08-08,Chennai,Tea,20627.8,120,172.4,5.5,469.98,15.4
2026-08-08,Chennai,Bakery,33929.41,169,200.67,5.5,738.53,15.4
2026-08-08,Chennai,Meals,32296.88,78,413.03,5.5,738.53,15.4
2026-08-08,Pune,Coffee,59120.75,234,252.67,5.5,1268.94,15.4
2026-08-08,Pune,Tea,18641.75,109,171.72,5.5,422.98,15.4
2026-08-08,Pune,Bakery,29686.83,144,205.53,5.5,664.68,15.4
2026-08-08,Pune,Meals,28866.95,71,405.51,5.5,664.68,15.4
2026-08-09,Bengaluru,Coffee,109332.91,431,253.83,5.5,2397.73,13.8
2026-08-09,Bengaluru,Tea,34464.66,205,168.26,5.5,799.24,13.8
2026-08-09,Bengaluru,Bakery,56608.93,277,204.37,5.5,1255.95,13.8
2026-08-09,Bengaluru,Meals,56791.45,139,408.97,5.5,1255.95,13.8
2026-08-09,Mumbai,Coffee,88216.86,341,258.98,5.5,1974.6,13.8
2026-08-09,Mumbai,Tea,28933.27,170,169.91,5.5,658.2,13.8
2026-08-09,Mumbai,Bakery,45138.53,224,201.08,5.5,1034.31,13.8
2026-08-09,Mumbai,Meals,46428.56,113,410.54,5.5,1034.31,13.8
2026-08-09,Chennai,Coffee,64156.73,251,255.13,5.5,1410.43,13.8
2026-08-09,Chennai,Tea,20948.24,124,169.01,5.5,470.14,13.8
2026-08-09,Chennai,Bakery,32108.55,160,200.21,5.5,738.79,13.8
2026-08-09,Chennai,Meals,32519.52,80,407.16,5.5,738.79,13.8
2026-08-09,Pune,Coffee,55375.34,218,254.34,5.5,1269.38,13.8
2026-08-09,Pune,Tea,18316.21,107,171.7,5.5,423.13,13.8
2026-08-09,Pune,Bakery,28621.69,140,204.07,5.5,664.92,13.8
2026-08-09,Pune,Meals,28098.86,70,398.81,5.5,664.92,13.8
2026-08-10,Bengaluru,Coffee,83853.2,321,261.22,5.5,2398.57,11.6
2026-08-10,Bengaluru,Tea,28762.69,171,167.8,5.5,799.52,11.6
2026-08-10,Bengaluru,Bakery,45128.51,222,203.24,5.5,1256.39,11.6
2026-08-10,Bengaluru,Meals,46742.94,118,397.74,5.5,1256.39,11.6
2026-08-10,Mumbai,Coffee,69295.5,265,261.04,5.5,1975.29,11.6
2026-08-10,Mumbai,Tea,23904.27,138,173.55,5.5,658.43,11.6
2026-08-10,Mumbai,Bakery,38061.99,190,200.24,5.5,1034.68,11.6
2026-08-10,Mumbai,Meals,35455.7,87,408.6,5.5,1034.68,11.6
2026-08-10,Chennai,Coffee,50983.36,199,255.92,5.5,1410.92,11.6
2026-08-10,Chennai,Tea,16539.67,98,169.42,5.5,470.31,11.6
2026-08-10,Chennai,Bakery,26534.09,129,205.87,5.5,739.06,11.6
2026-08-10,Chennai,Meals,26456.58,65,407.48,5.5,739.06,11.6
2026-08-10,Pune,Coffee,45621.16,177,257.89,5.5,1269.83,11.6
2026-08-10,Pune,Tea,15902.49,94,169.32,5.5,423.28,11.6
2026-08-10,Pune,Bakery,24063.45,117,205.96,5.5,665.15,11.6
2026-08-10,Pune,Meals,23228.56,57,407.73,5.5,665.15,11.6
2026-08-11,Bengaluru,Coffee,89481.49,351,255.13,7.0,2399.42,18.9
2026-08-11,Bengaluru,Tea,29452.3,171,172.54,7.0,799.81,18.9
2026-08-11,Bengaluru,Bakery,48539.76,240,202.23,7.0,1256.84,18.9
2026-08-11,Bengaluru,Meals,48589.09,120,406.2,7.0,1256.84,18.9
2026-08-11,Mumbai,Coffee,71870.67,285,252.07,7.0,1975.99,18.9
2026-08-11,Mumbai,Tea,25293.48,148,170.97,7.0,658.66,18.9
2026-08-11,Mumbai,Bakery,39831.04,195,204.5,7.0,1035.04,18.9
2026-08-11,Mumbai,Meals,38707.49,94,413.53,7.0,1035.04,18.9
2026-08-11,Chennai,Coffee,52827.6,205,258.25,7.0,1411.42,18.9
2026-08-11,Chennai,Tea,17631.2,103,171.72,7.0,470.47,18.9
2026-08-11,Chennai,Bakery,27337.25,135,203.12,7.0,739.32,18.9
2026-08-11,Chennai,Meals,27919.24,69,406.42,7.0,739.32,18.9
2026-08-11,Pune,Coffee,48749.51,194,251.48,7.0,1270.28,18.9
2026-08-11,Pune,Tea,16080.87,95,169.5,7.0,423.43,18.9
2026-08-11,Pune,Bakery,25468.06,127,200.12,7.0,665.38,18.9
2026-08-11,Pune,Meals,25789.81,64,402.74,7.0,665.38,18.9
2026-08-12,Bengaluru,Coffee,93775.36,368,254.91,7.0,2400.26,17.1
2026-08-12,Bengaluru,Tea,30198.08,175,172.29,7.0,800.09,17.1
2026-08-12,Bengaluru,Bakery,48219.93,242,199.18,7.0,1257.28,17.1
2026-08-12,Bengaluru,Meals,48097.78,118,407.73,7.0,1257.28,17.1
2026-08-12,Mumbai,Coffee,76873.46,303,253.86,7.0,1976.69,17.1
2026-08-12,Mumbai,Tea,25625.8,149,171.41,7.0,658.9,17.1
2026-08-12,Mumbai,Bakery,39082.48,196,199.0,7.0,1035.41,17.1
2026-08-12,Mumbai,Meals,40668.12,101,400.94,7.0,1035.41,17.1
2026-08-12,Chennai,Coffee,55044.5,212,260.17,7.0,1411.92,17.1
2026-08-12,Chennai,Tea,17998.06,107,167.79,7.0,470.64,17.1
2026-08-12,Chennai,Bakery,28701.45,142,202.24,7.0,739.58,17.1
2026-08-12,Chennai,Meals,27990.92,70,399.5,7.0,739.58,17.1
2026-08-12,Pune,Coffee,49957.84,193,258.43,7.0,1270.73,17.1
2026-08-12,Pune,Tea,16396.91,96,171.31,7.0,423.58,17.1
2026-08-12,Pune,Bakery,25576.99,124,206.31,7.0,665.62,17.1
2026-08-12,Pune,Meals,25794.62,63,411.41,7.0,665.62,17.1
2026-08-13,Bengaluru,Coffee,100529.6,398,252.76,7.0,2401.11,6.5
2026-08-13,Bengaluru,Tea,33983.46,195,174.17,7.0,800.37,6.5
2026-08-13,Bengaluru,Bakery,53742.13,264,203.9,7.0,1257.72,6.5
2026-08-13,Bengaluru,Meals,54100.69,131,412.76,7.0,1257.72,6.5
2026-08-13,Mumbai,Coffee,82882.32,326,254.1,7.0,1977.38,6.5
2026-08-13,Mumbai,Tea,26683.9,153,174.18,7.0,659.13,6.5
2026-08-13,Mumbai,Bakery,43017.1,213,202.14,7.0,1035.77,6.5
2026-08-13,Mumbai,Meals,42193.53,105,400.87,7.0,1035.77,6.5
2026-08-13,Chennai,Coffee,59124.03,230,256.57,7.0,1412.42,6.5
2026-08-13,Chennai,Tea,19861.05,118,168.09,7.0,470.81,6.5
2026-08-13,Chennai,Bakery,30819.85,152,202.28,7.0,739.84,6.5
2026-08-13,Chennai,Meals,31667.9,77,411.78,7.0,739.84,6.5
2026-08-13,Pune,Coffee,53891.35,210,256.08,7.0,1271.17,6.5
2026-08-13,Pune,Tea,17770.33,104,171.13,7.0,423.72,6.5
2026-08-13,Pune,Bakery,28382.97,141,201.36,7.0,665.85,6.5
2026-08-13,Pune,Meals,28216.51,69,411.82,7.0,665.85,6.5
2026-08-14,Bengaluru,Coffee,103023.11,402,256.18,7.0,2401.95,15.2
2026-08-14,Bengaluru,Tea,35767.57,207,172.6,7.0,800.65,15.2
2026-08-14,Bengaluru,Bakery,57607.33,280,206.09,7.0,1258.16,15.2
2026-08-14,Bengaluru,Meals,56224.76,136,413.99,7.0,1258.16,15.2
2026-08-14,Mumbai,Coffee,89103.59,346,257.35,7.0,1978.08,15.2
2026-08-14,Mumbai,Tea,28915.58,172,168.47,7.0,659.36,15.2
2026-08-14,Mumbai,Bakery,45602.45,225,202.55,7.0,1036.14,15.2
2026-08-14,Mumbai,Meals,46893.82,114,411.78,7.0,1036.14,15.2
2026-08-14,Chennai,Coffee,61010.99,235,259.11,7.0,1412.91,15.2
2026-08-14,Chennai,Tea,20405.34,121,168.82,7.0,470.97,15.2
2026-08-14,Chennai,Bakery,32282.46,160,201.23,7.0,740.1,15.2
2026-08-14,Chennai,Meals,32246.5,80,402.26,7.0,740.1,15.2
2026-08-14,Pune,Coffee,57170.7,225,253.97,7.0,1271.62,15.2
2026-08-14,Pune,Tea,18623.89,108,172.26,7.0,423.87,15.2
2026-08-14,Pune,Bakery,29643.86,146,203.71,7.0,666.09,15.2
2026-08-14,Pune,Meals,28919.89,73,398.1,7.0,666.09,15.2
2026-08-15,Bengaluru,Coffee,117390.79,461,254.8,7.0,2402.8,13.3
2026-08-15,Bengaluru,Tea,38690.33,225,172.24,7.0,800.93,13.3
2026-08-15,Bengaluru,Bakery,61230.93,298,205.33,7.0,1258.61,13.3
2026-08-15,Bengaluru,Meals,61385.45,150,408.66,7.0,1258.61,13.3
2026-08-15,Mumbai,Coffee,97286.17,383,253.75,7.0,1978.77,13.3
2026-08-15,Mumbai,Tea,31490.66,182,172.77,7.0,659.59,13.3
2026-08-15,Mumbai,Bakery,50554.38,252,200.91,7.0,1036.5,13.3
2026-08-15,Mumbai,Meals,50748.04,125,405.28,7.0,1036.5,13.3
2026-08-15,Chennai,Coffee,69623.94,269,258.58,7.0,1413.41,13.3
2026-08-15,Chennai,Tea,22292.41,131,170.38,7.0,471.14,13.3
2026-08-15,Chennai,Bakery,34917.9,174,200.96,7.0,740.36,13.3
2026-08-15,Chennai,Meals,35500.6,89,398.7,7.0,740.36,13.3
2026-08-15,Pune,Coffee,60706.09,233,260.46,7.0,1272.07,13.3
2026-08-15,Pune,Tea,20520.71,118,174.05,7.0,424.02,13.3
2026-08-15,Pune,Bakery,31884.01,156,204.36,7.0,666.32,13.3
2026-08-15,Pune,Meals,31713.11,77,410.33,7.0,666.32,13.3
2026-08-16,Bengaluru,Coffee,115334.29,455,253.67,7.0,2403.64,14.9
2026-08-16,Bengaluru,Tea,38147.61,223,171.33,7.0,801.21,14.9
2026-08-16,Bengaluru,Bakery,58694.29,293,200.58,7.0,1259.05,14.9
2026-08-16,Bengaluru,Meals,59411.84,145,408.61,7.0,1259.05,14.9
2026-08-16,Mumbai,Coffee,94626.4,368,256.85,7.0,1979.47,14.9
2026-08-16,Mumbai,Tea,31971.71,186,172.05,7.0,659.82,14.9
2026-08-16,Mumbai,Bakery,49486.65,242,204.43,7.0,1036.86,14.9
2026-08-16,Mumbai,Meals,48626.93,121,402.8,7.0,1036.86,14.9
2026-08-16,Chennai,Coffee,68420.17,262,261.1,7.0,1413.91,14.9
2026-08-16,Chennai,Tea,22420.97,130,173.13,7.0,471.3,14.9
2026-08-16,Chennai,Bakery,34523.92,168,205.12,7.0,740.62,14.9
2026-08-16,Chennai,Meals,35335.36,89,398.36,7.0,740.62,14.9
2026-08-16,Pune,Coffee,60257.05,233,258.9,7.0,1272.52,14.9
2026-08-16,Pune,Tea,19757.8,114,174.06,7.0,424.17,14.9
2026-08-16,Pune,Bakery,32097.0,160,200.88,7.0,666.56,14.9
2026-08-16,Pune,Meals,31185.12,76,410.98,7.0,666.56,14.9
2026-08-17,Bengaluru,Coffee,96271.08,374,257.63,7.0,2404.49,11.5
2026-08-17,Bengaluru,Tea,30425.68,175,173.7,7.0,801.5,11.5
2026-08-17,Bengaluru,Bakery,49444.61,245,202.1,7.0,1259.49,11.5
2026-08-17,Bengaluru,Meals,49703.1,121,409.65,7.0,1259.49,11.5
2026-08-17,Mumbai,Coffee,77784.3,303,256.62,7.0,1980.16,11.5
2026-08-17,Mumbai,Tea,25716.56,148,174.03,7.0,660.05,11.5
2026-08-17,Mumbai,Bakery,41897.78,208,201.75,7.0,1037.23,11.5
2026-08-17,Mumbai,Meals,40700.21,100,405.01,7.0,1037.23,11.5
2026-08-17,Chennai,Coffee,54888.67,211,259.73,7.0,1414.4,11.5
2026-08-17,Chennai,Tea,18557.46,108,172.21,7.0,471.47,11.5
2026-08-17,Chennai,Bakery,29459.31,148,199.4,7.0,740.88,11.5
2026-08-17,Chennai,Meals,29657.29,72,410.48,7.0,740.88,11.5
2026-08-17,Pune,Coffee,50690.06,201,251.94,7.0,1272.96,11.5
2026-08-17,Pune,Tea,16412.14,97,169.29,7.0,424.32,11.5
2026-08-17,Pune,Bakery,26643.01,132,202.3,7.0,666.79,11.5
2026-08-17,Pune,Meals,26508.63,64,412.17,7.0,666.79,11.5
2026-08-18,Bengaluru,Coffee,89185.37,336,265.44,9.5,2409.35,14.0
2026-08-18,Bengaluru,Tea,29247.15,165,177.74,9.5,803.12,14.0
2026-08-18,Bengaluru,Bakery,46445.49,221,209.75,9.5,1262.04,14.0
2026-08-18,Bengaluru,Meals,45253.68,111,408.92,9.5,1262.04,14.0
2026-08-18,Mumbai,Coffee,73876.17,279,264.74,9.5,1984.17,14.0
2026-08-18,Mumbai,Tea,24102.78,136,176.67,9.5,661.39,14.0
2026-08-18,Mumbai,Bakery,39522.47,193,204.42,9.5,1039.33,14.0
2026-08-18,Mumbai,Meals,38588.26,91,424.48,9.5,1039.33,14.0
2026-08-18,Chennai,Coffee,52553.38,202,259.54,9.5,1417.26,14.0
2026-08-18,Chennai,Tea,17787.77,103,172.83,9.5,472.42,14.0
2026-08-18,Chennai,Bakery,26523.37,127,209.38,9.5,742.38,14.0
2026-08-18,Chennai,Meals,27853.34,67,418.09,9.5,742.38,14.0
2026-08-18,Pune,Coffee,49465.4,189,261.78,9.5,1275.54,14.0
2026-08-18,Pune,Tea,16318.28,91,178.42,9.5,425.18,14.0
2026-08-18,Pune,Bakery,24858.77,119,209.58,9.5,668.14,14.0
2026-08-18,Pune,Meals,24910.04,60,417.15,9.5,668.14,14.0
2026-08-19,Bengaluru,Coffee,92850.48,348,266.81,9.5,2410.2,17.4
2026-08-19,Bengaluru,Tea,31069.71,181,171.86,9.5,803.4,17.4
2026-08-19,Bengaluru,Bakery,47072.29,225,209.33,9.5,1262.48,17.4
2026-08-19,Bengaluru,Meals,50161.37,121,415.33,9.5,1262.48,17.4
2026-08-19,Mumbai,Coffee,75642.46,291,260.2,9.5,1984.87,17.4
2026-08-19,Mumbai,Tea,26715.39,151,176.63,9.5,661.62,17.4
2026-08-19,Mumbai,Bakery,39723.89,189,210.16,9.5,1039.69,17.4
2026-08-19,Mumbai,Meals,41472.76,99,419.62,9.5,1039.69,17.4
2026-08-19,Chennai,Coffee,55401.07,212,261.46,9.5,1417.76,17.4
2026-08-19,Chennai,Tea,18185.67,102,177.52,9.5,472.59,17.4
2026-08-19,Chennai,Bakery,27963.73,135,207.7,9.5,742.64,17.4
2026-08-19,Chennai,Meals,29238.26,71,414.68,9.5,742.64,17.4
2026-08-19,Pune,Coffee,48913.75,184,265.14,9.5,1275.99,17.4
2026-08-19,Pune,Tea,16425.95,95,172.92,9.5,425.33,17.4
2026-08-19,Pune,Bakery,26223.64,126,207.92,9.5,668.37,17.4
2026-08-19,Pune,Meals,26227.97,64,411.71,9.5,668.37,17.4
2026-08-20,Bengaluru,Coffee,100165.85,382,262.32,9.5,2411.04,16.0
2026-08-20,Bengaluru,Tea,34040.37,192,177.4,9.5,803.68,16.0
2026-08-20,Bengaluru,Bakery,52858.64,253,208.62,9.5,1262.93,16.0
2026-08-20,Bengaluru,Meals,52126.46,128,408.39,9.5,1262.93,16.0
2026-08-20,Mumbai,Coffee,80178.91,307,261.48,9.5,1985.56,16.0
2026-08-20,Mumbai,Tea,26392.02,148,178.14,9.5,661.85,16.0
2026-08-20,Mumbai,Bakery,43592.84,206,211.26,9.5,1040.06,16.0
2026-08-20,Mumbai,Meals,43072.18,105,412.05,9.5,1040.06,16.0
2026-08-20,Chennai,Coffee,58041.9,217,267.25,9.5,1418.26,16.0
2026-08-20,Chennai,Tea,19358.27,112,172.29,9.5,472.75,16.0
2026-08-20,Chennai,Bakery,30735.59,146,210.8,9.5,742.9,16.0
2026-08-20,Chennai,Meals,29877.79,73,407.91,9.5,742.9,16.0
2026-08-20,Pune,Coffee,51498.05,196,263.32,9.5,1276.43,16.0
2026-08-20,Pune,Tea,17585.15,100,176.57,9.5,425.48,16.0
2026-08-20,Pune,Bakery,28031.06,134,209.73,9.5,668.61,16.0
2026-08-20,Pune,Meals,27000.86,64,422.49,9.5,668.61,16.0
2026-08-21,Bengaluru,Coffee,106819.77,406,263.38,9.5,2411.89,16.6
2026-08-21,Bengaluru,Tea,35825.65,206,174.06,9.5,803.96,16.6
2026-08-21,Bengaluru,Bakery,55025.85,269,204.58,9.5,1263.37,16.6
2026-08-21,Bengaluru,Meals,55963.97,133,421.05,9.5,1263.37,16.6
2026-08-21,Mumbai,Coffee,89812.45,343,261.88,9.5,1986.26,16.6
2026-08-21,Mumbai,Tea,28663.69,164,174.39,9.5,662.09,16.6
2026-08-21,Mumbai,Bakery,45419.63,215,210.88,9.5,1040.42,16.6
2026-08-21,Mumbai,Meals,46192.07,112,414.2,9.5,1040.42,16.6
2026-08-21,Chennai,Coffee,63769.34,240,265.76,9.5,1418.76,16.6
2026-08-21,Chennai,Tea,20943.73,119,175.94,9.5,472.92,16.6
2026-08-21,Chennai,Bakery,33752.39,160,211.44,9.5,743.16,16.6
2026-08-21,Chennai,Meals,31713.03,77,414.22,9.5,743.16,16.6
2026-08-21,Pune,Coffee,54879.24,213,258.01,9.5,1276.88,16.6
2026-08-21,Pune,Tea,18602.15,105,177.34,9.5,425.63,16.6
2026-08-21,Pune,Bakery,29873.21,143,209.6,9.5,668.84,16.6
2026-08-21,Pune,Meals,29005.44,69,417.42,9.5,668.84,16.6
2026-08-22,Bengaluru,Coffee,122546.64,459,267.22,9.5,2412.74,13.1
2026-08-22,Bengaluru,Tea,39737.57,229,173.33,9.5,804.25,13.1
2026-08-22,Bengaluru,Bakery,62927.29,302,208.3,9.5,1263.81,13.1
2026-08-22,Bengaluru,Meals,64512.98,153,422.59,9.5,1263.81,13.1
2026-08-22,Mumbai,Coffee,96673.31,370,261.27,9.5,1986.96,13.1
2026-08-22,Mumbai,Tea,34439.67,197,174.9,9.5,662.32,13.1
2026-08-22,Mumbai,Bakery,51347.0,251,204.3,9.5,1040.79,13.1
2026-08-22,Mumbai,Meals,51163.13,121,422.9,9.5,1040.79,13.1
2026-08-22,Chennai,Coffee,71615.08,277,258.62,9.5,1419.26,13.1
2026-08-22,Chennai,Tea,23928.46,138,173.59,9.5,473.09,13.1
2026-08-22,Chennai,Bakery,38033.68,182,209.01,9.5,743.42,13.1
2026-08-22,Chennai,Meals,35519.28,86,414.06,9.5,743.42,13.1
2026-08-22,Pune,Coffee,64388.43,241,267.03,9.5,1277.33,13.1
2026-08-22,Pune,Tea,21429.98,123,173.63,9.5,425.78,13.1
2026-08-22,Pune,Bakery,33315.19,160,208.4,9.5,669.08,13.1
2026-08-22,Pune,Meals,33245.46,80,413.15,9.5,669.08,13.1
2026-08-23,Bengaluru,Coffee,115368.14,442,260.9,9.5,2413.58,12.3
2026-08-23,Bengaluru,Tea,41428.54,233,177.88,9.5,804.53,12.3
2026-08-23,Bengaluru,Bakery,62588.87,302,207.12,9.5,1264.26,12.3
2026-08-23,Bengaluru,Meals,62202.7,147,424.47,9.5,1264.26,12.3
2026-08-23,Mumbai,Coffee,94273.69,362,260.66,9.5,1987.66,12.3
2026-08-23,Mumbai,Tea,32912.23,185,178.0,9.5,662.55,12.3
2026-08-23,Mumbai,Bakery,50466.12,241,209.19,9.5,1041.15,12.3
2026-08-23,Mumbai,Meals,50424.04,121,415.25,9.5,1041.15,12.3
2026-08-23,Chennai,Coffee,69337.85,269,258.17,9.5,1419.75,12.3
2026-08-23,Chennai,Tea,23288.65,135,172.51,9.5,473.25,12.3
2026-08-23,Chennai,Bakery,35696.27,173,206.2,9.5,743.68,12.3
2026-08-23,Chennai,Meals,35325.83,83,424.52,9.5,743.68,12.3
2026-08-23,Pune,Coffee,59403.87,229,258.94,9.5,1277.78,12.3
2026-08-23,Pune,Tea,20717.88,119,174.04,9.5,425.93,12.3
2026-08-23,Pune,Bakery,32937.6,160,205.73,9.5,669.31,12.3
2026-08-23,Pune,Meals,33233.58,79,420.49,9.5,669.31,12.3
2026-08-24,Bengaluru,Coffee,91296.02,345,264.54,9.5,2414.43,12.1
2026-08-24,Bengaluru,Tea,29793.28,171,174.41,9.5,804.81,12.1
2026-08-24,Bengaluru,Bakery,48739.64,236,206.88,9.5,1264.7,12.1
2026-08-24,Bengaluru,Meals,45343.7,108,420.83,9.5,1264.7,12.1
2026-08-24,Mumbai,Coffee,76293.04,296,258.03,9.5,1988.35,12.1
2026-08-24,Mumbai,Tea,25253.14,143,177.06,9.5,662.78,12.1
2026-08-24,Mumbai,Bakery,39060.17,184,211.74,9.5,1041.52,12.1
2026-08-24,Mumbai,Meals,38816.19,92,423.18,9.5,1041.52,12.1
2026-08-24,Chennai,Coffee,52866.69,197,267.92,9.5,1420.25,12.1
2026-08-24,Chennai,Tea,17907.0,103,174.03,9.5,473.42,12.1
2026-08-24,Chennai,Bakery,28274.39,137,205.65,9.5,743.94,12.1
2026-08-24,Chennai,Meals,28107.64,67,421.02,9.5,743.94,12.1
2026-08-24,Pune,Coffee,49017.74,190,258.37,9.5,1278.23,12.1
2026-08-24,Pune,Tea,15744.39,90,175.81,9.5,426.08,12.1
2026-08-24,Pune,Bakery,26277.39,126,207.95,9.5,669.55,12.1
2026-08-24,Pune,Meals,25324.71,61,417.54,9.5,669.55,12.1
2026-08-25,Bengaluru,Coffee,101319.25,394,257.19,8.8,2411.25,7.5
2026-08-25,Bengaluru,Tea,34640.06,201,172.71,8.8,803.75,7.5
2026-08-25,Bengaluru,Bakery,56106.34,275,204.35,8.8,1263.03,7.5
2026-08-25,Bengaluru,Meals,54675.09,137,400.53,8.8,1263.03,7.5
2026-08-25,Mumbai,Coffee,87238.09,342,254.89,8.8,1985.73,7.5
2026-08-25,Mumbai,Tea,28792.45,165,174.4,8.8,661.91,7.5
2026-08-25,Mumbai,Bakery,44914.04,224,200.68,8.8,1040.15,7.5
2026-08-25,Mumbai,Meals,45214.38,113,400.39,8.8,1040.15,7.5
2026-08-25,Chennai,Coffee,60391.76,237,254.58,8.8,1418.38,7.5
2026-08-25,Chennai,Tea,20627.5,122,169.0,8.8,472.79,7.5
2026-08-25,Chennai,Bakery,31784.34,158,200.82,8.8,742.96,7.5
2026-08-25,Chennai,Meals,31068.54,76,407.1,8.8,742.96,7.5
2026-08-25,Pune,Coffee,55206.11,215,256.91,8.8,1276.54,7.5
2026-08-25,Pune,Tea,18322.16,106,173.37,8.8,425.51,7.5
2026-08-25,Pune,Bakery,29399.48,145,203.08,8.8,668.66,7.5
2026-08-25,Pune,Meals,30046.43,72,415.9,8.8,668.66,7.5
2026-08-26,Bengaluru,Coffee,101443.33,395,256.71,8.8,2412.09,16.1
2026-08-26,Bengaluru,Tea,33155.59,192,173.01,8.8,804.03,16.1
2026-08-26,Bengaluru,Bakery,51785.24,250,207.18,8.8,1263.48,16.1
2026-08-26,Bengaluru,Meals,52012.94,127,410.09,8.8,1263.48,16.1
2026-08-26,Mumbai,Coffee,84744.0,323,262.63,8.8,1986.43,16.1
2026-08-26,Mumbai,Tea,27374.81,156,175.07,8.8,662.14,16.1
2026-08-26,Mumbai,Bakery,42274.37,204,207.63,8.8,1040.51,16.1
2026-08-26,Mumbai,Meals,42143.9,101,415.72,8.8,1040.51,16.1
2026-08-26,Chennai,Coffee,56498.92,216,261.17,8.8,1418.88,16.1
2026-08-26,Chennai,Tea,19246.36,112,171.37,8.8,472.96,16.1
2026-08-26,Chennai,Bakery,30487.37,147,207.08,8.8,743.22,16.1
2026-08-26,Chennai,Meals,30663.63,75,407.45,8.8,743.22,16.1
2026-08-26,Pune,Coffee,52069.14,205,254.13,8.8,1276.99,16.1
2026-08-26,Pune,Tea,17544.85,101,173.93,8.8,425.66,16.1
2026-08-26,Pune,Bakery,26692.16,129,206.8,8.8,668.9,16.1
2026-08-26,Pune,Meals,27613.04,68,407.97,8.8,668.9,16.1
2026-08-27,Bengaluru,Coffee,107514.8,416,258.24,8.8,2412.94,9.3
2026-08-27,Bengaluru,Tea,34391.78,203,169.63,8.8,804.31,9.3
2026-08-27,Bengaluru,Bakery,55293.37,273,202.46,8.8,1263.92,9.3
2026-08-27,Bengaluru,Meals,55813.14,135,412.62,8.8,1263.92,9.3
2026-08-27,Mumbai,Coffee,85164.65,331,257.42,8.8,1987.12,9.3
2026-08-27,Mumbai,Tea,29712.13,174,170.51,8.8,662.37,9.3
2026-08-27,Mumbai,Bakery,45560.11,226,201.37,8.8,1040.87,9.3
2026-08-27,Mumbai,Meals,45354.07,112,404.96,8.8,1040.87,9.3
2026-08-27,Chennai,Coffee,61911.47,245,252.9,8.8,1419.37,9.3
2026-08-27,Chennai,Tea,21478.68,126,170.24,8.8,473.12,9.3
2026-08-27,Chennai,Bakery,32883.91,163,201.64,8.8,743.48,9.3
2026-08-27,Chennai,Meals,32683.8,80,410.33,8.8,743.48,9.3
2026-08-27,Pune,Coffee,56109.12,218,257.87,8.8,1277.44,9.3
2026-08-27,Pune,Tea,18860.84,109,172.63,8.8,425.81,9.3
2026-08-27,Pune,Bakery,28621.62,140,205.07,8.8,669.13,9.3
2026-08-27,Pune,Meals,29092.08,72,404.73,8.8,669.13,9.3
2026-08-28,Bengaluru,Coffee,112106.17,439,255.59,8.8,2413.78,9.6
2026-08-28,Bengaluru,Tea,36653.74,212,172.96,8.8,804.59,9.6
2026-08-28,Bengaluru,Bakery,57832.98,285,202.74,8.8,1264.36,9.6
2026-08-28,Bengaluru,Meals,58310.75,144,405.82,8.8,1264.36,9.6
2026-08-28,Mumbai,Coffee,86499.76,331,261.57,8.8,1987.82,9.6
2026-08-28,Mumbai,Tea,30901.86,180,171.51,8.8,662.61,9.6
2026-08-28,Mumbai,Bakery,48534.02,237,204.63,8.8,1041.24,9.6
2026-08-28,Mumbai,Meals,49365.75,121,406.78,8.8,1041.24,9.6
2026-08-28,Chennai,Coffee,65757.49,254,258.94,8.8,1419.87,9.6
2026-08-28,Chennai,Tea,22034.25,127,173.29,8.8,473.29,9.6
2026-08-28,Chennai,Bakery,33940.63,164,206.53,8.8,743.74,9.6
2026-08-28,Chennai,Meals,34613.83,84,411.04,8.8,743.74,9.6
2026-08-28,Pune,Coffee,57562.73,219,262.3,8.8,1277.88,9.6
2026-08-28,Pune,Tea,20032.72,118,169.95,8.8,425.96,9.6
2026-08-28,Pune,Bakery,30500.21,149,204.09,8.8,669.37,9.6
2026-08-28,Pune,Meals,30684.99,74,413.12,8.8,669.37,9.6
2026-08-29,Bengaluru,Coffee,125078.81,492,254.44,8.8,2414.63,8.9
2026-08-29,Bengaluru,Tea,40591.65,233,173.9,8.8,804.88,8.9
2026-08-29,Bengaluru,Bakery,63728.02,312,204.19,8.8,1264.8,8.9
2026-08-29,Bengaluru,Meals,66096.29,164,402.33,8.8,1264.8,8.9
2026-08-29,Mumbai,Coffee,102969.3,394,261.51,8.8,1988.52,8.9
2026-08-29,Mumbai,Tea,34287.47,197,174.39,8.8,662.84,8.9
2026-08-29,Mumbai,Bakery,52483.93,260,201.56,8.8,1041.6,8.9
2026-08-29,Mumbai,Meals,54186.49,132,411.49,8.8,1041.6,8.9
2026-08-29,Chennai,Coffee,75175.47,294,255.88,8.8,1420.37,8.9
2026-08-29,Chennai,Tea,24507.27,142,172.87,8.8,473.46,8.9
2026-08-29,Chennai,Bakery,39376.19,191,206.66,8.8,744.0,8.9
2026-08-29,Chennai,Meals,38237.32,93,410.07,8.8,744.0,8.9
2026-08-29,Pune,Coffee,67148.96,263,255.38,8.8,1278.33,8.9
2026-08-29,Pune,Tea,22445.33,131,170.82,8.8,426.11,8.9
2026-08-29,Pune,Bakery,34825.92,174,199.89,8.8,669.6,8.9
2026-08-29,Pune,Meals,33672.59,83,408.03,8.8,669.6,8.9
2026-08-30,Bengaluru,Coffee,116056.62,445,260.92,8.8,2415.47,9.9
2026-08-30,Bengaluru,Tea,39529.84,228,173.39,8.8,805.16,9.9
2026-08-30,Bengaluru,Bakery,63041.2,311,202.53,8.8,1265.25,9.9
2026-08-30,Bengaluru,Meals,60198.68,149,402.93,8.8,1265.25,9.9
2026-08-30,Mumbai,Coffee,94452.16,372,253.65,8.8,1989.21,9.9
2026-08-30,Mumbai,Tea,31983.16,186,172.32,8.8,663.07,9.9
2026-08-30,Mumbai,Bakery,53613.22,260,206.5,8.8,1041.97,9.9
2026-08-30,Mumbai,Meals,50538.76,125,404.1,8.8,1041.97,9.9
2026-08-30,Chennai,Coffee,68721.74,264,260.37,8.8,1420.87,9.9
2026-08-30,Chennai,Tea,23421.01,136,172.15,8.8,473.62,9.9
2026-08-30,Chennai,Bakery,37528.58,186,202.09,8.8,744.26,9.9
2026-08-30,Chennai,Meals,37319.37,92,403.87,8.8,744.26,9.9
2026-08-30,Pune,Coffee,61424.31,242,253.82,8.8,1278.78,9.9
2026-08-30,Pune,Tea,21131.98,121,174.45,8.8,426.26,9.9
2026-08-30,Pune,Bakery,32509.12,157,207.68,8.8,669.84,9.9
2026-08-30,Pune,Meals,32711.16,79,413.52,8.8,669.84,9.9
2026-08-31,Bengaluru,Coffee,90756.06,358,253.66,8.8,2416.32,4.9
2026-08-31,Bengaluru,Tea,31681.11,182,173.82,8.8,805.44,4.9
2026-08-31,Bengaluru,Bakery,49794.91,246,202.58,8.8,1265.69,4.9
2026-08-31,Bengaluru,Meals,49763.3,121,409.95,8.8,1265.69,4.9
2026-08-31,Mumbai,Coffee,79710.15,309,257.98,8.8,1989.91,4.9
2026-08-31,Mumbai,Tea,26647.91,157,169.71,8.8,663.3,4.9
2026-08-31,Mumbai,Bakery,41345.69,207,200.15,8.8,1042.33,4.9
2026-08-31,Mumbai,Meals,40778.3,99,413.32,8.8,1042.33,4.9
2026-08-31,Chennai,Coffee,56453.73,221,254.99,8.8,1421.36,4.9
2026-08-31,Chennai,Tea,17840.2,104,171.28,8.8,473.79,4.9
2026-08-31,Chennai,Bakery,29050.03,142,204.3,8.8,744.52,4.9
2026-08-31,Chennai,Meals,29821.45,74,405.59,8.8,744.52,4.9
2026-08-31,Pune,Coffee,51178.07,195,262.06,8.8,1279.23,4.9
2026-08-31,Pune,Tea,17507.14,103,170.17,8.8,426.41,4.9
2026-08-31,Pune,Bakery,26876.31,132,204.11,8.8,670.07,4.9
2026-08-31,Pune,Meals,25846.03,62,414.11,8.8,670.07,4.9
2026-09-01,Bengaluru,Coffee,98956.83,384,257.59,8.7,2417.16,8.1
2026-09-01,Bengaluru,Tea,32341.75,187,172.93,8.7,805.72,8.1
2026-09-01,Bengaluru,Bakery,53729.12,263,203.91,8.7,1266.13,8.1
2026-09-01,Bengaluru,Meals,51900.92,127,407.49,8.7,1266.13,8.1
2026-09-01,Mumbai,Coffee,78456.49,311,252.48,8.7,1990.6,8.1
2026-09-01,Mumbai,Tea,27964.41,162,173.13,8.7,663.53,8.1
2026-09-01,Mumbai,Bakery,43125.72,216,199.78,8.7,1042.7,8.1
2026-09-01,Mumbai,Meals,44114.06,110,400.02,8.7,1042.7,8.1
2026-09-01,Chennai,Coffee,58900.83,229,256.77,8.7,1421.86,8.1
2026-09-01,Chennai,Tea,19317.36,115,167.98,8.7,473.95,8.1
2026-09-01,Chennai,Bakery,31058.73,150,207.27,8.7,744.78,8.1
2026-09-01,Chennai,Meals,31260.11,76,411.85,8.7,744.78,8.1
2026-09-01,Pune,Coffee,53671.16,213,251.91,8.7,1279.67,8.1
2026-09-01,Pune,Tea,17448.4,102,170.99,8.7,426.56,8.1
2026-09-01,Pune,Bakery,28336.83,141,201.27,8.7,670.31,8.1
2026-09-01,Pune,Meals,27433.37,67,408.21,8.7,670.31,8.1
2026-09-02,Bengaluru,Coffee,98429.55,378,260.22,8.7,2418.01,5.9
2026-09-02,Bengaluru,Tea,32527.13,193,168.91,8.7,806.0,5.9
2026-09-02,Bengaluru,Bakery,51480.33,252,204.35,8.7,1266.58,5.9
2026-09-02,Bengaluru,Meals,51999.48,130,399.86,8.7,1266.58,5.9
2026-09-02,Mumbai,Coffee,80901.79,314,257.48,8.7,1991.3,5.9
2026-09-02,Mumbai,Tea,28005.03,166,168.31,8.7,663.77,5.9
2026-09-02,Mumbai,Bakery,43987.56,212,207.08,8.7,1043.06,5.9
2026-09-02,Mumbai,Meals,45778.45,114,400.6,8.7,1043.06,5.9
2026-09-02,Chennai,Coffee,58964.07,232,254.64,8.7,1422.36,5.9
2026-09-02,Chennai,Tea,20019.76,118,169.73,8.7,474.12,5.9
2026-09-02,Chennai,Bakery,30174.82,148,203.55,8.7,745.04,5.9
2026-09-02,Chennai,Meals,31775.06,79,401.16,8.7,745.04,5.9
2026-09-02,Pune,Coffee,56944.8,218,261.69,8.7,1280.12,5.9
2026-09-02,Pune,Tea,18072.67,107,169.49,8.7,426.71,5.9
2026-09-02,Pune,Bakery,28176.22,138,204.6,8.7,670.54,5.9
2026-09-02,Pune,Meals,28281.42,70,405.79,8.7,670.54,5.9
2026-09-03,Bengaluru,Coffee,100541.82,389,258.7,8.7,2418.85,5.6
2026-09-03,Bengaluru,Tea,33981.04,197,172.4,8.7,806.28,5.6
2026-09-03,Bengaluru,Bakery,54668.15,264,206.7,8.7,1267.02,5.6
2026-09-03,Bengaluru,Meals,53748.45,131,411.72,8.7,1267.02,5.6
2026-09-03,Mumbai,Coffee,87491.58,340,257.64,8.7,1992.0,5.6
2026-09-03,Mumbai,Tea,28588.3,168,170.15,8.7,664.0,5.6
2026-09-03,Mumbai,Bakery,44476.02,221,201.54,8.7,1043.43,5.6
2026-09-03,Mumbai,Meals,43152.56,105,412.09,8.7,1043.43,5.6
2026-09-03,Chennai,Coffee,62612.31,241,259.35,8.7,1422.85,5.6
2026-09-03,Chennai,Tea,20047.01,119,168.84,8.7,474.28,5.6
2026-09-03,Chennai,Bakery,31779.53,154,206.51,8.7,745.3,5.6
2026-09-03,Chennai,Meals,31228.86,77,404.13,8.7,745.3,5.6
2026-09-03,Pune,Coffee,54786.45,211,259.52,8.7,1280.57,5.6
2026-09-03,Pune,Tea,18524.92,109,169.57,8.7,426.86,5.6
2026-09-03,Pune,Bakery,28811.88,144,200.44,8.7,670.77,5.6
2026-09-03,Pune,Meals,28877.21,71,407.46,8.7,670.77,5.6
2026-09-04,Bengaluru,Coffee,121062.94,476,254.12,8.7,2419.7,4.4
2026-09-04,Bengaluru,Tea,39943.5,231,172.65,8.7,806.57,4.4
2026-09-04,Bengaluru,Bakery,61485.87,303,203.13,8.7,1267.46,4.4
2026-09-04,Bengaluru,Meals,60495.66,150,403.09,8.7,1267.46,4.4
2026-09-04,Mumbai,Coffee,100560.94,399,251.95,8.7,1992.69,4.4
2026-09-04,Mumbai,Tea,32982.64,196,167.89,8.7,664.23,4.4
2026-09-04,Mumbai,Bakery,51371.09,258,199.28,8.7,1043.79,4.4
2026-09-04,Mumbai,Meals,52802.03,130,404.91,8.7,1043.79,4.4
2026-09-04,Chennai,Coffee,68576.18,269,255.0,8.7,1423.35,4.4
2026-09-04,Chennai,Tea,23935.46,138,173.73,8.7,474.45,4.4
2026-09-04,Chennai,Bakery,36490.08,180,202.35,8.7,745.56,4.4
2026-09-04,Chennai,Meals,36451.88,89,409.15,8.7,745.56,4.4
2026-09-04,Pune,Coffee,65530.37,256,255.84,8.7,1281.02,4.4
2026-09-04,Pune,Tea,21033.43,122,171.93,8.7,427.01,4.4
2026-09-04,Pune,Bakery,33767.87,167,202.05,8.7,671.01,4.4
2026-09-04,Pune,Meals,32609.73,79,413.84,8.7,671.01,4.4
2026-09-05,Bengaluru,Coffee,129685.01,509,254.55,8.7,2420.54,4.4
2026-09-05,Bengaluru,Tea,44018.28,260,169.61,8.7,806.85,4.4
2026-09-05,Bengaluru,Bakery,66511.57,326,203.96,8.7,1267.9,4.4
2026-09-05,Bengaluru,Meals,66716.54,163,409.81,8.7,1267.9,4.4
2026-09-05,Mumbai,Coffee,109642.38,431,254.2,8.7,1993.39,4.4
2026-09-05,Mumbai,Tea,36541.25,212,172.14,8.7,664.46,4.4
2026-09-05,Mumbai,Bakery,56578.74,282,200.31,8.7,1044.16,4.4
2026-09-05,Mumbai,Meals,55972.11,136,410.72,8.7,1044.16,4.4
2026-09-05,Chennai,Coffee,78797.58,309,255.12,8.7,1423.85,4.4
2026-09-05,Chennai,Tea,25756.28,148,174.14,8.7,474.62,4.4
2026-09-05,Chennai,Bakery,40014.85,199,201.2,8.7,745.83,4.4
2026-09-05,Chennai,Meals,41397.71,100,414.32,8.7,745.83,4.4
2026-09-05,Pune,Coffee,70581.93,273,258.75,8.7,1281.46,4.4
2026-09-05,Pune,Tea,23807.21,137,173.59,8.7,427.15,4.4
2026-09-05,Pune,Bakery,37826.45,183,206.83,8.7,671.24,4.4
2026-09-05,Pune,Meals,36658.42,92,400.3,8.7,671.24,4.4
2026-09-06,Bengaluru,Coffee,120157.85,471,255.29,8.7,2421.39,7.5
2026-09-06,Bengaluru,Tea,40682.17,241,168.97,8.7,807.13,7.5
2026-09-06,Bengaluru,Bakery,62321.22,303,205.7,8.7,1268.35,7.5
2026-09-06,Bengaluru,Meals,64858.9,158,410.67,8.7,1268.35,7.5
2026-09-06,Mumbai,Coffee,100699.15,388,259.83,8.7,1994.08,7.5
2026-09-06,Mumbai,Tea,33019.95,190,173.86,8.7,664.69,7.5
2026-09-06,Mumbai,Bakery,52697.06,257,205.22,8.7,1044.52,7.5
2026-09-06,Mumbai,Meals,51913.63,129,401.15,8.7,1044.52,7.5
2026-09-06,Chennai,Coffee,69731.54,266,261.75,8.7,1424.35,7.5
2026-09-06,Chennai,Tea,23618.07,138,171.27,8.7,474.78,7.5
2026-09-06,Chennai,Bakery,37130.49,184,201.48,8.7,746.09,7.5
2026-09-06,Chennai,Meals,35894.99,89,402.78,8.7,746.09,7.5
2026-09-06,Pune,Coffee,64712.09,253,255.86,8.7,1281.91,7.5
2026-09-06,Pune,Tea,20839.73,122,170.48,8.7,427.3,7.5
2026-09-06,Pune,Bakery,33615.77,167,201.32,8.7,671.48,7.5
2026-09-06,Pune,Meals,34481.5,85,406.5,8.7,671.48,7.5
2026-09-07,Bengaluru,Coffee,101507.21,392,259.02,8.7,2422.23,5.8
2026-09-07,Bengaluru,Tea,34102.14,197,173.4,8.7,807.41,5.8
2026-09-07,Bengaluru,Bakery,56978.19,282,201.97,8.7,1268.79,5.8
2026-09-07,Bengaluru,Meals,53115.08,129,413.25,8.7,1268.79,5.8
2026-09-07,Mumbai,Coffee,85224.92,330,258.48,8.7,1994.78,5.8
2026-09-07,Mumbai,Tea,28352.85,165,171.79,8.7,664.93,5.8
2026-09-07,Mumbai,Bakery,44839.24,225,199.16,8.7,1044.88,5.8
2026-09-07,Mumbai,Meals,45741.69,112,409.27,8.7,1044.88,5.8
2026-09-07,Chennai,Coffee,60204.38,233,258.34,8.7,1424.84,5.8
2026-09-07,Chennai,Tea,20112.57,116,173.99,8.7,474.95,5.8
2026-09-07,Chennai,Bakery,31172.91,152,205.02,8.7,746.35,5.8
2026-09-07,Chennai,Meals,31342.74,77,405.39,8.7,746.35,5.8
2026-09-07,Pune,Coffee,54751.91,209,261.67,8.7,1282.36,5.8
2026-09-07,Pune,Tea,17948.12,106,169.7,8.7,427.45,5.8
2026-09-07,Pune,Bakery,28093.99,137,205.01,8.7,671.71,5.8
2026-09-07,Pune,Meals,28571.4,70,409.86,8.7,671.71,5.8
2026-09-08,Bengaluru,Coffee,104848.71,413,253.84,8.9,2423.08,5.9
2026-09-08,Bengaluru,Tea,35972.66,209,171.97,8.9,807.69,5.9
2026-09-08,Bengaluru,Bakery,55154.97,268,205.53,8.9,1269.23,5.9
2026-09-08,Bengaluru,Meals,56875.93,139,409.97,8.9,1269.23,5.9
2026-09-08,Mumbai,Coffee,88813.87,343,258.56,8.9,1995.48,5.9
2026-09-08,Mumbai,Tea,29693.69,177,168.13,8.9,665.16,5.9
2026-09-08,Mumbai,Bakery,45898.61,229,200.46,8.9,1045.25,5.9
2026-09-08,Mumbai,Meals,47316.22,118,401.15,8.9,1045.25,5.9
2026-09-08,Chennai,Coffee,61875.12,244,253.21,8.9,1425.34,5.9
2026-09-08,Chennai,Tea,21218.47,125,170.15,8.9,475.11,5.9
2026-09-08,Chennai,Bakery,32218.67,159,203.04,8.9,746.61,5.9
2026-09-08,Chennai,Meals,32384.47,81,400.75,8.9,746.61,5.9
2026-09-08,Pune,Coffee,56329.62,218,257.89,8.9,1282.81,5.9
2026-09-08,Pune,Tea,18857.27,110,171.61,8.9,427.6,5.9
2026-09-08,Pune,Bakery,30138.85,146,206.79,8.9,671.95,5.9
2026-09-08,Pune,Meals,30321.2,75,404.91,8.9,671.95,5.9
2026-09-09,Bengaluru,Coffee,107870.21,424,254.55,8.9,2423.92,5.7
2026-09-09,Bengaluru,Tea,36484.42,215,169.93,8.9,807.97,5.7
2026-09-09,Bengaluru,Bakery,56542.74,280,202.01,8.9,1269.67,5.7
2026-09-09,Bengaluru,Meals,56690.99,137,412.38,8.9,1269.67,5.7
2026-09-09,Mumbai,Coffee,88871.83,345,257.75,8.9,1996.17,5.7
2026-09-09,Mumbai,Tea,29757.78,174,170.65,8.9,665.39,5.7
2026-09-09,Mumbai,Bakery,47566.34,235,202.59,8.9,1045.61,5.7
2026-09-09,Mumbai,Meals,47503.21,117,407.08,8.9,1045.61,5.7
2026-09-09,Chennai,Coffee,62222.11,241,258.04,8.9,1425.84,5.7
2026-09-09,Chennai,Tea,21585.96,125,173.25,8.9,475.28,5.7
2026-09-09,Chennai,Bakery,35132.38,172,204.29,8.9,746.87,5.7
2026-09-09,Chennai,Meals,33766.21,84,401.11,8.9,746.87,5.7
2026-09-09,Pune,Coffee,57238.94,224,255.33,8.9,1283.25,5.7
2026-09-09,Pune,Tea,18712.03,110,170.64,8.9,427.75,5.7
2026-09-09,Pune,Bakery,29982.84,150,199.68,8.9,672.18,5.7
2026-09-09,Pune,Meals,30932.66,77,404.11,8.9,672.18,5.7
2026-09-10,Bengaluru,Coffee,113709.46,436,260.64,8.9,2424.77,4.5
2026-09-10,Bengaluru,Tea,36330.89,209,174.07,8.9,808.26,4.5
2026-09-10,Bengaluru,Bakery,58259.54,290,200.77,8.9,1270.12,4.5
2026-09-10,Bengaluru,Meals,59486.26,144,412.72,8.9,1270.12,4.5
2026-09-10,Mumbai,Coffee,91382.19,352,259.58,8.9,1996.87,4.5
2026-09-10,Mumbai,Tea,30921.51,182,169.67,8.9,665.62,4.5
2026-09-10,Mumbai,Bakery,48835.61,236,206.6,8.9,1045.98,4.5
2026-09-10,Mumbai,Meals,48454.93,118,409.73,8.9,1045.98,4.5
2026-09-10,Chennai,Coffee,64848.57,258,250.99,8.9,1426.33,4.5
2026-09-10,Chennai,Tea,21898.07,129,170.37,8.9,475.44,4.5
2026-09-10,Chennai,Bakery,34818.05,175,199.21,8.9,747.13,4.5
2026-09-10,Chennai,Meals,34994.05,86,408.57,8.9,747.13,4.5
2026-09-10,Pune,Coffee,59489.14,235,253.58,8.9,1283.7,4.5
2026-09-10,Pune,Tea,19490.25,116,168.34,8.9,427.9,4.5
2026-09-10,Pune,Bakery,30625.08,148,206.72,8.9,672.41,4.5
2026-09-10,Pune,Meals,30602.13,76,400.46,8.9,672.41,4.5
2026-09-11,Bengaluru,Coffee,119024.24,457,260.65,8.9,2425.61,4.8
2026-09-11,Bengaluru,Tea,39474.7,235,168.28,8.9,808.54,4.8
2026-09-11,Bengaluru,Bakery,59861.41,291,205.79,8.9,1270.56,4.8
2026-09-11,Bengaluru,Meals,62603.44,152,412.13,8.9,1270.56,4.8
2026-09-11,Mumbai,Coffee,99541.96,391,254.65,8.9,1997.56,4.8
2026-09-11,Mumbai,Tea,32458.28,193,168.5,8.9,665.85,4.8
2026-09-11,Mumbai,Bakery,49182.3,245,200.64,8.9,1046.34,4.8
2026-09-11,Mumbai,Meals,51232.9,126,405.52,8.9,1046.34,4.8
2026-09-11,Chennai,Coffee,70013.23,278,251.87,8.9,1426.83,4.8
2026-09-11,Chennai,Tea,23461.95,136,172.26,8.9,475.61,4.8
2026-09-11,Chennai,Bakery,36503.78,181,202.17,8.9,747.39,4.8
2026-09-11,Chennai,Meals,36377.91,90,402.11,8.9,747.39,4.8
2026-09-11,Pune,Coffee,61186.54,236,259.35,8.9,1284.15,4.8
2026-09-11,Pune,Tea,20658.36,119,172.92,8.9,428.05,4.8
2026-09-11,Pune,Bakery,32741.6,163,200.94,8.9,672.65,4.8
2026-09-11,Pune,Meals,33051.57,82,405.24,8.9,672.65,4.8
2026-09-12,Bengaluru,Coffee,141392.65,542,261.04,8.9,2426.46,3.8
2026-09-12,Bengaluru,Tea,45686.11,271,168.29,8.9,808.82,3.8
2026-09-12,Bengaluru,Bakery,74826.1,368,203.08,8.9,1271.0,3.8
2026-09-12,Bengaluru,Meals,71173.02,179,397.9,8.9,1271.0,3.8
2026-09-12,Mumbai,Coffee,111557.18,435,256.39,8.9,1998.26,3.8
2026-09-12,Mumbai,Tea,38347.3,221,173.79,8.9,666.09,3.8
2026-09-12,Mumbai,Bakery,59226.23,288,205.83,8.9,1046.71,3.8
2026-09-12,Mumbai,Meals,59554.61,148,403.39,8.9,1046.71,3.8
2026-09-12,Chennai,Coffee,81290.72,312,260.83,8.9,1427.33,3.8
2026-09-12,Chennai,Tea,26409.05,157,168.38,8.9,475.78,3.8
2026-09-12,Chennai,Bakery,41907.43,208,201.04,8.9,747.65,3.8
2026-09-12,Chennai,Meals,43944.81,107,410.21,8.9,747.65,3.8
2026-09-12,Pune,Coffee,74362.36,286,260.13,8.9,1284.6,3.8
2026-09-12,Pune,Tea,24162.77,140,172.72,8.9,428.2,3.8
2026-09-12,Pune,Bakery,37792.82,188,201.31,8.9,672.88,3.8
2026-09-12,Pune,Meals,38427.67,93,412.42,8.9,672.88,3.8
2026-09-13,Bengaluru,Coffee,124826.16,480,260.05,8.9,2427.3,4.8
2026-09-13,Bengaluru,Tea,40393.2,233,173.48,8.9,809.1,4.8
2026-09-13,Bengaluru,Bakery,67071.82,333,201.54,8.9,1271.44,4.8
2026-09-13,Bengaluru,Meals,64911.96,158,411.15,8.9,1271.44,4.8
2026-09-13,Mumbai,Coffee,101364.46,390,259.64,8.9,1998.96,4.8
2026-09-13,Mumbai,Tea,34218.67,199,171.68,8.9,666.32,4.8
2026-09-13,Mumbai,Bakery,55098.47,270,204.18,8.9,1047.07,4.8
2026-09-13,Mumbai,Meals,53143.86,131,404.95,8.9,1047.07,4.8
2026-09-13,Chennai,Coffee,76234.67,296,257.13,8.9,1427.83,4.8
2026-09-13,Chennai,Tea,24766.31,147,168.3,8.9,475.94,4.8
2026-09-13,Chennai,Bakery,38870.76,193,201.8,8.9,747.91,4.8
2026-09-13,Chennai,Meals,39505.93,99,397.49,8.9,747.91,4.8
2026-09-13,Pune,Coffee,65684.42,256,256.14,8.9,1285.04,4.8
2026-09-13,Pune,Tea,22183.34,129,171.45,8.9,428.35,4.8
2026-09-13,Pune,Bakery,34762.81,173,200.54,8.9,673.12,4.8
2026-09-13,Pune,Meals,34623.2,85,409.15,8.9,673.12,4.8
2026-09-14,Bengaluru,Coffee,105167.0,404,260.53,8.9,2428.15,3.4
2026-09-14,Bengaluru,Tea,35439.39,208,170.53,8.9,809.38,3.4
2026-09-14,Bengaluru,Bakery,57507.24,282,203.8,8.9,1271.89,3.4
2026-09-14,Bengaluru,Meals,55860.49,139,401.93,8.9,1271.89,3.4
2026-09-14,Mumbai,Coffee,84931.08,332,255.94,8.9,1999.65,3.4
2026-09-14,Mumbai,Tea,29431.7,173,170.24,8.9,666.55,3.4
2026-09-14,Mumbai,Bakery,46189.2,224,206.64,8.9,1047.44,3.4
2026-09-14,Mumbai,Meals,43451.57,108,404.18,8.9,1047.44,3.4
2026-09-14,Chennai,Coffee,60886.56,235,259.33,8.9,1428.32,3.4
2026-09-14,Chennai,Tea,21676.33,126,171.85,8.9,476.11,3.4
2026-09-14,Chennai,Bakery,33434.57,168,199.06,8.9,748.17,3.4
2026-09-14,Chennai,Meals,31744.42,77,411.95,8.9,748.17,3.4
2026-09-14,Pune,Coffee,54633.79,216,252.47,8.9,1285.49,3.4
2026-09-14,Pune,Tea,18095.74,105,173.12,8.9,428.5,3.4
2026-09-14,Pune,Bakery,29721.21,147,201.66,8.9,673.35,3.4
2026-09-14,Pune,Meals,29493.14,73,406.55,8.9,673.35,3.4
2026-09-15,Bengaluru,Coffee,109892.3,437,251.41,7.9,2548.35,4.6
2026-09-15,Bengaluru,Tea,37693.7,223,168.79,7.9,849.45,4.6
2026-09-15,Bengaluru,Bakery,56789.82,284,199.85,7.9,1334.85,4.6
2026-09-15,Bengaluru,Meals,59084.24,147,402.77,7.9,1334.85,4.6
2026-09-15,Mumbai,Coffee,93390.3,374,249.93,7.9,2098.64,4.6
2026-09-15,Mumbai,Tea,30242.85,180,167.62,7.9,699.55,4.6
2026-09-15,Mumbai,Bakery,46243.91,231,200.14,7.9,1099.29,4.6
2026-09-15,Mumbai,Meals,47169.98,121,390.36,7.9,1099.29,4.6
2026-09-15,Chennai,Coffee,63758.39,259,245.75,7.9,1499.03,4.6
2026-09-15,Chennai,Tea,21960.59,134,164.11,7.9,499.68,4.6
2026-09-15,Chennai,Bakery,33049.09,168,196.43,7.9,785.21,4.6
2026-09-15,Chennai,Meals,33624.46,83,402.81,7.9,785.21,4.6
2026-09-15,Pune,Coffee,59050.14,239,247.49,7.9,1349.13,4.6
2026-09-15,Pune,Tea,19140.18,117,163.25,7.9,449.71,4.6
2026-09-15,Pune,Bakery,30961.7,157,197.13,7.9,706.69,4.6
2026-09-15,Pune,Meals,31681.26,80,396.38,7.9,706.69,4.6
2026-09-16,Bengaluru,Coffee,119831.82,472,253.85,7.9,2549.24,5.5
2026-09-16,Bengaluru,Tea,38267.73,232,164.84,7.9,849.75,5.5
2026-09-16,Bengaluru,Bakery,62197.08,315,197.56,7.9,1335.32,5.5
2026-09-16,Bengaluru,Meals,61465.87,153,402.96,7.9,1335.32,5.5
2026-09-16,Mumbai,Coffee,95240.07,379,251.11,7.9,2099.37,5.5
2026-09-16,Mumbai,Tea,33071.36,199,166.29,7.9,699.79,5.5
2026-09-16,Mumbai,Bakery,51257.76,258,198.81,7.9,1099.67,5.5
2026-09-16,Mumbai,Meals,49790.82,124,400.3,7.9,1099.67,5.5
2026-09-16,Chennai,Coffee,67369.25,267,252.2,7.9,1499.55,5.5
2026-09-16,Chennai,Tea,23156.66,141,164.12,7.9,499.85,5.5
2026-09-16,Chennai,Bakery,37056.09,190,195.02,7.9,785.48,5.5
2026-09-16,Chennai,Meals,35580.16,90,394.68,7.9,785.48,5.5
2026-09-16,Pune,Coffee,59273.9,233,253.89,7.9,1349.6,5.5
2026-09-16,Pune,Tea,21157.14,129,164.16,7.9,449.87,5.5
2026-09-16,Pune,Bakery,31596.86,160,197.16,7.9,706.93,5.5
2026-09-16,Pune,Meals,31433.88,78,402.83,7.9,706.93,5.5
2026-09-17,Bengaluru,Coffee,115043.07,461,249.76,7.9,2550.13,5.7
2026-09-17,Bengaluru,Tea,37274.3,224,166.55,7.9,850.04,5.7
2026-09-17,Bengaluru,Bakery,60905.54,304,200.33,7.9,1335.78,5.7
2026-09-17,Bengaluru,Meals,61707.43,159,388.49,7.9,1335.78,5.7
2026-09-17,Mumbai,Coffee,97479.65,383,254.73,7.9,2100.1,5.7
2026-09-17,Mumbai,Tea,32760.32,199,165.03,7.9,700.03,5.7
2026-09-17,Mumbai,Bakery,50373.48,255,197.67,7.9,1100.05,5.7
2026-09-17,Mumbai,Meals,47757.88,122,391.93,7.9,1100.05,5.7
2026-09-17,Chennai,Coffee,66669.11,271,245.73,7.9,1500.07,5.7
2026-09-17,Chennai,Tea,22815.09,139,163.71,7.9,500.02,5.7
2026-09-17,Chennai,Bakery,34111.58,176,193.92,7.9,785.75,5.7
2026-09-17,Chennai,Meals,34414.23,86,398.08,7.9,785.75,5.7
2026-09-17,Pune,Coffee,62849.81,255,246.7,7.9,1350.07,5.7
2026-09-17,Pune,Tea,19460.43,119,163.22,7.9,450.02,5.7
2026-09-17,Pune,Bakery,31084.19,155,200.47,7.9,707.18,5.7
2026-09-17,Pune,Meals,31058.11,78,396.22,7.9,707.18,5.7
2026-09-18,Bengaluru,Coffee,123493.99,486,254.21,7.9,2551.01,5.8
2026-09-18,Bengaluru,Tea,41229.6,248,166.26,7.9,850.34,5.8
2026-09-18,Bengaluru,Bakery,66182.94,331,199.87,7.9,1336.24,5.8
2026-09-18,Bengaluru,Meals,65608.8,165,398.57,7.9,1336.24,5.8
2026-09-18,Mumbai,Coffee,102191.0,414,246.69,7.9,2100.83,5.8
2026-09-18,Mumbai,Tea,34891.61,209,166.75,7.9,700.28,5.8
2026-09-18,Mumbai,Bakery,54020.19,278,194.37,7.9,1100.44,5.8
2026-09-18,Mumbai,Meals,52996.92,132,401.43,7.9,1100.44,5.8
2026-09-18,Chennai,Coffee,70725.26,284,248.94,7.9,1500.6,5.8
2026-09-18,Chennai,Tea,25249.03,154,163.83,7.9,500.2,5.8
2026-09-18,Chennai,Bakery,38477.06,198,194.73,7.9,786.03,5.8
2026-09-18,Chennai,Meals,38437.65,95,403.14,7.9,786.03,5.8
2026-09-18,Pune,Coffee,68529.7,270,253.75,7.9,1350.54,5.8
2026-09-18,Pune,Tea,22268.47,134,166.24,7.9,450.18,5.8
2026-09-18,Pune,Bakery,33929.58,172,197.66,7.9,707.42,5.8
2026-09-18,Pune,Meals,34230.65,87,394.61,7.9,707.42,5.8
2026-09-19,Bengaluru,Coffee,138226.55,561,246.21,7.9,2551.9,4.3
2026-09-19,Bengaluru,Tea,44455.3,266,167.25,7.9,850.63,4.3
2026-09-19,Bengaluru,Bakery,73204.12,370,198.0,7.9,1336.71,4.3
2026-09-19,Bengaluru,Meals,71048.05,179,396.44,7.9,1336.71,4.3
2026-09-19,Mumbai,Coffee,113435.91,448,253.04,7.9,2101.56,4.3
2026-09-19,Mumbai,Tea,37881.47,229,165.28,7.9,700.52,4.3
2026-09-19,Mumbai,Bakery,55946.84,286,195.51,7.9,1100.82,4.3
2026-09-19,Mumbai,Meals,60182.9,151,399.49,7.9,1100.82,4.3
2026-09-19,Chennai,Coffee,83505.26,331,252.01,7.9,1501.12,4.3
2026-09-19,Chennai,Tea,26493.38,158,167.55,7.9,500.37,4.3
2026-09-19,Chennai,Bakery,41041.11,209,196.35,7.9,786.3,4.3
2026-09-19,Chennai,Meals,42080.4,108,388.56,7.9,786.3,4.3
2026-09-19,Pune,Coffee,72054.38,292,247.17,7.9,1351.01,4.3
2026-09-19,Pune,Tea,24681.24,148,166.86,7.9,450.34,4.3
2026-09-19,Pune,Bakery,37410.58,188,198.66,7.9,707.67,4.3
2026-09-19,Pune,Meals,38076.91,95,400.59,7.9,707.67,4.3
2026-09-20,Bengaluru,Coffee,131569.15,536,245.28,7.9,2552.79,2.9
2026-09-20,Bengaluru,Tea,45141.37,269,167.83,7.9,850.93,2.9
2026-09-20,Bengaluru,Bakery,71006.93,364,195.06,7.9,1337.17,2.9
2026-09-20,Bengaluru,Meals,67836.28,169,401.67,7.9,1337.17,2.9
2026-09-20,Mumbai,Coffee,106595.07,434,245.43,7.9,2102.29,2.9
2026-09-20,Mumbai,Tea,36577.02,222,164.78,7.9,700.76,2.9
2026-09-20,Mumbai,Bakery,57326.34,285,201.29,7.9,1101.2,2.9
2026-09-20,Mumbai,Meals,59759.12,153,390.73,7.9,1101.2,2.9
2026-09-20,Chennai,Coffee,79501.04,313,254.35,7.9,1501.64,2.9
2026-09-20,Chennai,Tea,25671.58,155,165.19,7.9,500.55,2.9
2026-09-20,Chennai,Bakery,41088.54,204,201.38,7.9,786.57,2.9
2026-09-20,Chennai,Meals,40770.18,104,392.02,7.9,786.57,2.9
2026-09-20,Pune,Coffee,72801.66,295,246.71,7.9,1351.47,2.9
2026-09-20,Pune,Tea,23719.92,140,169.74,7.9,450.49,2.9
2026-09-20,Pune,Bakery,38271.29,190,201.64,7.9,707.92,2.9
2026-09-20,Pune,Meals,36749.61,93,393.12,7.9,707.92,2.9
2026-09-21,Bengaluru,Coffee,106246.44,421,252.63,7.9,2553.67,4.6
2026-09-21,Bengaluru,Tea,36445.83,218,167.48,7.9,851.22,4.6
2026-09-21,Bengaluru,Bakery,56687.02,287,197.61,7.9,1337.64,4.6
2026-09-21,Bengaluru,Meals,57333.92,144,396.79,7.9,1337.64,4.6
2026-09-21,Mumbai,Coffee,90279.34,356,253.74,7.9,2103.02,4.6
2026-09-21,Mumbai,Tea,30877.48,182,169.67,7.9,701.01,4.6
2026-09-21,Mumbai,Bakery,48162.33,240,201.0,7.9,1101.58,4.6
2026-09-21,Mumbai,Meals,46857.45,119,394.84,7.9,1101.58,4.6
2026-09-21,Chennai,Coffee,65803.95,267,246.29,7.9,1502.16,4.6
2026-09-21,Chennai,Tea,21992.14,131,168.07,7.9,500.72,4.6
2026-09-21,Chennai,Bakery,34735.74,174,199.7,7.9,786.85,4.6
2026-09-21,Chennai,Meals,34445.72,86,401.29,7.9,786.85,4.6
2026-09-21,Pune,Coffee,57533.23,226,254.54,7.9,1351.94,4.6
2026-09-21,Pune,Tea,19267.54,115,168.08,7.9,450.65,4.6
2026-09-21,Pune,Bakery,31017.23,157,197.83,7.9,708.16,4.6
2026-09-21,Pune,Meals,31116.36,78,400.73,7.9,708.16,4.6
2026-09-22,Bengaluru,Coffee,118687.98,475,249.71,9.9,2669.95,4.0
2026-09-22,Bengaluru,Tea,39763.39,240,165.88,9.9,889.98,4.0
2026-09-22,Bengaluru,Bakery,59827.95,300,199.49,9.9,1398.54,4.0
2026-09-22,Bengaluru,Meals,60410.36,152,397.45,9.9,1398.54,4.0
2026-09-22,Mumbai,Coffee,94111.02,374,251.59,9.9,2198.78,4.0
2026-09-22,Mumbai,Tea,32031.97,193,166.15,9.9,732.93,4.0
2026-09-22,Mumbai,Bakery,50667.54,255,198.84,9.9,1151.74,4.0
2026-09-22,Mumbai,Meals,49698.49,126,395.23,9.9,1151.74,4.0
2026-09-22,Chennai,Coffee,69234.48,282,245.38,9.9,1570.56,4.0
2026-09-22,Chennai,Tea,22894.86,141,162.58,9.9,523.52,4.0
2026-09-22,Chennai,Bakery,36468.29,190,192.04,9.9,822.67,4.0
2026-09-22,Chennai,Meals,36183.84,93,388.47,9.9,822.67,4.0
2026-09-22,Pune,Coffee,61407.81,244,251.55,9.9,1413.5,4.0
2026-09-22,Pune,Tea,20676.66,127,162.62,9.9,471.17,4.0
2026-09-22,Pune,Bakery,31751.47,161,196.96,9.9,740.41,4.0
2026-09-22,Pune,Meals,32487.05,82,398.07,9.9,740.41,4.0
2026-09-23,Bengaluru,Coffee,121161.91,480,252.22,9.9,2670.87,3.5
2026-09-23,Bengaluru,Tea,43875.42,269,163.36,9.9,890.29,3.5
2026-09-23,Bengaluru,Bakery,64588.56,329,196.02,9.9,1399.03,3.5
2026-09-23,Bengaluru,Meals,63584.08,165,385.29,9.9,1399.03,3.5
2026-09-23,Mumbai,Coffee,100290.92,398,251.77,9.9,2199.54,3.5
2026-09-23,Mumbai,Tea,34709.63,210,165.37,9.9,733.18,3.5
2026-09-23,Mumbai,Bakery,54448.67,281,193.91,9.9,1152.14,3.5
2026-09-23,Mumbai,Meals,52837.44,135,391.37,9.9,1152.14,3.5
2026-09-23,Chennai,Coffee,73459.03,301,243.84,9.9,1571.1,3.5
2026-09-23,Chennai,Tea,24858.76,148,167.45,9.9,523.7,3.5
2026-09-23,Chennai,Bakery,38384.93,197,194.39,9.9,822.96,3.5
2026-09-23,Chennai,Meals,39088.09,98,398.92,9.9,822.96,3.5
2026-09-23,Pune,Coffee,65418.21,266,245.63,9.9,1413.99,3.5
2026-09-23,Pune,Tea,21454.34,128,167.91,9.9,471.33,3.5
2026-09-23,Pune,Bakery,34400.54,173,199.16,9.9,740.66,3.5
2026-09-23,Pune,Meals,35142.47,89,393.89,9.9,740.66,3.5
2026-09-24,Bengaluru,Coffee,117731.98,482,244.48,9.9,2671.8,2.3
2026-09-24,Bengaluru,Tea,39762.08,244,162.64,9.9,890.6,2.3
2026-09-24,Bengaluru,Bakery,63637.75,324,196.27,9.9,1399.52,2.3
2026-09-24,Bengaluru,Meals,64388.83,167,386.32,9.9,1399.52,2.3
2026-09-24,Mumbai,Coffee,97685.57,389,250.83,9.9,2200.31,2.3
2026-09-24,Mumbai,Tea,34185.8,204,167.44,9.9,733.44,2.3
2026-09-24,Mumbai,Bakery,54535.55,273,199.73,9.9,1152.54,2.3
2026-09-24,Mumbai,Meals,52874.7,135,391.59,9.9,1152.54,2.3
2026-09-24,Chennai,Coffee,73347.98,297,247.29,9.9,1571.65,2.3
2026-09-24,Chennai,Tea,22906.48,141,162.39,9.9,523.88,2.3
2026-09-24,Chennai,Bakery,37315.27,194,192.19,9.9,823.24,2.3
2026-09-24,Chennai,Meals,37528.01,95,392.98,9.9,823.24,2.3
2026-09-24,Pune,Coffee,65807.75,266,247.19,9.9,1414.48,2.3
2026-09-24,Pune,Tea,21916.77,132,166.34,9.9,471.49,2.3
2026-09-24,Pune,Bakery,33036.29,166,198.62,9.9,740.92,2.3
2026-09-24,Pune,Meals,33725.23,85,396.75,9.9,740.92,2.3
2026-09-25,Bengaluru,Coffee,137141.98,552,248.26,9.9,2672.73,3.7
2026-09-25,Bengaluru,Tea,44625.96,267,167.34,9.9,890.91,3.7
2026-09-25,Bengaluru,Bakery,71078.67,369,192.77,9.9,1400.0,3.7
2026-09-25,Bengaluru,Meals,70030.56,179,392.29,9.9,1400.0,3.7
2026-09-25,Mumbai,Coffee,115489.18,473,244.15,9.9,2201.07,3.7
2026-09-25,Mumbai,Tea,36545.98,219,167.26,9.9,733.69,3.7
2026-09-25,Mumbai,Bakery,57606.2,300,192.13,9.9,1152.94,3.7
2026-09-25,Mumbai,Meals,57782.91,147,392.23,9.9,1152.94,3.7
2026-09-25,Chennai,Coffee,78496.6,317,247.3,9.9,1572.19,3.7
2026-09-25,Chennai,Tea,25805.74,155,166.21,9.9,524.06,3.7
2026-09-25,Chennai,Bakery,41807.49,214,195.59,9.9,823.53,3.7
2026-09-25,Chennai,Meals,41714.09,107,388.96,9.9,823.53,3.7
2026-09-25,Pune,Coffee,71517.33,286,249.86,9.9,1414.97,3.7
2026-09-25,Pune,Tea,23267.15,141,165.06,9.9,471.66,3.7
2026-09-25,Pune,Bakery,37317.84,187,199.71,9.9,741.18,3.7
2026-09-25,Pune,Meals,37963.85,97,390.85,9.9,741.18,3.7
2026-09-26,Bengaluru,Coffee,135642.74,558,243.04,9.9,2673.65,4.1
2026-09-26,Bengaluru,Tea,46209.95,278,166.47,9.9,891.22,4.1
2026-09-26,Bengaluru,Bakery,70355.76,366,192.2,9.9,1400.49,4.1
2026-09-26,Bengaluru,Meals,71646.2,186,385.95,9.9,1400.49,4.1
2026-09-26,Mumbai,Coffee,111024.2,457,243.08,9.9,2201.83,4.1
2026-09-26,Mumbai,Tea,38564.74,238,162.19,9.9,733.94,4.1
2026-09-26,Mumbai,Bakery,58288.53,301,193.38,9.9,1153.34,4.1
2026-09-26,Mumbai,Meals,60760.66,152,398.53,9.9,1153.34,4.1
2026-09-26,Chennai,Coffee,82729.52,337,245.29,9.9,1572.74,4.1
2026-09-26,Chennai,Tea,27464.81,168,163.57,9.9,524.25,4.1
2026-09-26,Chennai,Bakery,42388.64,220,192.61,9.9,823.82,4.1
2026-09-26,Chennai,Meals,44155.12,112,394.14,9.9,823.82,4.1
2026-09-26,Pune,Coffee,72723.9,290,250.64,9.9,1415.46,4.1
2026-09-26,Pune,Tea,24716.87,149,165.35,9.9,471.82,4.1
2026-09-26,Pune,Bakery,38374.42,197,195.03,9.9,741.43,4.1
2026-09-26,Pune,Meals,36030.35,92,392.87,9.9,741.43,4.1
2026-09-27,Bengaluru,Coffee,134803.97,544,247.63,9.9,2674.58,3.1
2026-09-27,Bengaluru,Tea,46554.3,286,162.72,9.9,891.53,3.1
2026-09-27,Bengaluru,Bakery,72651.64,366,198.45,9.9,1400.97,3.1
2026-09-27,Bengaluru,Meals,70792.38,180,392.94,9.9,1400.97,3.1
2026-09-27,Mumbai,Coffee,115315.3,473,243.78,9.9,2202.6,3.1
2026-09-27,Mumbai,Tea,37300.88,226,164.73,9.9,734.2,3.1
2026-09-27,Mumbai,Bakery,59108.76,301,196.09,9.9,1153.74,3.1
2026-09-27,Mumbai,Meals,59604.63,154,386.33,9.9,1153.74,3.1
2026-09-27,Chennai,Coffee,80515.01,322,250.14,9.9,1573.28,3.1
2026-09-27,Chennai,Tea,26049.62,156,166.62,9.9,524.43,3.1
2026-09-27,Chennai,Bakery,42540.95,219,194.67,9.9,824.1,3.1
2026-09-27,Chennai,Meals,41853.42,108,386.37,9.9,824.1,3.1
2026-09-27,Pune,Coffee,73135.77,296,247.14,9.9,1415.95,3.1
2026-09-27,Pune,Tea,24716.67,152,162.35,9.9,471.98,3.1
2026-09-27,Pune,Bakery,38443.79,194,198.64,9.9,741.69,3.1
2026-09-27,Pune,Meals,38476.15,100,384.23,9.9,741.69,3.1
2026-09-28,Bengaluru,Coffee,119259.9,487,244.93,9.9,2675.51,2.7
2026-09-28,Bengaluru,Tea,39182.39,235,166.71,9.9,891.84,2.7
2026-09-28,Bengaluru,Bakery,62504.69,316,197.89,9.9,1401.46,2.7
2026-09-28,Bengaluru,Meals,61436.1,155,396.49,9.9,1401.46,2.7
2026-09-28,Mumbai,Coffee,94763.75,380,249.22,9.9,2203.36,2.7
2026-09-28,Mumbai,Tea,32502.11,195,166.62,9.9,734.45,2.7
2026-09-28,Mumbai,Bakery,49670.27,258,192.34,9.9,1154.14,2.7
2026-09-28,Mumbai,Meals,51609.19,132,390.58,9.9,1154.14,2.7
2026-09-28,Chennai,Coffee,69541.34,283,245.47,9.9,1573.83,2.7
2026-09-28,Chennai,Tea,22473.74,134,167.66,9.9,524.61,2.7
2026-09-28,Chennai,Bakery,36191.0,182,198.9,9.9,824.39,2.7
2026-09-28,Chennai,Meals,37323.56,94,398.9,9.9,824.39,2.7
2026-09-28,Pune,Coffee,62129.79,250,248.58,9.9,1416.45,2.7
2026-09-28,Pune,Tea,20794.64,126,165.17,9.9,472.15,2.7
2026-09-28,Pune,Bakery,33761.97,170,198.93,9.9,741.95,2.7
2026-09-28,Pune,Meals,32273.96,83,389.52,9.9,741.95,2.7
2026-09-29,Bengaluru,Coffee,111198.51,435,255.51,10.4,2729.92,2.7
2026-09-29,Bengaluru,Tea,38182.9,227,168.31,10.4,909.97,2.7
2026-09-29,Bengaluru,Bakery,59958.39,299,200.36,10.4,1429.96,2.7
2026-09-29,Bengaluru,Meals,58763.85,146,402.38,10.4,1429.96,2.7
2026-09-29,Mumbai,Coffee,90646.83,355,255.63,10.4,2248.17,2.7
2026-09-29,Mumbai,Tea,29273.3,176,165.93,10.4,749.39,2.7
2026-09-29,Mumbai,Bakery,49736.98,251,198.26,10.4,1177.61,2.7
2026-09-29,Mumbai,Meals,48316.42,120,401.33,10.4,1177.61,2.7
2026-09-29,Chennai,Coffee,66535.06,259,256.93,10.4,1605.83,2.7
2026-09-29,Chennai,Tea,22401.46,133,168.31,10.4,535.28,2.7
2026-09-29,Chennai,Bakery,35993.47,179,201.0,10.4,841.15,2.7
2026-09-29,Chennai,Meals,35083.7,88,399.59,10.4,841.15,2.7
2026-09-29,Pune,Coffee,59515.44,238,250.05,10.4,1445.25,2.7
2026-09-29,Pune,Tea,20918.5,125,167.92,10.4,481.75,2.7
2026-09-29,Pune,Bakery,30160.35,148,203.25,10.4,757.04,2.7
2026-09-29,Pune,Meals,31111.96,79,395.0,10.4,757.04,2.7
2026-09-30,Bengaluru,Coffee,112779.31,450,250.37,10.4,2730.86,2.8
2026-09-30,Bengaluru,Tea,37203.16,218,170.83,10.4,910.29,2.8
2026-09-30,Bengaluru,Bakery,57262.74,282,203.06,10.4,1430.45,2.8
2026-09-30,Bengaluru,Meals,58225.56,145,400.51,10.4,1430.45,2.8
2026-09-30,Mumbai,Coffee,91003.23,361,252.1,10.4,2248.95,2.8
2026-09-30,Mumbai,Tea,31088.69,184,169.21,10.4,749.65,2.8
2026-09-30,Mumbai,Bakery,48008.89,239,200.58,10.4,1178.02,2.8
2026-09-30,Mumbai,Meals,46523.25,119,391.71,10.4,1178.02,2.8
2026-09-30,Chennai,Coffee,63567.09,247,256.91,10.4,1606.39,2.8
2026-09-30,Chennai,Tea,21537.3,129,167.44,10.4,535.46,2.8
2026-09-30,Chennai,Bakery,34448.45,169,203.24,10.4,841.44,2.8
2026-09-30,Chennai,Meals,34657.52,88,394.53,10.4,841.44,2.8
2026-09-30,Pune,Coffee,57675.9,231,249.82,10.4,1445.75,2.8
2026-09-30,Pune,Tea,19216.82,115,166.52,10.4,481.92,2.8
2026-09-30,Pune,Bakery,30416.71,155,195.86,10.4,757.3,2.8
2026-09-30,Pune,Meals,30384.67,75,405.35,10.4,757.3,2.8
